nodes,NLD
techs,wind_offshore
2050-01-01 00:00:00,0.9573
2050-01-01 01:00:00,0.9492
2050-01-01 02:00:00,0.9432
2050-01-01 03:00:00,0.941
2050-01-01 04:00:00,0.9363
2050-01-01 05:00:00,0.9291
2050-01-01 06:00:00,0.9308
2050-01-01 07:00:00,0.9347
2050-01-01 08:00:00,0.9406
2050-01-01 09:00:00,0.9482
2050-01-01 10:00:00,0.9556
2050-01-01 11:00:00,0.963
2050-01-01 12:00:00,0.9707
2050-01-01 13:00:00,0.9743
2050-01-01 14:00:00,0.974
2050-01-01 15:00:00,0.9725
2050-01-01 16:00:00,0.9638
2050-01-01 17:00:00,0.9381
2050-01-01 18:00:00,0.8956
2050-01-01 19:00:00,0.8581
2050-01-01 20:00:00,0.8222
2050-01-01 21:00:00,0.7762
2050-01-01 22:00:00,0.7681
2050-01-01 23:00:00,0.8496
2050-01-02 00:00:00,0.9293
2050-01-02 01:00:00,0.9674
2050-01-02 02:00:00,0.9786
2050-01-02 03:00:00,0.9789
2050-01-02 04:00:00,0.9816
2050-01-02 05:00:00,0.9416
2050-01-02 06:00:00,0.9286
2050-01-02 07:00:00,0.9095
2050-01-02 08:00:00,0.8459
2050-01-02 09:00:00,0.8127
2050-01-02 10:00:00,0.7828
2050-01-02 11:00:00,0.757
2050-01-02 12:00:00,0.6835
2050-01-02 13:00:00,0.6431
2050-01-02 14:00:00,0.7229
2050-01-02 15:00:00,0.8351
2050-01-02 16:00:00,0.9297
2050-01-02 17:00:00,0.9558
2050-01-02 18:00:00,0.9321
2050-01-02 19:00:00,0.9137
2050-01-02 20:00:00,0.8936
2050-01-02 21:00:00,0.8465
2050-01-02 22:00:00,0.7993
2050-01-02 23:00:00,0.73
2050-01-03 00:00:00,0.7805
2050-01-03 01:00:00,0.8758
2050-01-03 02:00:00,0.9006
2050-01-03 03:00:00,0.9258
2050-01-03 04:00:00,0.9625
2050-01-03 05:00:00,0.9846
2050-01-03 06:00:00,0.9859
2050-01-03 07:00:00,0.9782
2050-01-03 08:00:00,0.9667
2050-01-03 09:00:00,0.9524
2050-01-03 10:00:00,0.9321
2050-01-03 11:00:00,0.8982
2050-01-03 12:00:00,0.8458
2050-01-03 13:00:00,0.7752
2050-01-03 14:00:00,0.6769
2050-01-03 15:00:00,0.5704
2050-01-03 16:00:00,0.4901
2050-01-03 17:00:00,0.4663
2050-01-03 18:00:00,0.481
2050-01-03 19:00:00,0.5048
2050-01-03 20:00:00,0.5348
2050-01-03 21:00:00,0.5683
2050-01-03 22:00:00,0.5895
2050-01-03 23:00:00,0.6063
2050-01-04 00:00:00,0.6157
2050-01-04 01:00:00,0.6036
2050-01-04 02:00:00,0.5617
2050-01-04 03:00:00,0.4982
2050-01-04 04:00:00,0.4357
2050-01-04 05:00:00,0.3846
2050-01-04 06:00:00,0.3418
2050-01-04 07:00:00,0.2955
2050-01-04 08:00:00,0.2599
2050-01-04 09:00:00,0.2161
2050-01-04 10:00:00,0.1605
2050-01-04 11:00:00,0.1019
2050-01-04 12:00:00,0.0888
2050-01-04 13:00:00,0.1103
2050-01-04 14:00:00,0.1432
2050-01-04 15:00:00,0.2033
2050-01-04 16:00:00,0.2646
2050-01-04 17:00:00,0.3517
2050-01-04 18:00:00,0.4427
2050-01-04 19:00:00,0.5578
2050-01-04 20:00:00,0.668
2050-01-04 21:00:00,0.7724
2050-01-04 22:00:00,0.8552
2050-01-04 23:00:00,0.9018
2050-01-05 00:00:00,0.9271
2050-01-05 01:00:00,0.9375
2050-01-05 02:00:00,0.9354
2050-01-05 03:00:00,0.9281
2050-01-05 04:00:00,0.904
2050-01-05 05:00:00,0.8831
2050-01-05 06:00:00,0.8585
2050-01-05 07:00:00,0.8094
2050-01-05 08:00:00,0.7571
2050-01-05 09:00:00,0.7116
2050-01-05 10:00:00,0.6843
2050-01-05 11:00:00,0.6897
2050-01-05 12:00:00,0.7115
2050-01-05 13:00:00,0.7441
2050-01-05 14:00:00,0.7753
2050-01-05 15:00:00,0.7894
2050-01-05 16:00:00,0.7968
2050-01-05 17:00:00,0.811
2050-01-05 18:00:00,0.8305
2050-01-05 19:00:00,0.8465
2050-01-05 20:00:00,0.8521
2050-01-05 21:00:00,0.8531
2050-01-05 22:00:00,0.8465
2050-01-05 23:00:00,0.8342
2050-01-06 00:00:00,0.8243
2050-01-06 01:00:00,0.8246
2050-01-06 02:00:00,0.8361
2050-01-06 03:00:00,0.8525
2050-01-06 04:00:00,0.8685
2050-01-06 05:00:00,0.8793
2050-01-06 06:00:00,0.8823
2050-01-06 07:00:00,0.8797
2050-01-06 08:00:00,0.8718
2050-01-06 09:00:00,0.8626
2050-01-06 10:00:00,0.8591
2050-01-06 11:00:00,0.8598
2050-01-06 12:00:00,0.8633
2050-01-06 13:00:00,0.8674
2050-01-06 14:00:00,0.871
2050-01-06 15:00:00,0.8772
2050-01-06 16:00:00,0.8838
2050-01-06 17:00:00,0.8886
2050-01-06 18:00:00,0.8885
2050-01-06 19:00:00,0.8856
2050-01-06 20:00:00,0.8801
2050-01-06 21:00:00,0.8757
2050-01-06 22:00:00,0.8712
2050-01-06 23:00:00,0.8689
2050-01-07 00:00:00,0.8704
2050-01-07 01:00:00,0.8746
2050-01-07 02:00:00,0.8791
2050-01-07 03:00:00,0.8778
2050-01-07 04:00:00,0.8712
2050-01-07 05:00:00,0.8597
2050-01-07 06:00:00,0.847
2050-01-07 07:00:00,0.8332
2050-01-07 08:00:00,0.8105
2050-01-07 09:00:00,0.7754
2050-01-07 10:00:00,0.7336
2050-01-07 11:00:00,0.6942
2050-01-07 12:00:00,0.6713
2050-01-07 13:00:00,0.6672
2050-01-07 14:00:00,0.673
2050-01-07 15:00:00,0.6772
2050-01-07 16:00:00,0.6769
2050-01-07 17:00:00,0.6787
2050-01-07 18:00:00,0.689
2050-01-07 19:00:00,0.7085
2050-01-07 20:00:00,0.7327
2050-01-07 21:00:00,0.7688
2050-01-07 22:00:00,0.8111
2050-01-07 23:00:00,0.8455
2050-01-08 00:00:00,0.8709
2050-01-08 01:00:00,0.8834
2050-01-08 02:00:00,0.8852
2050-01-08 03:00:00,0.8851
2050-01-08 04:00:00,0.8867
2050-01-08 05:00:00,0.8913
2050-01-08 06:00:00,0.9002
2050-01-08 07:00:00,0.9126
2050-01-08 08:00:00,0.923
2050-01-08 09:00:00,0.9321
2050-01-08 10:00:00,0.9378
2050-01-08 11:00:00,0.9387
2050-01-08 12:00:00,0.9373
2050-01-08 13:00:00,0.9358
2050-01-08 14:00:00,0.9379
2050-01-08 15:00:00,0.9435
2050-01-08 16:00:00,0.9499
2050-01-08 17:00:00,0.9528
2050-01-08 18:00:00,0.9523
2050-01-08 19:00:00,0.9497
2050-01-08 20:00:00,0.9456
2050-01-08 21:00:00,0.937
2050-01-08 22:00:00,0.9232
2050-01-08 23:00:00,0.9069
2050-01-09 00:00:00,0.8888
2050-01-09 01:00:00,0.871
2050-01-09 02:00:00,0.8514
2050-01-09 03:00:00,0.8317
2050-01-09 04:00:00,0.8148
2050-01-09 05:00:00,0.7995
2050-01-09 06:00:00,0.7845
2050-01-09 07:00:00,0.7661
2050-01-09 08:00:00,0.7428
2050-01-09 09:00:00,0.7147
2050-01-09 10:00:00,0.6821
2050-01-09 11:00:00,0.6447
2050-01-09 12:00:00,0.6203
2050-01-09 13:00:00,0.6188
2050-01-09 14:00:00,0.6313
2050-01-09 15:00:00,0.6255
2050-01-09 16:00:00,0.6013
2050-01-09 17:00:00,0.5785
2050-01-09 18:00:00,0.5612
2050-01-09 19:00:00,0.5379
2050-01-09 20:00:00,0.5029
2050-01-09 21:00:00,0.4716
2050-01-09 22:00:00,0.4453
2050-01-09 23:00:00,0.4178
2050-01-10 00:00:00,0.39
2050-01-10 01:00:00,0.3709
2050-01-10 02:00:00,0.3667
2050-01-10 03:00:00,0.385
2050-01-10 04:00:00,0.4194
2050-01-10 05:00:00,0.4621
2050-01-10 06:00:00,0.5008
2050-01-10 07:00:00,0.5319
2050-01-10 08:00:00,0.5531
2050-01-10 09:00:00,0.5587
2050-01-10 10:00:00,0.5606
2050-01-10 11:00:00,0.5665
2050-01-10 12:00:00,0.5764
2050-01-10 13:00:00,0.5912
2050-01-10 14:00:00,0.6077
2050-01-10 15:00:00,0.6248
2050-01-10 16:00:00,0.6218
2050-01-10 17:00:00,0.5958
2050-01-10 18:00:00,0.5561
2050-01-10 19:00:00,0.5071
2050-01-10 20:00:00,0.4459
2050-01-10 21:00:00,0.3717
2050-01-10 22:00:00,0.3034
2050-01-10 23:00:00,0.268
2050-01-11 00:00:00,0.2814
2050-01-11 01:00:00,0.3015
2050-01-11 02:00:00,0.3003
2050-01-11 03:00:00,0.3247
2050-01-11 04:00:00,0.4162
2050-01-11 05:00:00,0.4991
2050-01-11 06:00:00,0.5286
2050-01-11 07:00:00,0.5494
2050-01-11 08:00:00,0.5833
2050-01-11 09:00:00,0.6259
2050-01-11 10:00:00,0.661
2050-01-11 11:00:00,0.6952
2050-01-11 12:00:00,0.7366
2050-01-11 13:00:00,0.7816
2050-01-11 14:00:00,0.8139
2050-01-11 15:00:00,0.8146
2050-01-11 16:00:00,0.7933
2050-01-11 17:00:00,0.7571
2050-01-11 18:00:00,0.7102
2050-01-11 19:00:00,0.6681
2050-01-11 20:00:00,0.631
2050-01-11 21:00:00,0.5947
2050-01-11 22:00:00,0.569
2050-01-11 23:00:00,0.5749
2050-01-12 00:00:00,0.6205
2050-01-12 01:00:00,0.689
2050-01-12 02:00:00,0.7586
2050-01-12 03:00:00,0.8157
2050-01-12 04:00:00,0.8515
2050-01-12 05:00:00,0.8643
2050-01-12 06:00:00,0.859
2050-01-12 07:00:00,0.8538
2050-01-12 08:00:00,0.8505
2050-01-12 09:00:00,0.837
2050-01-12 10:00:00,0.8099
2050-01-12 11:00:00,0.7794
2050-01-12 12:00:00,0.7401
2050-01-12 13:00:00,0.7055
2050-01-12 14:00:00,0.6829
2050-01-12 15:00:00,0.6782
2050-01-12 16:00:00,0.6723
2050-01-12 17:00:00,0.6434
2050-01-12 18:00:00,0.5911
2050-01-12 19:00:00,0.5226
2050-01-12 20:00:00,0.4768
2050-01-12 21:00:00,0.484
2050-01-12 22:00:00,0.5202
2050-01-12 23:00:00,0.5763
2050-01-13 00:00:00,0.6646
2050-01-13 01:00:00,0.7671
2050-01-13 02:00:00,0.8466
2050-01-13 03:00:00,0.8887
2050-01-13 04:00:00,0.9048
2050-01-13 05:00:00,0.9036
2050-01-13 06:00:00,0.8888
2050-01-13 07:00:00,0.8733
2050-01-13 08:00:00,0.8636
2050-01-13 09:00:00,0.8701
2050-01-13 10:00:00,0.8762
2050-01-13 11:00:00,0.8743
2050-01-13 12:00:00,0.8727
2050-01-13 13:00:00,0.8799
2050-01-13 14:00:00,0.8896
2050-01-13 15:00:00,0.8972
2050-01-13 16:00:00,0.9031
2050-01-13 17:00:00,0.918
2050-01-13 18:00:00,0.9303
2050-01-13 19:00:00,0.9343
2050-01-13 20:00:00,0.9342
2050-01-13 21:00:00,0.9282
2050-01-13 22:00:00,0.9192
2050-01-13 23:00:00,0.9094
2050-01-14 00:00:00,0.9013
2050-01-14 01:00:00,0.8956
2050-01-14 02:00:00,0.886
2050-01-14 03:00:00,0.8703
2050-01-14 04:00:00,0.8398
2050-01-14 05:00:00,0.8054
2050-01-14 06:00:00,0.7775
2050-01-14 07:00:00,0.7649
2050-01-14 08:00:00,0.7689
2050-01-14 09:00:00,0.7906
2050-01-14 10:00:00,0.8244
2050-01-14 11:00:00,0.8611
2050-01-14 12:00:00,0.8914
2050-01-14 13:00:00,0.9167
2050-01-14 14:00:00,0.9355
2050-01-14 15:00:00,0.9493
2050-01-14 16:00:00,0.9596
2050-01-14 17:00:00,0.971
2050-01-14 18:00:00,0.9804
2050-01-14 19:00:00,0.9836
2050-01-14 20:00:00,0.9827
2050-01-14 21:00:00,0.9801
2050-01-14 22:00:00,0.9811
2050-01-14 23:00:00,0.9838
2050-01-15 00:00:00,0.9862
2050-01-15 01:00:00,0.9869
2050-01-15 02:00:00,0.9868
2050-01-15 03:00:00,0.987
2050-01-15 04:00:00,0.988
2050-01-15 05:00:00,0.9893
2050-01-15 06:00:00,0.9894
2050-01-15 07:00:00,0.9878
2050-01-15 08:00:00,0.9857
2050-01-15 09:00:00,0.9834
2050-01-15 10:00:00,0.9846
2050-01-15 11:00:00,0.9873
2050-01-15 12:00:00,0.9885
2050-01-15 13:00:00,0.9896
2050-01-15 14:00:00,0.9905
2050-01-15 15:00:00,0.9895
2050-01-15 16:00:00,0.9886
2050-01-15 17:00:00,0.987
2050-01-15 18:00:00,0.9828
2050-01-15 19:00:00,0.9755
2050-01-15 20:00:00,0.9649
2050-01-15 21:00:00,0.9497
2050-01-15 22:00:00,0.9349
2050-01-15 23:00:00,0.9218
2050-01-16 00:00:00,0.9066
2050-01-16 01:00:00,0.8886
2050-01-16 02:00:00,0.8696
2050-01-16 03:00:00,0.8454
2050-01-16 04:00:00,0.8202
2050-01-16 05:00:00,0.8025
2050-01-16 06:00:00,0.789
2050-01-16 07:00:00,0.7721
2050-01-16 08:00:00,0.7556
2050-01-16 09:00:00,0.7551
2050-01-16 10:00:00,0.7613
2050-01-16 11:00:00,0.7674
2050-01-16 12:00:00,0.7747
2050-01-16 13:00:00,0.7689
2050-01-16 14:00:00,0.74
2050-01-16 15:00:00,0.722
2050-01-16 16:00:00,0.7431
2050-01-16 17:00:00,0.8117
2050-01-16 18:00:00,0.9005
2050-01-16 19:00:00,0.9573
2050-01-16 20:00:00,0.9795
2050-01-16 21:00:00,0.9786
2050-01-16 22:00:00,0.9678
2050-01-16 23:00:00,0.9626
2050-01-17 00:00:00,0.9648
2050-01-17 01:00:00,0.9746
2050-01-17 02:00:00,0.9781
2050-01-17 03:00:00,0.9603
2050-01-17 04:00:00,0.912
2050-01-17 05:00:00,0.8261
2050-01-17 06:00:00,0.6995
2050-01-17 07:00:00,0.5455
2050-01-17 08:00:00,0.4186
2050-01-17 09:00:00,0.347
2050-01-17 10:00:00,0.3215
2050-01-17 11:00:00,0.3327
2050-01-17 12:00:00,0.386
2050-01-17 13:00:00,0.4751
2050-01-17 14:00:00,0.5486
2050-01-17 15:00:00,0.5801
2050-01-17 16:00:00,0.57
2050-01-17 17:00:00,0.5403
2050-01-17 18:00:00,0.5101
2050-01-17 19:00:00,0.4932
2050-01-17 20:00:00,0.4865
2050-01-17 21:00:00,0.4952
2050-01-17 22:00:00,0.5198
2050-01-17 23:00:00,0.5468
2050-01-18 00:00:00,0.5833
2050-01-18 01:00:00,0.6288
2050-01-18 02:00:00,0.6724
2050-01-18 03:00:00,0.6925
2050-01-18 04:00:00,0.6829
2050-01-18 05:00:00,0.6611
2050-01-18 06:00:00,0.6439
2050-01-18 07:00:00,0.6376
2050-01-18 08:00:00,0.6459
2050-01-18 09:00:00,0.6474
2050-01-18 10:00:00,0.6252
2050-01-18 11:00:00,0.5915
2050-01-18 12:00:00,0.58
2050-01-18 13:00:00,0.5929
2050-01-18 14:00:00,0.6125
2050-01-18 15:00:00,0.6375
2050-01-18 16:00:00,0.6941
2050-01-18 17:00:00,0.7652
2050-01-18 18:00:00,0.8361
2050-01-18 19:00:00,0.8912
2050-01-18 20:00:00,0.9279
2050-01-18 21:00:00,0.9469
2050-01-18 22:00:00,0.9538
2050-01-18 23:00:00,0.9564
2050-01-19 00:00:00,0.9567
2050-01-19 01:00:00,0.9537
2050-01-19 02:00:00,0.9459
2050-01-19 03:00:00,0.9292
2050-01-19 04:00:00,0.9024
2050-01-19 05:00:00,0.8648
2050-01-19 06:00:00,0.8359
2050-01-19 07:00:00,0.8351
2050-01-19 08:00:00,0.863
2050-01-19 09:00:00,0.906
2050-01-19 10:00:00,0.9394
2050-01-19 11:00:00,0.9552
2050-01-19 12:00:00,0.9608
2050-01-19 13:00:00,0.9648
2050-01-19 14:00:00,0.968
2050-01-19 15:00:00,0.9687
2050-01-19 16:00:00,0.9701
2050-01-19 17:00:00,0.9721
2050-01-19 18:00:00,0.9741
2050-01-19 19:00:00,0.9755
2050-01-19 20:00:00,0.9772
2050-01-19 21:00:00,0.9806
2050-01-19 22:00:00,0.9835
2050-01-19 23:00:00,0.9855
2050-01-20 00:00:00,0.9869
2050-01-20 01:00:00,0.9878
2050-01-20 02:00:00,0.9887
2050-01-20 03:00:00,0.9894
2050-01-20 04:00:00,0.9896
2050-01-20 05:00:00,0.9896
2050-01-20 06:00:00,0.9899
2050-01-20 07:00:00,0.9901
2050-01-20 08:00:00,0.9902
2050-01-20 09:00:00,0.99
2050-01-20 10:00:00,0.9897
2050-01-20 11:00:00,0.9894
2050-01-20 12:00:00,0.9893
2050-01-20 13:00:00,0.9888
2050-01-20 14:00:00,0.9874
2050-01-20 15:00:00,0.9866
2050-01-20 16:00:00,0.9864
2050-01-20 17:00:00,0.9864
2050-01-20 18:00:00,0.9865
2050-01-20 19:00:00,0.9872
2050-01-20 20:00:00,0.9884
2050-01-20 21:00:00,0.9891
2050-01-20 22:00:00,0.9889
2050-01-20 23:00:00,0.9873
2050-01-21 00:00:00,0.9824
2050-01-21 01:00:00,0.9738
2050-01-21 02:00:00,0.9724
2050-01-21 03:00:00,0.9736
2050-01-21 04:00:00,0.971
2050-01-21 05:00:00,0.9671
2050-01-21 06:00:00,0.9632
2050-01-21 07:00:00,0.9659
2050-01-21 08:00:00,0.9729
2050-01-21 09:00:00,0.9754
2050-01-21 10:00:00,0.9785
2050-01-21 11:00:00,0.9816
2050-01-21 12:00:00,0.9844
2050-01-21 13:00:00,0.9862
2050-01-21 14:00:00,0.9879
2050-01-21 15:00:00,0.9851
2050-01-21 16:00:00,0.9656
2050-01-21 17:00:00,0.9148
2050-01-21 18:00:00,0.8364
2050-01-21 19:00:00,0.7011
2050-01-21 20:00:00,0.4853
2050-01-21 21:00:00,0.3219
2050-01-21 22:00:00,0.2005
2050-01-21 23:00:00,0.1285
2050-01-22 00:00:00,0.1048
2050-01-22 01:00:00,0.1633
2050-01-22 02:00:00,0.1979
2050-01-22 03:00:00,0.2184
2050-01-22 04:00:00,0.3982
2050-01-22 05:00:00,0.6729
2050-01-22 06:00:00,0.867
2050-01-22 07:00:00,0.9328
2050-01-22 08:00:00,0.9621
2050-01-22 09:00:00,0.973
2050-01-22 10:00:00,0.6555
2050-01-22 11:00:00,0.9809
2050-01-22 12:00:00,0.9834
2050-01-22 13:00:00,0.9851
2050-01-22 14:00:00,0.9855
2050-01-22 15:00:00,0.9859
2050-01-22 16:00:00,0.9879
2050-01-22 17:00:00,0.9882
2050-01-22 18:00:00,0.9861
2050-01-22 19:00:00,0.9814
2050-01-22 20:00:00,0.9771
2050-01-22 21:00:00,0.9728
2050-01-22 22:00:00,0.9675
2050-01-22 23:00:00,0.9703
2050-01-23 00:00:00,0.9716
2050-01-23 01:00:00,0.9708
2050-01-23 02:00:00,0.9719
2050-01-23 03:00:00,0.9834
2050-01-23 04:00:00,0.9892
2050-01-23 05:00:00,0.9881
2050-01-23 06:00:00,0.9819
2050-01-23 07:00:00,0.9637
2050-01-23 08:00:00,0.9201
2050-01-23 09:00:00,0.8623
2050-01-23 10:00:00,0.8524
2050-01-23 11:00:00,0.8566
2050-01-23 12:00:00,0.8913
2050-01-23 13:00:00,0.9382
2050-01-23 14:00:00,0.9646
2050-01-23 15:00:00,0.9712
2050-01-23 16:00:00,0.9426
2050-01-23 17:00:00,0.9396
2050-01-23 18:00:00,0.944
2050-01-23 19:00:00,0.9494
2050-01-23 20:00:00,0.9458
2050-01-23 21:00:00,0.8979
2050-01-23 22:00:00,0.8488
2050-01-23 23:00:00,0.7988
2050-01-24 00:00:00,0.763
2050-01-24 01:00:00,0.7339
2050-01-24 02:00:00,0.705
2050-01-24 03:00:00,0.6457
2050-01-24 04:00:00,0.5602
2050-01-24 05:00:00,0.5353
2050-01-24 06:00:00,0.5344
2050-01-24 07:00:00,0.5333
2050-01-24 08:00:00,0.5625
2050-01-24 09:00:00,0.5584
2050-01-24 10:00:00,0.6083
2050-01-24 11:00:00,0.6835
2050-01-24 12:00:00,0.7886
2050-01-24 13:00:00,0.8685
2050-01-24 14:00:00,0.9244
2050-01-24 15:00:00,0.9561
2050-01-24 16:00:00,0.9738
2050-01-24 17:00:00,0.9776
2050-01-24 18:00:00,0.9809
2050-01-24 19:00:00,0.9791
2050-01-24 20:00:00,0.9697
2050-01-24 21:00:00,0.9639
2050-01-24 22:00:00,0.9578
2050-01-24 23:00:00,0.9505
2050-01-25 00:00:00,0.9375
2050-01-25 01:00:00,0.9148
2050-01-25 02:00:00,0.8912
2050-01-25 03:00:00,0.829
2050-01-25 04:00:00,0.7351
2050-01-25 05:00:00,0.6229
2050-01-25 06:00:00,0.5179
2050-01-25 07:00:00,0.4424
2050-01-25 08:00:00,0.3925
2050-01-25 09:00:00,0.3927
2050-01-25 10:00:00,0.4502
2050-01-25 11:00:00,0.5234
2050-01-25 12:00:00,0.5956
2050-01-25 13:00:00,0.66
2050-01-25 14:00:00,0.7192
2050-01-25 15:00:00,0.7792
2050-01-25 16:00:00,0.822
2050-01-25 17:00:00,0.8522
2050-01-25 18:00:00,0.872
2050-01-25 19:00:00,0.8882
2050-01-25 20:00:00,0.8917
2050-01-25 21:00:00,0.8952
2050-01-25 22:00:00,0.9076
2050-01-25 23:00:00,0.9242
2050-01-26 00:00:00,0.9458
2050-01-26 01:00:00,0.9656
2050-01-26 02:00:00,0.9809
2050-01-26 03:00:00,0.9877
2050-01-26 04:00:00,0.9737
2050-01-26 05:00:00,0.9515
2050-01-26 06:00:00,0.9454
2050-01-26 07:00:00,0.949
2050-01-26 08:00:00,0.9634
2050-01-26 09:00:00,0.9592
2050-01-26 10:00:00,0.9684
2050-01-26 11:00:00,0.9786
2050-01-26 12:00:00,0.9802
2050-01-26 13:00:00,0.9849
2050-01-26 14:00:00,0.9863
2050-01-26 15:00:00,0.9806
2050-01-26 16:00:00,0.9692
2050-01-26 17:00:00,0.954
2050-01-26 18:00:00,0.9376
2050-01-26 19:00:00,0.9221
2050-01-26 20:00:00,0.9092
2050-01-26 21:00:00,0.8962
2050-01-26 22:00:00,0.8763
2050-01-26 23:00:00,0.8671
2050-01-27 00:00:00,0.8538
2050-01-27 01:00:00,0.8274
2050-01-27 02:00:00,0.7867
2050-01-27 03:00:00,0.7742
2050-01-27 04:00:00,0.7687
2050-01-27 05:00:00,0.7955
2050-01-27 06:00:00,0.8278
2050-01-27 07:00:00,0.8483
2050-01-27 08:00:00,0.8727
2050-01-27 09:00:00,0.8828
2050-01-27 10:00:00,0.8703
2050-01-27 11:00:00,0.8553
2050-01-27 12:00:00,0.8323
2050-01-27 13:00:00,0.8045
2050-01-27 14:00:00,0.7951
2050-01-27 15:00:00,0.7744
2050-01-27 16:00:00,0.7451
2050-01-27 17:00:00,0.7375
2050-01-27 18:00:00,0.7479
2050-01-27 19:00:00,0.7656
2050-01-27 20:00:00,0.7896
2050-01-27 21:00:00,0.8072
2050-01-27 22:00:00,0.8137
2050-01-27 23:00:00,0.8138
2050-01-28 00:00:00,0.8082
2050-01-28 01:00:00,0.7916
2050-01-28 02:00:00,0.7853
2050-01-28 03:00:00,0.8074
2050-01-28 04:00:00,0.8319
2050-01-28 05:00:00,0.8486
2050-01-28 06:00:00,0.8564
2050-01-28 07:00:00,0.8565
2050-01-28 08:00:00,0.8563
2050-01-28 09:00:00,0.8524
2050-01-28 10:00:00,0.8538
2050-01-28 11:00:00,0.8641
2050-01-28 12:00:00,0.8754
2050-01-28 13:00:00,0.8906
2050-01-28 14:00:00,0.9073
2050-01-28 15:00:00,0.9229
2050-01-28 16:00:00,0.9363
2050-01-28 17:00:00,0.9445
2050-01-28 18:00:00,0.9467
2050-01-28 19:00:00,0.9444
2050-01-28 20:00:00,0.9379
2050-01-28 21:00:00,0.927
2050-01-28 22:00:00,0.9102
2050-01-28 23:00:00,0.8863
2050-01-29 00:00:00,0.8546
2050-01-29 01:00:00,0.8197
2050-01-29 02:00:00,0.7876
2050-01-29 03:00:00,0.765
2050-01-29 04:00:00,0.7366
2050-01-29 05:00:00,0.7014
2050-01-29 06:00:00,0.6743
2050-01-29 07:00:00,0.6529
2050-01-29 08:00:00,0.6117
2050-01-29 09:00:00,0.5361
2050-01-29 10:00:00,0.4748
2050-01-29 11:00:00,0.4269
2050-01-29 12:00:00,0.3815
2050-01-29 13:00:00,0.3498
2050-01-29 14:00:00,0.3754
2050-01-29 15:00:00,0.4402
2050-01-29 16:00:00,0.523
2050-01-29 17:00:00,0.6074
2050-01-29 18:00:00,0.6757
2050-01-29 19:00:00,0.7181
2050-01-29 20:00:00,0.7428
2050-01-29 21:00:00,0.7418
2050-01-29 22:00:00,0.7399
2050-01-29 23:00:00,0.7471
2050-01-30 00:00:00,0.7688
2050-01-30 01:00:00,0.7986
2050-01-30 02:00:00,0.8335
2050-01-30 03:00:00,0.867
2050-01-30 04:00:00,0.8939
2050-01-30 05:00:00,0.9197
2050-01-30 06:00:00,0.9318
2050-01-30 07:00:00,0.9431
2050-01-30 08:00:00,0.9578
2050-01-30 09:00:00,0.966
2050-01-30 10:00:00,0.9667
2050-01-30 11:00:00,0.9515
2050-01-30 12:00:00,0.9391
2050-01-30 13:00:00,0.9306
2050-01-30 14:00:00,0.9348
2050-01-30 15:00:00,0.9468
2050-01-30 16:00:00,0.9593
2050-01-30 17:00:00,0.9478
2050-01-30 18:00:00,0.9064
2050-01-30 19:00:00,0.8373
2050-01-30 20:00:00,0.7841
2050-01-30 21:00:00,0.7373
2050-01-30 22:00:00,0.6476
2050-01-30 23:00:00,0.6225
2050-01-31 00:00:00,0.6234
2050-01-31 01:00:00,0.6023
2050-01-31 02:00:00,0.6046
2050-01-31 03:00:00,0.6265
2050-01-31 04:00:00,0.6548
2050-01-31 05:00:00,0.7134
2050-01-31 06:00:00,0.7731
2050-01-31 07:00:00,0.8169
2050-01-31 08:00:00,0.8745
2050-01-31 09:00:00,0.9224
2050-01-31 10:00:00,0.9529
2050-01-31 11:00:00,0.9736
2050-01-31 12:00:00,0.9843
2050-01-31 13:00:00,0.9861
2050-01-31 14:00:00,0.9813
2050-01-31 15:00:00,0.9778
2050-01-31 16:00:00,0.9774
2050-01-31 17:00:00,0.9763
2050-01-31 18:00:00,0.9742
2050-01-31 19:00:00,0.9765
2050-01-31 20:00:00,0.982
2050-01-31 21:00:00,0.9872
2050-01-31 22:00:00,0.9868
2050-01-31 23:00:00,0.9764
2050-02-01 00:00:00,0.9592
2050-02-01 01:00:00,0.948
2050-02-01 02:00:00,0.9457
2050-02-01 03:00:00,0.9507
2050-02-01 04:00:00,0.9589
2050-02-01 05:00:00,0.9643
2050-02-01 06:00:00,0.9644
2050-02-01 07:00:00,0.9577
2050-02-01 08:00:00,0.9472
2050-02-01 09:00:00,0.9334
2050-02-01 10:00:00,0.9184
2050-02-01 11:00:00,0.9008
2050-02-01 12:00:00,0.879
2050-02-01 13:00:00,0.8418
2050-02-01 14:00:00,0.7879
2050-02-01 15:00:00,0.7131
2050-02-01 16:00:00,0.633
2050-02-01 17:00:00,0.6293
2050-02-01 18:00:00,0.6905
2050-02-01 19:00:00,0.7527
2050-02-01 20:00:00,0.7871
2050-02-01 21:00:00,0.8216
2050-02-01 22:00:00,0.8647
2050-02-01 23:00:00,0.8957
2050-02-02 00:00:00,0.924
2050-02-02 01:00:00,0.944
2050-02-02 02:00:00,0.9515
2050-02-02 03:00:00,0.9507
2050-02-02 04:00:00,0.947
2050-02-02 05:00:00,0.9394
2050-02-02 06:00:00,0.9263
2050-02-02 07:00:00,0.9242
2050-02-02 08:00:00,0.9294
2050-02-02 09:00:00,0.9391
2050-02-02 10:00:00,0.9506
2050-02-02 11:00:00,0.958
2050-02-02 12:00:00,0.958
2050-02-02 13:00:00,0.9551
2050-02-02 14:00:00,0.9558
2050-02-02 15:00:00,0.961
2050-02-02 16:00:00,0.9599
2050-02-02 17:00:00,0.9649
2050-02-02 18:00:00,0.9695
2050-02-02 19:00:00,0.9758
2050-02-02 20:00:00,0.9774
2050-02-02 21:00:00,0.9777
2050-02-02 22:00:00,0.9786
2050-02-02 23:00:00,0.978
2050-02-03 00:00:00,0.9769
2050-02-03 01:00:00,0.9753
2050-02-03 02:00:00,0.9713
2050-02-03 03:00:00,0.974
2050-02-03 04:00:00,0.9819
2050-02-03 05:00:00,0.977
2050-02-03 06:00:00,0.9776
2050-02-03 07:00:00,0.9769
2050-02-03 08:00:00,0.9728
2050-02-03 09:00:00,0.9691
2050-02-03 10:00:00,0.9712
2050-02-03 11:00:00,0.9674
2050-02-03 12:00:00,0.9671
2050-02-03 13:00:00,0.9567
2050-02-03 14:00:00,0.9416
2050-02-03 15:00:00,0.9204
2050-02-03 16:00:00,0.8952
2050-02-03 17:00:00,0.8751
2050-02-03 18:00:00,0.882
2050-02-03 19:00:00,0.8913
2050-02-03 20:00:00,0.9049
2050-02-03 21:00:00,0.9167
2050-02-03 22:00:00,0.9193
2050-02-03 23:00:00,0.9212
2050-02-04 00:00:00,0.9258
2050-02-04 01:00:00,0.9368
2050-02-04 02:00:00,0.9495
2050-02-04 03:00:00,0.9587
2050-02-04 04:00:00,0.9676
2050-02-04 05:00:00,0.9703
2050-02-04 06:00:00,0.9745
2050-02-04 07:00:00,0.9769
2050-02-04 08:00:00,0.9755
2050-02-04 09:00:00,0.9765
2050-02-04 10:00:00,0.9768
2050-02-04 11:00:00,0.9808
2050-02-04 12:00:00,0.9827
2050-02-04 13:00:00,0.9787
2050-02-04 14:00:00,0.9805
2050-02-04 15:00:00,0.9795
2050-02-04 16:00:00,0.9798
2050-02-04 17:00:00,0.9802
2050-02-04 18:00:00,0.9821
2050-02-04 19:00:00,0.9836
2050-02-04 20:00:00,0.9808
2050-02-04 21:00:00,0.979
2050-02-04 22:00:00,0.9823
2050-02-04 23:00:00,0.9833
2050-02-05 00:00:00,0.9778
2050-02-05 01:00:00,0.9753
2050-02-05 02:00:00,0.9849
2050-02-05 03:00:00,0.9816
2050-02-05 04:00:00,0.9809
2050-02-05 05:00:00,0.9815
2050-02-05 06:00:00,0.9814
2050-02-05 07:00:00,0.9801
2050-02-05 08:00:00,0.9802
2050-02-05 09:00:00,0.9816
2050-02-05 10:00:00,0.9833
2050-02-05 11:00:00,0.9848
2050-02-05 12:00:00,0.9869
2050-02-05 13:00:00,0.9883
2050-02-05 14:00:00,0.99
2050-02-05 15:00:00,0.9898
2050-02-05 16:00:00,0.9895
2050-02-05 17:00:00,0.9896
2050-02-05 18:00:00,0.9896
2050-02-05 19:00:00,0.9881
2050-02-05 20:00:00,0.9876
2050-02-05 21:00:00,0.9875
2050-02-05 22:00:00,0.988
2050-02-05 23:00:00,0.9882
2050-02-06 00:00:00,0.9881
2050-02-06 01:00:00,0.9887
2050-02-06 02:00:00,0.9863
2050-02-06 03:00:00,0.9845
2050-02-06 04:00:00,0.9809
2050-02-06 05:00:00,0.9703
2050-02-06 06:00:00,0.957
2050-02-06 07:00:00,0.9469
2050-02-06 08:00:00,0.9202
2050-02-06 09:00:00,0.8915
2050-02-06 10:00:00,0.8844
2050-02-06 11:00:00,0.9012
2050-02-06 12:00:00,0.9377
2050-02-06 13:00:00,0.9679
2050-02-06 14:00:00,0.9719
2050-02-06 15:00:00,0.9648
2050-02-06 16:00:00,0.9522
2050-02-06 17:00:00,0.9448
2050-02-06 18:00:00,0.9316
2050-02-06 19:00:00,0.9234
2050-02-06 20:00:00,0.9154
2050-02-06 21:00:00,0.8999
2050-02-06 22:00:00,0.8675
2050-02-06 23:00:00,0.8563
2050-02-07 00:00:00,0.8572
2050-02-07 01:00:00,0.8634
2050-02-07 02:00:00,0.8634
2050-02-07 03:00:00,0.8427
2050-02-07 04:00:00,0.8086
2050-02-07 05:00:00,0.7664
2050-02-07 06:00:00,0.7082
2050-02-07 07:00:00,0.6279
2050-02-07 08:00:00,0.5279
2050-02-07 09:00:00,0.398
2050-02-07 10:00:00,0.2613
2050-02-07 11:00:00,0.1567
2050-02-07 12:00:00,0.0989
2050-02-07 13:00:00,0.0895
2050-02-07 14:00:00,0.1252
2050-02-07 15:00:00,0.19
2050-02-07 16:00:00,0.2652
2050-02-07 17:00:00,0.3446
2050-02-07 18:00:00,0.4152
2050-02-07 19:00:00,0.4683
2050-02-07 20:00:00,0.5002
2050-02-07 21:00:00,0.5168
2050-02-07 22:00:00,0.5055
2050-02-07 23:00:00,0.4451
2050-02-08 00:00:00,0.3542
2050-02-08 01:00:00,0.2685
2050-02-08 02:00:00,0.2044
2050-02-08 03:00:00,0.1417
2050-02-08 04:00:00,0.0927
2050-02-08 05:00:00,0.0714
2050-02-08 06:00:00,0.0874
2050-02-08 07:00:00,0.1298
2050-02-08 08:00:00,0.2065
2050-02-08 09:00:00,0.2813
2050-02-08 10:00:00,0.3528
2050-02-08 11:00:00,0.433
2050-02-08 12:00:00,0.5099
2050-02-08 13:00:00,0.5944
2050-02-08 14:00:00,0.6859
2050-02-08 15:00:00,0.7707
2050-02-08 16:00:00,0.8317
2050-02-08 17:00:00,0.8665
2050-02-08 18:00:00,0.897
2050-02-08 19:00:00,0.9242
2050-02-08 20:00:00,0.9429
2050-02-08 21:00:00,0.9457
2050-02-08 22:00:00,0.9405
2050-02-08 23:00:00,0.9322
2050-02-09 00:00:00,0.9249
2050-02-09 01:00:00,0.9229
2050-02-09 02:00:00,0.9268
2050-02-09 03:00:00,0.9314
2050-02-09 04:00:00,0.9458
2050-02-09 05:00:00,0.9638
2050-02-09 06:00:00,0.9589
2050-02-09 07:00:00,0.9385
2050-02-09 08:00:00,0.9094
2050-02-09 09:00:00,0.8815
2050-02-09 10:00:00,0.8615
2050-02-09 11:00:00,0.8497
2050-02-09 12:00:00,0.8385
2050-02-09 13:00:00,0.8338
2050-02-09 14:00:00,0.8471
2050-02-09 15:00:00,0.8752
2050-02-09 16:00:00,0.9065
2050-02-09 17:00:00,0.9261
2050-02-09 18:00:00,0.9423
2050-02-09 19:00:00,0.9464
2050-02-09 20:00:00,0.9439
2050-02-09 21:00:00,0.9373
2050-02-09 22:00:00,0.9273
2050-02-09 23:00:00,0.9034
2050-02-10 00:00:00,0.8806
2050-02-10 01:00:00,0.8593
2050-02-10 02:00:00,0.8222
2050-02-10 03:00:00,0.796
2050-02-10 04:00:00,0.7715
2050-02-10 05:00:00,0.7466
2050-02-10 06:00:00,0.713
2050-02-10 07:00:00,0.6844
2050-02-10 08:00:00,0.6625
2050-02-10 09:00:00,0.6236
2050-02-10 10:00:00,0.5667
2050-02-10 11:00:00,0.5032
2050-02-10 12:00:00,0.4185
2050-02-10 13:00:00,0.3459
2050-02-10 14:00:00,0.3443
2050-02-10 15:00:00,0.3856
2050-02-10 16:00:00,0.4649
2050-02-10 17:00:00,0.5829
2050-02-10 18:00:00,0.6792
2050-02-10 19:00:00,0.7236
2050-02-10 20:00:00,0.7391
2050-02-10 21:00:00,0.7387
2050-02-10 22:00:00,0.7319
2050-02-10 23:00:00,0.7368
2050-02-11 00:00:00,0.7301
2050-02-11 01:00:00,0.7114
2050-02-11 02:00:00,0.7027
2050-02-11 03:00:00,0.702
2050-02-11 04:00:00,0.6968
2050-02-11 05:00:00,0.6827
2050-02-11 06:00:00,0.6721
2050-02-11 07:00:00,0.6661
2050-02-11 08:00:00,0.6811
2050-02-11 09:00:00,0.6999
2050-02-11 10:00:00,0.6893
2050-02-11 11:00:00,0.667
2050-02-11 12:00:00,0.6388
2050-02-11 13:00:00,0.6152
2050-02-11 14:00:00,0.6084
2050-02-11 15:00:00,0.6139
2050-02-11 16:00:00,0.6259
2050-02-11 17:00:00,0.6368
2050-02-11 18:00:00,0.6595
2050-02-11 19:00:00,0.6949
2050-02-11 20:00:00,0.7098
2050-02-11 21:00:00,0.7106
2050-02-11 22:00:00,0.7212
2050-02-11 23:00:00,0.7455
2050-02-12 00:00:00,0.7659
2050-02-12 01:00:00,0.7577
2050-02-12 02:00:00,0.7324
2050-02-12 03:00:00,0.7027
2050-02-12 04:00:00,0.6781
2050-02-12 05:00:00,0.6533
2050-02-12 06:00:00,0.6215
2050-02-12 07:00:00,0.5884
2050-02-12 08:00:00,0.571
2050-02-12 09:00:00,0.5791
2050-02-12 10:00:00,0.614
2050-02-12 11:00:00,0.653
2050-02-12 12:00:00,0.6783
2050-02-12 13:00:00,0.6876
2050-02-12 14:00:00,0.6881
2050-02-12 15:00:00,0.694
2050-02-12 16:00:00,0.7087
2050-02-12 17:00:00,0.7144
2050-02-12 18:00:00,0.7224
2050-02-12 19:00:00,0.7372
2050-02-12 20:00:00,0.773
2050-02-12 21:00:00,0.7871
2050-02-12 22:00:00,0.8367
2050-02-12 23:00:00,0.864
2050-02-13 00:00:00,0.8856
2050-02-13 01:00:00,0.8948
2050-02-13 02:00:00,0.9092
2050-02-13 03:00:00,0.9183
2050-02-13 04:00:00,0.9205
2050-02-13 05:00:00,0.922
2050-02-13 06:00:00,0.9045
2050-02-13 07:00:00,0.8781
2050-02-13 08:00:00,0.8595
2050-02-13 09:00:00,0.8497
2050-02-13 10:00:00,0.8378
2050-02-13 11:00:00,0.833
2050-02-13 12:00:00,0.8326
2050-02-13 13:00:00,0.832
2050-02-13 14:00:00,0.8223
2050-02-13 15:00:00,0.8201
2050-02-13 16:00:00,0.8306
2050-02-13 17:00:00,0.8629
2050-02-13 18:00:00,0.8994
2050-02-13 19:00:00,0.9176
2050-02-13 20:00:00,0.9177
2050-02-13 21:00:00,0.8957
2050-02-13 22:00:00,0.8648
2050-02-13 23:00:00,0.8361
2050-02-14 00:00:00,0.781
2050-02-14 01:00:00,0.699
2050-02-14 02:00:00,0.6272
2050-02-14 03:00:00,0.5775
2050-02-14 04:00:00,0.5604
2050-02-14 05:00:00,0.5753
2050-02-14 06:00:00,0.6066
2050-02-14 07:00:00,0.6401
2050-02-14 08:00:00,0.7019
2050-02-14 09:00:00,0.7651
2050-02-14 10:00:00,0.8138
2050-02-14 11:00:00,0.8484
2050-02-14 12:00:00,0.8779
2050-02-14 13:00:00,0.9107
2050-02-14 14:00:00,0.9237
2050-02-14 15:00:00,0.9258
2050-02-14 16:00:00,0.9154
2050-02-14 17:00:00,0.9017
2050-02-14 18:00:00,0.8911
2050-02-14 19:00:00,0.8821
2050-02-14 20:00:00,0.8951
2050-02-14 21:00:00,0.9011
2050-02-14 22:00:00,0.5891
2050-02-14 23:00:00,0.8886
2050-02-15 00:00:00,0.8786
2050-02-15 01:00:00,0.8612
2050-02-15 02:00:00,0.8538
2050-02-15 03:00:00,0.8509
2050-02-15 04:00:00,0.8592
2050-02-15 05:00:00,0.8663
2050-02-15 06:00:00,0.8744
2050-02-15 07:00:00,0.8878
2050-02-15 08:00:00,0.9044
2050-02-15 09:00:00,0.9146
2050-02-15 10:00:00,0.925
2050-02-15 11:00:00,0.9265
2050-02-15 12:00:00,0.9261
2050-02-15 13:00:00,0.9204
2050-02-15 14:00:00,0.9175
2050-02-15 15:00:00,0.9285
2050-02-15 16:00:00,0.935
2050-02-15 17:00:00,0.9402
2050-02-15 18:00:00,0.9448
2050-02-15 19:00:00,0.95
2050-02-15 20:00:00,0.9528
2050-02-15 21:00:00,0.9542
2050-02-15 22:00:00,0.9493
2050-02-15 23:00:00,0.9407
2050-02-16 00:00:00,0.9271
2050-02-16 01:00:00,0.9068
2050-02-16 02:00:00,0.8702
2050-02-16 03:00:00,0.8507
2050-02-16 04:00:00,0.8404
2050-02-16 05:00:00,0.8313
2050-02-16 06:00:00,0.8191
2050-02-16 07:00:00,0.8084
2050-02-16 08:00:00,0.8221
2050-02-16 09:00:00,0.8379
2050-02-16 10:00:00,0.8553
2050-02-16 11:00:00,0.8561
2050-02-16 12:00:00,0.8362
2050-02-16 13:00:00,0.7919
2050-02-16 14:00:00,0.7779
2050-02-16 15:00:00,0.772
2050-02-16 16:00:00,0.7745
2050-02-16 17:00:00,0.7677
2050-02-16 18:00:00,0.7672
2050-02-16 19:00:00,0.7739
2050-02-16 20:00:00,0.7553
2050-02-16 21:00:00,0.7172
2050-02-16 22:00:00,0.6733
2050-02-16 23:00:00,0.6194
2050-02-17 00:00:00,0.554
2050-02-17 01:00:00,0.5022
2050-02-17 02:00:00,0.4736
2050-02-17 03:00:00,0.4284
2050-02-17 04:00:00,0.3631
2050-02-17 05:00:00,0.2994
2050-02-17 06:00:00,0.244
2050-02-17 07:00:00,0.196
2050-02-17 08:00:00,0.1539
2050-02-17 09:00:00,0.1236
2050-02-17 10:00:00,0.1204
2050-02-17 11:00:00,0.1471
2050-02-17 12:00:00,0.1832
2050-02-17 13:00:00,0.2345
2050-02-17 14:00:00,0.3105
2050-02-17 15:00:00,0.3952
2050-02-17 16:00:00,0.4922
2050-02-17 17:00:00,0.6003
2050-02-17 18:00:00,0.7147
2050-02-17 19:00:00,0.8138
2050-02-17 20:00:00,0.8871
2050-02-17 21:00:00,0.9285
2050-02-17 22:00:00,0.9515
2050-02-17 23:00:00,0.9649
2050-02-18 00:00:00,0.9707
2050-02-18 01:00:00,0.9747
2050-02-18 02:00:00,0.9825
2050-02-18 03:00:00,0.9831
2050-02-18 04:00:00,0.9782
2050-02-18 05:00:00,0.9695
2050-02-18 06:00:00,0.9576
2050-02-18 07:00:00,0.9328
2050-02-18 08:00:00,0.9029
2050-02-18 09:00:00,0.8714
2050-02-18 10:00:00,0.8195
2050-02-18 11:00:00,0.7679
2050-02-18 12:00:00,0.7328
2050-02-18 13:00:00,0.7251
2050-02-18 14:00:00,0.7348
2050-02-18 15:00:00,0.789
2050-02-18 16:00:00,0.8502
2050-02-18 17:00:00,0.8896
2050-02-18 18:00:00,0.9067
2050-02-18 19:00:00,0.9167
2050-02-18 20:00:00,0.9159
2050-02-18 21:00:00,0.8949
2050-02-18 22:00:00,0.8516
2050-02-18 23:00:00,0.8174
2050-02-19 00:00:00,0.8015
2050-02-19 01:00:00,0.7895
2050-02-19 02:00:00,0.789
2050-02-19 03:00:00,0.7999
2050-02-19 04:00:00,0.8172
2050-02-19 05:00:00,0.8112
2050-02-19 06:00:00,0.7914
2050-02-19 07:00:00,0.7848
2050-02-19 08:00:00,0.8043
2050-02-19 09:00:00,0.8397
2050-02-19 10:00:00,0.8591
2050-02-19 11:00:00,0.8594
2050-02-19 12:00:00,0.5719
2050-02-19 13:00:00,0.8628
2050-02-19 14:00:00,0.8798
2050-02-19 15:00:00,0.8972
2050-02-19 16:00:00,0.8962
2050-02-19 17:00:00,0.8887
2050-02-19 18:00:00,0.8888
2050-02-19 19:00:00,0.8822
2050-02-19 20:00:00,0.8641
2050-02-19 21:00:00,0.8106
2050-02-19 22:00:00,0.7282
2050-02-19 23:00:00,0.6936
2050-02-20 00:00:00,0.6957
2050-02-20 01:00:00,0.6758
2050-02-20 02:00:00,0.6666
2050-02-20 03:00:00,0.6555
2050-02-20 04:00:00,0.6547
2050-02-20 05:00:00,0.6596
2050-02-20 06:00:00,0.6824
2050-02-20 07:00:00,0.7267
2050-02-20 08:00:00,0.7861
2050-02-20 09:00:00,0.8331
2050-02-20 10:00:00,0.8643
2050-02-20 11:00:00,0.8851
2050-02-20 12:00:00,0.9041
2050-02-20 13:00:00,0.9134
2050-02-20 14:00:00,0.9209
2050-02-20 15:00:00,0.9248
2050-02-20 16:00:00,0.9343
2050-02-20 17:00:00,0.9561
2050-02-20 18:00:00,0.9653
2050-02-20 19:00:00,0.9738
2050-02-20 20:00:00,0.9748
2050-02-20 21:00:00,0.9722
2050-02-20 22:00:00,0.9748
2050-02-20 23:00:00,0.9754
2050-02-21 00:00:00,0.9595
2050-02-21 01:00:00,0.9109
2050-02-21 02:00:00,0.8393
2050-02-21 03:00:00,0.7525
2050-02-21 04:00:00,0.6512
2050-02-21 05:00:00,0.6102
2050-02-21 06:00:00,0.6321
2050-02-21 07:00:00,0.7348
2050-02-21 08:00:00,0.8344
2050-02-21 09:00:00,0.8966
2050-02-21 10:00:00,0.9445
2050-02-21 11:00:00,0.9752
2050-02-21 12:00:00,0.9821
2050-02-21 13:00:00,0.9842
2050-02-21 14:00:00,0.982
2050-02-21 15:00:00,0.9828
2050-02-21 16:00:00,0.985
2050-02-21 17:00:00,0.987
2050-02-21 18:00:00,0.9901
2050-02-21 19:00:00,0.9858
2050-02-21 20:00:00,0.9795
2050-02-21 21:00:00,0.9731
2050-02-21 22:00:00,0.9438
2050-02-21 23:00:00,0.884
2050-02-22 00:00:00,0.8154
2050-02-22 01:00:00,0.732
2050-02-22 02:00:00,0.6479
2050-02-22 03:00:00,0.6131
2050-02-22 04:00:00,0.6096
2050-02-22 05:00:00,0.6338
2050-02-22 06:00:00,0.7193
2050-02-22 07:00:00,0.8158
2050-02-22 08:00:00,0.8736
2050-02-22 09:00:00,0.899
2050-02-22 10:00:00,0.9147
2050-02-22 11:00:00,0.9323
2050-02-22 12:00:00,0.9526
2050-02-22 13:00:00,0.9769
2050-02-22 14:00:00,0.9858
2050-02-22 15:00:00,0.975
2050-02-22 16:00:00,0.923
2050-02-22 17:00:00,0.8284
2050-02-22 18:00:00,0.7822
2050-02-22 19:00:00,0.7514
2050-02-22 20:00:00,0.8318
2050-02-22 21:00:00,0.7744
2050-02-22 22:00:00,0.8442
2050-02-22 23:00:00,0.9367
2050-02-23 00:00:00,0.8284
2050-02-23 01:00:00,0.8818
2050-02-23 02:00:00,0.9273
2050-02-23 03:00:00,0.9597
2050-02-23 04:00:00,0.9757
2050-02-23 05:00:00,0.98
2050-02-23 06:00:00,0.9789
2050-02-23 07:00:00,0.974
2050-02-23 08:00:00,0.9661
2050-02-23 09:00:00,0.953
2050-02-23 10:00:00,0.935
2050-02-23 11:00:00,0.9188
2050-02-23 12:00:00,0.9038
2050-02-23 13:00:00,0.8818
2050-02-23 14:00:00,0.8536
2050-02-23 15:00:00,0.8031
2050-02-23 16:00:00,0.7329
2050-02-23 17:00:00,0.6764
2050-02-23 18:00:00,0.6447
2050-02-23 19:00:00,0.6347
2050-02-23 20:00:00,0.6536
2050-02-23 21:00:00,0.6781
2050-02-23 22:00:00,0.6783
2050-02-23 23:00:00,0.6611
2050-02-24 00:00:00,0.6386
2050-02-24 01:00:00,0.6261
2050-02-24 02:00:00,0.6267
2050-02-24 03:00:00,0.6352
2050-02-24 04:00:00,0.6533
2050-02-24 05:00:00,0.6735
2050-02-24 06:00:00,0.6911
2050-02-24 07:00:00,0.7016
2050-02-24 08:00:00,0.7011
2050-02-24 09:00:00,0.677
2050-02-24 10:00:00,0.6304
2050-02-24 11:00:00,0.5792
2050-02-24 12:00:00,0.5328
2050-02-24 13:00:00,0.4967
2050-02-24 14:00:00,0.4603
2050-02-24 15:00:00,0.4233
2050-02-24 16:00:00,0.3966
2050-02-24 17:00:00,0.3908
2050-02-24 18:00:00,0.4043
2050-02-24 19:00:00,0.4182
2050-02-24 20:00:00,0.4227
2050-02-24 21:00:00,0.394
2050-02-24 22:00:00,0.3316
2050-02-24 23:00:00,0.2557
2050-02-25 00:00:00,0.1771
2050-02-25 01:00:00,0.128
2050-02-25 02:00:00,0.1045
2050-02-25 03:00:00,0.0943
2050-02-25 04:00:00,0.0828
2050-02-25 05:00:00,0.0542
2050-02-25 06:00:00,0.0244
2050-02-25 07:00:00,0.0163
2050-02-25 08:00:00,0.0161
2050-02-25 09:00:00,0.0188
2050-02-25 10:00:00,0.0229
2050-02-25 11:00:00,0.0257
2050-02-25 12:00:00,0.0232
2050-02-25 13:00:00,0.0198
2050-02-25 14:00:00,0.0275
2050-02-25 15:00:00,0.0637
2050-02-25 16:00:00,0.1451
2050-02-25 17:00:00,0.2701
2050-02-25 18:00:00,0.392
2050-02-25 19:00:00,0.4867
2050-02-25 20:00:00,0.5445
2050-02-25 21:00:00,0.5728
2050-02-25 22:00:00,0.5948
2050-02-25 23:00:00,0.6242
2050-02-26 00:00:00,0.6569
2050-02-26 01:00:00,0.6937
2050-02-26 02:00:00,0.7433
2050-02-26 03:00:00,0.7958
2050-02-26 04:00:00,0.8341
2050-02-26 05:00:00,0.867
2050-02-26 06:00:00,0.8944
2050-02-26 07:00:00,0.9083
2050-02-26 08:00:00,0.9139
2050-02-26 09:00:00,0.92
2050-02-26 10:00:00,0.9253
2050-02-26 11:00:00,0.926
2050-02-26 12:00:00,0.9266
2050-02-26 13:00:00,0.9245
2050-02-26 14:00:00,0.9197
2050-02-26 15:00:00,0.9134
2050-02-26 16:00:00,0.9062
2050-02-26 17:00:00,0.8951
2050-02-26 18:00:00,0.8738
2050-02-26 19:00:00,0.8387
2050-02-26 20:00:00,0.796
2050-02-26 21:00:00,0.7529
2050-02-26 22:00:00,0.7043
2050-02-26 23:00:00,0.642
2050-02-27 00:00:00,0.5603
2050-02-27 01:00:00,0.4645
2050-02-27 02:00:00,0.3697
2050-02-27 03:00:00,0.2914
2050-02-27 04:00:00,0.2218
2050-02-27 05:00:00,0.156
2050-02-27 06:00:00,0.0998
2050-02-27 07:00:00,0.0536
2050-02-27 08:00:00,0.0218
2050-02-27 09:00:00,0.0203
2050-02-27 10:00:00,0.0489
2050-02-27 11:00:00,0.0942
2050-02-27 12:00:00,0.1496
2050-02-27 13:00:00,0.2119
2050-02-27 14:00:00,0.2653
2050-02-27 15:00:00,0.3243
2050-02-27 16:00:00,0.3921
2050-02-27 17:00:00,0.4609
2050-02-27 18:00:00,0.5246
2050-02-27 19:00:00,0.5823
2050-02-27 20:00:00,0.6327
2050-02-27 21:00:00,0.6853
2050-02-27 22:00:00,0.7257
2050-02-27 23:00:00,0.4821
2050-02-28 00:00:00,0.6973
2050-02-28 01:00:00,0.6543
2050-02-28 02:00:00,0.5944
2050-02-28 03:00:00,0.4841
2050-02-28 04:00:00,0.4033
2050-02-28 05:00:00,0.3657
2050-02-28 06:00:00,0.323
2050-02-28 07:00:00,0.2797
2050-02-28 08:00:00,0.2745
2050-02-28 09:00:00,0.3315
2050-02-28 10:00:00,0.4263
2050-02-28 11:00:00,0.5198
2050-02-28 12:00:00,0.5972
2050-02-28 13:00:00,0.6662
2050-02-28 14:00:00,0.74
2050-02-28 15:00:00,0.8032
2050-02-28 16:00:00,0.8702
2050-02-28 17:00:00,0.9227
2050-02-28 18:00:00,0.9497
2050-02-28 19:00:00,0.9628
2050-02-28 20:00:00,0.9688
2050-02-28 21:00:00,0.9743
2050-02-28 22:00:00,0.9795
2050-02-28 23:00:00,0.9842
2050-03-01 00:00:00,0.587
2050-03-01 01:00:00,0.5756
2050-03-01 02:00:00,0.6133
2050-03-01 03:00:00,0.6237
2050-03-01 04:00:00,0.5583
2050-03-01 05:00:00,0.4573
2050-03-01 06:00:00,0.4218
2050-03-01 07:00:00,0.5047
2050-03-01 08:00:00,0.5979
2050-03-01 09:00:00,0.6662
2050-03-01 10:00:00,0.7148
2050-03-01 11:00:00,0.7634
2050-03-01 12:00:00,0.8279
2050-03-01 13:00:00,0.899
2050-03-01 14:00:00,0.9525
2050-03-01 15:00:00,0.971
2050-03-01 16:00:00,0.9693
2050-03-01 17:00:00,0.9606
2050-03-01 18:00:00,0.933
2050-03-01 19:00:00,0.9093
2050-03-01 20:00:00,0.8955
2050-03-01 21:00:00,0.876
2050-03-01 22:00:00,0.8804
2050-03-01 23:00:00,0.9089
2050-03-02 00:00:00,0.9372
2050-03-02 01:00:00,0.9639
2050-03-02 02:00:00,0.9665
2050-03-02 03:00:00,0.9611
2050-03-02 04:00:00,0.9565
2050-03-02 05:00:00,0.9509
2050-03-02 06:00:00,0.9447
2050-03-02 07:00:00,0.9372
2050-03-02 08:00:00,0.9281
2050-03-02 09:00:00,0.9183
2050-03-02 10:00:00,0.8972
2050-03-02 11:00:00,0.864
2050-03-02 12:00:00,0.8136
2050-03-02 13:00:00,0.7838
2050-03-02 14:00:00,0.7981
2050-03-02 15:00:00,0.8289
2050-03-02 16:00:00,0.8599
2050-03-02 17:00:00,0.8911
2050-03-02 18:00:00,0.9181
2050-03-02 19:00:00,0.9385
2050-03-02 20:00:00,0.9591
2050-03-02 21:00:00,0.9525
2050-03-02 22:00:00,0.9062
2050-03-02 23:00:00,0.8328
2050-03-03 00:00:00,0.7806
2050-03-03 01:00:00,0.694
2050-03-03 02:00:00,0.6359
2050-03-03 03:00:00,0.612
2050-03-03 04:00:00,0.6118
2050-03-03 05:00:00,0.5938
2050-03-03 06:00:00,0.5648
2050-03-03 07:00:00,0.5353
2050-03-03 08:00:00,0.5082
2050-03-03 09:00:00,0.4636
2050-03-03 10:00:00,0.4033
2050-03-03 11:00:00,0.3445
2050-03-03 12:00:00,0.2951
2050-03-03 13:00:00,0.2644
2050-03-03 14:00:00,0.2497
2050-03-03 15:00:00,0.2857
2050-03-03 16:00:00,0.3394
2050-03-03 17:00:00,0.3683
2050-03-03 18:00:00,0.3691
2050-03-03 19:00:00,0.3476
2050-03-03 20:00:00,0.3179
2050-03-03 21:00:00,0.3204
2050-03-03 22:00:00,0.3512
2050-03-03 23:00:00,0.3488
2050-03-04 00:00:00,0.3222
2050-03-04 01:00:00,0.3016
2050-03-04 02:00:00,0.2832
2050-03-04 03:00:00,0.253
2050-03-04 04:00:00,0.2032
2050-03-04 05:00:00,0.1428
2050-03-04 06:00:00,0.0902
2050-03-04 07:00:00,0.058
2050-03-04 08:00:00,0.0472
2050-03-04 09:00:00,0.0589
2050-03-04 10:00:00,0.0781
2050-03-04 11:00:00,0.0797
2050-03-04 12:00:00,0.0551
2050-03-04 13:00:00,0.0292
2050-03-04 14:00:00,0.0221
2050-03-04 15:00:00,0.0341
2050-03-04 16:00:00,0.0625
2050-03-04 17:00:00,0.1047
2050-03-04 18:00:00,0.1497
2050-03-04 19:00:00,0.1953
2050-03-04 20:00:00,0.2357
2050-03-04 21:00:00,0.266
2050-03-04 22:00:00,0.2849
2050-03-04 23:00:00,0.299
2050-03-05 00:00:00,0.3179
2050-03-05 01:00:00,0.3368
2050-03-05 02:00:00,0.3554
2050-03-05 03:00:00,0.3757
2050-03-05 04:00:00,0.3989
2050-03-05 05:00:00,0.4206
2050-03-05 06:00:00,0.4419
2050-03-05 07:00:00,0.4609
2050-03-05 08:00:00,0.4687
2050-03-05 09:00:00,0.4605
2050-03-05 10:00:00,0.4517
2050-03-05 11:00:00,0.4466
2050-03-05 12:00:00,0.4484
2050-03-05 13:00:00,0.4615
2050-03-05 14:00:00,0.4963
2050-03-05 15:00:00,0.5427
2050-03-05 16:00:00,0.5761
2050-03-05 17:00:00,0.5978
2050-03-05 18:00:00,0.6093
2050-03-05 19:00:00,0.6138
2050-03-05 20:00:00,0.6135
2050-03-05 21:00:00,0.6117
2050-03-05 22:00:00,0.603
2050-03-05 23:00:00,0.5887
2050-03-06 00:00:00,0.5738
2050-03-06 01:00:00,0.5585
2050-03-06 02:00:00,0.5459
2050-03-06 03:00:00,0.5362
2050-03-06 04:00:00,0.5259
2050-03-06 05:00:00,0.5152
2050-03-06 06:00:00,0.508
2050-03-06 07:00:00,0.4981
2050-03-06 08:00:00,0.4819
2050-03-06 09:00:00,0.4642
2050-03-06 10:00:00,0.4476
2050-03-06 11:00:00,0.4357
2050-03-06 12:00:00,0.4066
2050-03-06 13:00:00,0.3726
2050-03-06 14:00:00,0.3521
2050-03-06 15:00:00,0.3543
2050-03-06 16:00:00,0.3872
2050-03-06 17:00:00,0.4423
2050-03-06 18:00:00,0.5032
2050-03-06 19:00:00,0.5479
2050-03-06 20:00:00,0.5667
2050-03-06 21:00:00,0.5503
2050-03-06 22:00:00,0.515
2050-03-06 23:00:00,0.4793
2050-03-07 00:00:00,0.443
2050-03-07 01:00:00,0.4101
2050-03-07 02:00:00,0.3932
2050-03-07 03:00:00,0.4121
2050-03-07 04:00:00,0.4539
2050-03-07 05:00:00,0.5029
2050-03-07 06:00:00,0.5556
2050-03-07 07:00:00,0.6053
2050-03-07 08:00:00,0.6402
2050-03-07 09:00:00,0.6622
2050-03-07 10:00:00,0.6783
2050-03-07 11:00:00,0.684
2050-03-07 12:00:00,0.6816
2050-03-07 13:00:00,0.6905
2050-03-07 14:00:00,0.7163
2050-03-07 15:00:00,0.7504
2050-03-07 16:00:00,0.783
2050-03-07 17:00:00,0.8129
2050-03-07 18:00:00,0.8292
2050-03-07 19:00:00,0.8302
2050-03-07 20:00:00,0.824
2050-03-07 21:00:00,0.8216
2050-03-07 22:00:00,0.8221
2050-03-07 23:00:00,0.8232
2050-03-08 00:00:00,0.8197
2050-03-08 01:00:00,0.8172
2050-03-08 02:00:00,0.8173
2050-03-08 03:00:00,0.8278
2050-03-08 04:00:00,0.8547
2050-03-08 05:00:00,0.8853
2050-03-08 06:00:00,0.9109
2050-03-08 07:00:00,0.9275
2050-03-08 08:00:00,0.9343
2050-03-08 09:00:00,0.9311
2050-03-08 10:00:00,0.9262
2050-03-08 11:00:00,0.9274
2050-03-08 12:00:00,0.9313
2050-03-08 13:00:00,0.9356
2050-03-08 14:00:00,0.9402
2050-03-08 15:00:00,0.9459
2050-03-08 16:00:00,0.9512
2050-03-08 17:00:00,0.956
2050-03-08 18:00:00,0.9604
2050-03-08 19:00:00,0.959
2050-03-08 20:00:00,0.9533
2050-03-08 21:00:00,0.9428
2050-03-08 22:00:00,0.9319
2050-03-08 23:00:00,0.9172
2050-03-09 00:00:00,0.8986
2050-03-09 01:00:00,0.8865
2050-03-09 02:00:00,0.8785
2050-03-09 03:00:00,0.8701
2050-03-09 04:00:00,0.8583
2050-03-09 05:00:00,0.8534
2050-03-09 06:00:00,0.8599
2050-03-09 07:00:00,0.8696
2050-03-09 08:00:00,0.8723
2050-03-09 09:00:00,0.8659
2050-03-09 10:00:00,0.8587
2050-03-09 11:00:00,0.8638
2050-03-09 12:00:00,0.873
2050-03-09 13:00:00,0.8842
2050-03-09 14:00:00,0.8949
2050-03-09 15:00:00,0.9125
2050-03-09 16:00:00,0.9288
2050-03-09 17:00:00,0.9448
2050-03-09 18:00:00,0.9565
2050-03-09 19:00:00,0.9527
2050-03-09 20:00:00,0.9482
2050-03-09 21:00:00,0.9343
2050-03-09 22:00:00,0.9301
2050-03-09 23:00:00,0.9244
2050-03-10 00:00:00,0.91
2050-03-10 01:00:00,0.9129
2050-03-10 02:00:00,0.9375
2050-03-10 03:00:00,0.9562
2050-03-10 04:00:00,0.9645
2050-03-10 05:00:00,0.9691
2050-03-10 06:00:00,0.9754
2050-03-10 07:00:00,0.9791
2050-03-10 08:00:00,0.9797
2050-03-10 09:00:00,0.976
2050-03-10 10:00:00,0.9707
2050-03-10 11:00:00,0.9701
2050-03-10 12:00:00,0.9644
2050-03-10 13:00:00,0.958
2050-03-10 14:00:00,0.9556
2050-03-10 15:00:00,0.9498
2050-03-10 16:00:00,0.9538
2050-03-10 17:00:00,0.9502
2050-03-10 18:00:00,0.9339
2050-03-10 19:00:00,0.918
2050-03-10 20:00:00,0.8988
2050-03-10 21:00:00,0.8829
2050-03-10 22:00:00,0.8774
2050-03-10 23:00:00,0.8779
2050-03-11 00:00:00,0.8758
2050-03-11 01:00:00,0.8712
2050-03-11 02:00:00,0.8653
2050-03-11 03:00:00,0.8564
2050-03-11 04:00:00,0.8485
2050-03-11 05:00:00,0.836
2050-03-11 06:00:00,0.8194
2050-03-11 07:00:00,0.8018
2050-03-11 08:00:00,0.7877
2050-03-11 09:00:00,0.7735
2050-03-11 10:00:00,0.7539
2050-03-11 11:00:00,0.7201
2050-03-11 12:00:00,0.6899
2050-03-11 13:00:00,0.6779
2050-03-11 14:00:00,0.6769
2050-03-11 15:00:00,0.6792
2050-03-11 16:00:00,0.6746
2050-03-11 17:00:00,0.6584
2050-03-11 18:00:00,0.623
2050-03-11 19:00:00,0.5682
2050-03-11 20:00:00,0.5147
2050-03-11 21:00:00,0.4685
2050-03-11 22:00:00,0.4135
2050-03-11 23:00:00,0.351
2050-03-12 00:00:00,0.292
2050-03-12 01:00:00,0.2458
2050-03-12 02:00:00,0.2247
2050-03-12 03:00:00,0.2011
2050-03-12 04:00:00,0.1683
2050-03-12 05:00:00,0.1417
2050-03-12 06:00:00,0.1208
2050-03-12 07:00:00,0.1081
2050-03-12 08:00:00,0.0992
2050-03-12 09:00:00,0.1065
2050-03-12 10:00:00,0.1541
2050-03-12 11:00:00,0.2121
2050-03-12 12:00:00,0.2684
2050-03-12 13:00:00,0.3216
2050-03-12 14:00:00,0.3931
2050-03-12 15:00:00,0.4867
2050-03-12 16:00:00,0.5851
2050-03-12 17:00:00,0.6644
2050-03-12 18:00:00,0.7089
2050-03-12 19:00:00,0.741
2050-03-12 20:00:00,0.7726
2050-03-12 21:00:00,0.7769
2050-03-12 22:00:00,0.76
2050-03-12 23:00:00,0.7476
2050-03-13 00:00:00,0.7348
2050-03-13 01:00:00,0.7317
2050-03-13 02:00:00,0.7319
2050-03-13 03:00:00,0.7379
2050-03-13 04:00:00,0.763
2050-03-13 05:00:00,0.795
2050-03-13 06:00:00,0.8159
2050-03-13 07:00:00,0.8337
2050-03-13 08:00:00,0.8549
2050-03-13 09:00:00,0.8865
2050-03-13 10:00:00,0.9005
2050-03-13 11:00:00,0.9174
2050-03-13 12:00:00,0.928
2050-03-13 13:00:00,0.9375
2050-03-13 14:00:00,0.9449
2050-03-13 15:00:00,0.9558
2050-03-13 16:00:00,0.9642
2050-03-13 17:00:00,0.9694
2050-03-13 18:00:00,0.9674
2050-03-13 19:00:00,0.9699
2050-03-13 20:00:00,0.9684
2050-03-13 21:00:00,0.9647
2050-03-13 22:00:00,0.9651
2050-03-13 23:00:00,0.9571
2050-03-14 00:00:00,0.9466
2050-03-14 01:00:00,0.9379
2050-03-14 02:00:00,0.9352
2050-03-14 03:00:00,0.9314
2050-03-14 04:00:00,0.9234
2050-03-14 05:00:00,0.9154
2050-03-14 06:00:00,0.9075
2050-03-14 07:00:00,0.9027
2050-03-14 08:00:00,0.9036
2050-03-14 09:00:00,0.9041
2050-03-14 10:00:00,0.9065
2050-03-14 11:00:00,0.9093
2050-03-14 12:00:00,0.9104
2050-03-14 13:00:00,0.9126
2050-03-14 14:00:00,0.9153
2050-03-14 15:00:00,0.9185
2050-03-14 16:00:00,0.9259
2050-03-14 17:00:00,0.9337
2050-03-14 18:00:00,0.9486
2050-03-14 19:00:00,0.9571
2050-03-14 20:00:00,0.96
2050-03-14 21:00:00,0.962
2050-03-14 22:00:00,0.9665
2050-03-14 23:00:00,0.9705
2050-03-15 00:00:00,0.9635
2050-03-15 01:00:00,0.9661
2050-03-15 02:00:00,0.9695
2050-03-15 03:00:00,0.9712
2050-03-15 04:00:00,0.9645
2050-03-15 05:00:00,0.9597
2050-03-15 06:00:00,0.9582
2050-03-15 07:00:00,0.9623
2050-03-15 08:00:00,0.9644
2050-03-15 09:00:00,0.9684
2050-03-15 10:00:00,0.9737
2050-03-15 11:00:00,0.976
2050-03-15 12:00:00,0.9755
2050-03-15 13:00:00,0.9702
2050-03-15 14:00:00,0.9648
2050-03-15 15:00:00,0.9679
2050-03-15 16:00:00,0.9683
2050-03-15 17:00:00,0.9738
2050-03-15 18:00:00,0.9707
2050-03-15 19:00:00,0.9627
2050-03-15 20:00:00,0.9395
2050-03-15 21:00:00,0.9027
2050-03-15 22:00:00,0.8566
2050-03-15 23:00:00,0.8427
2050-03-16 00:00:00,0.8601
2050-03-16 01:00:00,0.88
2050-03-16 02:00:00,0.8936
2050-03-16 03:00:00,0.8934
2050-03-16 04:00:00,0.8936
2050-03-16 05:00:00,0.878
2050-03-16 06:00:00,0.8384
2050-03-16 07:00:00,0.7696
2050-03-16 08:00:00,0.686
2050-03-16 09:00:00,0.6206
2050-03-16 10:00:00,0.5731
2050-03-16 11:00:00,0.5468
2050-03-16 12:00:00,0.5449
2050-03-16 13:00:00,0.525
2050-03-16 14:00:00,0.4557
2050-03-16 15:00:00,0.3707
2050-03-16 16:00:00,0.3063
2050-03-16 17:00:00,0.264
2050-03-16 18:00:00,0.2429
2050-03-16 19:00:00,0.2285
2050-03-16 20:00:00,0.1976
2050-03-16 21:00:00,0.1712
2050-03-16 22:00:00,0.1869
2050-03-16 23:00:00,0.2483
2050-03-17 00:00:00,0.3317
2050-03-17 01:00:00,0.4119
2050-03-17 02:00:00,0.4979
2050-03-17 03:00:00,0.5813
2050-03-17 04:00:00,0.6537
2050-03-17 05:00:00,0.7175
2050-03-17 06:00:00,0.7778
2050-03-17 07:00:00,0.826
2050-03-17 08:00:00,0.866
2050-03-17 09:00:00,0.8858
2050-03-17 10:00:00,0.8964
2050-03-17 11:00:00,0.9076
2050-03-17 12:00:00,0.9118
2050-03-17 13:00:00,0.9153
2050-03-17 14:00:00,0.9146
2050-03-17 15:00:00,0.928
2050-03-17 16:00:00,0.94
2050-03-17 17:00:00,0.9458
2050-03-17 18:00:00,0.9436
2050-03-17 19:00:00,0.9339
2050-03-17 20:00:00,0.9206
2050-03-17 21:00:00,0.8957
2050-03-17 22:00:00,0.8635
2050-03-17 23:00:00,0.8093
2050-03-18 00:00:00,0.747
2050-03-18 01:00:00,0.6796
2050-03-18 02:00:00,0.6053
2050-03-18 03:00:00,0.5342
2050-03-18 04:00:00,0.4678
2050-03-18 05:00:00,0.4364
2050-03-18 06:00:00,0.4443
2050-03-18 07:00:00,0.4561
2050-03-18 08:00:00,0.4684
2050-03-18 09:00:00,0.46
2050-03-18 10:00:00,0.4383
2050-03-18 11:00:00,0.4083
2050-03-18 12:00:00,0.3592
2050-03-18 13:00:00,0.307
2050-03-18 14:00:00,0.2687
2050-03-18 15:00:00,0.255
2050-03-18 16:00:00,0.2571
2050-03-18 17:00:00,0.292
2050-03-18 18:00:00,0.3659
2050-03-18 19:00:00,0.4551
2050-03-18 20:00:00,0.551
2050-03-18 21:00:00,0.641
2050-03-18 22:00:00,0.7084
2050-03-18 23:00:00,0.7531
2050-03-19 00:00:00,0.7844
2050-03-19 01:00:00,0.8068
2050-03-19 02:00:00,0.8253
2050-03-19 03:00:00,0.8404
2050-03-19 04:00:00,0.8474
2050-03-19 05:00:00,0.8516
2050-03-19 06:00:00,0.8539
2050-03-19 07:00:00,0.8612
2050-03-19 08:00:00,0.8706
2050-03-19 09:00:00,0.8857
2050-03-19 10:00:00,0.8978
2050-03-19 11:00:00,0.9108
2050-03-19 12:00:00,0.9139
2050-03-19 13:00:00,0.9163
2050-03-19 14:00:00,0.9121
2050-03-19 15:00:00,0.8924
2050-03-19 16:00:00,0.8698
2050-03-19 17:00:00,0.8233
2050-03-19 18:00:00,0.756
2050-03-19 19:00:00,0.67
2050-03-19 20:00:00,0.5801
2050-03-19 21:00:00,0.5099
2050-03-19 22:00:00,0.4655
2050-03-19 23:00:00,0.4278
2050-03-20 00:00:00,0.3794
2050-03-20 01:00:00,0.3229
2050-03-20 02:00:00,0.266
2050-03-20 03:00:00,0.2258
2050-03-20 04:00:00,0.2113
2050-03-20 05:00:00,0.2288
2050-03-20 06:00:00,0.2659
2050-03-20 07:00:00,0.3071
2050-03-20 08:00:00,0.3371
2050-03-20 09:00:00,0.3387
2050-03-20 10:00:00,0.3233
2050-03-20 11:00:00,0.3104
2050-03-20 12:00:00,0.3159
2050-03-20 13:00:00,0.3333
2050-03-20 14:00:00,0.3452
2050-03-20 15:00:00,0.3766
2050-03-20 16:00:00,0.4372
2050-03-20 17:00:00,0.528
2050-03-20 18:00:00,0.6231
2050-03-20 19:00:00,0.7083
2050-03-20 20:00:00,0.7653
2050-03-20 21:00:00,0.7497
2050-03-20 22:00:00,0.7055
2050-03-20 23:00:00,0.706
2050-03-21 00:00:00,0.7154
2050-03-21 01:00:00,0.7259
2050-03-21 02:00:00,0.7538
2050-03-21 03:00:00,0.7625
2050-03-21 04:00:00,0.7044
2050-03-21 05:00:00,0.5371
2050-03-21 06:00:00,0.3251
2050-03-21 07:00:00,0.1483
2050-03-21 08:00:00,0.0803
2050-03-21 09:00:00,0.1216
2050-03-21 10:00:00,0.2053
2050-03-21 11:00:00,0.3116
2050-03-21 12:00:00,0.461
2050-03-21 13:00:00,0.628
2050-03-21 14:00:00,0.7481
2050-03-21 15:00:00,0.8181
2050-03-21 16:00:00,0.8604
2050-03-21 17:00:00,0.8841
2050-03-21 18:00:00,0.8864
2050-03-21 19:00:00,0.8968
2050-03-21 20:00:00,0.9154
2050-03-21 21:00:00,0.915
2050-03-21 22:00:00,0.9156
2050-03-21 23:00:00,0.923
2050-03-22 00:00:00,0.9392
2050-03-22 01:00:00,0.928
2050-03-22 02:00:00,0.9135
2050-03-22 03:00:00,0.9161
2050-03-22 04:00:00,0.9137
2050-03-22 05:00:00,0.9012
2050-03-22 06:00:00,0.8803
2050-03-22 07:00:00,0.8485
2050-03-22 08:00:00,0.8238
2050-03-22 09:00:00,0.8017
2050-03-22 10:00:00,0.7952
2050-03-22 11:00:00,0.7941
2050-03-22 12:00:00,0.7869
2050-03-22 13:00:00,0.7604
2050-03-22 14:00:00,0.7109
2050-03-22 15:00:00,0.6553
2050-03-22 16:00:00,0.5956
2050-03-22 17:00:00,0.5452
2050-03-22 18:00:00,0.5309
2050-03-22 19:00:00,0.5451
2050-03-22 20:00:00,0.5879
2050-03-22 21:00:00,0.684
2050-03-22 22:00:00,0.7827
2050-03-22 23:00:00,0.8291
2050-03-23 00:00:00,0.8456
2050-03-23 01:00:00,0.8691
2050-03-23 02:00:00,0.8958
2050-03-23 03:00:00,0.9101
2050-03-23 04:00:00,0.9231
2050-03-23 05:00:00,0.9361
2050-03-23 06:00:00,0.9447
2050-03-23 07:00:00,0.9505
2050-03-23 08:00:00,0.9583
2050-03-23 09:00:00,0.9663
2050-03-23 10:00:00,0.9709
2050-03-23 11:00:00,0.9715
2050-03-23 12:00:00,0.9679
2050-03-23 13:00:00,0.961
2050-03-23 14:00:00,0.9567
2050-03-23 15:00:00,0.9541
2050-03-23 16:00:00,0.9528
2050-03-23 17:00:00,0.9579
2050-03-23 18:00:00,0.9675
2050-03-23 19:00:00,0.9773
2050-03-23 20:00:00,0.9829
2050-03-23 21:00:00,0.982
2050-03-23 22:00:00,0.9722
2050-03-23 23:00:00,0.9534
2050-03-24 00:00:00,0.9342
2050-03-24 01:00:00,0.9297
2050-03-24 02:00:00,0.9459
2050-03-24 03:00:00,0.9685
2050-03-24 04:00:00,0.9814
2050-03-24 05:00:00,0.986
2050-03-24 06:00:00,0.9859
2050-03-24 07:00:00,0.9861
2050-03-24 08:00:00,0.9875
2050-03-24 09:00:00,0.9872
2050-03-24 10:00:00,0.9865
2050-03-24 11:00:00,0.9861
2050-03-24 12:00:00,0.9869
2050-03-24 13:00:00,0.9886
2050-03-24 14:00:00,0.9902
2050-03-24 15:00:00,0.9904
2050-03-24 16:00:00,0.987
2050-03-24 17:00:00,0.9778
2050-03-24 18:00:00,0.9601
2050-03-24 19:00:00,0.9322
2050-03-24 20:00:00,0.8928
2050-03-24 21:00:00,0.8421
2050-03-24 22:00:00,0.7769
2050-03-24 23:00:00,0.6961
2050-03-25 00:00:00,0.6143
2050-03-25 01:00:00,0.5452
2050-03-25 02:00:00,0.4933
2050-03-25 03:00:00,0.4419
2050-03-25 04:00:00,0.3842
2050-03-25 05:00:00,0.3196
2050-03-25 06:00:00,0.2497
2050-03-25 07:00:00,0.1793
2050-03-25 08:00:00,0.1233
2050-03-25 09:00:00,0.0993
2050-03-25 10:00:00,0.1083
2050-03-25 11:00:00,0.128
2050-03-25 12:00:00,0.1437
2050-03-25 13:00:00,0.1561
2050-03-25 14:00:00,0.1667
2050-03-25 15:00:00,0.1964
2050-03-25 16:00:00,0.2735
2050-03-25 17:00:00,0.3725
2050-03-25 18:00:00,0.475
2050-03-25 19:00:00,0.5548
2050-03-25 20:00:00,0.6141
2050-03-25 21:00:00,0.6647
2050-03-25 22:00:00,0.7003
2050-03-25 23:00:00,0.7211
2050-03-26 00:00:00,0.7356
2050-03-26 01:00:00,0.7488
2050-03-26 02:00:00,0.7583
2050-03-26 03:00:00,0.7569
2050-03-26 04:00:00,0.7526
2050-03-26 05:00:00,0.7443
2050-03-26 06:00:00,0.7286
2050-03-26 07:00:00,0.7025
2050-03-26 08:00:00,0.6843
2050-03-26 09:00:00,0.6792
2050-03-26 10:00:00,0.6504
2050-03-26 11:00:00,0.5993
2050-03-26 12:00:00,0.5303
2050-03-26 13:00:00,0.4358
2050-03-26 14:00:00,0.3492
2050-03-26 15:00:00,0.3034
2050-03-26 16:00:00,0.3249
2050-03-26 17:00:00,0.4033
2050-03-26 18:00:00,0.5034
2050-03-26 19:00:00,0.5873
2050-03-26 20:00:00,0.6524
2050-03-26 21:00:00,0.7037
2050-03-26 22:00:00,0.7362
2050-03-26 23:00:00,0.7763
2050-03-27 00:00:00,0.8099
2050-03-27 01:00:00,0.8542
2050-03-27 02:00:00,0.8658
2050-03-27 03:00:00,0.8313
2050-03-27 04:00:00,0.8454
2050-03-27 05:00:00,0.8933
2050-03-27 06:00:00,0.9045
2050-03-27 07:00:00,0.8732
2050-03-27 08:00:00,0.8608
2050-03-27 09:00:00,0.8678
2050-03-27 10:00:00,0.8503
2050-03-27 11:00:00,0.8088
2050-03-27 12:00:00,0.7737
2050-03-27 13:00:00,0.7521
2050-03-27 14:00:00,0.712
2050-03-27 15:00:00,0.7028
2050-03-27 16:00:00,0.7217
2050-03-27 17:00:00,0.7505
2050-03-27 18:00:00,0.7766
2050-03-27 19:00:00,0.7739
2050-03-27 20:00:00,0.7632
2050-03-27 21:00:00,0.7096
2050-03-27 22:00:00,0.6686
2050-03-27 23:00:00,0.6332
2050-03-28 00:00:00,0.5997
2050-03-28 01:00:00,0.5927
2050-03-28 02:00:00,0.6682
2050-03-28 03:00:00,0.7543
2050-03-28 04:00:00,0.8148
2050-03-28 05:00:00,0.8452
2050-03-28 06:00:00,0.8393
2050-03-28 07:00:00,0.8088
2050-03-28 08:00:00,0.775
2050-03-28 09:00:00,0.7556
2050-03-28 10:00:00,0.736
2050-03-28 11:00:00,0.7298
2050-03-28 12:00:00,0.8039
2050-03-28 13:00:00,0.8741
2050-03-28 14:00:00,0.8862
2050-03-28 15:00:00,0.8877
2050-03-28 16:00:00,0.8964
2050-03-28 17:00:00,0.8999
2050-03-28 18:00:00,0.9283
2050-03-28 19:00:00,0.9604
2050-03-28 20:00:00,0.9758
2050-03-28 21:00:00,0.9761
2050-03-28 22:00:00,0.9709
2050-03-28 23:00:00,0.9646
2050-03-29 00:00:00,0.9598
2050-03-29 01:00:00,0.9659
2050-03-29 02:00:00,0.9822
2050-03-29 03:00:00,0.9869
2050-03-29 04:00:00,0.9879
2050-03-29 05:00:00,0.9871
2050-03-29 06:00:00,0.9812
2050-03-29 07:00:00,0.9722
2050-03-29 08:00:00,0.96
2050-03-29 09:00:00,0.9519
2050-03-29 10:00:00,0.9413
2050-03-29 11:00:00,0.9257
2050-03-29 12:00:00,0.9113
2050-03-29 13:00:00,0.897
2050-03-29 14:00:00,0.8879
2050-03-29 15:00:00,0.8874
2050-03-29 16:00:00,0.88
2050-03-29 17:00:00,0.8801
2050-03-29 18:00:00,0.8811
2050-03-29 19:00:00,0.8923
2050-03-29 20:00:00,0.8956
2050-03-29 21:00:00,0.8962
2050-03-29 22:00:00,0.8962
2050-03-29 23:00:00,0.8827
2050-03-30 00:00:00,0.8329
2050-03-30 01:00:00,0.7492
2050-03-30 02:00:00,0.6995
2050-03-30 03:00:00,0.7049
2050-03-30 04:00:00,0.6275
2050-03-30 05:00:00,0.4776
2050-03-30 06:00:00,0.3687
2050-03-30 07:00:00,0.3137
2050-03-30 08:00:00,0.2887
2050-03-30 09:00:00,0.2205
2050-03-30 10:00:00,0.138
2050-03-30 11:00:00,0.0983
2050-03-30 12:00:00,0.0866
2050-03-30 13:00:00,0.0681
2050-03-30 14:00:00,0.1091
2050-03-30 15:00:00,0.2106
2050-03-30 16:00:00,0.3052
2050-03-30 17:00:00,0.3164
2050-03-30 18:00:00,0.2689
2050-03-30 19:00:00,0.2255
2050-03-30 20:00:00,0.1937
2050-03-30 21:00:00,0.1651
2050-03-30 22:00:00,0.1295
2050-03-30 23:00:00,0.1188
2050-03-31 00:00:00,0.1184
2050-03-31 01:00:00,0.1335
2050-03-31 02:00:00,0.1948
2050-03-31 03:00:00,0.2362
2050-03-31 04:00:00,0.2672
2050-03-31 05:00:00,0.3578
2050-03-31 06:00:00,0.4423
2050-03-31 07:00:00,0.5191
2050-03-31 08:00:00,0.5857
2050-03-31 09:00:00,0.6534
2050-03-31 10:00:00,0.7113
2050-03-31 11:00:00,0.7509
2050-03-31 12:00:00,0.7781
2050-03-31 13:00:00,0.7876
2050-03-31 14:00:00,0.7827
2050-03-31 15:00:00,0.7864
2050-03-31 16:00:00,0.7961
2050-03-31 17:00:00,0.8058
2050-03-31 18:00:00,0.8404
2050-03-31 19:00:00,0.8848
2050-03-31 20:00:00,0.9154
2050-03-31 21:00:00,0.9253
2050-03-31 22:00:00,0.9245
2050-03-31 23:00:00,0.9241
2050-04-01 00:00:00,0.8956
2050-04-01 01:00:00,0.8265
2050-04-01 02:00:00,0.7264
2050-04-01 03:00:00,0.6732
2050-04-01 04:00:00,0.6496
2050-04-01 05:00:00,0.6093
2050-04-01 06:00:00,0.5411
2050-04-01 07:00:00,0.4807
2050-04-01 08:00:00,0.46
2050-04-01 09:00:00,0.4432
2050-04-01 10:00:00,0.4371
2050-04-01 11:00:00,0.4657
2050-04-01 12:00:00,0.505
2050-04-01 13:00:00,0.5652
2050-04-01 14:00:00,0.6263
2050-04-01 15:00:00,0.6724
2050-04-01 16:00:00,0.6848
2050-04-01 17:00:00,0.6628
2050-04-01 18:00:00,0.6104
2050-04-01 19:00:00,0.5709
2050-04-01 20:00:00,0.5443
2050-04-01 21:00:00,0.5366
2050-04-01 22:00:00,0.5355
2050-04-01 23:00:00,0.5591
2050-04-02 00:00:00,0.5746
2050-04-02 01:00:00,0.5931
2050-04-02 02:00:00,0.6134
2050-04-02 03:00:00,0.6261
2050-04-02 04:00:00,0.6284
2050-04-02 05:00:00,0.6422
2050-04-02 06:00:00,0.638
2050-04-02 07:00:00,0.6068
2050-04-02 08:00:00,0.5796
2050-04-02 09:00:00,0.5687
2050-04-02 10:00:00,0.5502
2050-04-02 11:00:00,0.4931
2050-04-02 12:00:00,0.4318
2050-04-02 13:00:00,0.3933
2050-04-02 14:00:00,0.3673
2050-04-02 15:00:00,0.3278
2050-04-02 16:00:00,0.2788
2050-04-02 17:00:00,0.2525
2050-04-02 18:00:00,0.2307
2050-04-02 19:00:00,0.185
2050-04-02 20:00:00,0.1807
2050-04-02 21:00:00,0.2336
2050-04-02 22:00:00,0.292
2050-04-02 23:00:00,0.3681
2050-04-03 00:00:00,0.4668
2050-04-03 01:00:00,0.5702
2050-04-03 02:00:00,0.6598
2050-04-03 03:00:00,0.7249
2050-04-03 04:00:00,0.7595
2050-04-03 05:00:00,0.7888
2050-04-03 06:00:00,0.8105
2050-04-03 07:00:00,0.8335
2050-04-03 08:00:00,0.8445
2050-04-03 09:00:00,0.845
2050-04-03 10:00:00,0.842
2050-04-03 11:00:00,0.8438
2050-04-03 12:00:00,0.8557
2050-04-03 13:00:00,0.8631
2050-04-03 14:00:00,0.8876
2050-04-03 15:00:00,0.9055
2050-04-03 16:00:00,0.9209
2050-04-03 17:00:00,0.9281
2050-04-03 18:00:00,0.9361
2050-04-03 19:00:00,0.9393
2050-04-03 20:00:00,0.9549
2050-04-03 21:00:00,0.9664
2050-04-03 22:00:00,0.9706
2050-04-03 23:00:00,0.9615
2050-04-04 00:00:00,0.9402
2050-04-04 01:00:00,0.9058
2050-04-04 02:00:00,0.8825
2050-04-04 03:00:00,0.8287
2050-04-04 04:00:00,0.7596
2050-04-04 05:00:00,0.7633
2050-04-04 06:00:00,0.7653
2050-04-04 07:00:00,0.7526
2050-04-04 08:00:00,0.6992
2050-04-04 09:00:00,0.6693
2050-04-04 10:00:00,0.6858
2050-04-04 11:00:00,0.7353
2050-04-04 12:00:00,0.7947
2050-04-04 13:00:00,0.8209
2050-04-04 14:00:00,0.8113
2050-04-04 15:00:00,0.7931
2050-04-04 16:00:00,0.7792
2050-04-04 17:00:00,0.7273
2050-04-04 18:00:00,0.6718
2050-04-04 19:00:00,0.6338
2050-04-04 20:00:00,0.5634
2050-04-04 21:00:00,0.5272
2050-04-04 22:00:00,0.5219
2050-04-04 23:00:00,0.46
2050-04-05 00:00:00,0.4327
2050-04-05 01:00:00,0.4909
2050-04-05 02:00:00,0.6281
2050-04-05 03:00:00,0.7615
2050-04-05 04:00:00,0.8569
2050-04-05 05:00:00,0.9339
2050-04-05 06:00:00,0.9549
2050-04-05 07:00:00,0.9685
2050-04-05 08:00:00,0.9727
2050-04-05 09:00:00,0.9817
2050-04-05 10:00:00,0.9892
2050-04-05 11:00:00,0.9893
2050-04-05 12:00:00,0.9874
2050-04-05 13:00:00,0.983
2050-04-05 14:00:00,0.9772
2050-04-05 15:00:00,0.9706
2050-04-05 16:00:00,0.9666
2050-04-05 17:00:00,0.965
2050-04-05 18:00:00,0.9628
2050-04-05 19:00:00,0.9568
2050-04-05 20:00:00,0.9499
2050-04-05 21:00:00,0.9412
2050-04-05 22:00:00,0.9307
2050-04-05 23:00:00,0.9152
2050-04-06 00:00:00,0.8981
2050-04-06 01:00:00,0.8672
2050-04-06 02:00:00,0.8363
2050-04-06 03:00:00,0.7869
2050-04-06 04:00:00,0.7964
2050-04-06 05:00:00,0.8593
2050-04-06 06:00:00,0.9132
2050-04-06 07:00:00,0.9526
2050-04-06 08:00:00,0.9752
2050-04-06 09:00:00,0.9858
2050-04-06 10:00:00,0.9895
2050-04-06 11:00:00,0.9895
2050-04-06 12:00:00,0.9905
2050-04-06 13:00:00,0.9899
2050-04-06 14:00:00,0.9878
2050-04-06 15:00:00,0.9826
2050-04-06 16:00:00,0.9887
2050-04-06 17:00:00,0.9902
2050-04-06 18:00:00,0.9904
2050-04-06 19:00:00,0.99
2050-04-06 20:00:00,0.9892
2050-04-06 21:00:00,0.9894
2050-04-06 22:00:00,0.9888
2050-04-06 23:00:00,0.9885
2050-04-07 00:00:00,0.9885
2050-04-07 01:00:00,0.9871
2050-04-07 02:00:00,0.9868
2050-04-07 03:00:00,0.9904
2050-04-07 04:00:00,0.9891
2050-04-07 05:00:00,0.9839
2050-04-07 06:00:00,0.9774
2050-04-07 07:00:00,0.9738
2050-04-07 08:00:00,0.9721
2050-04-07 09:00:00,0.9724
2050-04-07 10:00:00,0.9732
2050-04-07 11:00:00,0.9743
2050-04-07 12:00:00,0.9723
2050-04-07 13:00:00,0.9688
2050-04-07 14:00:00,0.9721
2050-04-07 15:00:00,0.9717
2050-04-07 16:00:00,0.9591
2050-04-07 17:00:00,0.9517
2050-04-07 18:00:00,0.9473
2050-04-07 19:00:00,0.935
2050-04-07 20:00:00,0.9207
2050-04-07 21:00:00,0.9135
2050-04-07 22:00:00,0.9036
2050-04-07 23:00:00,0.8882
2050-04-08 00:00:00,0.8664
2050-04-08 01:00:00,0.8423
2050-04-08 02:00:00,0.8254
2050-04-08 03:00:00,0.796
2050-04-08 04:00:00,0.7589
2050-04-08 05:00:00,0.739
2050-04-08 06:00:00,0.7292
2050-04-08 07:00:00,0.6981
2050-04-08 08:00:00,0.6435
2050-04-08 09:00:00,0.5553
2050-04-08 10:00:00,0.4902
2050-04-08 11:00:00,0.496
2050-04-08 12:00:00,0.4569
2050-04-08 13:00:00,0.3852
2050-04-08 14:00:00,0.3426
2050-04-08 15:00:00,0.4109
2050-04-08 16:00:00,0.5809
2050-04-08 17:00:00,0.7198
2050-04-08 18:00:00,0.796
2050-04-08 19:00:00,0.8443
2050-04-08 20:00:00,0.8745
2050-04-08 21:00:00,0.8836
2050-04-08 22:00:00,0.8904
2050-04-08 23:00:00,0.9199
2050-04-09 00:00:00,0.9209
2050-04-09 01:00:00,0.8758
2050-04-09 02:00:00,0.8385
2050-04-09 03:00:00,0.8237
2050-04-09 04:00:00,0.813
2050-04-09 05:00:00,0.8792
2050-04-09 06:00:00,0.9356
2050-04-09 07:00:00,0.9691
2050-04-09 08:00:00,0.9759
2050-04-09 09:00:00,0.9715
2050-04-09 10:00:00,0.9698
2050-04-09 11:00:00,0.9683
2050-04-09 12:00:00,0.9728
2050-04-09 13:00:00,0.9776
2050-04-09 14:00:00,0.9821
2050-04-09 15:00:00,0.9859
2050-04-09 16:00:00,0.9854
2050-04-09 17:00:00,0.983
2050-04-09 18:00:00,0.9865
2050-04-09 19:00:00,0.9907
2050-04-09 20:00:00,0.9899
2050-04-09 21:00:00,0.9874
2050-04-09 22:00:00,0.9842
2050-04-09 23:00:00,0.9809
2050-04-10 00:00:00,0.9773
2050-04-10 01:00:00,0.9731
2050-04-10 02:00:00,0.9635
2050-04-10 03:00:00,0.9448
2050-04-10 04:00:00,0.884
2050-04-10 05:00:00,0.7614
2050-04-10 06:00:00,0.6641
2050-04-10 07:00:00,0.636
2050-04-10 08:00:00,0.6019
2050-04-10 09:00:00,0.607
2050-04-10 10:00:00,0.6686
2050-04-10 11:00:00,0.7399
2050-04-10 12:00:00,0.8008
2050-04-10 13:00:00,0.842
2050-04-10 14:00:00,0.8702
2050-04-10 15:00:00,0.8905
2050-04-10 16:00:00,0.9141
2050-04-10 17:00:00,0.9458
2050-04-10 18:00:00,0.9682
2050-04-10 19:00:00,0.9791
2050-04-10 20:00:00,0.9835
2050-04-10 21:00:00,0.9824
2050-04-10 22:00:00,0.9829
2050-04-10 23:00:00,0.9841
2050-04-11 00:00:00,0.9874
2050-04-11 01:00:00,0.9889
2050-04-11 02:00:00,0.9871
2050-04-11 03:00:00,0.9829
2050-04-11 04:00:00,0.9793
2050-04-11 05:00:00,0.9696
2050-04-11 06:00:00,0.9553
2050-04-11 07:00:00,0.9396
2050-04-11 08:00:00,0.9184
2050-04-11 09:00:00,0.8919
2050-04-11 10:00:00,0.8604
2050-04-11 11:00:00,0.8334
2050-04-11 12:00:00,0.8062
2050-04-11 13:00:00,0.7879
2050-04-11 14:00:00,0.7593
2050-04-11 15:00:00,0.7294
2050-04-11 16:00:00,0.7124
2050-04-11 17:00:00,0.7225
2050-04-11 18:00:00,0.7494
2050-04-11 19:00:00,0.7852
2050-04-11 20:00:00,0.8222
2050-04-11 21:00:00,0.8562
2050-04-11 22:00:00,0.8905
2050-04-11 23:00:00,0.9139
2050-04-12 00:00:00,0.927
2050-04-12 01:00:00,0.9317
2050-04-12 02:00:00,0.9361
2050-04-12 03:00:00,0.9418
2050-04-12 04:00:00,0.9458
2050-04-12 05:00:00,0.9475
2050-04-12 06:00:00,0.9487
2050-04-12 07:00:00,0.9432
2050-04-12 08:00:00,0.9353
2050-04-12 09:00:00,0.9213
2050-04-12 10:00:00,0.8997
2050-04-12 11:00:00,0.8742
2050-04-12 12:00:00,0.8429
2050-04-12 13:00:00,0.8095
2050-04-12 14:00:00,0.7786
2050-04-12 15:00:00,0.768
2050-04-12 16:00:00,0.7665
2050-04-12 17:00:00,0.7622
2050-04-12 18:00:00,0.7855
2050-04-12 19:00:00,0.821
2050-04-12 20:00:00,0.8537
2050-04-12 21:00:00,0.8826
2050-04-12 22:00:00,0.9143
2050-04-12 23:00:00,0.9397
2050-04-13 00:00:00,0.943
2050-04-13 01:00:00,0.9289
2050-04-13 02:00:00,0.906
2050-04-13 03:00:00,0.8735
2050-04-13 04:00:00,0.8303
2050-04-13 05:00:00,0.7843
2050-04-13 06:00:00,0.7379
2050-04-13 07:00:00,0.7074
2050-04-13 08:00:00,0.6952
2050-04-13 09:00:00,0.7036
2050-04-13 10:00:00,0.7288
2050-04-13 11:00:00,0.7771
2050-04-13 12:00:00,0.8309
2050-04-13 13:00:00,0.8832
2050-04-13 14:00:00,0.9165
2050-04-13 15:00:00,0.9338
2050-04-13 16:00:00,0.941
2050-04-13 17:00:00,0.939
2050-04-13 18:00:00,0.9312
2050-04-13 19:00:00,0.9287
2050-04-13 20:00:00,0.9368
2050-04-13 21:00:00,0.9367
2050-04-13 22:00:00,0.931
2050-04-13 23:00:00,0.8984
2050-04-14 00:00:00,0.8404
2050-04-14 01:00:00,0.7983
2050-04-14 02:00:00,0.8202
2050-04-14 03:00:00,0.8186
2050-04-14 04:00:00,0.8317
2050-04-14 05:00:00,0.856
2050-04-14 06:00:00,0.8677
2050-04-14 07:00:00,0.8725
2050-04-14 08:00:00,0.8727
2050-04-14 09:00:00,0.8665
2050-04-14 10:00:00,0.8444
2050-04-14 11:00:00,0.8093
2050-04-14 12:00:00,0.7803
2050-04-14 13:00:00,0.7142
2050-04-14 14:00:00,0.6069
2050-04-14 15:00:00,0.5038
2050-04-14 16:00:00,0.4022
2050-04-14 17:00:00,0.3328
2050-04-14 18:00:00,0.3066
2050-04-14 19:00:00,0.3229
2050-04-14 20:00:00,0.3924
2050-04-14 21:00:00,0.4946
2050-04-14 22:00:00,0.5938
2050-04-14 23:00:00,0.6646
2050-04-15 00:00:00,0.7328
2050-04-15 01:00:00,0.7982
2050-04-15 02:00:00,0.8321
2050-04-15 03:00:00,0.8415
2050-04-15 04:00:00,0.8535
2050-04-15 05:00:00,0.8941
2050-04-15 06:00:00,0.9385
2050-04-15 07:00:00,0.9717
2050-04-15 08:00:00,0.9792
2050-04-15 09:00:00,0.9784
2050-04-15 10:00:00,0.9817
2050-04-15 11:00:00,0.9845
2050-04-15 12:00:00,0.9746
2050-04-15 13:00:00,0.9661
2050-04-15 14:00:00,0.9588
2050-04-15 15:00:00,0.9616
2050-04-15 16:00:00,0.9687
2050-04-15 17:00:00,0.9717
2050-04-15 18:00:00,0.9742
2050-04-15 19:00:00,0.9729
2050-04-15 20:00:00,0.9686
2050-04-15 21:00:00,0.962
2050-04-15 22:00:00,0.9562
2050-04-15 23:00:00,0.9508
2050-04-16 00:00:00,0.9452
2050-04-16 01:00:00,0.9428
2050-04-16 02:00:00,0.9437
2050-04-16 03:00:00,0.9348
2050-04-16 04:00:00,0.9113
2050-04-16 05:00:00,0.886
2050-04-16 06:00:00,0.9057
2050-04-16 07:00:00,0.9564
2050-04-16 08:00:00,0.9784
2050-04-16 09:00:00,0.9789
2050-04-16 10:00:00,0.9649
2050-04-16 11:00:00,0.9415
2050-04-16 12:00:00,0.9147
2050-04-16 13:00:00,0.8901
2050-04-16 14:00:00,0.883
2050-04-16 15:00:00,0.8915
2050-04-16 16:00:00,0.9033
2050-04-16 17:00:00,0.9058
2050-04-16 18:00:00,0.885
2050-04-16 19:00:00,0.8439
2050-04-16 20:00:00,0.7983
2050-04-16 21:00:00,0.7652
2050-04-16 22:00:00,0.7377
2050-04-16 23:00:00,0.7041
2050-04-17 00:00:00,0.6541
2050-04-17 01:00:00,0.6049
2050-04-17 02:00:00,0.5632
2050-04-17 03:00:00,0.5235
2050-04-17 04:00:00,0.4851
2050-04-17 05:00:00,0.4362
2050-04-17 06:00:00,0.376
2050-04-17 07:00:00,0.3356
2050-04-17 08:00:00,0.3325
2050-04-17 09:00:00,0.3396
2050-04-17 10:00:00,0.3499
2050-04-17 11:00:00,0.3366
2050-04-17 12:00:00,0.3147
2050-04-17 13:00:00,0.266
2050-04-17 14:00:00,0.22
2050-04-17 15:00:00,0.1956
2050-04-17 16:00:00,0.1887
2050-04-17 17:00:00,0.1973
2050-04-17 18:00:00,0.2438
2050-04-17 19:00:00,0.3269
2050-04-17 20:00:00,0.4183
2050-04-17 21:00:00,0.5047
2050-04-17 22:00:00,0.5571
2050-04-17 23:00:00,0.5635
2050-04-18 00:00:00,0.5375
2050-04-18 01:00:00,0.5092
2050-04-18 02:00:00,0.4876
2050-04-18 03:00:00,0.4872
2050-04-18 04:00:00,0.4952
2050-04-18 05:00:00,0.4915
2050-04-18 06:00:00,0.473
2050-04-18 07:00:00,0.4471
2050-04-18 08:00:00,0.4384
2050-04-18 09:00:00,0.4412
2050-04-18 10:00:00,0.4319
2050-04-18 11:00:00,0.4506
2050-04-18 12:00:00,0.5106
2050-04-18 13:00:00,0.5881
2050-04-18 14:00:00,0.6592
2050-04-18 15:00:00,0.717
2050-04-18 16:00:00,0.7597
2050-04-18 17:00:00,0.809
2050-04-18 18:00:00,0.8731
2050-04-18 19:00:00,0.9231
2050-04-18 20:00:00,0.9562
2050-04-18 21:00:00,0.9766
2050-04-18 22:00:00,0.9851
2050-04-18 23:00:00,0.9834
2050-04-19 00:00:00,0.9728
2050-04-19 01:00:00,0.9547
2050-04-19 02:00:00,0.9549
2050-04-19 03:00:00,0.9627
2050-04-19 04:00:00,0.96
2050-04-19 05:00:00,0.9556
2050-04-19 06:00:00,0.9596
2050-04-19 07:00:00,0.9663
2050-04-19 08:00:00,0.974
2050-04-19 09:00:00,0.9815
2050-04-19 10:00:00,0.9869
2050-04-19 11:00:00,0.9894
2050-04-19 12:00:00,0.9896
2050-04-19 13:00:00,0.9871
2050-04-19 14:00:00,0.9837
2050-04-19 15:00:00,0.9838
2050-04-19 16:00:00,0.9857
2050-04-19 17:00:00,0.9854
2050-04-19 18:00:00,0.9829
2050-04-19 19:00:00,0.9794
2050-04-19 20:00:00,0.9746
2050-04-19 21:00:00,0.9694
2050-04-19 22:00:00,0.9644
2050-04-19 23:00:00,0.9616
2050-04-20 00:00:00,0.9621
2050-04-20 01:00:00,0.9643
2050-04-20 02:00:00,0.9667
2050-04-20 03:00:00,0.9666
2050-04-20 04:00:00,0.9637
2050-04-20 05:00:00,0.9585
2050-04-20 06:00:00,0.9509
2050-04-20 07:00:00,0.9384
2050-04-20 08:00:00,0.9204
2050-04-20 09:00:00,0.9026
2050-04-20 10:00:00,0.8937
2050-04-20 11:00:00,0.9005
2050-04-20 12:00:00,0.9169
2050-04-20 13:00:00,0.9365
2050-04-20 14:00:00,0.952
2050-04-20 15:00:00,0.9604
2050-04-20 16:00:00,0.9629
2050-04-20 17:00:00,0.9633
2050-04-20 18:00:00,0.9649
2050-04-20 19:00:00,0.9681
2050-04-20 20:00:00,0.9702
2050-04-20 21:00:00,0.9697
2050-04-20 22:00:00,0.9685
2050-04-20 23:00:00,0.9646
2050-04-21 00:00:00,0.958
2050-04-21 01:00:00,0.9523
2050-04-21 02:00:00,0.9454
2050-04-21 03:00:00,0.9381
2050-04-21 04:00:00,0.9298
2050-04-21 05:00:00,0.919
2050-04-21 06:00:00,0.9041
2050-04-21 07:00:00,0.8801
2050-04-21 08:00:00,0.8422
2050-04-21 09:00:00,0.7818
2050-04-21 10:00:00,0.7151
2050-04-21 11:00:00,0.6718
2050-04-21 12:00:00,0.6615
2050-04-21 13:00:00,0.6704
2050-04-21 14:00:00,0.6886
2050-04-21 15:00:00,0.7106
2050-04-21 16:00:00,0.7235
2050-04-21 17:00:00,0.7276
2050-04-21 18:00:00,0.7375
2050-04-21 19:00:00,0.7402
2050-04-21 20:00:00,0.73
2050-04-21 21:00:00,0.6988
2050-04-21 22:00:00,0.6451
2050-04-21 23:00:00,0.5991
2050-04-22 00:00:00,0.5864
2050-04-22 01:00:00,0.5898
2050-04-22 02:00:00,0.5961
2050-04-22 03:00:00,0.5939
2050-04-22 04:00:00,0.5768
2050-04-22 05:00:00,0.5552
2050-04-22 06:00:00,0.5279
2050-04-22 07:00:00,0.4939
2050-04-22 08:00:00,0.4491
2050-04-22 09:00:00,0.4035
2050-04-22 10:00:00,0.3559
2050-04-22 11:00:00,0.3125
2050-04-22 12:00:00,0.2727
2050-04-22 13:00:00,0.2388
2050-04-22 14:00:00,0.2169
2050-04-22 15:00:00,0.2105
2050-04-22 16:00:00,0.2048
2050-04-22 17:00:00,0.1904
2050-04-22 18:00:00,0.1681
2050-04-22 19:00:00,0.1413
2050-04-22 20:00:00,0.1108
2050-04-22 21:00:00,0.0819
2050-04-22 22:00:00,0.0609
2050-04-22 23:00:00,0.0415
2050-04-23 00:00:00,0.0375
2050-04-23 01:00:00,0.0539
2050-04-23 02:00:00,0.0818
2050-04-23 03:00:00,0.1177
2050-04-23 04:00:00,0.1549
2050-04-23 05:00:00,0.2009
2050-04-23 06:00:00,0.2632
2050-04-23 07:00:00,0.3436
2050-04-23 08:00:00,0.4313
2050-04-23 09:00:00,0.5376
2050-04-23 10:00:00,0.6403
2050-04-23 11:00:00,0.7232
2050-04-23 12:00:00,0.7979
2050-04-23 13:00:00,0.8258
2050-04-23 14:00:00,0.8642
2050-04-23 15:00:00,0.9313
2050-04-23 16:00:00,0.9506
2050-04-23 17:00:00,0.9495
2050-04-23 18:00:00,0.9473
2050-04-23 19:00:00,0.9465
2050-04-23 20:00:00,0.946
2050-04-23 21:00:00,0.9481
2050-04-23 22:00:00,0.9534
2050-04-23 23:00:00,0.9597
2050-04-24 00:00:00,0.9645
2050-04-24 01:00:00,0.968
2050-04-24 02:00:00,0.9702
2050-04-24 03:00:00,0.9721
2050-04-24 04:00:00,0.9731
2050-04-24 05:00:00,0.9729
2050-04-24 06:00:00,0.9696
2050-04-24 07:00:00,0.9657
2050-04-24 08:00:00,0.9616
2050-04-24 09:00:00,0.9559
2050-04-24 10:00:00,0.9483
2050-04-24 11:00:00,0.9393
2050-04-24 12:00:00,0.9301
2050-04-24 13:00:00,0.9194
2050-04-24 14:00:00,0.9052
2050-04-24 15:00:00,0.8875
2050-04-24 16:00:00,0.8732
2050-04-24 17:00:00,0.8607
2050-04-24 18:00:00,0.8486
2050-04-24 19:00:00,0.8314
2050-04-24 20:00:00,0.8046
2050-04-24 21:00:00,0.7597
2050-04-24 22:00:00,0.6838
2050-04-24 23:00:00,0.5799
2050-04-25 00:00:00,0.4809
2050-04-25 01:00:00,0.4112
2050-04-25 02:00:00,0.3824
2050-04-25 03:00:00,0.3858
2050-04-25 04:00:00,0.3885
2050-04-25 05:00:00,0.3731
2050-04-25 06:00:00,0.3473
2050-04-25 07:00:00,0.3507
2050-04-25 08:00:00,0.4113
2050-04-25 09:00:00,0.5069
2050-04-25 10:00:00,0.5971
2050-04-25 11:00:00,0.6606
2050-04-25 12:00:00,0.6874
2050-04-25 13:00:00,0.6684
2050-04-25 14:00:00,0.6089
2050-04-25 15:00:00,0.5243
2050-04-25 16:00:00,0.4555
2050-04-25 17:00:00,0.3788
2050-04-25 18:00:00,0.3116
2050-04-25 19:00:00,0.2705
2050-04-25 20:00:00,0.2349
2050-04-25 21:00:00,0.2217
2050-04-25 22:00:00,0.2366
2050-04-25 23:00:00,0.2481
2050-04-26 00:00:00,0.2453
2050-04-26 01:00:00,0.2297
2050-04-26 02:00:00,0.2133
2050-04-26 03:00:00,0.2043
2050-04-26 04:00:00,0.2037
2050-04-26 05:00:00,0.2181
2050-04-26 06:00:00,0.2387
2050-04-26 07:00:00,0.2573
2050-04-26 08:00:00,0.2656
2050-04-26 09:00:00,0.2573
2050-04-26 10:00:00,0.2354
2050-04-26 11:00:00,0.2161
2050-04-26 12:00:00,0.1998
2050-04-26 13:00:00,0.1854
2050-04-26 14:00:00,0.1748
2050-04-26 15:00:00,0.1598
2050-04-26 16:00:00,0.1415
2050-04-26 17:00:00,0.1211
2050-04-26 18:00:00,0.1011
2050-04-26 19:00:00,0.0787
2050-04-26 20:00:00,0.0561
2050-04-26 21:00:00,0.0431
2050-04-26 22:00:00,0.0361
2050-04-26 23:00:00,0.0357
2050-04-27 00:00:00,0.0498
2050-04-27 01:00:00,0.0738
2050-04-27 02:00:00,0.1105
2050-04-27 03:00:00,0.1593
2050-04-27 04:00:00,0.2146
2050-04-27 05:00:00,0.2684
2050-04-27 06:00:00,0.3313
2050-04-27 07:00:00,0.3931
2050-04-27 08:00:00,0.4557
2050-04-27 09:00:00,0.5087
2050-04-27 10:00:00,0.5564
2050-04-27 11:00:00,0.5632
2050-04-27 12:00:00,0.5391
2050-04-27 13:00:00,0.4997
2050-04-27 14:00:00,0.4289
2050-04-27 15:00:00,0.3533
2050-04-27 16:00:00,0.2839
2050-04-27 17:00:00,0.2594
2050-04-27 18:00:00,0.3133
2050-04-27 19:00:00,0.4293
2050-04-27 20:00:00,0.5757
2050-04-27 21:00:00,0.6786
2050-04-27 22:00:00,0.7254
2050-04-27 23:00:00,0.7845
2050-04-28 00:00:00,0.8554
2050-04-28 01:00:00,0.8891
2050-04-28 02:00:00,0.8998
2050-04-28 03:00:00,0.9266
2050-04-28 04:00:00,0.9536
2050-04-28 05:00:00,0.9659
2050-04-28 06:00:00,0.9663
2050-04-28 07:00:00,0.9721
2050-04-28 08:00:00,0.9661
2050-04-28 09:00:00,0.966
2050-04-28 10:00:00,0.9707
2050-04-28 11:00:00,0.9753
2050-04-28 12:00:00,0.982
2050-04-28 13:00:00,0.9826
2050-04-28 14:00:00,0.9852
2050-04-28 15:00:00,0.9832
2050-04-28 16:00:00,0.9788
2050-04-28 17:00:00,0.976
2050-04-28 18:00:00,0.9606
2050-04-28 19:00:00,0.9416
2050-04-28 20:00:00,0.9302
2050-04-28 21:00:00,0.9125
2050-04-28 22:00:00,0.8907
2050-04-28 23:00:00,0.8766
2050-04-29 00:00:00,0.8499
2050-04-29 01:00:00,0.8193
2050-04-29 02:00:00,0.7904
2050-04-29 03:00:00,0.7659
2050-04-29 04:00:00,0.7585
2050-04-29 05:00:00,0.7701
2050-04-29 06:00:00,0.7873
2050-04-29 07:00:00,0.7923
2050-04-29 08:00:00,0.7828
2050-04-29 09:00:00,0.7661
2050-04-29 10:00:00,0.7536
2050-04-29 11:00:00,0.7348
2050-04-29 12:00:00,0.7175
2050-04-29 13:00:00,0.6982
2050-04-29 14:00:00,0.6764
2050-04-29 15:00:00,0.6535
2050-04-29 16:00:00,0.6293
2050-04-29 17:00:00,0.6318
2050-04-29 18:00:00,0.667
2050-04-29 19:00:00,0.7098
2050-04-29 20:00:00,0.7395
2050-04-29 21:00:00,0.7355
2050-04-29 22:00:00,0.7039
2050-04-29 23:00:00,0.6362
2050-04-30 00:00:00,0.5497
2050-04-30 01:00:00,0.4628
2050-04-30 02:00:00,0.3975
2050-04-30 03:00:00,0.4006
2050-04-30 04:00:00,0.4786
2050-04-30 05:00:00,0.5687
2050-04-30 06:00:00,0.6306
2050-04-30 07:00:00,0.6662
2050-04-30 08:00:00,0.6978
2050-04-30 09:00:00,0.7111
2050-04-30 10:00:00,0.7072
2050-04-30 11:00:00,0.698
2050-04-30 12:00:00,0.6819
2050-04-30 13:00:00,0.6422
2050-04-30 14:00:00,0.5632
2050-04-30 15:00:00,0.4832
2050-04-30 16:00:00,0.4399
2050-04-30 17:00:00,0.4399
2050-04-30 18:00:00,0.4787
2050-04-30 19:00:00,0.5726
2050-04-30 20:00:00,0.6662
2050-04-30 21:00:00,0.7005
2050-04-30 22:00:00,0.6784
2050-04-30 23:00:00,0.5956
2050-05-01 00:00:00,0.4958
2050-05-01 01:00:00,0.4445
2050-05-01 02:00:00,0.4433
2050-05-01 03:00:00,0.4544
2050-05-01 04:00:00,0.446
2050-05-01 05:00:00,0.4318
2050-05-01 06:00:00,0.4537
2050-05-01 07:00:00,0.507
2050-05-01 08:00:00,0.5701
2050-05-01 09:00:00,0.6166
2050-05-01 10:00:00,0.6541
2050-05-01 11:00:00,0.6807
2050-05-01 12:00:00,0.7035
2050-05-01 13:00:00,0.7334
2050-05-01 14:00:00,0.7736
2050-05-01 15:00:00,0.8216
2050-05-01 16:00:00,0.8671
2050-05-01 17:00:00,0.9031
2050-05-01 18:00:00,0.9285
2050-05-01 19:00:00,0.9412
2050-05-01 20:00:00,0.9456
2050-05-01 21:00:00,0.9441
2050-05-01 22:00:00,0.9403
2050-05-01 23:00:00,0.9405
2050-05-02 00:00:00,0.9412
2050-05-02 01:00:00,0.947
2050-05-02 02:00:00,0.9495
2050-05-02 03:00:00,0.9556
2050-05-02 04:00:00,0.9478
2050-05-02 05:00:00,0.9379
2050-05-02 06:00:00,0.9378
2050-05-02 07:00:00,0.9369
2050-05-02 08:00:00,0.9325
2050-05-02 09:00:00,0.9246
2050-05-02 10:00:00,0.9109
2050-05-02 11:00:00,0.8923
2050-05-02 12:00:00,0.87
2050-05-02 13:00:00,0.839
2050-05-02 14:00:00,0.7996
2050-05-02 15:00:00,0.7562
2050-05-02 16:00:00,0.7299
2050-05-02 17:00:00,0.7059
2050-05-02 18:00:00,0.6744
2050-05-02 19:00:00,0.6441
2050-05-02 20:00:00,0.6077
2050-05-02 21:00:00,0.5925
2050-05-02 22:00:00,0.5969
2050-05-02 23:00:00,0.6085
2050-05-03 00:00:00,0.6095
2050-05-03 01:00:00,0.601
2050-05-03 02:00:00,0.5865
2050-05-03 03:00:00,0.5648
2050-05-03 04:00:00,0.5346
2050-05-03 05:00:00,0.5044
2050-05-03 06:00:00,0.5149
2050-05-03 07:00:00,0.5324
2050-05-03 08:00:00,0.5588
2050-05-03 09:00:00,0.5806
2050-05-03 10:00:00,0.5896
2050-05-03 11:00:00,0.5933
2050-05-03 12:00:00,0.6319
2050-05-03 13:00:00,0.6981
2050-05-03 14:00:00,0.7539
2050-05-03 15:00:00,0.7905
2050-05-03 16:00:00,0.8083
2050-05-03 17:00:00,0.8355
2050-05-03 18:00:00,0.873
2050-05-03 19:00:00,0.8967
2050-05-03 20:00:00,0.909
2050-05-03 21:00:00,0.9135
2050-05-03 22:00:00,0.9069
2050-05-03 23:00:00,0.8741
2050-05-04 00:00:00,0.8375
2050-05-04 01:00:00,0.8081
2050-05-04 02:00:00,0.7833
2050-05-04 03:00:00,0.7644
2050-05-04 04:00:00,0.7443
2050-05-04 05:00:00,0.7188
2050-05-04 06:00:00,0.6908
2050-05-04 07:00:00,0.6627
2050-05-04 08:00:00,0.6345
2050-05-04 09:00:00,0.6005
2050-05-04 10:00:00,0.5583
2050-05-04 11:00:00,0.4991
2050-05-04 12:00:00,0.4176
2050-05-04 13:00:00,0.3267
2050-05-04 14:00:00,0.2436
2050-05-04 15:00:00,0.2005
2050-05-04 16:00:00,0.2118
2050-05-04 17:00:00,0.2574
2050-05-04 18:00:00,0.2873
2050-05-04 19:00:00,0.2981
2050-05-04 20:00:00,0.2872
2050-05-04 21:00:00,0.2675
2050-05-04 22:00:00,0.269
2050-05-04 23:00:00,0.2703
2050-05-05 00:00:00,0.259
2050-05-05 01:00:00,0.2477
2050-05-05 02:00:00,0.246
2050-05-05 03:00:00,0.2325
2050-05-05 04:00:00,0.2287
2050-05-05 05:00:00,0.2518
2050-05-05 06:00:00,0.3047
2050-05-05 07:00:00,0.3541
2050-05-05 08:00:00,0.3683
2050-05-05 09:00:00,0.3454
2050-05-05 10:00:00,0.2953
2050-05-05 11:00:00,0.2171
2050-05-05 12:00:00,0.1359
2050-05-05 13:00:00,0.0854
2050-05-05 14:00:00,0.0663
2050-05-05 15:00:00,0.0637
2050-05-05 16:00:00,0.0685
2050-05-05 17:00:00,0.0786
2050-05-05 18:00:00,0.0909
2050-05-05 19:00:00,0.1064
2050-05-05 20:00:00,0.1249
2050-05-05 21:00:00,0.1438
2050-05-05 22:00:00,0.1652
2050-05-05 23:00:00,0.1787
2050-05-06 00:00:00,0.1819
2050-05-06 01:00:00,0.1745
2050-05-06 02:00:00,0.1623
2050-05-06 03:00:00,0.1542
2050-05-06 04:00:00,0.1519
2050-05-06 05:00:00,0.1367
2050-05-06 06:00:00,0.1283
2050-05-06 07:00:00,0.1298
2050-05-06 08:00:00,0.1455
2050-05-06 09:00:00,0.1609
2050-05-06 10:00:00,0.1649
2050-05-06 11:00:00,0.1637
2050-05-06 12:00:00,0.1792
2050-05-06 13:00:00,0.225
2050-05-06 14:00:00,0.2835
2050-05-06 15:00:00,0.3389
2050-05-06 16:00:00,0.3826
2050-05-06 17:00:00,0.4126
2050-05-06 18:00:00,0.4259
2050-05-06 19:00:00,0.4214
2050-05-06 20:00:00,0.3967
2050-05-06 21:00:00,0.3632
2050-05-06 22:00:00,0.3244
2050-05-06 23:00:00,0.2864
2050-05-07 00:00:00,0.2527
2050-05-07 01:00:00,0.2288
2050-05-07 02:00:00,0.2226
2050-05-07 03:00:00,0.2351
2050-05-07 04:00:00,0.2631
2050-05-07 05:00:00,0.2931
2050-05-07 06:00:00,0.3062
2050-05-07 07:00:00,0.3056
2050-05-07 08:00:00,0.3
2050-05-07 09:00:00,0.3086
2050-05-07 10:00:00,0.3199
2050-05-07 11:00:00,0.3228
2050-05-07 12:00:00,0.3239
2050-05-07 13:00:00,0.3431
2050-05-07 14:00:00,0.3794
2050-05-07 15:00:00,0.4065
2050-05-07 16:00:00,0.4261
2050-05-07 17:00:00,0.4509
2050-05-07 18:00:00,0.4594
2050-05-07 19:00:00,0.4495
2050-05-07 20:00:00,0.4321
2050-05-07 21:00:00,0.4108
2050-05-07 22:00:00,0.4018
2050-05-07 23:00:00,0.409
2050-05-08 00:00:00,0.4038
2050-05-08 01:00:00,0.4157
2050-05-08 02:00:00,0.4699
2050-05-08 03:00:00,0.4912
2050-05-08 04:00:00,0.4725
2050-05-08 05:00:00,0.443
2050-05-08 06:00:00,0.4279
2050-05-08 07:00:00,0.4343
2050-05-08 08:00:00,0.4339
2050-05-08 09:00:00,0.4133
2050-05-08 10:00:00,0.3792
2050-05-08 11:00:00,0.3471
2050-05-08 12:00:00,0.3087
2050-05-08 13:00:00,0.2635
2050-05-08 14:00:00,0.2145
2050-05-08 15:00:00,0.1761
2050-05-08 16:00:00,0.1527
2050-05-08 17:00:00,0.1283
2050-05-08 18:00:00,0.1016
2050-05-08 19:00:00,0.0731
2050-05-08 20:00:00,0.0484
2050-05-08 21:00:00,0.03
2050-05-08 22:00:00,0.0257
2050-05-08 23:00:00,0.0386
2050-05-09 00:00:00,0.064
2050-05-09 01:00:00,0.0997
2050-05-09 02:00:00,0.1381
2050-05-09 03:00:00,0.1826
2050-05-09 04:00:00,0.2212
2050-05-09 05:00:00,0.2546
2050-05-09 06:00:00,0.2825
2050-05-09 07:00:00,0.3031
2050-05-09 08:00:00,0.3153
2050-05-09 09:00:00,0.3265
2050-05-09 10:00:00,0.343
2050-05-09 11:00:00,0.3627
2050-05-09 12:00:00,0.3622
2050-05-09 13:00:00,0.3347
2050-05-09 14:00:00,0.2888
2050-05-09 15:00:00,0.2347
2050-05-09 16:00:00,0.1854
2050-05-09 17:00:00,0.1534
2050-05-09 18:00:00,0.133
2050-05-09 19:00:00,0.1186
2050-05-09 20:00:00,0.1086
2050-05-09 21:00:00,0.1015
2050-05-09 22:00:00,0.0929
2050-05-09 23:00:00,0.0806
2050-05-10 00:00:00,0.0678
2050-05-10 01:00:00,0.0581
2050-05-10 02:00:00,0.0543
2050-05-10 03:00:00,0.0517
2050-05-10 04:00:00,0.0464
2050-05-10 05:00:00,0.0441
2050-05-10 06:00:00,0.0443
2050-05-10 07:00:00,0.0468
2050-05-10 08:00:00,0.0542
2050-05-10 09:00:00,0.0642
2050-05-10 10:00:00,0.0788
2050-05-10 11:00:00,0.0998
2050-05-10 12:00:00,0.127
2050-05-10 13:00:00,0.1517
2050-05-10 14:00:00,0.1702
2050-05-10 15:00:00,0.1907
2050-05-10 16:00:00,0.2144
2050-05-10 17:00:00,0.2384
2050-05-10 18:00:00,0.2615
2050-05-10 19:00:00,0.2888
2050-05-10 20:00:00,0.3129
2050-05-10 21:00:00,0.3267
2050-05-10 22:00:00,0.3303
2050-05-10 23:00:00,0.3268
2050-05-11 00:00:00,0.3205
2050-05-11 01:00:00,0.3149
2050-05-11 02:00:00,0.3097
2050-05-11 03:00:00,0.2999
2050-05-11 04:00:00,0.2942
2050-05-11 05:00:00,0.2886
2050-05-11 06:00:00,0.2765
2050-05-11 07:00:00,0.2621
2050-05-11 08:00:00,0.2462
2050-05-11 09:00:00,0.2526
2050-05-11 10:00:00,0.2878
2050-05-11 11:00:00,0.3418
2050-05-11 12:00:00,0.4093
2050-05-11 13:00:00,0.4796
2050-05-11 14:00:00,0.5416
2050-05-11 15:00:00,0.5969
2050-05-11 16:00:00,0.6494
2050-05-11 17:00:00,0.6944
2050-05-11 18:00:00,0.7326
2050-05-11 19:00:00,0.7614
2050-05-11 20:00:00,0.7857
2050-05-11 21:00:00,0.8076
2050-05-11 22:00:00,0.8257
2050-05-11 23:00:00,0.838
2050-05-12 00:00:00,0.8448
2050-05-12 01:00:00,0.8484
2050-05-12 02:00:00,0.8499
2050-05-12 03:00:00,0.8479
2050-05-12 04:00:00,0.846
2050-05-12 05:00:00,0.839
2050-05-12 06:00:00,0.8321
2050-05-12 07:00:00,0.8314
2050-05-12 08:00:00,0.8469
2050-05-12 09:00:00,0.8684
2050-05-12 10:00:00,0.8855
2050-05-12 11:00:00,0.9016
2050-05-12 12:00:00,0.9135
2050-05-12 13:00:00,0.9206
2050-05-12 14:00:00,0.9241
2050-05-12 15:00:00,0.928
2050-05-12 16:00:00,0.9343
2050-05-12 17:00:00,0.9438
2050-05-12 18:00:00,0.9531
2050-05-12 19:00:00,0.9609
2050-05-12 20:00:00,0.9622
2050-05-12 21:00:00,0.9587
2050-05-12 22:00:00,0.9453
2050-05-12 23:00:00,0.9272
2050-05-13 00:00:00,0.901
2050-05-13 01:00:00,0.8722
2050-05-13 02:00:00,0.8329
2050-05-13 03:00:00,0.7844
2050-05-13 04:00:00,0.7618
2050-05-13 05:00:00,0.7534
2050-05-13 06:00:00,0.7609
2050-05-13 07:00:00,0.7603
2050-05-13 08:00:00,0.7563
2050-05-13 09:00:00,0.7404
2050-05-13 10:00:00,0.7108
2050-05-13 11:00:00,0.6603
2050-05-13 12:00:00,0.5972
2050-05-13 13:00:00,0.5073
2050-05-13 14:00:00,0.4095
2050-05-13 15:00:00,0.3212
2050-05-13 16:00:00,0.2839
2050-05-13 17:00:00,0.3227
2050-05-13 18:00:00,0.4263
2050-05-13 19:00:00,0.5637
2050-05-13 20:00:00,0.68
2050-05-13 21:00:00,0.7595
2050-05-13 22:00:00,0.813
2050-05-13 23:00:00,0.8448
2050-05-14 00:00:00,0.8563
2050-05-14 01:00:00,0.8654
2050-05-14 02:00:00,0.883
2050-05-14 03:00:00,0.8968
2050-05-14 04:00:00,0.908
2050-05-14 05:00:00,0.9181
2050-05-14 06:00:00,0.9308
2050-05-14 07:00:00,0.9448
2050-05-14 08:00:00,0.958
2050-05-14 09:00:00,0.967
2050-05-14 10:00:00,0.973
2050-05-14 11:00:00,0.9727
2050-05-14 12:00:00,0.962
2050-05-14 13:00:00,0.9331
2050-05-14 14:00:00,0.8795
2050-05-14 15:00:00,0.828
2050-05-14 16:00:00,0.7991
2050-05-14 17:00:00,0.7788
2050-05-14 18:00:00,0.7437
2050-05-14 19:00:00,0.6929
2050-05-14 20:00:00,0.6358
2050-05-14 21:00:00,0.5751
2050-05-14 22:00:00,0.4995
2050-05-14 23:00:00,0.4262
2050-05-15 00:00:00,0.3806
2050-05-15 01:00:00,0.3783
2050-05-15 02:00:00,0.3984
2050-05-15 03:00:00,0.4284
2050-05-15 04:00:00,0.4638
2050-05-15 05:00:00,0.5116
2050-05-15 06:00:00,0.5506
2050-05-15 07:00:00,0.5773
2050-05-15 08:00:00,0.5935
2050-05-15 09:00:00,0.6
2050-05-15 10:00:00,0.6141
2050-05-15 11:00:00,0.6316
2050-05-15 12:00:00,0.6461
2050-05-15 13:00:00,0.6538
2050-05-15 14:00:00,0.6545
2050-05-15 15:00:00,0.6326
2050-05-15 16:00:00,0.6025
2050-05-15 17:00:00,0.5629
2050-05-15 18:00:00,0.5223
2050-05-15 19:00:00,0.4936
2050-05-15 20:00:00,0.4923
2050-05-15 21:00:00,0.5266
2050-05-15 22:00:00,0.572
2050-05-15 23:00:00,0.5985
2050-05-16 00:00:00,0.6142
2050-05-16 01:00:00,0.6222
2050-05-16 02:00:00,0.617
2050-05-16 03:00:00,0.6025
2050-05-16 04:00:00,0.6251
2050-05-16 05:00:00,0.6604
2050-05-16 06:00:00,0.6776
2050-05-16 07:00:00,0.6878
2050-05-16 08:00:00,0.7066
2050-05-16 09:00:00,0.7261
2050-05-16 10:00:00,0.7292
2050-05-16 11:00:00,0.7262
2050-05-16 12:00:00,0.6999
2050-05-16 13:00:00,0.6864
2050-05-16 14:00:00,0.6766
2050-05-16 15:00:00,0.6385
2050-05-16 16:00:00,0.5546
2050-05-16 17:00:00,0.4456
2050-05-16 18:00:00,0.3327
2050-05-16 19:00:00,0.2471
2050-05-16 20:00:00,0.2007
2050-05-16 21:00:00,0.1966
2050-05-16 22:00:00,0.2024
2050-05-16 23:00:00,0.183
2050-05-17 00:00:00,0.1796
2050-05-17 01:00:00,0.2313
2050-05-17 02:00:00,0.3193
2050-05-17 03:00:00,0.4143
2050-05-17 04:00:00,0.485
2050-05-17 05:00:00,0.5234
2050-05-17 06:00:00,0.5422
2050-05-17 07:00:00,0.5422
2050-05-17 08:00:00,0.5311
2050-05-17 09:00:00,0.5277
2050-05-17 10:00:00,0.5346
2050-05-17 11:00:00,0.5507
2050-05-17 12:00:00,0.5658
2050-05-17 13:00:00,0.5738
2050-05-17 14:00:00,0.5669
2050-05-17 15:00:00,0.5637
2050-05-17 16:00:00,0.5754
2050-05-17 17:00:00,0.596
2050-05-17 18:00:00,0.6063
2050-05-17 19:00:00,0.6061
2050-05-17 20:00:00,0.6036
2050-05-17 21:00:00,0.5946
2050-05-17 22:00:00,0.5719
2050-05-17 23:00:00,0.5408
2050-05-18 00:00:00,0.5133
2050-05-18 01:00:00,0.4907
2050-05-18 02:00:00,0.4805
2050-05-18 03:00:00,0.4793
2050-05-18 04:00:00,0.4802
2050-05-18 05:00:00,0.4711
2050-05-18 06:00:00,0.4553
2050-05-18 07:00:00,0.4375
2050-05-18 08:00:00,0.4155
2050-05-18 09:00:00,0.388
2050-05-18 10:00:00,0.3668
2050-05-18 11:00:00,0.3528
2050-05-18 12:00:00,0.3507
2050-05-18 13:00:00,0.369
2050-05-18 14:00:00,0.4042
2050-05-18 15:00:00,0.4553
2050-05-18 16:00:00,0.5038
2050-05-18 17:00:00,0.543
2050-05-18 18:00:00,0.5766
2050-05-18 19:00:00,0.6035
2050-05-18 20:00:00,0.6245
2050-05-18 21:00:00,0.6281
2050-05-18 22:00:00,0.6256
2050-05-18 23:00:00,0.6307
2050-05-19 00:00:00,0.6451
2050-05-19 01:00:00,0.6654
2050-05-19 02:00:00,0.6837
2050-05-19 03:00:00,0.6923
2050-05-19 04:00:00,0.6942
2050-05-19 05:00:00,0.6993
2050-05-19 06:00:00,0.7114
2050-05-19 07:00:00,0.7297
2050-05-19 08:00:00,0.7517
2050-05-19 09:00:00,0.7668
2050-05-19 10:00:00,0.7598
2050-05-19 11:00:00,0.7552
2050-05-19 12:00:00,0.7493
2050-05-19 13:00:00,0.7518
2050-05-19 14:00:00,0.7661
2050-05-19 15:00:00,0.7957
2050-05-19 16:00:00,0.8122
2050-05-19 17:00:00,0.8196
2050-05-19 18:00:00,0.8267
2050-05-19 19:00:00,0.8217
2050-05-19 20:00:00,0.8067
2050-05-19 21:00:00,0.7932
2050-05-19 22:00:00,0.7895
2050-05-19 23:00:00,0.7857
2050-05-20 00:00:00,0.7789
2050-05-20 01:00:00,0.7741
2050-05-20 02:00:00,0.7667
2050-05-20 03:00:00,0.7598
2050-05-20 04:00:00,0.7486
2050-05-20 05:00:00,0.735
2050-05-20 06:00:00,0.7306
2050-05-20 07:00:00,0.7238
2050-05-20 08:00:00,0.7081
2050-05-20 09:00:00,0.6908
2050-05-20 10:00:00,0.6828
2050-05-20 11:00:00,0.6743
2050-05-20 12:00:00,0.6608
2050-05-20 13:00:00,0.6514
2050-05-20 14:00:00,0.6471
2050-05-20 15:00:00,0.6594
2050-05-20 16:00:00,0.6759
2050-05-20 17:00:00,0.6766
2050-05-20 18:00:00,0.6647
2050-05-20 19:00:00,0.6514
2050-05-20 20:00:00,0.6469
2050-05-20 21:00:00,0.6517
2050-05-20 22:00:00,0.6534
2050-05-20 23:00:00,0.6487
2050-05-21 00:00:00,0.638
2050-05-21 01:00:00,0.6247
2050-05-21 02:00:00,0.6133
2050-05-21 03:00:00,0.608
2050-05-21 04:00:00,0.6121
2050-05-21 05:00:00,0.6184
2050-05-21 06:00:00,0.6304
2050-05-21 07:00:00,0.6541
2050-05-21 08:00:00,0.6883
2050-05-21 09:00:00,0.7254
2050-05-21 10:00:00,0.7572
2050-05-21 11:00:00,0.7756
2050-05-21 12:00:00,0.7703
2050-05-21 13:00:00,0.7518
2050-05-21 14:00:00,0.756
2050-05-21 15:00:00,0.7871
2050-05-21 16:00:00,0.8091
2050-05-21 17:00:00,0.8061
2050-05-21 18:00:00,0.7854
2050-05-21 19:00:00,0.7557
2050-05-21 20:00:00,0.6974
2050-05-21 21:00:00,0.6372
2050-05-21 22:00:00,0.6137
2050-05-21 23:00:00,0.6347
2050-05-22 00:00:00,0.6754
2050-05-22 01:00:00,0.679
2050-05-22 02:00:00,0.6529
2050-05-22 03:00:00,0.6354
2050-05-22 04:00:00,0.6556
2050-05-22 05:00:00,0.7475
2050-05-22 06:00:00,0.8519
2050-05-22 07:00:00,0.8679
2050-05-22 08:00:00,0.8282
2050-05-22 09:00:00,0.8337
2050-05-22 10:00:00,0.8697
2050-05-22 11:00:00,0.8864
2050-05-22 12:00:00,0.8818
2050-05-22 13:00:00,0.8675
2050-05-22 14:00:00,0.8454
2050-05-22 15:00:00,0.8182
2050-05-22 16:00:00,0.779
2050-05-22 17:00:00,0.7405
2050-05-22 18:00:00,0.7055
2050-05-22 19:00:00,0.6738
2050-05-22 20:00:00,0.6569
2050-05-22 21:00:00,0.6921
2050-05-22 22:00:00,0.7246
2050-05-22 23:00:00,0.7304
2050-05-23 00:00:00,0.7266
2050-05-23 01:00:00,0.7115
2050-05-23 02:00:00,0.6957
2050-05-23 03:00:00,0.6752
2050-05-23 04:00:00,0.647
2050-05-23 05:00:00,0.6185
2050-05-23 06:00:00,0.6006
2050-05-23 07:00:00,0.5955
2050-05-23 08:00:00,0.6035
2050-05-23 09:00:00,0.6201
2050-05-23 10:00:00,0.6262
2050-05-23 11:00:00,0.6272
2050-05-23 12:00:00,0.6127
2050-05-23 13:00:00,0.5935
2050-05-23 14:00:00,0.5598
2050-05-23 15:00:00,0.5231
2050-05-23 16:00:00,0.4884
2050-05-23 17:00:00,0.4689
2050-05-23 18:00:00,0.465
2050-05-23 19:00:00,0.474
2050-05-23 20:00:00,0.4757
2050-05-23 21:00:00,0.4609
2050-05-23 22:00:00,0.4437
2050-05-23 23:00:00,0.4121
2050-05-24 00:00:00,0.3596
2050-05-24 01:00:00,0.3005
2050-05-24 02:00:00,0.2584
2050-05-24 03:00:00,0.2268
2050-05-24 04:00:00,0.2081
2050-05-24 05:00:00,0.211
2050-05-24 06:00:00,0.2125
2050-05-24 07:00:00,0.1958
2050-05-24 08:00:00,0.1666
2050-05-24 09:00:00,0.113
2050-05-24 10:00:00,0.0545
2050-05-24 11:00:00,0.026
2050-05-24 12:00:00,0.0341
2050-05-24 13:00:00,0.0766
2050-05-24 14:00:00,0.1611
2050-05-24 15:00:00,0.2793
2050-05-24 16:00:00,0.3999
2050-05-24 17:00:00,0.4925
2050-05-24 18:00:00,0.5472
2050-05-24 19:00:00,0.5895
2050-05-24 20:00:00,0.6236
2050-05-24 21:00:00,0.6437
2050-05-24 22:00:00,0.6625
2050-05-24 23:00:00,0.6872
2050-05-25 00:00:00,0.6956
2050-05-25 01:00:00,0.7007
2050-05-25 02:00:00,0.7052
2050-05-25 03:00:00,0.7171
2050-05-25 04:00:00,0.7365
2050-05-25 05:00:00,0.7439
2050-05-25 06:00:00,0.7473
2050-05-25 07:00:00,0.7355
2050-05-25 08:00:00,0.6821
2050-05-25 09:00:00,0.6277
2050-05-25 10:00:00,0.6004
2050-05-25 11:00:00,0.5943
2050-05-25 12:00:00,0.5872
2050-05-25 13:00:00,0.5776
2050-05-25 14:00:00,0.5631
2050-05-25 15:00:00,0.5464
2050-05-25 16:00:00,0.5338
2050-05-25 17:00:00,0.5187
2050-05-25 18:00:00,0.5207
2050-05-25 19:00:00,0.5436
2050-05-25 20:00:00,0.5552
2050-05-25 21:00:00,0.5364
2050-05-25 22:00:00,0.5124
2050-05-25 23:00:00,0.4997
2050-05-26 00:00:00,0.483
2050-05-26 01:00:00,0.4621
2050-05-26 02:00:00,0.4723
2050-05-26 03:00:00,0.4843
2050-05-26 04:00:00,0.4942
2050-05-26 05:00:00,0.5452
2050-05-26 06:00:00,0.6153
2050-05-26 07:00:00,0.6906
2050-05-26 08:00:00,0.7325
2050-05-26 09:00:00,0.7576
2050-05-26 10:00:00,0.7839
2050-05-26 11:00:00,0.7945
2050-05-26 12:00:00,0.7866
2050-05-26 13:00:00,0.7637
2050-05-26 14:00:00,0.7258
2050-05-26 15:00:00,0.6626
2050-05-26 16:00:00,0.6105
2050-05-26 17:00:00,0.5893
2050-05-26 18:00:00,0.576
2050-05-26 19:00:00,0.5629
2050-05-26 20:00:00,0.564
2050-05-26 21:00:00,0.5892
2050-05-26 22:00:00,0.6333
2050-05-26 23:00:00,0.6639
2050-05-27 00:00:00,0.6834
2050-05-27 01:00:00,0.6952
2050-05-27 02:00:00,0.698
2050-05-27 03:00:00,0.6934
2050-05-27 04:00:00,0.6872
2050-05-27 05:00:00,0.6802
2050-05-27 06:00:00,0.6736
2050-05-27 07:00:00,0.6686
2050-05-27 08:00:00,0.6645
2050-05-27 09:00:00,0.6561
2050-05-27 10:00:00,0.6318
2050-05-27 11:00:00,0.6128
2050-05-27 12:00:00,0.6053
2050-05-27 13:00:00,0.5903
2050-05-27 14:00:00,0.5714
2050-05-27 15:00:00,0.5326
2050-05-27 16:00:00,0.4778
2050-05-27 17:00:00,0.4207
2050-05-27 18:00:00,0.3708
2050-05-27 19:00:00,0.3282
2050-05-27 20:00:00,0.3018
2050-05-27 21:00:00,0.309
2050-05-27 22:00:00,0.3441
2050-05-27 23:00:00,0.3665
2050-05-28 00:00:00,0.3827
2050-05-28 01:00:00,0.4034
2050-05-28 02:00:00,0.3894
2050-05-28 03:00:00,0.3252
2050-05-28 04:00:00,0.264
2050-05-28 05:00:00,0.2411
2050-05-28 06:00:00,0.2545
2050-05-28 07:00:00,0.2897
2050-05-28 08:00:00,0.3303
2050-05-28 09:00:00,0.3661
2050-05-28 10:00:00,0.3972
2050-05-28 11:00:00,0.4342
2050-05-28 12:00:00,0.4772
2050-05-28 13:00:00,0.5208
2050-05-28 14:00:00,0.5549
2050-05-28 15:00:00,0.5778
2050-05-28 16:00:00,0.5973
2050-05-28 17:00:00,0.6445
2050-05-28 18:00:00,0.7211
2050-05-28 19:00:00,0.8027
2050-05-28 20:00:00,0.8791
2050-05-28 21:00:00,0.9092
2050-05-28 22:00:00,0.9313
2050-05-28 23:00:00,0.9331
2050-05-29 00:00:00,0.9069
2050-05-29 01:00:00,0.8686
2050-05-29 02:00:00,0.8295
2050-05-29 03:00:00,0.7937
2050-05-29 04:00:00,0.7619
2050-05-29 05:00:00,0.7392
2050-05-29 06:00:00,0.7241
2050-05-29 07:00:00,0.7385
2050-05-29 08:00:00,0.7635
2050-05-29 09:00:00,0.7818
2050-05-29 10:00:00,0.7784
2050-05-29 11:00:00,0.7549
2050-05-29 12:00:00,0.7287
2050-05-29 13:00:00,0.6922
2050-05-29 14:00:00,0.65
2050-05-29 15:00:00,0.6021
2050-05-29 16:00:00,0.557
2050-05-29 17:00:00,0.5276
2050-05-29 18:00:00,0.5238
2050-05-29 19:00:00,0.5419
2050-05-29 20:00:00,0.5627
2050-05-29 21:00:00,0.5752
2050-05-29 22:00:00,0.5781
2050-05-29 23:00:00,0.5747
2050-05-30 00:00:00,0.5653
2050-05-30 01:00:00,0.5419
2050-05-30 02:00:00,0.5019
2050-05-30 03:00:00,0.4744
2050-05-30 04:00:00,0.4744
2050-05-30 05:00:00,0.4903
2050-05-30 06:00:00,0.504
2050-05-30 07:00:00,0.5154
2050-05-30 08:00:00,0.5328
2050-05-30 09:00:00,0.5472
2050-05-30 10:00:00,0.5416
2050-05-30 11:00:00,0.5163
2050-05-30 12:00:00,0.4792
2050-05-30 13:00:00,0.425
2050-05-30 14:00:00,0.3712
2050-05-30 15:00:00,0.3531
2050-05-30 16:00:00,0.3522
2050-05-30 17:00:00,0.348
2050-05-30 18:00:00,0.3399
2050-05-30 19:00:00,0.326
2050-05-30 20:00:00,0.3102
2050-05-30 21:00:00,0.3038
2050-05-30 22:00:00,0.306
2050-05-30 23:00:00,0.3073
2050-05-31 00:00:00,0.3182
2050-05-31 01:00:00,0.3541
2050-05-31 02:00:00,0.3978
2050-05-31 03:00:00,0.4273
2050-05-31 04:00:00,0.4245
2050-05-31 05:00:00,0.4194
2050-05-31 06:00:00,0.4581
2050-05-31 07:00:00,0.5724
2050-05-31 08:00:00,0.7066
2050-05-31 09:00:00,0.7995
2050-05-31 10:00:00,0.858
2050-05-31 11:00:00,0.8814
2050-05-31 12:00:00,0.8959
2050-05-31 13:00:00,0.9155
2050-05-31 14:00:00,0.9298
2050-05-31 15:00:00,0.936
2050-05-31 16:00:00,0.9378
2050-05-31 17:00:00,0.9485
2050-05-31 18:00:00,0.9567
2050-05-31 19:00:00,0.9622
2050-05-31 20:00:00,0.9652
2050-05-31 21:00:00,0.9678
2050-05-31 22:00:00,0.9706
2050-05-31 23:00:00,0.9713
2050-06-01 00:00:00,0.971
2050-06-01 01:00:00,0.9679
2050-06-01 02:00:00,0.9601
2050-06-01 03:00:00,0.9532
2050-06-01 04:00:00,0.9479
2050-06-01 05:00:00,0.9426
2050-06-01 06:00:00,0.9407
2050-06-01 07:00:00,0.945
2050-06-01 08:00:00,0.952
2050-06-01 09:00:00,0.9558
2050-06-01 10:00:00,0.9532
2050-06-01 11:00:00,0.9518
2050-06-01 12:00:00,0.9498
2050-06-01 13:00:00,0.9484
2050-06-01 14:00:00,0.9493
2050-06-01 15:00:00,0.9542
2050-06-01 16:00:00,0.9594
2050-06-01 17:00:00,0.9605
2050-06-01 18:00:00,0.9575
2050-06-01 19:00:00,0.9504
2050-06-01 20:00:00,0.9415
2050-06-01 21:00:00,0.9347
2050-06-01 22:00:00,0.9295
2050-06-01 23:00:00,0.9238
2050-06-02 00:00:00,0.9173
2050-06-02 01:00:00,0.9131
2050-06-02 02:00:00,0.9111
2050-06-02 03:00:00,0.9104
2050-06-02 04:00:00,0.904
2050-06-02 05:00:00,0.8895
2050-06-02 06:00:00,0.872
2050-06-02 07:00:00,0.8569
2050-06-02 08:00:00,0.8523
2050-06-02 09:00:00,0.8537
2050-06-02 10:00:00,0.8408
2050-06-02 11:00:00,0.8064
2050-06-02 12:00:00,0.7706
2050-06-02 13:00:00,0.7553
2050-06-02 14:00:00,0.7352
2050-06-02 15:00:00,0.7207
2050-06-02 16:00:00,0.7251
2050-06-02 17:00:00,0.7181
2050-06-02 18:00:00,0.6801
2050-06-02 19:00:00,0.6178
2050-06-02 20:00:00,0.5255
2050-06-02 21:00:00,0.4399
2050-06-02 22:00:00,0.3969
2050-06-02 23:00:00,0.3801
2050-06-03 00:00:00,0.3944
2050-06-03 01:00:00,0.4223
2050-06-03 02:00:00,0.4303
2050-06-03 03:00:00,0.4026
2050-06-03 04:00:00,0.3646
2050-06-03 05:00:00,0.3197
2050-06-03 06:00:00,0.2893
2050-06-03 07:00:00,0.3031
2050-06-03 08:00:00,0.3526
2050-06-03 09:00:00,0.4123
2050-06-03 10:00:00,0.4547
2050-06-03 11:00:00,0.4746
2050-06-03 12:00:00,0.4706
2050-06-03 13:00:00,0.4244
2050-06-03 14:00:00,0.3461
2050-06-03 15:00:00,0.268
2050-06-03 16:00:00,0.2147
2050-06-03 17:00:00,0.1928
2050-06-03 18:00:00,0.1774
2050-06-03 19:00:00,0.1525
2050-06-03 20:00:00,0.1298
2050-06-03 21:00:00,0.1435
2050-06-03 22:00:00,0.1945
2050-06-03 23:00:00,0.2662
2050-06-04 00:00:00,0.3368
2050-06-04 01:00:00,0.3894
2050-06-04 02:00:00,0.4124
2050-06-04 03:00:00,0.3921
2050-06-04 04:00:00,0.235
2050-06-04 05:00:00,0.4214
2050-06-04 06:00:00,0.5135
2050-06-04 07:00:00,0.6226
2050-06-04 08:00:00,0.7118
2050-06-04 09:00:00,0.7722
2050-06-04 10:00:00,0.8191
2050-06-04 11:00:00,0.8596
2050-06-04 12:00:00,0.887
2050-06-04 13:00:00,0.9005
2050-06-04 14:00:00,0.9222
2050-06-04 15:00:00,0.9275
2050-06-04 16:00:00,0.9323
2050-06-04 17:00:00,0.9467
2050-06-04 18:00:00,0.9584
2050-06-04 19:00:00,0.9535
2050-06-04 20:00:00,0.9447
2050-06-04 21:00:00,0.9359
2050-06-04 22:00:00,0.9272
2050-06-04 23:00:00,0.9101
2050-06-05 00:00:00,0.8991
2050-06-05 01:00:00,0.8813
2050-06-05 02:00:00,0.8567
2050-06-05 03:00:00,0.8205
2050-06-05 04:00:00,0.771
2050-06-05 05:00:00,0.7193
2050-06-05 06:00:00,0.6824
2050-06-05 07:00:00,0.6702
2050-06-05 08:00:00,0.6764
2050-06-05 09:00:00,0.6843
2050-06-05 10:00:00,0.6999
2050-06-05 11:00:00,0.7301
2050-06-05 12:00:00,0.7566
2050-06-05 13:00:00,0.7698
2050-06-05 14:00:00,0.7714
2050-06-05 15:00:00,0.765
2050-06-05 16:00:00,0.7617
2050-06-05 17:00:00,0.7584
2050-06-05 18:00:00,0.7488
2050-06-05 19:00:00,0.7463
2050-06-05 20:00:00,0.755
2050-06-05 21:00:00,0.7612
2050-06-05 22:00:00,0.7589
2050-06-05 23:00:00,0.764
2050-06-06 00:00:00,0.7511
2050-06-06 01:00:00,0.7469
2050-06-06 02:00:00,0.7323
2050-06-06 03:00:00,0.7102
2050-06-06 04:00:00,0.6849
2050-06-06 05:00:00,0.6714
2050-06-06 06:00:00,0.6452
2050-06-06 07:00:00,0.6017
2050-06-06 08:00:00,0.5677
2050-06-06 09:00:00,0.5279
2050-06-06 10:00:00,0.4851
2050-06-06 11:00:00,0.4436
2050-06-06 12:00:00,0.3975
2050-06-06 13:00:00,0.3522
2050-06-06 14:00:00,0.2964
2050-06-06 15:00:00,0.2284
2050-06-06 16:00:00,0.1762
2050-06-06 17:00:00,0.1448
2050-06-06 18:00:00,0.1315
2050-06-06 19:00:00,0.1241
2050-06-06 20:00:00,0.129
2050-06-06 21:00:00,0.1792
2050-06-06 22:00:00,0.2827
2050-06-06 23:00:00,0.4067
2050-06-07 00:00:00,0.5006
2050-06-07 01:00:00,0.568
2050-06-07 02:00:00,0.6126
2050-06-07 03:00:00,0.5989
2050-06-07 04:00:00,0.5626
2050-06-07 05:00:00,0.5264
2050-06-07 06:00:00,0.5131
2050-06-07 07:00:00,0.4992
2050-06-07 08:00:00,0.4797
2050-06-07 09:00:00,0.4694
2050-06-07 10:00:00,0.4995
2050-06-07 11:00:00,0.5575
2050-06-07 12:00:00,0.6037
2050-06-07 13:00:00,0.6131
2050-06-07 14:00:00,0.5696
2050-06-07 15:00:00,0.5212
2050-06-07 16:00:00,0.5366
2050-06-07 17:00:00,0.5983
2050-06-07 18:00:00,0.6713
2050-06-07 19:00:00,0.7471
2050-06-07 20:00:00,0.8055
2050-06-07 21:00:00,0.8431
2050-06-07 22:00:00,0.8517
2050-06-07 23:00:00,0.8365
2050-06-08 00:00:00,0.8142
2050-06-08 01:00:00,0.7829
2050-06-08 02:00:00,0.7618
2050-06-08 03:00:00,0.7178
2050-06-08 04:00:00,0.6486
2050-06-08 05:00:00,0.6052
2050-06-08 06:00:00,0.5972
2050-06-08 07:00:00,0.65
2050-06-08 08:00:00,0.7099
2050-06-08 09:00:00,0.7501
2050-06-08 10:00:00,0.7621
2050-06-08 11:00:00,0.7683
2050-06-08 12:00:00,0.7752
2050-06-08 13:00:00,0.7704
2050-06-08 14:00:00,0.7636
2050-06-08 15:00:00,0.7616
2050-06-08 16:00:00,0.7445
2050-06-08 17:00:00,0.6857
2050-06-08 18:00:00,0.6077
2050-06-08 19:00:00,0.5639
2050-06-08 20:00:00,0.5724
2050-06-08 21:00:00,0.6173
2050-06-08 22:00:00,0.6825
2050-06-08 23:00:00,0.7539
2050-06-09 00:00:00,0.8075
2050-06-09 01:00:00,0.8492
2050-06-09 02:00:00,0.8803
2050-06-09 03:00:00,0.897
2050-06-09 04:00:00,0.8931
2050-06-09 05:00:00,0.8914
2050-06-09 06:00:00,0.9011
2050-06-09 07:00:00,0.9156
2050-06-09 08:00:00,0.926
2050-06-09 09:00:00,0.9282
2050-06-09 10:00:00,0.921
2050-06-09 11:00:00,0.9001
2050-06-09 12:00:00,0.8714
2050-06-09 13:00:00,0.8384
2050-06-09 14:00:00,0.8031
2050-06-09 15:00:00,0.752
2050-06-09 16:00:00,0.6835
2050-06-09 17:00:00,0.6228
2050-06-09 18:00:00,0.5816
2050-06-09 19:00:00,0.5493
2050-06-09 20:00:00,0.5313
2050-06-09 21:00:00,0.5227
2050-06-09 22:00:00,0.5015
2050-06-09 23:00:00,0.4366
2050-06-10 00:00:00,0.338
2050-06-10 01:00:00,0.2401
2050-06-10 02:00:00,0.1617
2050-06-10 03:00:00,0.1028
2050-06-10 04:00:00,0.0727
2050-06-10 05:00:00,0.0581
2050-06-10 06:00:00,0.0714
2050-06-10 07:00:00,0.1137
2050-06-10 08:00:00,0.2166
2050-06-10 09:00:00,0.4058
2050-06-10 10:00:00,0.5805
2050-06-10 11:00:00,0.7084
2050-06-10 12:00:00,0.8093
2050-06-10 13:00:00,0.8735
2050-06-10 14:00:00,0.9138
2050-06-10 15:00:00,0.9444
2050-06-10 16:00:00,0.9614
2050-06-10 17:00:00,0.966
2050-06-10 18:00:00,0.9636
2050-06-10 19:00:00,0.9553
2050-06-10 20:00:00,0.9435
2050-06-10 21:00:00,0.9311
2050-06-10 22:00:00,0.9208
2050-06-10 23:00:00,0.9122
2050-06-11 00:00:00,0.9071
2050-06-11 01:00:00,0.9022
2050-06-11 02:00:00,0.8952
2050-06-11 03:00:00,0.8809
2050-06-11 04:00:00,0.8621
2050-06-11 05:00:00,0.8467
2050-06-11 06:00:00,0.8345
2050-06-11 07:00:00,0.8256
2050-06-11 08:00:00,0.8194
2050-06-11 09:00:00,0.8211
2050-06-11 10:00:00,0.8202
2050-06-11 11:00:00,0.8148
2050-06-11 12:00:00,0.8042
2050-06-11 13:00:00,0.7862
2050-06-11 14:00:00,0.7634
2050-06-11 15:00:00,0.7485
2050-06-11 16:00:00,0.7499
2050-06-11 17:00:00,0.7619
2050-06-11 18:00:00,0.774
2050-06-11 19:00:00,0.7801
2050-06-11 20:00:00,0.7787
2050-06-11 21:00:00,0.7753
2050-06-11 22:00:00,0.7639
2050-06-11 23:00:00,0.745
2050-06-12 00:00:00,0.731
2050-06-12 01:00:00,0.7294
2050-06-12 02:00:00,0.7375
2050-06-12 03:00:00,0.7485
2050-06-12 04:00:00,0.7617
2050-06-12 05:00:00,0.7708
2050-06-12 06:00:00,0.7744
2050-06-12 07:00:00,0.7766
2050-06-12 08:00:00,0.7779
2050-06-12 09:00:00,0.7785
2050-06-12 10:00:00,0.7734
2050-06-12 11:00:00,0.76
2050-06-12 12:00:00,0.741
2050-06-12 13:00:00,0.7187
2050-06-12 14:00:00,0.6924
2050-06-12 15:00:00,0.6526
2050-06-12 16:00:00,0.6015
2050-06-12 17:00:00,0.5397
2050-06-12 18:00:00,0.469
2050-06-12 19:00:00,0.3985
2050-06-12 20:00:00,0.3448
2050-06-12 21:00:00,0.3208
2050-06-12 22:00:00,0.3172
2050-06-12 23:00:00,0.3251
2050-06-13 00:00:00,0.3362
2050-06-13 01:00:00,0.3386
2050-06-13 02:00:00,0.3292
2050-06-13 03:00:00,0.3114
2050-06-13 04:00:00,0.2931
2050-06-13 05:00:00,0.2774
2050-06-13 06:00:00,0.259
2050-06-13 07:00:00,0.2623
2050-06-13 08:00:00,0.2875
2050-06-13 09:00:00,0.3285
2050-06-13 10:00:00,0.3856
2050-06-13 11:00:00,0.4773
2050-06-13 12:00:00,0.5693
2050-06-13 13:00:00,0.6284
2050-06-13 14:00:00,0.6514
2050-06-13 15:00:00,0.6398
2050-06-13 16:00:00,0.5901
2050-06-13 17:00:00,0.5578
2050-06-13 18:00:00,0.5643
2050-06-13 19:00:00,0.5789
2050-06-13 20:00:00,0.6044
2050-06-13 21:00:00,0.6525
2050-06-13 22:00:00,0.706
2050-06-13 23:00:00,0.7315
2050-06-14 00:00:00,0.7597
2050-06-14 01:00:00,0.7965
2050-06-14 02:00:00,0.8334
2050-06-14 03:00:00,0.8546
2050-06-14 04:00:00,0.8662
2050-06-14 05:00:00,0.8887
2050-06-14 06:00:00,0.9049
2050-06-14 07:00:00,0.9026
2050-06-14 08:00:00,0.8919
2050-06-14 09:00:00,0.8897
2050-06-14 10:00:00,0.8886
2050-06-14 11:00:00,0.8812
2050-06-14 12:00:00,0.8689
2050-06-14 13:00:00,0.8681
2050-06-14 14:00:00,0.8542
2050-06-14 15:00:00,0.8363
2050-06-14 16:00:00,0.8263
2050-06-14 17:00:00,0.8164
2050-06-14 18:00:00,0.798
2050-06-14 19:00:00,0.773
2050-06-14 20:00:00,0.7501
2050-06-14 21:00:00,0.707
2050-06-14 22:00:00,0.6147
2050-06-14 23:00:00,0.5358
2050-06-15 00:00:00,0.4286
2050-06-15 01:00:00,0.3195
2050-06-15 02:00:00,0.3435
2050-06-15 03:00:00,0.5222
2050-06-15 04:00:00,0.687
2050-06-15 05:00:00,0.7654
2050-06-15 06:00:00,0.8004
2050-06-15 07:00:00,0.8168
2050-06-15 08:00:00,0.823
2050-06-15 09:00:00,0.8657
2050-06-15 10:00:00,0.9162
2050-06-15 11:00:00,0.9461
2050-06-15 12:00:00,0.9571
2050-06-15 13:00:00,0.9577
2050-06-15 14:00:00,0.9489
2050-06-15 15:00:00,0.9477
2050-06-15 16:00:00,0.9574
2050-06-15 17:00:00,0.9716
2050-06-15 18:00:00,0.9814
2050-06-15 19:00:00,0.9805
2050-06-15 20:00:00,0.9687
2050-06-15 21:00:00,0.9597
2050-06-15 22:00:00,0.9446
2050-06-15 23:00:00,0.905
2050-06-16 00:00:00,0.8766
2050-06-16 01:00:00,0.8704
2050-06-16 02:00:00,0.8653
2050-06-16 03:00:00,0.8578
2050-06-16 04:00:00,0.8556
2050-06-16 05:00:00,0.8652
2050-06-16 06:00:00,0.8811
2050-06-16 07:00:00,0.8962
2050-06-16 08:00:00,0.9026
2050-06-16 09:00:00,0.8957
2050-06-16 10:00:00,0.8928
2050-06-16 11:00:00,0.8822
2050-06-16 12:00:00,0.8729
2050-06-16 13:00:00,0.8495
2050-06-16 14:00:00,0.823
2050-06-16 15:00:00,0.7991
2050-06-16 16:00:00,0.7594
2050-06-16 17:00:00,0.709
2050-06-16 18:00:00,0.6673
2050-06-16 19:00:00,0.6436
2050-06-16 20:00:00,0.6446
2050-06-16 21:00:00,0.6656
2050-06-16 22:00:00,0.6993
2050-06-16 23:00:00,0.7292
2050-06-17 00:00:00,0.75
2050-06-17 01:00:00,0.7691
2050-06-17 02:00:00,0.7807
2050-06-17 03:00:00,0.7711
2050-06-17 04:00:00,0.7506
2050-06-17 05:00:00,0.7281
2050-06-17 06:00:00,0.7169
2050-06-17 07:00:00,0.7059
2050-06-17 08:00:00,0.7035
2050-06-17 09:00:00,0.6977
2050-06-17 10:00:00,0.6868
2050-06-17 11:00:00,0.6607
2050-06-17 12:00:00,0.6064
2050-06-17 13:00:00,0.5447
2050-06-17 14:00:00,0.4942
2050-06-17 15:00:00,0.4761
2050-06-17 16:00:00,0.4667
2050-06-17 17:00:00,0.4444
2050-06-17 18:00:00,0.4099
2050-06-17 19:00:00,0.3797
2050-06-17 20:00:00,0.3541
2050-06-17 21:00:00,0.3176
2050-06-17 22:00:00,0.2813
2050-06-17 23:00:00,0.2439
2050-06-18 00:00:00,0.1928
2050-06-18 01:00:00,0.1343
2050-06-18 02:00:00,0.0825
2050-06-18 03:00:00,0.0402
2050-06-18 04:00:00,0.0167
2050-06-18 05:00:00,0.0083
2050-06-18 06:00:00,0.0074
2050-06-18 07:00:00,0.0231
2050-06-18 08:00:00,0.0319
2050-06-18 09:00:00,0.0457
2050-06-18 10:00:00,0.0589
2050-06-18 11:00:00,0.078
2050-06-18 12:00:00,0.1173
2050-06-18 13:00:00,0.2033
2050-06-18 14:00:00,0.3001
2050-06-18 15:00:00,0.3517
2050-06-18 16:00:00,0.3759
2050-06-18 17:00:00,0.3994
2050-06-18 18:00:00,0.4242
2050-06-18 19:00:00,0.45
2050-06-18 20:00:00,0.4665
2050-06-18 21:00:00,0.4938
2050-06-18 22:00:00,0.5312
2050-06-18 23:00:00,0.5442
2050-06-19 00:00:00,0.5277
2050-06-19 01:00:00,0.5097
2050-06-19 02:00:00,0.4988
2050-06-19 03:00:00,0.5142
2050-06-19 04:00:00,0.5513
2050-06-19 05:00:00,0.5756
2050-06-19 06:00:00,0.575
2050-06-19 07:00:00,0.5696
2050-06-19 08:00:00,0.5138
2050-06-19 09:00:00,0.4399
2050-06-19 10:00:00,0.3911
2050-06-19 11:00:00,0.3893
2050-06-19 12:00:00,0.4063
2050-06-19 13:00:00,0.4216
2050-06-19 14:00:00,0.4276
2050-06-19 15:00:00,0.4052
2050-06-19 16:00:00,0.3639
2050-06-19 17:00:00,0.3191
2050-06-19 18:00:00,0.2641
2050-06-19 19:00:00,0.1984
2050-06-19 20:00:00,0.1277
2050-06-19 21:00:00,0.0822
2050-06-19 22:00:00,0.0531
2050-06-19 23:00:00,0.0364
2050-06-20 00:00:00,0.0345
2050-06-20 01:00:00,0.0378
2050-06-20 02:00:00,0.0297
2050-06-20 03:00:00,0.0369
2050-06-20 04:00:00,0.0538
2050-06-20 05:00:00,0.0554
2050-06-20 06:00:00,0.043
2050-06-20 07:00:00,0.0268
2050-06-20 08:00:00,0.0384
2050-06-20 09:00:00,0.0749
2050-06-20 10:00:00,0.0668
2050-06-20 11:00:00,0.051
2050-06-20 12:00:00,0.0542
2050-06-20 13:00:00,0.0862
2050-06-20 14:00:00,0.1042
2050-06-20 15:00:00,0.1009
2050-06-20 16:00:00,0.0982
2050-06-20 17:00:00,0.1155
2050-06-20 18:00:00,0.14
2050-06-20 19:00:00,0.1685
2050-06-20 20:00:00,0.1914
2050-06-20 21:00:00,0.1924
2050-06-20 22:00:00,0.1831
2050-06-20 23:00:00,0.1747
2050-06-21 00:00:00,0.1713
2050-06-21 01:00:00,0.1757
2050-06-21 02:00:00,0.1777
2050-06-21 03:00:00,0.181
2050-06-21 04:00:00,0.1803
2050-06-21 05:00:00,0.1771
2050-06-21 06:00:00,0.1864
2050-06-21 07:00:00,0.1961
2050-06-21 08:00:00,0.2203
2050-06-21 09:00:00,0.2363
2050-06-21 10:00:00,0.2773
2050-06-21 11:00:00,0.3267
2050-06-21 12:00:00,0.3714
2050-06-21 13:00:00,0.3786
2050-06-21 14:00:00,0.3437
2050-06-21 15:00:00,0.2766
2050-06-21 16:00:00,0.2161
2050-06-21 17:00:00,0.1981
2050-06-21 18:00:00,0.2062
2050-06-21 19:00:00,0.2253
2050-06-21 20:00:00,0.2487
2050-06-21 21:00:00,0.2606
2050-06-21 22:00:00,0.2933
2050-06-21 23:00:00,0.3147
2050-06-22 00:00:00,0.2966
2050-06-22 01:00:00,0.2552
2050-06-22 02:00:00,0.2462
2050-06-22 03:00:00,0.2513
2050-06-22 04:00:00,0.2498
2050-06-22 05:00:00,0.2628
2050-06-22 06:00:00,0.2857
2050-06-22 07:00:00,0.309
2050-06-22 08:00:00,0.3469
2050-06-22 09:00:00,0.3942
2050-06-22 10:00:00,0.4341
2050-06-22 11:00:00,0.4654
2050-06-22 12:00:00,0.4824
2050-06-22 13:00:00,0.4799
2050-06-22 14:00:00,0.4611
2050-06-22 15:00:00,0.4451
2050-06-22 16:00:00,0.4383
2050-06-22 17:00:00,0.4452
2050-06-22 18:00:00,0.4227
2050-06-22 19:00:00,0.3839
2050-06-22 20:00:00,0.4128
2050-06-22 21:00:00,0.4563
2050-06-22 22:00:00,0.4616
2050-06-22 23:00:00,0.4372
2050-06-23 00:00:00,0.3949
2050-06-23 01:00:00,0.3408
2050-06-23 02:00:00,0.3041
2050-06-23 03:00:00,0.2602
2050-06-23 04:00:00,0.2025
2050-06-23 05:00:00,0.1442
2050-06-23 06:00:00,0.1151
2050-06-23 07:00:00,0.1159
2050-06-23 08:00:00,0.1288
2050-06-23 09:00:00,0.1392
2050-06-23 10:00:00,0.1475
2050-06-23 11:00:00,0.1508
2050-06-23 12:00:00,0.1517
2050-06-23 13:00:00,0.1553
2050-06-23 14:00:00,0.1593
2050-06-23 15:00:00,0.1554
2050-06-23 16:00:00,0.1424
2050-06-23 17:00:00,0.1187
2050-06-23 18:00:00,0.0917
2050-06-23 19:00:00,0.0726
2050-06-23 20:00:00,0.0617
2050-06-23 21:00:00,0.0508
2050-06-23 22:00:00,0.0396
2050-06-23 23:00:00,0.0311
2050-06-24 00:00:00,0.0264
2050-06-24 01:00:00,0.0245
2050-06-24 02:00:00,0.0238
2050-06-24 03:00:00,0.0253
2050-06-24 04:00:00,0.0308
2050-06-24 05:00:00,0.0394
2050-06-24 06:00:00,0.0526
2050-06-24 07:00:00,0.0689
2050-06-24 08:00:00,0.0867
2050-06-24 09:00:00,0.0998
2050-06-24 10:00:00,0.0989
2050-06-24 11:00:00,0.0881
2050-06-24 12:00:00,0.0744
2050-06-24 13:00:00,0.0654
2050-06-24 14:00:00,0.0596
2050-06-24 15:00:00,0.0632
2050-06-24 16:00:00,0.0889
2050-06-24 17:00:00,0.1465
2050-06-24 18:00:00,0.2345
2050-06-24 19:00:00,0.3306
2050-06-24 20:00:00,0.411
2050-06-24 21:00:00,0.4492
2050-06-24 22:00:00,0.4525
2050-06-24 23:00:00,0.4306
2050-06-25 00:00:00,0.3939
2050-06-25 01:00:00,0.3531
2050-06-25 02:00:00,0.3154
2050-06-25 03:00:00,0.2807
2050-06-25 04:00:00,0.2543
2050-06-25 05:00:00,0.2363
2050-06-25 06:00:00,0.2249
2050-06-25 07:00:00,0.2238
2050-06-25 08:00:00,0.2374
2050-06-25 09:00:00,0.2847
2050-06-25 10:00:00,0.3702
2050-06-25 11:00:00,0.4663
2050-06-25 12:00:00,0.5507
2050-06-25 13:00:00,0.6112
2050-06-25 14:00:00,0.6503
2050-06-25 15:00:00,0.67
2050-06-25 16:00:00,0.6813
2050-06-25 17:00:00,0.691
2050-06-25 18:00:00,0.7004
2050-06-25 19:00:00,0.7072
2050-06-25 20:00:00,0.7091
2050-06-25 21:00:00,0.7061
2050-06-25 22:00:00,0.7005
2050-06-25 23:00:00,0.6921
2050-06-26 00:00:00,0.6814
2050-06-26 01:00:00,0.6719
2050-06-26 02:00:00,0.6634
2050-06-26 03:00:00,0.6528
2050-06-26 04:00:00,0.6386
2050-06-26 05:00:00,0.6229
2050-06-26 06:00:00,0.6123
2050-06-26 07:00:00,0.6163
2050-06-26 08:00:00,0.6345
2050-06-26 09:00:00,0.6445
2050-06-26 10:00:00,0.6452
2050-06-26 11:00:00,0.6287
2050-06-26 12:00:00,0.5944
2050-06-26 13:00:00,0.5514
2050-06-26 14:00:00,0.5003
2050-06-26 15:00:00,0.4754
2050-06-26 16:00:00,0.4807
2050-06-26 17:00:00,0.5083
2050-06-26 18:00:00,0.5484
2050-06-26 19:00:00,0.5838
2050-06-26 20:00:00,0.608
2050-06-26 21:00:00,0.5933
2050-06-26 22:00:00,0.5442
2050-06-26 23:00:00,0.4758
2050-06-27 00:00:00,0.3948
2050-06-27 01:00:00,0.3226
2050-06-27 02:00:00,0.2788
2050-06-27 03:00:00,0.2809
2050-06-27 04:00:00,0.3135
2050-06-27 05:00:00,0.3442
2050-06-27 06:00:00,0.3745
2050-06-27 07:00:00,0.4219
2050-06-27 08:00:00,0.4866
2050-06-27 09:00:00,0.557
2050-06-27 10:00:00,0.6244
2050-06-27 11:00:00,0.6727
2050-06-27 12:00:00,0.6897
2050-06-27 13:00:00,0.6857
2050-06-27 14:00:00,0.661
2050-06-27 15:00:00,0.61
2050-06-27 16:00:00,0.5797
2050-06-27 17:00:00,0.5801
2050-06-27 18:00:00,0.5934
2050-06-27 19:00:00,0.5937
2050-06-27 20:00:00,0.5823
2050-06-27 21:00:00,0.6095
2050-06-27 22:00:00,0.6506
2050-06-27 23:00:00,0.6911
2050-06-28 00:00:00,0.7258
2050-06-28 01:00:00,0.7318
2050-06-28 02:00:00,0.7541
2050-06-28 03:00:00,0.8043
2050-06-28 04:00:00,0.8337
2050-06-28 05:00:00,0.8449
2050-06-28 06:00:00,0.8527
2050-06-28 07:00:00,0.8719
2050-06-28 08:00:00,0.8922
2050-06-28 09:00:00,0.9059
2050-06-28 10:00:00,0.9112
2050-06-28 11:00:00,0.9133
2050-06-28 12:00:00,0.9087
2050-06-28 13:00:00,0.8754
2050-06-28 14:00:00,0.839
2050-06-28 15:00:00,0.8241
2050-06-28 16:00:00,0.8133
2050-06-28 17:00:00,0.788
2050-06-28 18:00:00,0.7359
2050-06-28 19:00:00,0.6559
2050-06-28 20:00:00,0.5655
2050-06-28 21:00:00,0.4877
2050-06-28 22:00:00,0.4167
2050-06-28 23:00:00,0.357
2050-06-29 00:00:00,0.3067
2050-06-29 01:00:00,0.2556
2050-06-29 02:00:00,0.2103
2050-06-29 03:00:00,0.1682
2050-06-29 04:00:00,0.1434
2050-06-29 05:00:00,0.1413
2050-06-29 06:00:00,0.1517
2050-06-29 07:00:00,0.1644
2050-06-29 08:00:00,0.185
2050-06-29 09:00:00,0.2032
2050-06-29 10:00:00,0.1773
2050-06-29 11:00:00,0.1194
2050-06-29 12:00:00,0.0648
2050-06-29 13:00:00,0.0324
2050-06-29 14:00:00,0.0361
2050-06-29 15:00:00,0.0664
2050-06-29 16:00:00,0.0812
2050-06-29 17:00:00,0.0591
2050-06-29 18:00:00,0.0971
2050-06-29 19:00:00,0.2508
2050-06-29 20:00:00,0.3729
2050-06-29 21:00:00,0.3488
2050-06-29 22:00:00,0.2787
2050-06-29 23:00:00,0.23
2050-06-30 00:00:00,0.2541
2050-06-30 01:00:00,0.3422
2050-06-30 02:00:00,0.4119
2050-06-30 03:00:00,0.4408
2050-06-30 04:00:00,0.4793
2050-06-30 05:00:00,0.5245
2050-06-30 06:00:00,0.5411
2050-06-30 07:00:00,0.5014
2050-06-30 08:00:00,0.4428
2050-06-30 09:00:00,0.3993
2050-06-30 10:00:00,0.3598
2050-06-30 11:00:00,0.3308
2050-06-30 12:00:00,0.3286
2050-06-30 13:00:00,0.356
2050-06-30 14:00:00,0.3857
2050-06-30 15:00:00,0.3852
2050-06-30 16:00:00,0.3472
2050-06-30 17:00:00,0.3066
2050-06-30 18:00:00,0.2976
2050-06-30 19:00:00,0.3251
2050-06-30 20:00:00,0.3671
2050-06-30 21:00:00,0.4328
2050-06-30 22:00:00,0.4897
2050-06-30 23:00:00,0.5374
2050-07-01 00:00:00,0.6041
2050-07-01 01:00:00,0.6168
2050-07-01 02:00:00,0.6112
2050-07-01 03:00:00,0.5886
2050-07-01 04:00:00,0.5839
2050-07-01 05:00:00,0.5871
2050-07-01 06:00:00,0.5753
2050-07-01 07:00:00,0.5581
2050-07-01 08:00:00,0.5143
2050-07-01 09:00:00,0.4733
2050-07-01 10:00:00,0.467
2050-07-01 11:00:00,0.4956
2050-07-01 12:00:00,0.5506
2050-07-01 13:00:00,0.6148
2050-07-01 14:00:00,0.6499
2050-07-01 15:00:00,0.655
2050-07-01 16:00:00,0.6435
2050-07-01 17:00:00,0.6379
2050-07-01 18:00:00,0.643
2050-07-01 19:00:00,0.651
2050-07-01 20:00:00,0.6583
2050-07-01 21:00:00,0.6488
2050-07-01 22:00:00,0.6308
2050-07-01 23:00:00,0.6066
2050-07-02 00:00:00,0.5839
2050-07-02 01:00:00,0.5773
2050-07-02 02:00:00,0.6
2050-07-02 03:00:00,0.6587
2050-07-02 04:00:00,0.7339
2050-07-02 05:00:00,0.7977
2050-07-02 06:00:00,0.8277
2050-07-02 07:00:00,0.8345
2050-07-02 08:00:00,0.8415
2050-07-02 09:00:00,0.8524
2050-07-02 10:00:00,0.8449
2050-07-02 11:00:00,0.8132
2050-07-02 12:00:00,0.7821
2050-07-02 13:00:00,0.7657
2050-07-02 14:00:00,0.7443
2050-07-02 15:00:00,0.7358
2050-07-02 16:00:00,0.7321
2050-07-02 17:00:00,0.7017
2050-07-02 18:00:00,0.6359
2050-07-02 19:00:00,0.5774
2050-07-02 20:00:00,0.5358
2050-07-02 21:00:00,0.4775
2050-07-02 22:00:00,0.4513
2050-07-02 23:00:00,0.4799
2050-07-03 00:00:00,0.5184
2050-07-03 01:00:00,0.5345
2050-07-03 02:00:00,0.5406
2050-07-03 03:00:00,0.5293
2050-07-03 04:00:00,0.5307
2050-07-03 05:00:00,0.606
2050-07-03 06:00:00,0.7072
2050-07-03 07:00:00,0.7608
2050-07-03 08:00:00,0.7494
2050-07-03 09:00:00,0.6935
2050-07-03 10:00:00,0.6345
2050-07-03 11:00:00,0.6012
2050-07-03 12:00:00,0.6077
2050-07-03 13:00:00,0.6201
2050-07-03 14:00:00,0.6104
2050-07-03 15:00:00,0.624
2050-07-03 16:00:00,0.6703
2050-07-03 17:00:00,0.7202
2050-07-03 18:00:00,0.7641
2050-07-03 19:00:00,0.8039
2050-07-03 20:00:00,0.8452
2050-07-03 21:00:00,0.8763
2050-07-03 22:00:00,0.8921
2050-07-03 23:00:00,0.9017
2050-07-04 00:00:00,0.9216
2050-07-04 01:00:00,0.945
2050-07-04 02:00:00,0.9623
2050-07-04 03:00:00,0.9784
2050-07-04 04:00:00,0.9781
2050-07-04 05:00:00,0.9734
2050-07-04 06:00:00,0.9662
2050-07-04 07:00:00,0.9571
2050-07-04 08:00:00,0.9456
2050-07-04 09:00:00,0.9336
2050-07-04 10:00:00,0.9212
2050-07-04 11:00:00,0.9186
2050-07-04 12:00:00,0.9259
2050-07-04 13:00:00,0.9309
2050-07-04 14:00:00,0.9313
2050-07-04 15:00:00,0.923
2050-07-04 16:00:00,0.9154
2050-07-04 17:00:00,0.9108
2050-07-04 18:00:00,0.9019
2050-07-04 19:00:00,0.8814
2050-07-04 20:00:00,0.8642
2050-07-04 21:00:00,0.8672
2050-07-04 22:00:00,0.8662
2050-07-04 23:00:00,0.8739
2050-07-05 00:00:00,0.8845
2050-07-05 01:00:00,0.9059
2050-07-05 02:00:00,0.9229
2050-07-05 03:00:00,0.9245
2050-07-05 04:00:00,0.9152
2050-07-05 05:00:00,0.9124
2050-07-05 06:00:00,0.9148
2050-07-05 07:00:00,0.9175
2050-07-05 08:00:00,0.9151
2050-07-05 09:00:00,0.9059
2050-07-05 10:00:00,0.8899
2050-07-05 11:00:00,0.8691
2050-07-05 12:00:00,0.8309
2050-07-05 13:00:00,0.7722
2050-07-05 14:00:00,0.6814
2050-07-05 15:00:00,0.5584
2050-07-05 16:00:00,0.4204
2050-07-05 17:00:00,0.2859
2050-07-05 18:00:00,0.183
2050-07-05 19:00:00,0.1494
2050-07-05 20:00:00,0.1996
2050-07-05 21:00:00,0.2804
2050-07-05 22:00:00,0.3613
2050-07-05 23:00:00,0.4565
2050-07-06 00:00:00,0.5073
2050-07-06 01:00:00,0.5839
2050-07-06 02:00:00,0.6716
2050-07-06 03:00:00,0.7873
2050-07-06 04:00:00,0.8716
2050-07-06 05:00:00,0.9177
2050-07-06 06:00:00,0.9449
2050-07-06 07:00:00,0.9492
2050-07-06 08:00:00,0.947
2050-07-06 09:00:00,0.9414
2050-07-06 10:00:00,0.9341
2050-07-06 11:00:00,0.9323
2050-07-06 12:00:00,0.9637
2050-07-06 13:00:00,0.9846
2050-07-06 14:00:00,0.9828
2050-07-06 15:00:00,0.9686
2050-07-06 16:00:00,0.9544
2050-07-06 17:00:00,0.9468
2050-07-06 18:00:00,0.9384
2050-07-06 19:00:00,0.9353
2050-07-06 20:00:00,0.9413
2050-07-06 21:00:00,0.9478
2050-07-06 22:00:00,0.9486
2050-07-06 23:00:00,0.9412
2050-07-07 00:00:00,0.924
2050-07-07 01:00:00,0.8968
2050-07-07 02:00:00,0.8625
2050-07-07 03:00:00,0.8219
2050-07-07 04:00:00,0.783
2050-07-07 05:00:00,0.7601
2050-07-07 06:00:00,0.7645
2050-07-07 07:00:00,0.7863
2050-07-07 08:00:00,0.8091
2050-07-07 09:00:00,0.8205
2050-07-07 10:00:00,0.8228
2050-07-07 11:00:00,0.8193
2050-07-07 12:00:00,0.8105
2050-07-07 13:00:00,0.7998
2050-07-07 14:00:00,0.7859
2050-07-07 15:00:00,0.7718
2050-07-07 16:00:00,0.7508
2050-07-07 17:00:00,0.7345
2050-07-07 18:00:00,0.719
2050-07-07 19:00:00,0.692
2050-07-07 20:00:00,0.6591
2050-07-07 21:00:00,0.6395
2050-07-07 22:00:00,0.6206
2050-07-07 23:00:00,0.588
2050-07-08 00:00:00,0.5463
2050-07-08 01:00:00,0.4874
2050-07-08 02:00:00,0.4129
2050-07-08 03:00:00,0.3425
2050-07-08 04:00:00,0.2858
2050-07-08 05:00:00,0.2574
2050-07-08 06:00:00,0.2494
2050-07-08 07:00:00,0.2573
2050-07-08 08:00:00,0.2778
2050-07-08 09:00:00,0.2894
2050-07-08 10:00:00,0.2796
2050-07-08 11:00:00,0.2415
2050-07-08 12:00:00,0.1829
2050-07-08 13:00:00,0.1226
2050-07-08 14:00:00,0.0717
2050-07-08 15:00:00,0.0362
2050-07-08 16:00:00,0.0144
2050-07-08 17:00:00,0.009
2050-07-08 18:00:00,0.0264
2050-07-08 19:00:00,0.0783
2050-07-08 20:00:00,0.1493
2050-07-08 21:00:00,0.2368
2050-07-08 22:00:00,0.3365
2050-07-08 23:00:00,0.4322
2050-07-09 00:00:00,0.5151
2050-07-09 01:00:00,0.5692
2050-07-09 02:00:00,0.5835
2050-07-09 03:00:00,0.6079
2050-07-09 04:00:00,0.6795
2050-07-09 05:00:00,0.7655
2050-07-09 06:00:00,0.8177
2050-07-09 07:00:00,0.8282
2050-07-09 08:00:00,0.8115
2050-07-09 09:00:00,0.7854
2050-07-09 10:00:00,0.7584
2050-07-09 11:00:00,0.7095
2050-07-09 12:00:00,0.6644
2050-07-09 13:00:00,0.6582
2050-07-09 14:00:00,0.6534
2050-07-09 15:00:00,0.6597
2050-07-09 16:00:00,0.7051
2050-07-09 17:00:00,0.7652
2050-07-09 18:00:00,0.8001
2050-07-09 19:00:00,0.7931
2050-07-09 20:00:00,0.7983
2050-07-09 21:00:00,0.7646
2050-07-09 22:00:00,0.7301
2050-07-09 23:00:00,0.7434
2050-07-10 00:00:00,0.7469
2050-07-10 01:00:00,0.7421
2050-07-10 02:00:00,0.7076
2050-07-10 03:00:00,0.7118
2050-07-10 04:00:00,0.7457
2050-07-10 05:00:00,0.7799
2050-07-10 06:00:00,0.8095
2050-07-10 07:00:00,0.8384
2050-07-10 08:00:00,0.8551
2050-07-10 09:00:00,0.8537
2050-07-10 10:00:00,0.8367
2050-07-10 11:00:00,0.81
2050-07-10 12:00:00,0.783
2050-07-10 13:00:00,0.7714
2050-07-10 14:00:00,0.7685
2050-07-10 15:00:00,0.7719
2050-07-10 16:00:00,0.7805
2050-07-10 17:00:00,0.79
2050-07-10 18:00:00,0.7926
2050-07-10 19:00:00,0.7746
2050-07-10 20:00:00,0.7474
2050-07-10 21:00:00,0.7145
2050-07-10 22:00:00,0.6742
2050-07-10 23:00:00,0.6364
2050-07-11 00:00:00,0.6133
2050-07-11 01:00:00,0.5929
2050-07-11 02:00:00,0.5604
2050-07-11 03:00:00,0.5115
2050-07-11 04:00:00,0.4465
2050-07-11 05:00:00,0.3872
2050-07-11 06:00:00,0.3563
2050-07-11 07:00:00,0.3508
2050-07-11 08:00:00,0.3654
2050-07-11 09:00:00,0.3865
2050-07-11 10:00:00,0.4063
2050-07-11 11:00:00,0.419
2050-07-11 12:00:00,0.4123
2050-07-11 13:00:00,0.3803
2050-07-11 14:00:00,0.3349
2050-07-11 15:00:00,0.3045
2050-07-11 16:00:00,0.2926
2050-07-11 17:00:00,0.2949
2050-07-11 18:00:00,0.3108
2050-07-11 19:00:00,0.3365
2050-07-11 20:00:00,0.3502
2050-07-11 21:00:00,0.3573
2050-07-11 22:00:00,0.3548
2050-07-11 23:00:00,0.3383
2050-07-12 00:00:00,0.3238
2050-07-12 01:00:00,0.3287
2050-07-12 02:00:00,0.341
2050-07-12 03:00:00,0.3464
2050-07-12 04:00:00,0.3434
2050-07-12 05:00:00,0.3338
2050-07-12 06:00:00,0.3234
2050-07-12 07:00:00,0.3013
2050-07-12 08:00:00,0.2819
2050-07-12 09:00:00,0.2693
2050-07-12 10:00:00,0.2556
2050-07-12 11:00:00,0.2529
2050-07-12 12:00:00,0.2808
2050-07-12 13:00:00,0.323
2050-07-12 14:00:00,0.3607
2050-07-12 15:00:00,0.3967
2050-07-12 16:00:00,0.4329
2050-07-12 17:00:00,0.4515
2050-07-12 18:00:00,0.4364
2050-07-12 19:00:00,0.41
2050-07-12 20:00:00,0.3939
2050-07-12 21:00:00,0.4124
2050-07-12 22:00:00,0.448
2050-07-12 23:00:00,0.4725
2050-07-13 00:00:00,0.4807
2050-07-13 01:00:00,0.4991
2050-07-13 02:00:00,0.5321
2050-07-13 03:00:00,0.5551
2050-07-13 04:00:00,0.5662
2050-07-13 05:00:00,0.5814
2050-07-13 06:00:00,0.6038
2050-07-13 07:00:00,0.641
2050-07-13 08:00:00,0.6835
2050-07-13 09:00:00,0.7193
2050-07-13 10:00:00,0.7556
2050-07-13 11:00:00,0.7965
2050-07-13 12:00:00,0.8388
2050-07-13 13:00:00,0.8706
2050-07-13 14:00:00,0.8887
2050-07-13 15:00:00,0.8958
2050-07-13 16:00:00,0.8979
2050-07-13 17:00:00,0.8974
2050-07-13 18:00:00,0.8982
2050-07-13 19:00:00,0.9013
2050-07-13 20:00:00,0.9073
2050-07-13 21:00:00,0.9109
2050-07-13 22:00:00,0.9118
2050-07-13 23:00:00,0.919
2050-07-14 00:00:00,0.9246
2050-07-14 01:00:00,0.9289
2050-07-14 02:00:00,0.9327
2050-07-14 03:00:00,0.9379
2050-07-14 04:00:00,0.9426
2050-07-14 05:00:00,0.9449
2050-07-14 06:00:00,0.9487
2050-07-14 07:00:00,0.9559
2050-07-14 08:00:00,0.9615
2050-07-14 09:00:00,0.9638
2050-07-14 10:00:00,0.9637
2050-07-14 11:00:00,0.9576
2050-07-14 12:00:00,0.9479
2050-07-14 13:00:00,0.936
2050-07-14 14:00:00,0.9236
2050-07-14 15:00:00,0.9046
2050-07-14 16:00:00,0.8787
2050-07-14 17:00:00,0.8463
2050-07-14 18:00:00,0.8121
2050-07-14 19:00:00,0.788
2050-07-14 20:00:00,0.7628
2050-07-14 21:00:00,0.7386
2050-07-14 22:00:00,0.7142
2050-07-14 23:00:00,0.6894
2050-07-15 00:00:00,0.6667
2050-07-15 01:00:00,0.6488
2050-07-15 02:00:00,0.6196
2050-07-15 03:00:00,0.5692
2050-07-15 04:00:00,0.5116
2050-07-15 05:00:00,0.458
2050-07-15 06:00:00,0.4038
2050-07-15 07:00:00,0.3724
2050-07-15 08:00:00,0.3497
2050-07-15 09:00:00,0.2906
2050-07-15 10:00:00,0.198
2050-07-15 11:00:00,0.117
2050-07-15 12:00:00,0.0695
2050-07-15 13:00:00,0.0655
2050-07-15 14:00:00,0.1376
2050-07-15 15:00:00,0.2371
2050-07-15 16:00:00,0.3147
2050-07-15 17:00:00,0.3844
2050-07-15 18:00:00,0.44
2050-07-15 19:00:00,0.4965
2050-07-15 20:00:00,0.5576
2050-07-15 21:00:00,0.6258
2050-07-15 22:00:00,0.6911
2050-07-15 23:00:00,0.717
2050-07-16 00:00:00,0.7128
2050-07-16 01:00:00,0.7083
2050-07-16 02:00:00,0.7144
2050-07-16 03:00:00,0.7266
2050-07-16 04:00:00,0.7341
2050-07-16 05:00:00,0.7109
2050-07-16 06:00:00,0.6976
2050-07-16 07:00:00,0.7827
2050-07-16 08:00:00,0.8723
2050-07-16 09:00:00,0.9085
2050-07-16 10:00:00,0.9008
2050-07-16 11:00:00,0.8781
2050-07-16 12:00:00,0.8602
2050-07-16 13:00:00,0.8484
2050-07-16 14:00:00,0.8396
2050-07-16 15:00:00,0.8208
2050-07-16 16:00:00,0.7859
2050-07-16 17:00:00,0.7352
2050-07-16 18:00:00,0.7261
2050-07-16 19:00:00,0.7525
2050-07-16 20:00:00,0.7748
2050-07-16 21:00:00,0.7818
2050-07-16 22:00:00,0.7798
2050-07-16 23:00:00,0.7865
2050-07-17 00:00:00,0.7929
2050-07-17 01:00:00,0.7917
2050-07-17 02:00:00,0.7738
2050-07-17 03:00:00,0.7397
2050-07-17 04:00:00,0.6994
2050-07-17 05:00:00,0.6507
2050-07-17 06:00:00,0.586
2050-07-17 07:00:00,0.5055
2050-07-17 08:00:00,0.4324
2050-07-17 09:00:00,0.3892
2050-07-17 10:00:00,0.378
2050-07-17 11:00:00,0.3811
2050-07-17 12:00:00,0.3815
2050-07-17 13:00:00,0.3727
2050-07-17 14:00:00,0.3461
2050-07-17 15:00:00,0.3008
2050-07-17 16:00:00,0.2459
2050-07-17 17:00:00,0.18
2050-07-17 18:00:00,0.1092
2050-07-17 19:00:00,0.0574
2050-07-17 20:00:00,0.0325
2050-07-17 21:00:00,0.0347
2050-07-17 22:00:00,0.0472
2050-07-17 23:00:00,0.0552
2050-07-18 00:00:00,0.0588
2050-07-18 01:00:00,0.0629
2050-07-18 02:00:00,0.0662
2050-07-18 03:00:00,0.0573
2050-07-18 04:00:00,0.0476
2050-07-18 05:00:00,0.0453
2050-07-18 06:00:00,0.049
2050-07-18 07:00:00,0.0591
2050-07-18 08:00:00,0.0732
2050-07-18 09:00:00,0.0769
2050-07-18 10:00:00,0.0746
2050-07-18 11:00:00,0.0761
2050-07-18 12:00:00,0.0792
2050-07-18 13:00:00,0.0932
2050-07-18 14:00:00,0.1241
2050-07-18 15:00:00,0.1677
2050-07-18 16:00:00,0.2186
2050-07-18 17:00:00,0.277
2050-07-18 18:00:00,0.3428
2050-07-18 19:00:00,0.4088
2050-07-18 20:00:00,0.4675
2050-07-18 21:00:00,0.5038
2050-07-18 22:00:00,0.528
2050-07-18 23:00:00,0.5454
2050-07-19 00:00:00,0.5556
2050-07-19 01:00:00,0.5601
2050-07-19 02:00:00,0.5587
2050-07-19 03:00:00,0.5464
2050-07-19 04:00:00,0.5079
2050-07-19 05:00:00,0.4623
2050-07-19 06:00:00,0.441
2050-07-19 07:00:00,0.428
2050-07-19 08:00:00,0.4184
2050-07-19 09:00:00,0.4284
2050-07-19 10:00:00,0.4745
2050-07-19 11:00:00,0.5475
2050-07-19 12:00:00,0.6169
2050-07-19 13:00:00,0.663
2050-07-19 14:00:00,0.6839
2050-07-19 15:00:00,0.6958
2050-07-19 16:00:00,0.6999
2050-07-19 17:00:00,0.6917
2050-07-19 18:00:00,0.6875
2050-07-19 19:00:00,0.7119
2050-07-19 20:00:00,0.7522
2050-07-19 21:00:00,0.7838
2050-07-19 22:00:00,0.8109
2050-07-19 23:00:00,0.8339
2050-07-20 00:00:00,0.8377
2050-07-20 01:00:00,0.8212
2050-07-20 02:00:00,0.7945
2050-07-20 03:00:00,0.7557
2050-07-20 04:00:00,0.7159
2050-07-20 05:00:00,0.687
2050-07-20 06:00:00,0.6637
2050-07-20 07:00:00,0.6469
2050-07-20 08:00:00,0.639
2050-07-20 09:00:00,0.6416
2050-07-20 10:00:00,0.6503
2050-07-20 11:00:00,0.6537
2050-07-20 12:00:00,0.6369
2050-07-20 13:00:00,0.6161
2050-07-20 14:00:00,0.6023
2050-07-20 15:00:00,0.5763
2050-07-20 16:00:00,0.5368
2050-07-20 17:00:00,0.4896
2050-07-20 18:00:00,0.4391
2050-07-20 19:00:00,0.3851
2050-07-20 20:00:00,0.3447
2050-07-20 21:00:00,0.3335
2050-07-20 22:00:00,0.3025
2050-07-20 23:00:00,0.2278
2050-07-21 00:00:00,0.1786
2050-07-21 01:00:00,0.1277
2050-07-21 02:00:00,0.138
2050-07-21 03:00:00,0.2489
2050-07-21 04:00:00,0.2916
2050-07-21 05:00:00,0.2887
2050-07-21 06:00:00,0.3077
2050-07-21 07:00:00,0.2913
2050-07-21 08:00:00,0.2586
2050-07-21 09:00:00,0.2501
2050-07-21 10:00:00,0.2967
2050-07-21 11:00:00,0.3303
2050-07-21 12:00:00,0.3495
2050-07-21 13:00:00,0.3835
2050-07-21 14:00:00,0.4395
2050-07-21 15:00:00,0.5003
2050-07-21 16:00:00,0.5345
2050-07-21 17:00:00,0.5207
2050-07-21 18:00:00,0.4748
2050-07-21 19:00:00,0.4244
2050-07-21 20:00:00,0.4129
2050-07-21 21:00:00,0.4326
2050-07-21 22:00:00,0.4374
2050-07-21 23:00:00,0.4123
2050-07-22 00:00:00,0.3693
2050-07-22 01:00:00,0.3486
2050-07-22 02:00:00,0.3619
2050-07-22 03:00:00,0.339
2050-07-22 04:00:00,0.2789
2050-07-22 05:00:00,0.225
2050-07-22 06:00:00,0.2025
2050-07-22 07:00:00,0.2137
2050-07-22 08:00:00,0.2585
2050-07-22 09:00:00,0.3294
2050-07-22 10:00:00,0.4018
2050-07-22 11:00:00,0.4611
2050-07-22 12:00:00,0.4969
2050-07-22 13:00:00,0.5243
2050-07-22 14:00:00,0.5639
2050-07-22 15:00:00,0.5986
2050-07-22 16:00:00,0.6485
2050-07-22 17:00:00,0.6997
2050-07-22 18:00:00,0.7333
2050-07-22 19:00:00,0.7506
2050-07-22 20:00:00,0.7674
2050-07-22 21:00:00,0.7847
2050-07-22 22:00:00,0.7868
2050-07-22 23:00:00,0.7725
2050-07-23 00:00:00,0.7301
2050-07-23 01:00:00,0.673
2050-07-23 02:00:00,0.6056
2050-07-23 03:00:00,0.5328
2050-07-23 04:00:00,0.4484
2050-07-23 05:00:00,0.3582
2050-07-23 06:00:00,0.2823
2050-07-23 07:00:00,0.24
2050-07-23 08:00:00,0.2299
2050-07-23 09:00:00,0.2663
2050-07-23 10:00:00,0.3315
2050-07-23 11:00:00,0.406
2050-07-23 12:00:00,0.4802
2050-07-23 13:00:00,0.5373
2050-07-23 14:00:00,0.5911
2050-07-23 15:00:00,0.6497
2050-07-23 16:00:00,0.7095
2050-07-23 17:00:00,0.7511
2050-07-23 18:00:00,0.7788
2050-07-23 19:00:00,0.7906
2050-07-23 20:00:00,0.7771
2050-07-23 21:00:00,0.7402
2050-07-23 22:00:00,0.6827
2050-07-23 23:00:00,0.6269
2050-07-24 00:00:00,0.5858
2050-07-24 01:00:00,0.556
2050-07-24 02:00:00,0.5371
2050-07-24 03:00:00,0.5211
2050-07-24 04:00:00,0.4966
2050-07-24 05:00:00,0.4524
2050-07-24 06:00:00,0.3974
2050-07-24 07:00:00,0.3301
2050-07-24 08:00:00,0.2605
2050-07-24 09:00:00,0.203
2050-07-24 10:00:00,0.1582
2050-07-24 11:00:00,0.131
2050-07-24 12:00:00,0.1183
2050-07-24 13:00:00,0.1123
2050-07-24 14:00:00,0.0957
2050-07-24 15:00:00,0.0704
2050-07-24 16:00:00,0.0539
2050-07-24 17:00:00,0.048
2050-07-24 18:00:00,0.0671
2050-07-24 19:00:00,0.1263
2050-07-24 20:00:00,0.2152
2050-07-24 21:00:00,0.3247
2050-07-24 22:00:00,0.4432
2050-07-24 23:00:00,0.534
2050-07-25 00:00:00,0.6174
2050-07-25 01:00:00,0.6832
2050-07-25 02:00:00,0.7246
2050-07-25 03:00:00,0.7578
2050-07-25 04:00:00,0.7737
2050-07-25 05:00:00,0.7873
2050-07-25 06:00:00,0.8036
2050-07-25 07:00:00,0.812
2050-07-25 08:00:00,0.8145
2050-07-25 09:00:00,0.8108
2050-07-25 10:00:00,0.8154
2050-07-25 11:00:00,0.8159
2050-07-25 12:00:00,0.8096
2050-07-25 13:00:00,0.8143
2050-07-25 14:00:00,0.82
2050-07-25 15:00:00,0.8263
2050-07-25 16:00:00,0.8208
2050-07-25 17:00:00,0.8023
2050-07-25 18:00:00,0.7727
2050-07-25 19:00:00,0.7588
2050-07-25 20:00:00,0.7576
2050-07-25 21:00:00,0.7705
2050-07-25 22:00:00,0.7735
2050-07-25 23:00:00,0.7582
2050-07-26 00:00:00,0.7094
2050-07-26 01:00:00,0.6615
2050-07-26 02:00:00,0.6072
2050-07-26 03:00:00,0.5453
2050-07-26 04:00:00,0.4962
2050-07-26 05:00:00,0.4634
2050-07-26 06:00:00,0.4383
2050-07-26 07:00:00,0.4125
2050-07-26 08:00:00,0.4113
2050-07-26 09:00:00,0.4338
2050-07-26 10:00:00,0.4526
2050-07-26 11:00:00,0.4588
2050-07-26 12:00:00,0.4524
2050-07-26 13:00:00,0.4258
2050-07-26 14:00:00,0.3665
2050-07-26 15:00:00,0.3029
2050-07-26 16:00:00,0.2368
2050-07-26 17:00:00,0.182
2050-07-26 18:00:00,0.1503
2050-07-26 19:00:00,0.1262
2050-07-26 20:00:00,0.1097
2050-07-26 21:00:00,0.1079
2050-07-26 22:00:00,0.1196
2050-07-26 23:00:00,0.1285
2050-07-27 00:00:00,0.1386
2050-07-27 01:00:00,0.146
2050-07-27 02:00:00,0.1569
2050-07-27 03:00:00,0.1714
2050-07-27 04:00:00,0.1909
2050-07-27 05:00:00,0.2159
2050-07-27 06:00:00,0.2441
2050-07-27 07:00:00,0.258
2050-07-27 08:00:00,0.2571
2050-07-27 09:00:00,0.25
2050-07-27 10:00:00,0.2294
2050-07-27 11:00:00,0.1936
2050-07-27 12:00:00,0.1566
2050-07-27 13:00:00,0.1315
2050-07-27 14:00:00,0.1398
2050-07-27 15:00:00,0.1688
2050-07-27 16:00:00,0.2034
2050-07-27 17:00:00,0.2623
2050-07-27 18:00:00,0.3102
2050-07-27 19:00:00,0.3359
2050-07-27 20:00:00,0.3686
2050-07-27 21:00:00,0.3992
2050-07-27 22:00:00,0.4151
2050-07-27 23:00:00,0.4111
2050-07-28 00:00:00,0.3927
2050-07-28 01:00:00,0.3617
2050-07-28 02:00:00,0.3138
2050-07-28 03:00:00,0.2666
2050-07-28 04:00:00,0.2304
2050-07-28 05:00:00,0.2048
2050-07-28 06:00:00,0.1876
2050-07-28 07:00:00,0.1767
2050-07-28 08:00:00,0.171
2050-07-28 09:00:00,0.1614
2050-07-28 10:00:00,0.1541
2050-07-28 11:00:00,0.1534
2050-07-28 12:00:00,0.1431
2050-07-28 13:00:00,0.1303
2050-07-28 14:00:00,0.1252
2050-07-28 15:00:00,0.111
2050-07-28 16:00:00,0.0829
2050-07-28 17:00:00,0.0592
2050-07-28 18:00:00,0.0452
2050-07-28 19:00:00,0.0372
2050-07-28 20:00:00,0.0376
2050-07-28 21:00:00,0.041
2050-07-28 22:00:00,0.0464
2050-07-28 23:00:00,0.0519
2050-07-29 00:00:00,0.0638
2050-07-29 01:00:00,0.0835
2050-07-29 02:00:00,0.1089
2050-07-29 03:00:00,0.1322
2050-07-29 04:00:00,0.1649
2050-07-29 05:00:00,0.2003
2050-07-29 06:00:00,0.2155
2050-07-29 07:00:00,0.2021
2050-07-29 08:00:00,0.1736
2050-07-29 09:00:00,0.1455
2050-07-29 10:00:00,0.125
2050-07-29 11:00:00,0.1158
2050-07-29 12:00:00,0.122
2050-07-29 13:00:00,0.1439
2050-07-29 14:00:00,0.1735
2050-07-29 15:00:00,0.2125
2050-07-29 16:00:00,0.2603
2050-07-29 17:00:00,0.3192
2050-07-29 18:00:00,0.3958
2050-07-29 19:00:00,0.477
2050-07-29 20:00:00,0.5419
2050-07-29 21:00:00,0.5656
2050-07-29 22:00:00,0.5585
2050-07-29 23:00:00,0.5388
2050-07-30 00:00:00,0.5047
2050-07-30 01:00:00,0.4551
2050-07-30 02:00:00,0.3864
2050-07-30 03:00:00,0.3037
2050-07-30 04:00:00,0.2376
2050-07-30 05:00:00,0.1843
2050-07-30 06:00:00,0.1359
2050-07-30 07:00:00,0.0929
2050-07-30 08:00:00,0.0562
2050-07-30 09:00:00,0.0224
2050-07-30 10:00:00,0.0148
2050-07-30 11:00:00,0.0747
2050-07-30 12:00:00,0.1777
2050-07-30 13:00:00,0.2425
2050-07-30 14:00:00,0.2609
2050-07-30 15:00:00,0.2453
2050-07-30 16:00:00,0.2249
2050-07-30 17:00:00,0.2551
2050-07-30 18:00:00,0.3282
2050-07-30 19:00:00,0.4074
2050-07-30 20:00:00,0.4562
2050-07-30 21:00:00,0.4686
2050-07-30 22:00:00,0.4523
2050-07-30 23:00:00,0.418
2050-07-31 00:00:00,0.3665
2050-07-31 01:00:00,0.316
2050-07-31 02:00:00,0.2846
2050-07-31 03:00:00,0.2695
2050-07-31 04:00:00,0.2834
2050-07-31 05:00:00,0.3297
2050-07-31 06:00:00,0.3926
2050-07-31 07:00:00,0.4409
2050-07-31 08:00:00,0.449
2050-07-31 09:00:00,0.4262
2050-07-31 10:00:00,0.4096
2050-07-31 11:00:00,0.4104
2050-07-31 12:00:00,0.4141
2050-07-31 13:00:00,0.4099
2050-07-31 14:00:00,0.4016
2050-07-31 15:00:00,0.4001
2050-07-31 16:00:00,0.4132
2050-07-31 17:00:00,0.4373
2050-07-31 18:00:00,0.4643
2050-07-31 19:00:00,0.4866
2050-07-31 20:00:00,0.5022
2050-07-31 21:00:00,0.5126
2050-07-31 22:00:00,0.511
2050-07-31 23:00:00,0.4986
2050-08-01 00:00:00,0.4802
2050-08-01 01:00:00,0.4574
2050-08-01 02:00:00,0.4346
2050-08-01 03:00:00,0.4152
2050-08-01 04:00:00,0.3957
2050-08-01 05:00:00,0.3745
2050-08-01 06:00:00,0.344
2050-08-01 07:00:00,0.3111
2050-08-01 08:00:00,0.2802
2050-08-01 09:00:00,0.253
2050-08-01 10:00:00,0.2277
2050-08-01 11:00:00,0.2183
2050-08-01 12:00:00,0.2351
2050-08-01 13:00:00,0.2577
2050-08-01 14:00:00,0.2658
2050-08-01 15:00:00,0.2628
2050-08-01 16:00:00,0.2655
2050-08-01 17:00:00,0.2682
2050-08-01 18:00:00,0.2648
2050-08-01 19:00:00,0.2545
2050-08-01 20:00:00,0.2316
2050-08-01 21:00:00,0.2108
2050-08-01 22:00:00,0.1911
2050-08-01 23:00:00,0.1739
2050-08-02 00:00:00,0.1667
2050-08-02 01:00:00,0.1729
2050-08-02 02:00:00,0.1813
2050-08-02 03:00:00,0.1786
2050-08-02 04:00:00,0.1732
2050-08-02 05:00:00,0.1716
2050-08-02 06:00:00,0.1675
2050-08-02 07:00:00,0.1639
2050-08-02 08:00:00,0.1636
2050-08-02 09:00:00,0.1769
2050-08-02 10:00:00,0.1931
2050-08-02 11:00:00,0.1966
2050-08-02 12:00:00,0.1907
2050-08-02 13:00:00,0.1824
2050-08-02 14:00:00,0.1731
2050-08-02 15:00:00,0.1746
2050-08-02 16:00:00,0.1905
2050-08-02 17:00:00,0.221
2050-08-02 18:00:00,0.2616
2050-08-02 19:00:00,0.3019
2050-08-02 20:00:00,0.3295
2050-08-02 21:00:00,0.3483
2050-08-02 22:00:00,0.38
2050-08-02 23:00:00,0.415
2050-08-03 00:00:00,0.4461
2050-08-03 01:00:00,0.4697
2050-08-03 02:00:00,0.4854
2050-08-03 03:00:00,0.4778
2050-08-03 04:00:00,0.4476
2050-08-03 05:00:00,0.43
2050-08-03 06:00:00,0.4402
2050-08-03 07:00:00,0.4722
2050-08-03 08:00:00,0.5075
2050-08-03 09:00:00,0.535
2050-08-03 10:00:00,0.5566
2050-08-03 11:00:00,0.56
2050-08-03 12:00:00,0.5418
2050-08-03 13:00:00,0.5145
2050-08-03 14:00:00,0.4839
2050-08-03 15:00:00,0.4654
2050-08-03 16:00:00,0.4384
2050-08-03 17:00:00,0.411
2050-08-03 18:00:00,0.3789
2050-08-03 19:00:00,0.3581
2050-08-03 20:00:00,0.3744
2050-08-03 21:00:00,0.4139
2050-08-03 22:00:00,0.4564
2050-08-03 23:00:00,0.4826
2050-08-04 00:00:00,0.499
2050-08-04 01:00:00,0.515
2050-08-04 02:00:00,0.5183
2050-08-04 03:00:00,0.4956
2050-08-04 04:00:00,0.4577
2050-08-04 05:00:00,0.4001
2050-08-04 06:00:00,0.3543
2050-08-04 07:00:00,0.3209
2050-08-04 08:00:00,0.3174
2050-08-04 09:00:00,0.3493
2050-08-04 10:00:00,0.3918
2050-08-04 11:00:00,0.407
2050-08-04 12:00:00,0.384
2050-08-04 13:00:00,0.3411
2050-08-04 14:00:00,0.2973
2050-08-04 15:00:00,0.2725
2050-08-04 16:00:00,0.2749
2050-08-04 17:00:00,0.2612
2050-08-04 18:00:00,0.2292
2050-08-04 19:00:00,0.2032
2050-08-04 20:00:00,0.2047
2050-08-04 21:00:00,0.2311
2050-08-04 22:00:00,0.2758
2050-08-04 23:00:00,0.3273
2050-08-05 00:00:00,0.3653
2050-08-05 01:00:00,0.3722
2050-08-05 02:00:00,0.3633
2050-08-05 03:00:00,0.3405
2050-08-05 04:00:00,0.3283
2050-08-05 05:00:00,0.3437
2050-08-05 06:00:00,0.3775
2050-08-05 07:00:00,0.4043
2050-08-05 08:00:00,0.4157
2050-08-05 09:00:00,0.4282
2050-08-05 10:00:00,0.4374
2050-08-05 11:00:00,0.4321
2050-08-05 12:00:00,0.4133
2050-08-05 13:00:00,0.3863
2050-08-05 14:00:00,0.362
2050-08-05 15:00:00,0.3363
2050-08-05 16:00:00,0.3205
2050-08-05 17:00:00,0.3202
2050-08-05 18:00:00,0.3327
2050-08-05 19:00:00,0.359
2050-08-05 20:00:00,0.3892
2050-08-05 21:00:00,0.4199
2050-08-05 22:00:00,0.4532
2050-08-05 23:00:00,0.4874
2050-08-06 00:00:00,0.5129
2050-08-06 01:00:00,0.5359
2050-08-06 02:00:00,0.5412
2050-08-06 03:00:00,0.5368
2050-08-06 04:00:00,0.5454
2050-08-06 05:00:00,0.5613
2050-08-06 06:00:00,0.5646
2050-08-06 07:00:00,0.5563
2050-08-06 08:00:00,0.5428
2050-08-06 09:00:00,0.5213
2050-08-06 10:00:00,0.4751
2050-08-06 11:00:00,0.403
2050-08-06 12:00:00,0.3351
2050-08-06 13:00:00,0.295
2050-08-06 14:00:00,0.2918
2050-08-06 15:00:00,0.3118
2050-08-06 16:00:00,0.3385
2050-08-06 17:00:00,0.3601
2050-08-06 18:00:00,0.3802
2050-08-06 19:00:00,0.389
2050-08-06 20:00:00,0.3875
2050-08-06 21:00:00,0.3972
2050-08-06 22:00:00,0.4034
2050-08-06 23:00:00,0.3742
2050-08-07 00:00:00,0.3407
2050-08-07 01:00:00,0.3009
2050-08-07 02:00:00,0.2696
2050-08-07 03:00:00,0.2494
2050-08-07 04:00:00,0.2286
2050-08-07 05:00:00,0.2163
2050-08-07 06:00:00,0.2268
2050-08-07 07:00:00,0.2439
2050-08-07 08:00:00,0.254
2050-08-07 09:00:00,0.2877
2050-08-07 10:00:00,0.3537
2050-08-07 11:00:00,0.4336
2050-08-07 12:00:00,0.5161
2050-08-07 13:00:00,0.583
2050-08-07 14:00:00,0.6173
2050-08-07 15:00:00,0.6247
2050-08-07 16:00:00,0.6069
2050-08-07 17:00:00,0.5987
2050-08-07 18:00:00,0.6234
2050-08-07 19:00:00,0.6418
2050-08-07 20:00:00,0.6569
2050-08-07 21:00:00,0.6412
2050-08-07 22:00:00,0.6147
2050-08-07 23:00:00,0.5947
2050-08-08 00:00:00,0.5765
2050-08-08 01:00:00,0.5489
2050-08-08 02:00:00,0.5009
2050-08-08 03:00:00,0.4413
2050-08-08 04:00:00,0.3663
2050-08-08 05:00:00,0.3534
2050-08-08 06:00:00,0.3804
2050-08-08 07:00:00,0.404
2050-08-08 08:00:00,0.4529
2050-08-08 09:00:00,0.5118
2050-08-08 10:00:00,0.5584
2050-08-08 11:00:00,0.5988
2050-08-08 12:00:00,0.6345
2050-08-08 13:00:00,0.6545
2050-08-08 14:00:00,0.6732
2050-08-08 15:00:00,0.7006
2050-08-08 16:00:00,0.718
2050-08-08 17:00:00,0.7344
2050-08-08 18:00:00,0.7631
2050-08-08 19:00:00,0.8226
2050-08-08 20:00:00,0.8786
2050-08-08 21:00:00,0.9161
2050-08-08 22:00:00,0.9476
2050-08-08 23:00:00,0.9626
2050-08-09 00:00:00,0.9673
2050-08-09 01:00:00,0.9698
2050-08-09 02:00:00,0.9767
2050-08-09 03:00:00,0.9748
2050-08-09 04:00:00,0.9699
2050-08-09 05:00:00,0.9797
2050-08-09 06:00:00,0.973
2050-08-09 07:00:00,0.9714
2050-08-09 08:00:00,0.9611
2050-08-09 09:00:00,0.9532
2050-08-09 10:00:00,0.9424
2050-08-09 11:00:00,0.921
2050-08-09 12:00:00,0.8856
2050-08-09 13:00:00,0.8286
2050-08-09 14:00:00,0.765
2050-08-09 15:00:00,0.6855
2050-08-09 16:00:00,0.6134
2050-08-09 17:00:00,0.5875
2050-08-09 18:00:00,0.5576
2050-08-09 19:00:00,0.5356
2050-08-09 20:00:00,0.5298
2050-08-09 21:00:00,0.5187
2050-08-09 22:00:00,0.4989
2050-08-09 23:00:00,0.4724
2050-08-10 00:00:00,0.464
2050-08-10 01:00:00,0.4925
2050-08-10 02:00:00,0.5365
2050-08-10 03:00:00,0.5664
2050-08-10 04:00:00,0.5584
2050-08-10 05:00:00,0.5491
2050-08-10 06:00:00,0.5455
2050-08-10 07:00:00,0.5531
2050-08-10 08:00:00,0.5944
2050-08-10 09:00:00,0.6527
2050-08-10 10:00:00,0.7146
2050-08-10 11:00:00,0.7655
2050-08-10 12:00:00,0.7917
2050-08-10 13:00:00,0.7966
2050-08-10 14:00:00,0.76
2050-08-10 15:00:00,0.7222
2050-08-10 16:00:00,0.7009
2050-08-10 17:00:00,0.6597
2050-08-10 18:00:00,0.6142
2050-08-10 19:00:00,0.569
2050-08-10 20:00:00,0.5306
2050-08-10 21:00:00,0.4807
2050-08-10 22:00:00,0.411
2050-08-10 23:00:00,0.334
2050-08-11 00:00:00,0.2672
2050-08-11 01:00:00,0.2232
2050-08-11 02:00:00,0.2007
2050-08-11 03:00:00,0.1856
2050-08-11 04:00:00,0.1657
2050-08-11 05:00:00,0.1366
2050-08-11 06:00:00,0.117
2050-08-11 07:00:00,0.1104
2050-08-11 08:00:00,0.12
2050-08-11 09:00:00,0.1309
2050-08-11 10:00:00,0.1298
2050-08-11 11:00:00,0.1258
2050-08-11 12:00:00,0.1319
2050-08-11 13:00:00,0.1408
2050-08-11 14:00:00,0.1528
2050-08-11 15:00:00,0.184
2050-08-11 16:00:00,0.2326
2050-08-11 17:00:00,0.2876
2050-08-11 18:00:00,0.344
2050-08-11 19:00:00,0.4061
2050-08-11 20:00:00,0.4708
2050-08-11 21:00:00,0.5163
2050-08-11 22:00:00,0.5409
2050-08-11 23:00:00,0.5512
2050-08-12 00:00:00,0.551
2050-08-12 01:00:00,0.5545
2050-08-12 02:00:00,0.5711
2050-08-12 03:00:00,0.6115
2050-08-12 04:00:00,0.6772
2050-08-12 05:00:00,0.7427
2050-08-12 06:00:00,0.7694
2050-08-12 07:00:00,0.7701
2050-08-12 08:00:00,0.7792
2050-08-12 09:00:00,0.8012
2050-08-12 10:00:00,0.8254
2050-08-12 11:00:00,0.8472
2050-08-12 12:00:00,0.8676
2050-08-12 13:00:00,0.8854
2050-08-12 14:00:00,0.8967
2050-08-12 15:00:00,0.9064
2050-08-12 16:00:00,0.9125
2050-08-12 17:00:00,0.9164
2050-08-12 18:00:00,0.9183
2050-08-12 19:00:00,0.9169
2050-08-12 20:00:00,0.9079
2050-08-12 21:00:00,0.8882
2050-08-12 22:00:00,0.8679
2050-08-12 23:00:00,0.834
2050-08-13 00:00:00,0.7853
2050-08-13 01:00:00,0.7093
2050-08-13 02:00:00,0.5854
2050-08-13 03:00:00,0.4653
2050-08-13 04:00:00,0.4069
2050-08-13 05:00:00,0.3379
2050-08-13 06:00:00,0.2253
2050-08-13 07:00:00,0.1375
2050-08-13 08:00:00,0.113
2050-08-13 09:00:00,0.1482
2050-08-13 10:00:00,0.1648
2050-08-13 11:00:00,0.1599
2050-08-13 12:00:00,0.1561
2050-08-13 13:00:00,0.1384
2050-08-13 14:00:00,0.1126
2050-08-13 15:00:00,0.0905
2050-08-13 16:00:00,0.0741
2050-08-13 17:00:00,0.0681
2050-08-13 18:00:00,0.0876
2050-08-13 19:00:00,0.1217
2050-08-13 20:00:00,0.1495
2050-08-13 21:00:00,0.1448
2050-08-13 22:00:00,0.2363
2050-08-13 23:00:00,0.2599
2050-08-14 00:00:00,0.1384
2050-08-14 01:00:00,0.1007
2050-08-14 02:00:00,0.1699
2050-08-14 03:00:00,0.0994
2050-08-14 04:00:00,0.0425
2050-08-14 05:00:00,0.0597
2050-08-14 06:00:00,0.1334
2050-08-14 07:00:00,0.2084
2050-08-14 08:00:00,0.2517
2050-08-14 09:00:00,0.2675
2050-08-14 10:00:00,0.2424
2050-08-14 11:00:00,0.1919
2050-08-14 12:00:00,0.1448
2050-08-14 13:00:00,0.1156
2050-08-14 14:00:00,0.0993
2050-08-14 15:00:00,0.0979
2050-08-14 16:00:00,0.112
2050-08-14 17:00:00,0.1235
2050-08-14 18:00:00,0.1214
2050-08-14 19:00:00,0.0937
2050-08-14 20:00:00,0.0609
2050-08-14 21:00:00,0.0625
2050-08-14 22:00:00,0.086
2050-08-14 23:00:00,0.0822
2050-08-15 00:00:00,0.0654
2050-08-15 01:00:00,0.0752
2050-08-15 02:00:00,0.1133
2050-08-15 03:00:00,0.1555
2050-08-15 04:00:00,0.2098
2050-08-15 05:00:00,0.2812
2050-08-15 06:00:00,0.3738
2050-08-15 07:00:00,0.4809
2050-08-15 08:00:00,0.5875
2050-08-15 09:00:00,0.684
2050-08-15 10:00:00,0.7669
2050-08-15 11:00:00,0.8364
2050-08-15 12:00:00,0.887
2050-08-15 13:00:00,0.9167
2050-08-15 14:00:00,0.9287
2050-08-15 15:00:00,0.939
2050-08-15 16:00:00,0.9462
2050-08-15 17:00:00,0.9458
2050-08-15 18:00:00,0.9453
2050-08-15 19:00:00,0.9472
2050-08-15 20:00:00,0.9415
2050-08-15 21:00:00,0.9321
2050-08-15 22:00:00,0.902
2050-08-15 23:00:00,0.8305
2050-08-16 00:00:00,0.7074
2050-08-16 01:00:00,0.5813
2050-08-16 02:00:00,0.4803
2050-08-16 03:00:00,0.4058
2050-08-16 04:00:00,0.372
2050-08-16 05:00:00,0.3532
2050-08-16 06:00:00,0.3644
2050-08-16 07:00:00,0.3802
2050-08-16 08:00:00,0.3859
2050-08-16 09:00:00,0.3699
2050-08-16 10:00:00,0.3362
2050-08-16 11:00:00,0.2877
2050-08-16 12:00:00,0.2339
2050-08-16 13:00:00,0.1931
2050-08-16 14:00:00,0.1657
2050-08-16 15:00:00,0.1408
2050-08-16 16:00:00,0.1168
2050-08-16 17:00:00,0.103
2050-08-16 18:00:00,0.1006
2050-08-16 19:00:00,0.0961
2050-08-16 20:00:00,0.0862
2050-08-16 21:00:00,0.0806
2050-08-16 22:00:00,0.0876
2050-08-16 23:00:00,0.1008
2050-08-17 00:00:00,0.1085
2050-08-17 01:00:00,0.1135
2050-08-17 02:00:00,0.1163
2050-08-17 03:00:00,0.1146
2050-08-17 04:00:00,0.1092
2050-08-17 05:00:00,0.1024
2050-08-17 06:00:00,0.0968
2050-08-17 07:00:00,0.0919
2050-08-17 08:00:00,0.0844
2050-08-17 09:00:00,0.0739
2050-08-17 10:00:00,0.0635
2050-08-17 11:00:00,0.0558
2050-08-17 12:00:00,0.0485
2050-08-17 13:00:00,0.0415
2050-08-17 14:00:00,0.0332
2050-08-17 15:00:00,0.0215
2050-08-17 16:00:00,0.0142
2050-08-17 17:00:00,0.0124
2050-08-17 18:00:00,0.0182
2050-08-17 19:00:00,0.0279
2050-08-17 20:00:00,0.0333
2050-08-17 21:00:00,0.0336
2050-08-17 22:00:00,0.0354
2050-08-17 23:00:00,0.0427
2050-08-18 00:00:00,0.056
2050-08-18 01:00:00,0.0736
2050-08-18 02:00:00,0.0934
2050-08-18 03:00:00,0.1051
2050-08-18 04:00:00,0.1112
2050-08-18 05:00:00,0.1247
2050-08-18 06:00:00,0.1589
2050-08-18 07:00:00,0.2126
2050-08-18 08:00:00,0.2813
2050-08-18 09:00:00,0.3407
2050-08-18 10:00:00,0.4028
2050-08-18 11:00:00,0.4646
2050-08-18 12:00:00,0.5121
2050-08-18 13:00:00,0.5354
2050-08-18 14:00:00,0.5457
2050-08-18 15:00:00,0.5514
2050-08-18 16:00:00,0.5524
2050-08-18 17:00:00,0.5433
2050-08-18 18:00:00,0.5034
2050-08-18 19:00:00,0.4608
2050-08-18 20:00:00,0.4183
2050-08-18 21:00:00,0.3728
2050-08-18 22:00:00,0.3324
2050-08-18 23:00:00,0.3104
2050-08-19 00:00:00,0.3199
2050-08-19 01:00:00,0.3057
2050-08-19 02:00:00,0.2209
2050-08-19 03:00:00,0.1396
2050-08-19 04:00:00,0.1167
2050-08-19 05:00:00,0.1105
2050-08-19 06:00:00,0.0942
2050-08-19 07:00:00,0.079
2050-08-19 08:00:00,0.0973
2050-08-19 09:00:00,0.1581
2050-08-19 10:00:00,0.2548
2050-08-19 11:00:00,0.3806
2050-08-19 12:00:00,0.4995
2050-08-19 13:00:00,0.5971
2050-08-19 14:00:00,0.6851
2050-08-19 15:00:00,0.7521
2050-08-19 16:00:00,0.7862
2050-08-19 17:00:00,0.7904
2050-08-19 18:00:00,0.7836
2050-08-19 19:00:00,0.802
2050-08-19 20:00:00,0.8329
2050-08-19 21:00:00,0.8564
2050-08-19 22:00:00,0.8721
2050-08-19 23:00:00,0.8814
2050-08-20 00:00:00,0.8846
2050-08-20 01:00:00,0.8843
2050-08-20 02:00:00,0.8899
2050-08-20 03:00:00,0.8919
2050-08-20 04:00:00,0.8879
2050-08-20 05:00:00,0.8787
2050-08-20 06:00:00,0.8615
2050-08-20 07:00:00,0.8487
2050-08-20 08:00:00,0.8322
2050-08-20 09:00:00,0.8128
2050-08-20 10:00:00,0.7965
2050-08-20 11:00:00,0.7768
2050-08-20 12:00:00,0.7826
2050-08-20 13:00:00,0.8094
2050-08-20 14:00:00,0.7418
2050-08-20 15:00:00,0.645
2050-08-20 16:00:00,0.5832
2050-08-20 17:00:00,0.5522
2050-08-20 18:00:00,0.5417
2050-08-20 19:00:00,0.5979
2050-08-20 20:00:00,0.7108
2050-08-20 21:00:00,0.7707
2050-08-20 22:00:00,0.81
2050-08-20 23:00:00,0.8371
2050-08-21 00:00:00,0.8431
2050-08-21 01:00:00,0.8784
2050-08-21 02:00:00,0.9094
2050-08-21 03:00:00,0.9225
2050-08-21 04:00:00,0.9302
2050-08-21 05:00:00,0.9396
2050-08-21 06:00:00,0.9426
2050-08-21 07:00:00,0.9435
2050-08-21 08:00:00,0.9432
2050-08-21 09:00:00,0.9369
2050-08-21 10:00:00,0.9318
2050-08-21 11:00:00,0.9278
2050-08-21 12:00:00,0.9139
2050-08-21 13:00:00,0.8829
2050-08-21 14:00:00,0.8567
2050-08-21 15:00:00,0.8459
2050-08-21 16:00:00,0.8455
2050-08-21 17:00:00,0.8415
2050-08-21 18:00:00,0.8353
2050-08-21 19:00:00,0.8352
2050-08-21 20:00:00,0.8467
2050-08-21 21:00:00,0.853
2050-08-21 22:00:00,0.8558
2050-08-21 23:00:00,0.8606
2050-08-22 00:00:00,0.8755
2050-08-22 01:00:00,0.9005
2050-08-22 02:00:00,0.9227
2050-08-22 03:00:00,0.9418
2050-08-22 04:00:00,0.9598
2050-08-22 05:00:00,0.9734
2050-08-22 06:00:00,0.9836
2050-08-22 07:00:00,0.9877
2050-08-22 08:00:00,0.9862
2050-08-22 09:00:00,0.9847
2050-08-22 10:00:00,0.9827
2050-08-22 11:00:00,0.9812
2050-08-22 12:00:00,0.9806
2050-08-22 13:00:00,0.9823
2050-08-22 14:00:00,0.9861
2050-08-22 15:00:00,0.989
2050-08-22 16:00:00,0.9889
2050-08-22 17:00:00,0.9879
2050-08-22 18:00:00,0.9847
2050-08-22 19:00:00,0.9768
2050-08-22 20:00:00,0.9588
2050-08-22 21:00:00,0.9066
2050-08-22 22:00:00,0.9008
2050-08-22 23:00:00,0.9209
2050-08-23 00:00:00,0.9264
2050-08-23 01:00:00,0.9434
2050-08-23 02:00:00,0.9567
2050-08-23 03:00:00,0.9599
2050-08-23 04:00:00,0.9749
2050-08-23 05:00:00,0.9834
2050-08-23 06:00:00,0.9611
2050-08-23 07:00:00,0.9042
2050-08-23 08:00:00,0.8178
2050-08-23 09:00:00,0.7631
2050-08-23 10:00:00,0.7561
2050-08-23 11:00:00,0.825
2050-08-23 12:00:00,0.9131
2050-08-23 13:00:00,0.957
2050-08-23 14:00:00,0.948
2050-08-23 15:00:00,0.8893
2050-08-23 16:00:00,0.7775
2050-08-23 17:00:00,0.6383
2050-08-23 18:00:00,0.4687
2050-08-23 19:00:00,0.3609
2050-08-23 20:00:00,0.3372
2050-08-23 21:00:00,0.3696
2050-08-23 22:00:00,0.4785
2050-08-23 23:00:00,0.6141
2050-08-24 00:00:00,0.7259
2050-08-24 01:00:00,0.7703
2050-08-24 02:00:00,0.7823
2050-08-24 03:00:00,0.7573
2050-08-24 04:00:00,0.6985
2050-08-24 05:00:00,0.6447
2050-08-24 06:00:00,0.6074
2050-08-24 07:00:00,0.5665
2050-08-24 08:00:00,0.4862
2050-08-24 09:00:00,0.371
2050-08-24 10:00:00,0.3026
2050-08-24 11:00:00,0.2944
2050-08-24 12:00:00,0.3208
2050-08-24 13:00:00,0.3876
2050-08-24 14:00:00,0.4337
2050-08-24 15:00:00,0.4755
2050-08-24 16:00:00,0.5644
2050-08-24 17:00:00,0.6585
2050-08-24 18:00:00,0.731
2050-08-24 19:00:00,0.8101
2050-08-24 20:00:00,0.8473
2050-08-24 21:00:00,0.817
2050-08-24 22:00:00,0.825
2050-08-24 23:00:00,0.854
2050-08-25 00:00:00,0.8749
2050-08-25 01:00:00,0.883
2050-08-25 02:00:00,0.8902
2050-08-25 03:00:00,0.9055
2050-08-25 04:00:00,0.9169
2050-08-25 05:00:00,0.9131
2050-08-25 06:00:00,0.8953
2050-08-25 07:00:00,0.8718
2050-08-25 08:00:00,0.8408
2050-08-25 09:00:00,0.82
2050-08-25 10:00:00,0.8233
2050-08-25 11:00:00,0.8422
2050-08-25 12:00:00,0.8634
2050-08-25 13:00:00,0.8833
2050-08-25 14:00:00,0.9051
2050-08-25 15:00:00,0.9211
2050-08-25 16:00:00,0.9335
2050-08-25 17:00:00,0.9467
2050-08-25 18:00:00,0.9578
2050-08-25 19:00:00,0.9647
2050-08-25 20:00:00,0.9689
2050-08-25 21:00:00,0.9722
2050-08-25 22:00:00,0.9725
2050-08-25 23:00:00,0.9692
2050-08-26 00:00:00,0.9625
2050-08-26 01:00:00,0.9524
2050-08-26 02:00:00,0.933
2050-08-26 03:00:00,0.9039
2050-08-26 04:00:00,0.8679
2050-08-26 05:00:00,0.8329
2050-08-26 06:00:00,0.8008
2050-08-26 07:00:00,0.7694
2050-08-26 08:00:00,0.7398
2050-08-26 09:00:00,0.7013
2050-08-26 10:00:00,0.6641
2050-08-26 11:00:00,0.6344
2050-08-26 12:00:00,0.598
2050-08-26 13:00:00,0.5614
2050-08-26 14:00:00,0.5263
2050-08-26 15:00:00,0.4863
2050-08-26 16:00:00,0.4441
2050-08-26 17:00:00,0.4157
2050-08-26 18:00:00,0.4185
2050-08-26 19:00:00,0.4207
2050-08-26 20:00:00,0.4315
2050-08-26 21:00:00,0.4643
2050-08-26 22:00:00,0.5241
2050-08-26 23:00:00,0.5844
2050-08-27 00:00:00,0.6243
2050-08-27 01:00:00,0.6621
2050-08-27 02:00:00,0.7076
2050-08-27 03:00:00,0.7348
2050-08-27 04:00:00,0.7659
2050-08-27 05:00:00,0.7891
2050-08-27 06:00:00,0.8048
2050-08-27 07:00:00,0.8103
2050-08-27 08:00:00,0.8036
2050-08-27 09:00:00,0.7762
2050-08-27 10:00:00,0.7284
2050-08-27 11:00:00,0.6849
2050-08-27 12:00:00,0.657
2050-08-27 13:00:00,0.6386
2050-08-27 14:00:00,0.6152
2050-08-27 15:00:00,0.5758
2050-08-27 16:00:00,0.5425
2050-08-27 17:00:00,0.535
2050-08-27 18:00:00,0.5532
2050-08-27 19:00:00,0.5839
2050-08-27 20:00:00,0.6041
2050-08-27 21:00:00,0.6142
2050-08-27 22:00:00,0.603
2050-08-27 23:00:00,0.5707
2050-08-28 00:00:00,0.5366
2050-08-28 01:00:00,0.4883
2050-08-28 02:00:00,0.421
2050-08-28 03:00:00,0.3618
2050-08-28 04:00:00,0.3216
2050-08-28 05:00:00,0.3151
2050-08-28 06:00:00,0.3336
2050-08-28 07:00:00,0.3431
2050-08-28 08:00:00,0.3379
2050-08-28 09:00:00,0.3362
2050-08-28 10:00:00,0.3691
2050-08-28 11:00:00,0.4505
2050-08-28 12:00:00,0.5412
2050-08-28 13:00:00,0.6038
2050-08-28 14:00:00,0.6334
2050-08-28 15:00:00,0.6429
2050-08-28 16:00:00,0.6393
2050-08-28 17:00:00,0.6379
2050-08-28 18:00:00,0.6473
2050-08-28 19:00:00,0.6638
2050-08-28 20:00:00,0.6792
2050-08-28 21:00:00,0.6841
2050-08-28 22:00:00,0.6765
2050-08-28 23:00:00,0.6594
2050-08-29 00:00:00,0.6341
2050-08-29 01:00:00,0.5835
2050-08-29 02:00:00,0.4947
2050-08-29 03:00:00,0.4119
2050-08-29 04:00:00,0.3704
2050-08-29 05:00:00,0.3736
2050-08-29 06:00:00,0.4113
2050-08-29 07:00:00,0.4494
2050-08-29 08:00:00,0.4737
2050-08-29 09:00:00,0.4825
2050-08-29 10:00:00,0.4962
2050-08-29 11:00:00,0.5051
2050-08-29 12:00:00,0.4775
2050-08-29 13:00:00,0.4297
2050-08-29 14:00:00,0.4017
2050-08-29 15:00:00,0.3583
2050-08-29 16:00:00,0.3011
2050-08-29 17:00:00,0.2481
2050-08-29 18:00:00,0.2029
2050-08-29 19:00:00,0.1712
2050-08-29 20:00:00,0.1622
2050-08-29 21:00:00,0.1639
2050-08-29 22:00:00,0.1679
2050-08-29 23:00:00,0.1737
2050-08-30 00:00:00,0.1807
2050-08-30 01:00:00,0.1783
2050-08-30 02:00:00,0.1749
2050-08-30 03:00:00,0.1637
2050-08-30 04:00:00,0.1433
2050-08-30 05:00:00,0.1374
2050-08-30 06:00:00,0.1434
2050-08-30 07:00:00,0.156
2050-08-30 08:00:00,0.1744
2050-08-30 09:00:00,0.2007
2050-08-30 10:00:00,0.2337
2050-08-30 11:00:00,0.2796
2050-08-30 12:00:00,0.3293
2050-08-30 13:00:00,0.3702
2050-08-30 14:00:00,0.3972
2050-08-30 15:00:00,0.415
2050-08-30 16:00:00,0.4189
2050-08-30 17:00:00,0.4098
2050-08-30 18:00:00,0.4043
2050-08-30 19:00:00,0.4038
2050-08-30 20:00:00,0.4033
2050-08-30 21:00:00,0.4151
2050-08-30 22:00:00,0.4265
2050-08-30 23:00:00,0.4281
2050-08-31 00:00:00,0.4257
2050-08-31 01:00:00,0.4255
2050-08-31 02:00:00,0.4257
2050-08-31 03:00:00,0.4363
2050-08-31 04:00:00,0.4704
2050-08-31 05:00:00,0.5184
2050-08-31 06:00:00,0.5616
2050-08-31 07:00:00,0.6007
2050-08-31 08:00:00,0.6366
2050-08-31 09:00:00,0.6573
2050-08-31 10:00:00,0.6661
2050-08-31 11:00:00,0.6956
2050-08-31 12:00:00,0.7416
2050-08-31 13:00:00,0.7828
2050-08-31 14:00:00,0.8094
2050-08-31 15:00:00,0.8272
2050-08-31 16:00:00,0.8423
2050-08-31 17:00:00,0.8562
2050-08-31 18:00:00,0.8704
2050-08-31 19:00:00,0.8822
2050-08-31 20:00:00,0.891
2050-08-31 21:00:00,0.8951
2050-08-31 22:00:00,0.8952
2050-08-31 23:00:00,0.8895
2050-09-01 00:00:00,0.8811
2050-09-01 01:00:00,0.8735
2050-09-01 02:00:00,0.8707
2050-09-01 03:00:00,0.8722
2050-09-01 04:00:00,0.88
2050-09-01 05:00:00,0.8848
2050-09-01 06:00:00,0.8818
2050-09-01 07:00:00,0.8655
2050-09-01 08:00:00,0.8433
2050-09-01 09:00:00,0.8322
2050-09-01 10:00:00,0.8393
2050-09-01 11:00:00,0.8684
2050-09-01 12:00:00,0.8965
2050-09-01 13:00:00,0.9126
2050-09-01 14:00:00,0.9239
2050-09-01 15:00:00,0.9297
2050-09-01 16:00:00,0.931
2050-09-01 17:00:00,0.9305
2050-09-01 18:00:00,0.9246
2050-09-01 19:00:00,0.9158
2050-09-01 20:00:00,0.9037
2050-09-01 21:00:00,0.8888
2050-09-01 22:00:00,0.8649
2050-09-01 23:00:00,0.8272
2050-09-02 00:00:00,0.7898
2050-09-02 01:00:00,0.7427
2050-09-02 02:00:00,0.688
2050-09-02 03:00:00,0.6248
2050-09-02 04:00:00,0.5741
2050-09-02 05:00:00,0.5356
2050-09-02 06:00:00,0.5045
2050-09-02 07:00:00,0.4892
2050-09-02 08:00:00,0.5018
2050-09-02 09:00:00,0.5312
2050-09-02 10:00:00,0.5651
2050-09-02 11:00:00,0.5969
2050-09-02 12:00:00,0.6135
2050-09-02 13:00:00,0.6057
2050-09-02 14:00:00,0.5873
2050-09-02 15:00:00,0.5557
2050-09-02 16:00:00,0.5166
2050-09-02 17:00:00,0.4919
2050-09-02 18:00:00,0.4865
2050-09-02 19:00:00,0.4741
2050-09-02 20:00:00,0.465
2050-09-02 21:00:00,0.4403
2050-09-02 22:00:00,0.4279
2050-09-02 23:00:00,0.4137
2050-09-03 00:00:00,0.3962
2050-09-03 01:00:00,0.3744
2050-09-03 02:00:00,0.3362
2050-09-03 03:00:00,0.2913
2050-09-03 04:00:00,0.2471
2050-09-03 05:00:00,0.2217
2050-09-03 06:00:00,0.2198
2050-09-03 07:00:00,0.2353
2050-09-03 08:00:00,0.248
2050-09-03 09:00:00,0.258
2050-09-03 10:00:00,0.2765
2050-09-03 11:00:00,0.3141
2050-09-03 12:00:00,0.3485
2050-09-03 13:00:00,0.3773
2050-09-03 14:00:00,0.4028
2050-09-03 15:00:00,0.4052
2050-09-03 16:00:00,0.3912
2050-09-03 17:00:00,0.3699
2050-09-03 18:00:00,0.3457
2050-09-03 19:00:00,0.3363
2050-09-03 20:00:00,0.3247
2050-09-03 21:00:00,0.2858
2050-09-03 22:00:00,0.2225
2050-09-03 23:00:00,0.1641
2050-09-04 00:00:00,0.1131
2050-09-04 01:00:00,0.07
2050-09-04 02:00:00,0.038
2050-09-04 03:00:00,0.0242
2050-09-04 04:00:00,0.0213
2050-09-04 05:00:00,0.0267
2050-09-04 06:00:00,0.0371
2050-09-04 07:00:00,0.0463
2050-09-04 08:00:00,0.0603
2050-09-04 09:00:00,0.0798
2050-09-04 10:00:00,0.1013
2050-09-04 11:00:00,0.1283
2050-09-04 12:00:00,0.1519
2050-09-04 13:00:00,0.1644
2050-09-04 14:00:00,0.1593
2050-09-04 15:00:00,0.147
2050-09-04 16:00:00,0.146
2050-09-04 17:00:00,0.1549
2050-09-04 18:00:00,0.1854
2050-09-04 19:00:00,0.2136
2050-09-04 20:00:00,0.2403
2050-09-04 21:00:00,0.2735
2050-09-04 22:00:00,0.3198
2050-09-04 23:00:00,0.3848
2050-09-05 00:00:00,0.4539
2050-09-05 01:00:00,0.4988
2050-09-05 02:00:00,0.5274
2050-09-05 03:00:00,0.5718
2050-09-05 04:00:00,0.6401
2050-09-05 05:00:00,0.7034
2050-09-05 06:00:00,0.75
2050-09-05 07:00:00,0.7895
2050-09-05 08:00:00,0.8335
2050-09-05 09:00:00,0.8779
2050-09-05 10:00:00,0.9104
2050-09-05 11:00:00,0.934
2050-09-05 12:00:00,0.9494
2050-09-05 13:00:00,0.9585
2050-09-05 14:00:00,0.9653
2050-09-05 15:00:00,0.9706
2050-09-05 16:00:00,0.9709
2050-09-05 17:00:00,0.9699
2050-09-05 18:00:00,0.9692
2050-09-05 19:00:00,0.9688
2050-09-05 20:00:00,0.9689
2050-09-05 21:00:00,0.967
2050-09-05 22:00:00,0.9612
2050-09-05 23:00:00,0.9555
2050-09-06 00:00:00,0.9534
2050-09-06 01:00:00,0.9526
2050-09-06 02:00:00,0.9547
2050-09-06 03:00:00,0.937
2050-09-06 04:00:00,0.9247
2050-09-06 05:00:00,0.9232
2050-09-06 06:00:00,0.9218
2050-09-06 07:00:00,0.9152
2050-09-06 08:00:00,0.9067
2050-09-06 09:00:00,0.9018
2050-09-06 10:00:00,0.8997
2050-09-06 11:00:00,0.899
2050-09-06 12:00:00,0.8943
2050-09-06 13:00:00,0.8821
2050-09-06 14:00:00,0.8652
2050-09-06 15:00:00,0.8464
2050-09-06 16:00:00,0.8229
2050-09-06 17:00:00,0.8011
2050-09-06 18:00:00,0.778
2050-09-06 19:00:00,0.7349
2050-09-06 20:00:00,0.6487
2050-09-06 21:00:00,0.5518
2050-09-06 22:00:00,0.4542
2050-09-06 23:00:00,0.3604
2050-09-07 00:00:00,0.319
2050-09-07 01:00:00,0.3247
2050-09-07 02:00:00,0.358
2050-09-07 03:00:00,0.3963
2050-09-07 04:00:00,0.4113
2050-09-07 05:00:00,0.3832
2050-09-07 06:00:00,0.3417
2050-09-07 07:00:00,0.2973
2050-09-07 08:00:00,0.2498
2050-09-07 09:00:00,0.204
2050-09-07 10:00:00,0.1957
2050-09-07 11:00:00,0.2137
2050-09-07 12:00:00,0.2263
2050-09-07 13:00:00,0.2129
2050-09-07 14:00:00,0.1696
2050-09-07 15:00:00,0.129
2050-09-07 16:00:00,0.1338
2050-09-07 17:00:00,0.1953
2050-09-07 18:00:00,0.301
2050-09-07 19:00:00,0.4237
2050-09-07 20:00:00,0.5276
2050-09-07 21:00:00,0.5641
2050-09-07 22:00:00,0.5711
2050-09-07 23:00:00,0.5978
2050-09-08 00:00:00,0.6375
2050-09-08 01:00:00,0.6795
2050-09-08 02:00:00,0.7149
2050-09-08 03:00:00,0.7554
2050-09-08 04:00:00,0.7101
2050-09-08 05:00:00,0.5606
2050-09-08 06:00:00,0.4728
2050-09-08 07:00:00,0.5226
2050-09-08 08:00:00,0.5775
2050-09-08 09:00:00,0.6688
2050-09-08 10:00:00,0.6748
2050-09-08 11:00:00,0.6419
2050-09-08 12:00:00,0.6412
2050-09-08 13:00:00,0.6215
2050-09-08 14:00:00,0.5958
2050-09-08 15:00:00,0.5734
2050-09-08 16:00:00,0.5137
2050-09-08 17:00:00,0.4184
2050-09-08 18:00:00,0.3229
2050-09-08 19:00:00,0.2591
2050-09-08 20:00:00,0.2236
2050-09-08 21:00:00,0.2071
2050-09-08 22:00:00,0.2049
2050-09-08 23:00:00,0.2108
2050-09-09 00:00:00,0.2157
2050-09-09 01:00:00,0.1975
2050-09-09 02:00:00,0.1531
2050-09-09 03:00:00,0.0982
2050-09-09 04:00:00,0.0711
2050-09-09 05:00:00,0.0736
2050-09-09 06:00:00,0.1064
2050-09-09 07:00:00,0.2204
2050-09-09 08:00:00,0.4146
2050-09-09 09:00:00,0.5791
2050-09-09 10:00:00,0.7037
2050-09-09 11:00:00,0.8153
2050-09-09 12:00:00,0.8833
2050-09-09 13:00:00,0.9212
2050-09-09 14:00:00,0.9452
2050-09-09 15:00:00,0.9521
2050-09-09 16:00:00,0.9499
2050-09-09 17:00:00,0.9455
2050-09-09 18:00:00,0.9339
2050-09-09 19:00:00,0.9153
2050-09-09 20:00:00,0.8823
2050-09-09 21:00:00,0.8362
2050-09-09 22:00:00,0.7938
2050-09-09 23:00:00,0.7787
2050-09-10 00:00:00,0.7895
2050-09-10 01:00:00,0.8205
2050-09-10 02:00:00,0.856
2050-09-10 03:00:00,0.8898
2050-09-10 04:00:00,0.9175
2050-09-10 05:00:00,0.9415
2050-09-10 06:00:00,0.962
2050-09-10 07:00:00,0.9762
2050-09-10 08:00:00,0.9848
2050-09-10 09:00:00,0.9885
2050-09-10 10:00:00,0.9892
2050-09-10 11:00:00,0.989
2050-09-10 12:00:00,0.9879
2050-09-10 13:00:00,0.9851
2050-09-10 14:00:00,0.981
2050-09-10 15:00:00,0.9712
2050-09-10 16:00:00,0.9546
2050-09-10 17:00:00,0.9357
2050-09-10 18:00:00,0.9101
2050-09-10 19:00:00,0.8774
2050-09-10 20:00:00,0.8423
2050-09-10 21:00:00,0.8059
2050-09-10 22:00:00,0.7716
2050-09-10 23:00:00,0.7385
2050-09-11 00:00:00,0.7093
2050-09-11 01:00:00,0.6835
2050-09-11 02:00:00,0.689
2050-09-11 03:00:00,0.7188
2050-09-11 04:00:00,0.7686
2050-09-11 05:00:00,0.8119
2050-09-11 06:00:00,0.8381
2050-09-11 07:00:00,0.8518
2050-09-11 08:00:00,0.8555
2050-09-11 09:00:00,0.8497
2050-09-11 10:00:00,0.8385
2050-09-11 11:00:00,0.8263
2050-09-11 12:00:00,0.8152
2050-09-11 13:00:00,0.8069
2050-09-11 14:00:00,0.7972
2050-09-11 15:00:00,0.7651
2050-09-11 16:00:00,0.7
2050-09-11 17:00:00,0.6232
2050-09-11 18:00:00,0.5404
2050-09-11 19:00:00,0.4705
2050-09-11 20:00:00,0.4341
2050-09-11 21:00:00,0.4415
2050-09-11 22:00:00,0.4632
2050-09-11 23:00:00,0.4651
2050-09-12 00:00:00,0.452
2050-09-12 01:00:00,0.4463
2050-09-12 02:00:00,0.4488
2050-09-12 03:00:00,0.4401
2050-09-12 04:00:00,0.416
2050-09-12 05:00:00,0.3846
2050-09-12 06:00:00,0.3553
2050-09-12 07:00:00,0.3329
2050-09-12 08:00:00,0.3264
2050-09-12 09:00:00,0.3383
2050-09-12 10:00:00,0.3638
2050-09-12 11:00:00,0.4013
2050-09-12 12:00:00,0.4405
2050-09-12 13:00:00,0.4737
2050-09-12 14:00:00,0.4949
2050-09-12 15:00:00,0.5159
2050-09-12 16:00:00,0.5457
2050-09-12 17:00:00,0.5781
2050-09-12 18:00:00,0.6131
2050-09-12 19:00:00,0.6532
2050-09-12 20:00:00,0.6927
2050-09-12 21:00:00,0.716
2050-09-12 22:00:00,0.7207
2050-09-12 23:00:00,0.7126
2050-09-13 00:00:00,0.7033
2050-09-13 01:00:00,0.7115
2050-09-13 02:00:00,0.7288
2050-09-13 03:00:00,0.735
2050-09-13 04:00:00,0.721
2050-09-13 05:00:00,0.6875
2050-09-13 06:00:00,0.6442
2050-09-13 07:00:00,0.6114
2050-09-13 08:00:00,0.5864
2050-09-13 09:00:00,0.571
2050-09-13 10:00:00,0.5761
2050-09-13 11:00:00,0.5886
2050-09-13 12:00:00,0.566
2050-09-13 13:00:00,0.5386
2050-09-13 14:00:00,0.5054
2050-09-13 15:00:00,0.4669
2050-09-13 16:00:00,0.4667
2050-09-13 17:00:00,0.4193
2050-09-13 18:00:00,0.3904
2050-09-13 19:00:00,0.3695
2050-09-13 20:00:00,0.3083
2050-09-13 21:00:00,0.2572
2050-09-13 22:00:00,0.234
2050-09-13 23:00:00,0.2128
2050-09-14 00:00:00,0.2149
2050-09-14 01:00:00,0.2197
2050-09-14 02:00:00,0.2225
2050-09-14 03:00:00,0.2286
2050-09-14 04:00:00,0.2293
2050-09-14 05:00:00,0.2233
2050-09-14 06:00:00,0.2138
2050-09-14 07:00:00,0.2112
2050-09-14 08:00:00,0.2267
2050-09-14 09:00:00,0.2705
2050-09-14 10:00:00,0.3285
2050-09-14 11:00:00,0.3857
2050-09-14 12:00:00,0.4301
2050-09-14 13:00:00,0.4517
2050-09-14 14:00:00,0.4417
2050-09-14 15:00:00,0.4081
2050-09-14 16:00:00,0.3825
2050-09-14 17:00:00,0.3721
2050-09-14 18:00:00,0.3621
2050-09-14 19:00:00,0.3551
2050-09-14 20:00:00,0.3453
2050-09-14 21:00:00,0.3435
2050-09-14 22:00:00,0.3426
2050-09-14 23:00:00,0.3424
2050-09-15 00:00:00,0.3459
2050-09-15 01:00:00,0.3454
2050-09-15 02:00:00,0.3362
2050-09-15 03:00:00,0.3097
2050-09-15 04:00:00,0.2837
2050-09-15 05:00:00,0.2686
2050-09-15 06:00:00,0.2603
2050-09-15 07:00:00,0.2537
2050-09-15 08:00:00,0.2566
2050-09-15 09:00:00,0.2898
2050-09-15 10:00:00,0.3503
2050-09-15 11:00:00,0.4147
2050-09-15 12:00:00,0.4758
2050-09-15 13:00:00,0.5299
2050-09-15 14:00:00,0.5679
2050-09-15 15:00:00,0.5978
2050-09-15 16:00:00,0.63
2050-09-15 17:00:00,0.6472
2050-09-15 18:00:00,0.625
2050-09-15 19:00:00,0.5798
2050-09-15 20:00:00,0.5643
2050-09-15 21:00:00,0.5807
2050-09-15 22:00:00,0.55
2050-09-15 23:00:00,0.4378
2050-09-16 00:00:00,0.3328
2050-09-16 01:00:00,0.3081
2050-09-16 02:00:00,0.3223
2050-09-16 03:00:00,0.393
2050-09-16 04:00:00,0.4869
2050-09-16 05:00:00,0.5748
2050-09-16 06:00:00,0.6587
2050-09-16 07:00:00,0.7114
2050-09-16 08:00:00,0.7303
2050-09-16 09:00:00,0.7084
2050-09-16 10:00:00,0.6816
2050-09-16 11:00:00,0.6585
2050-09-16 12:00:00,0.6667
2050-09-16 13:00:00,0.7026
2050-09-16 14:00:00,0.731
2050-09-16 15:00:00,0.7495
2050-09-16 16:00:00,0.759
2050-09-16 17:00:00,0.7633
2050-09-16 18:00:00,0.7634
2050-09-16 19:00:00,0.7618
2050-09-16 20:00:00,0.7583
2050-09-16 21:00:00,0.7501
2050-09-16 22:00:00,0.7225
2050-09-16 23:00:00,0.692
2050-09-17 00:00:00,0.6699
2050-09-17 01:00:00,0.6538
2050-09-17 02:00:00,0.6348
2050-09-17 03:00:00,0.6108
2050-09-17 04:00:00,0.6008
2050-09-17 05:00:00,0.6069
2050-09-17 06:00:00,0.6111
2050-09-17 07:00:00,0.6109
2050-09-17 08:00:00,0.6149
2050-09-17 09:00:00,0.6175
2050-09-17 10:00:00,0.6115
2050-09-17 11:00:00,0.6051
2050-09-17 12:00:00,0.6083
2050-09-17 13:00:00,0.6282
2050-09-17 14:00:00,0.6534
2050-09-17 15:00:00,0.6862
2050-09-17 16:00:00,0.727
2050-09-17 17:00:00,0.7717
2050-09-17 18:00:00,0.8135
2050-09-17 19:00:00,0.8415
2050-09-17 20:00:00,0.8535
2050-09-17 21:00:00,0.8481
2050-09-17 22:00:00,0.8274
2050-09-17 23:00:00,0.7931
2050-09-18 00:00:00,0.756
2050-09-18 01:00:00,0.7334
2050-09-18 02:00:00,0.7277
2050-09-18 03:00:00,0.7301
2050-09-18 04:00:00,0.7385
2050-09-18 05:00:00,0.7512
2050-09-18 06:00:00,0.7651
2050-09-18 07:00:00,0.7764
2050-09-18 08:00:00,0.7784
2050-09-18 09:00:00,0.7637
2050-09-18 10:00:00,0.7452
2050-09-18 11:00:00,0.731
2050-09-18 12:00:00,0.7199
2050-09-18 13:00:00,0.7139
2050-09-18 14:00:00,0.721
2050-09-18 15:00:00,0.7493
2050-09-18 16:00:00,0.7866
2050-09-18 17:00:00,0.817
2050-09-18 18:00:00,0.8347
2050-09-18 19:00:00,0.8251
2050-09-18 20:00:00,0.8043
2050-09-18 21:00:00,0.7701
2050-09-18 22:00:00,0.7036
2050-09-18 23:00:00,0.632
2050-09-19 00:00:00,0.59
2050-09-19 01:00:00,0.5763
2050-09-19 02:00:00,0.5659
2050-09-19 03:00:00,0.5668
2050-09-19 04:00:00,0.5724
2050-09-19 05:00:00,0.5803
2050-09-19 06:00:00,0.5933
2050-09-19 07:00:00,0.6115
2050-09-19 08:00:00,0.6269
2050-09-19 09:00:00,0.6193
2050-09-19 10:00:00,0.5989
2050-09-19 11:00:00,0.5946
2050-09-19 12:00:00,0.6003
2050-09-19 13:00:00,0.619
2050-09-19 14:00:00,0.6511
2050-09-19 15:00:00,0.6892
2050-09-19 16:00:00,0.7281
2050-09-19 17:00:00,0.7535
2050-09-19 18:00:00,0.7685
2050-09-19 19:00:00,0.7665
2050-09-19 20:00:00,0.7453
2050-09-19 21:00:00,0.7154
2050-09-19 22:00:00,0.6933
2050-09-19 23:00:00,0.6811
2050-09-20 00:00:00,0.6657
2050-09-20 01:00:00,0.6541
2050-09-20 02:00:00,0.6518
2050-09-20 03:00:00,0.6629
2050-09-20 04:00:00,0.6827
2050-09-20 05:00:00,0.704
2050-09-20 06:00:00,0.7302
2050-09-20 07:00:00,0.7524
2050-09-20 08:00:00,0.767
2050-09-20 09:00:00,0.7752
2050-09-20 10:00:00,0.7826
2050-09-20 11:00:00,0.7918
2050-09-20 12:00:00,0.7967
2050-09-20 13:00:00,0.8015
2050-09-20 14:00:00,0.8071
2050-09-20 15:00:00,0.8216
2050-09-20 16:00:00,0.8347
2050-09-20 17:00:00,0.8367
2050-09-20 18:00:00,0.8302
2050-09-20 19:00:00,0.8136
2050-09-20 20:00:00,0.7923
2050-09-20 21:00:00,0.7584
2050-09-20 22:00:00,0.722
2050-09-20 23:00:00,0.6845
2050-09-21 00:00:00,0.6421
2050-09-21 01:00:00,0.6007
2050-09-21 02:00:00,0.5701
2050-09-21 03:00:00,0.5484
2050-09-21 04:00:00,0.5347
2050-09-21 05:00:00,0.5236
2050-09-21 06:00:00,0.51
2050-09-21 07:00:00,0.4878
2050-09-21 08:00:00,0.4612
2050-09-21 09:00:00,0.4516
2050-09-21 10:00:00,0.4693
2050-09-21 11:00:00,0.4961
2050-09-21 12:00:00,0.5129
2050-09-21 13:00:00,0.5087
2050-09-21 14:00:00,0.4996
2050-09-21 15:00:00,0.4997
2050-09-21 16:00:00,0.5272
2050-09-21 17:00:00,0.5692
2050-09-21 18:00:00,0.599
2050-09-21 19:00:00,0.5935
2050-09-21 20:00:00,0.5583
2050-09-21 21:00:00,0.4996
2050-09-21 22:00:00,0.4329
2050-09-21 23:00:00,0.3724
2050-09-22 00:00:00,0.3189
2050-09-22 01:00:00,0.2753
2050-09-22 02:00:00,0.2412
2050-09-22 03:00:00,0.2187
2050-09-22 04:00:00,0.2029
2050-09-22 05:00:00,0.1915
2050-09-22 06:00:00,0.1884
2050-09-22 07:00:00,0.1943
2050-09-22 08:00:00,0.2061
2050-09-22 09:00:00,0.2175
2050-09-22 10:00:00,0.2265
2050-09-22 11:00:00,0.2336
2050-09-22 12:00:00,0.2348
2050-09-22 13:00:00,0.2305
2050-09-22 14:00:00,0.2247
2050-09-22 15:00:00,0.2236
2050-09-22 16:00:00,0.2309
2050-09-22 17:00:00,0.2406
2050-09-22 18:00:00,0.2475
2050-09-22 19:00:00,0.2439
2050-09-22 20:00:00,0.2205
2050-09-22 21:00:00,0.1862
2050-09-22 22:00:00,0.1589
2050-09-22 23:00:00,0.1337
2050-09-23 00:00:00,0.1048
2050-09-23 01:00:00,0.0852
2050-09-23 02:00:00,0.0885
2050-09-23 03:00:00,0.1168
2050-09-23 04:00:00,0.165
2050-09-23 05:00:00,0.2258
2050-09-23 06:00:00,0.2832
2050-09-23 07:00:00,0.333
2050-09-23 08:00:00,0.366
2050-09-23 09:00:00,0.3879
2050-09-23 10:00:00,0.4085
2050-09-23 11:00:00,0.4619
2050-09-23 12:00:00,0.5415
2050-09-23 13:00:00,0.592
2050-09-23 14:00:00,0.4289
2050-09-23 15:00:00,0.6164
2050-09-23 16:00:00,0.6533
2050-09-23 17:00:00,0.6891
2050-09-23 18:00:00,0.7204
2050-09-23 19:00:00,0.7439
2050-09-23 20:00:00,0.7446
2050-09-23 21:00:00,0.728
2050-09-23 22:00:00,0.735
2050-09-23 23:00:00,0.7369
2050-09-24 00:00:00,0.7166
2050-09-24 01:00:00,0.7018
2050-09-24 02:00:00,0.7002
2050-09-24 03:00:00,0.7169
2050-09-24 04:00:00,0.7395
2050-09-24 05:00:00,0.7579
2050-09-24 06:00:00,0.7796
2050-09-24 07:00:00,0.8006
2050-09-24 08:00:00,0.8184
2050-09-24 09:00:00,0.834
2050-09-24 10:00:00,0.838
2050-09-24 11:00:00,0.8208
2050-09-24 12:00:00,0.7883
2050-09-24 13:00:00,0.775
2050-09-24 14:00:00,0.8106
2050-09-24 15:00:00,0.8617
2050-09-24 16:00:00,0.8829
2050-09-24 17:00:00,0.8801
2050-09-24 18:00:00,0.8738
2050-09-24 19:00:00,0.8688
2050-09-24 20:00:00,0.863
2050-09-24 21:00:00,0.8631
2050-09-24 22:00:00,0.8782
2050-09-24 23:00:00,0.8897
2050-09-25 00:00:00,0.8966
2050-09-25 01:00:00,0.9026
2050-09-25 02:00:00,0.9082
2050-09-25 03:00:00,0.9068
2050-09-25 04:00:00,0.8934
2050-09-25 05:00:00,0.8682
2050-09-25 06:00:00,0.8272
2050-09-25 07:00:00,0.7786
2050-09-25 08:00:00,0.7147
2050-09-25 09:00:00,0.643
2050-09-25 10:00:00,0.5564
2050-09-25 11:00:00,0.4543
2050-09-25 12:00:00,0.353
2050-09-25 13:00:00,0.2578
2050-09-25 14:00:00,0.1789
2050-09-25 15:00:00,0.124
2050-09-25 16:00:00,0.0939
2050-09-25 17:00:00,0.0895
2050-09-25 18:00:00,0.1386
2050-09-25 19:00:00,0.2116
2050-09-25 20:00:00,0.2896
2050-09-25 21:00:00,0.3891
2050-09-25 22:00:00,0.4675
2050-09-25 23:00:00,0.5286
2050-09-26 00:00:00,0.5755
2050-09-26 01:00:00,0.6126
2050-09-26 02:00:00,0.6743
2050-09-26 03:00:00,0.6939
2050-09-26 04:00:00,0.6547
2050-09-26 05:00:00,0.6091
2050-09-26 06:00:00,0.5895
2050-09-26 07:00:00,0.5223
2050-09-26 08:00:00,0.487
2050-09-26 09:00:00,0.5511
2050-09-26 10:00:00,0.6946
2050-09-26 11:00:00,0.7932
2050-09-26 12:00:00,0.815
2050-09-26 13:00:00,0.81
2050-09-26 14:00:00,0.7954
2050-09-26 15:00:00,0.7608
2050-09-26 16:00:00,0.7155
2050-09-26 17:00:00,0.6841
2050-09-26 18:00:00,0.6664
2050-09-26 19:00:00,0.6526
2050-09-26 20:00:00,0.6376
2050-09-26 21:00:00,0.6335
2050-09-26 22:00:00,0.6371
2050-09-26 23:00:00,0.6568
2050-09-27 00:00:00,0.688
2050-09-27 01:00:00,0.7428
2050-09-27 02:00:00,0.8097
2050-09-27 03:00:00,0.8555
2050-09-27 04:00:00,0.8516
2050-09-27 05:00:00,0.7875
2050-09-27 06:00:00,0.8324
2050-09-27 07:00:00,0.9054
2050-09-27 08:00:00,0.9215
2050-09-27 09:00:00,0.8198
2050-09-27 10:00:00,0.8278
2050-09-27 11:00:00,0.8084
2050-09-27 12:00:00,0.9084
2050-09-27 13:00:00,0.9653
2050-09-27 14:00:00,0.9812
2050-09-27 15:00:00,0.9785
2050-09-27 16:00:00,0.9793
2050-09-27 17:00:00,0.9858
2050-09-27 18:00:00,0.9896
2050-09-27 19:00:00,0.9888
2050-09-27 20:00:00,0.9848
2050-09-27 21:00:00,0.9799
2050-09-27 22:00:00,0.9745
2050-09-27 23:00:00,0.9694
2050-09-28 00:00:00,0.967
2050-09-28 01:00:00,0.9658
2050-09-28 02:00:00,0.9627
2050-09-28 03:00:00,0.956
2050-09-28 04:00:00,0.9451
2050-09-28 05:00:00,0.9321
2050-09-28 06:00:00,0.9161
2050-09-28 07:00:00,0.8952
2050-09-28 08:00:00,0.8719
2050-09-28 09:00:00,0.8452
2050-09-28 10:00:00,0.8189
2050-09-28 11:00:00,0.7985
2050-09-28 12:00:00,0.7826
2050-09-28 13:00:00,0.7608
2050-09-28 14:00:00,0.726
2050-09-28 15:00:00,0.7006
2050-09-28 16:00:00,0.6795
2050-09-28 17:00:00,0.6411
2050-09-28 18:00:00,0.5903
2050-09-28 19:00:00,0.5369
2050-09-28 20:00:00,0.4774
2050-09-28 21:00:00,0.4425
2050-09-28 22:00:00,0.3958
2050-09-28 23:00:00,0.3408
2050-09-29 00:00:00,0.2949
2050-09-29 01:00:00,0.253
2050-09-29 02:00:00,0.2386
2050-09-29 03:00:00,0.2495
2050-09-29 04:00:00,0.2612
2050-09-29 05:00:00,0.2766
2050-09-29 06:00:00,0.3156
2050-09-29 07:00:00,0.3849
2050-09-29 08:00:00,0.4454
2050-09-29 09:00:00,0.4878
2050-09-29 10:00:00,0.5308
2050-09-29 11:00:00,0.5753
2050-09-29 12:00:00,0.5996
2050-09-29 13:00:00,0.6003
2050-09-29 14:00:00,0.5939
2050-09-29 15:00:00,0.6014
2050-09-29 16:00:00,0.6638
2050-09-29 17:00:00,0.7639
2050-09-29 18:00:00,0.8546
2050-09-29 19:00:00,0.9139
2050-09-29 20:00:00,0.9462
2050-09-29 21:00:00,0.9609
2050-09-29 22:00:00,0.9666
2050-09-29 23:00:00,0.9669
2050-09-30 00:00:00,0.9655
2050-09-30 01:00:00,0.9659
2050-09-30 02:00:00,0.9687
2050-09-30 03:00:00,0.9715
2050-09-30 04:00:00,0.9739
2050-09-30 05:00:00,0.9765
2050-09-30 06:00:00,0.9795
2050-09-30 07:00:00,0.9825
2050-09-30 08:00:00,0.9845
2050-09-30 09:00:00,0.9853
2050-09-30 10:00:00,0.986
2050-09-30 11:00:00,0.9869
2050-09-30 12:00:00,0.987
2050-09-30 13:00:00,0.9867
2050-09-30 14:00:00,0.987
2050-09-30 15:00:00,0.9873
2050-09-30 16:00:00,0.9834
2050-09-30 17:00:00,0.9694
2050-09-30 18:00:00,0.9598
2050-09-30 19:00:00,0.9652
2050-09-30 20:00:00,0.9752
2050-09-30 21:00:00,0.9626
2050-09-30 22:00:00,0.9035
2050-09-30 23:00:00,0.8381
2050-10-01 00:00:00,0.753
2050-10-01 01:00:00,0.6248
2050-10-01 02:00:00,0.5546
2050-10-01 03:00:00,0.5494
2050-10-01 04:00:00,0.5787
2050-10-01 05:00:00,0.6008
2050-10-01 06:00:00,0.6007
2050-10-01 07:00:00,0.5914
2050-10-01 08:00:00,0.5938
2050-10-01 09:00:00,0.606
2050-10-01 10:00:00,0.6224
2050-10-01 11:00:00,0.6473
2050-10-01 12:00:00,0.6745
2050-10-01 13:00:00,0.6997
2050-10-01 14:00:00,0.7177
2050-10-01 15:00:00,0.7248
2050-10-01 16:00:00,0.7337
2050-10-01 17:00:00,0.7483
2050-10-01 18:00:00,0.7516
2050-10-01 19:00:00,0.7399
2050-10-01 20:00:00,0.7246
2050-10-01 21:00:00,0.712
2050-10-01 22:00:00,0.7012
2050-10-01 23:00:00,0.6994
2050-10-02 00:00:00,0.7118
2050-10-02 01:00:00,0.7517
2050-10-02 02:00:00,0.8078
2050-10-02 03:00:00,0.856
2050-10-02 04:00:00,0.8984
2050-10-02 05:00:00,0.9334
2050-10-02 06:00:00,0.95
2050-10-02 07:00:00,0.9566
2050-10-02 08:00:00,0.9551
2050-10-02 09:00:00,0.9473
2050-10-02 10:00:00,0.9374
2050-10-02 11:00:00,0.9291
2050-10-02 12:00:00,0.9282
2050-10-02 13:00:00,0.9295
2050-10-02 14:00:00,0.9296
2050-10-02 15:00:00,0.9253
2050-10-02 16:00:00,0.916
2050-10-02 17:00:00,0.9059
2050-10-02 18:00:00,0.8946
2050-10-02 19:00:00,0.8798
2050-10-02 20:00:00,0.856
2050-10-02 21:00:00,0.829
2050-10-02 22:00:00,0.7944
2050-10-02 23:00:00,0.753
2050-10-03 00:00:00,0.7122
2050-10-03 01:00:00,0.6747
2050-10-03 02:00:00,0.6477
2050-10-03 03:00:00,0.6415
2050-10-03 04:00:00,0.6585
2050-10-03 05:00:00,0.684
2050-10-03 06:00:00,0.7067
2050-10-03 07:00:00,0.7183
2050-10-03 08:00:00,0.7186
2050-10-03 09:00:00,0.7057
2050-10-03 10:00:00,0.6809
2050-10-03 11:00:00,0.6512
2050-10-03 12:00:00,0.6177
2050-10-03 13:00:00,0.5853
2050-10-03 14:00:00,0.5664
2050-10-03 15:00:00,0.572
2050-10-03 16:00:00,0.5939
2050-10-03 17:00:00,0.6167
2050-10-03 18:00:00,0.617
2050-10-03 19:00:00,0.5897
2050-10-03 20:00:00,0.5338
2050-10-03 21:00:00,0.4578
2050-10-03 22:00:00,0.3722
2050-10-03 23:00:00,0.2875
2050-10-04 00:00:00,0.2172
2050-10-04 01:00:00,0.1691
2050-10-04 02:00:00,0.1394
2050-10-04 03:00:00,0.122
2050-10-04 04:00:00,0.1039
2050-10-04 05:00:00,0.0846
2050-10-04 06:00:00,0.0659
2050-10-04 07:00:00,0.0545
2050-10-04 08:00:00,0.0507
2050-10-04 09:00:00,0.0505
2050-10-04 10:00:00,0.0456
2050-10-04 11:00:00,0.0362
2050-10-04 12:00:00,0.0286
2050-10-04 13:00:00,0.0246
2050-10-04 14:00:00,0.0238
2050-10-04 15:00:00,0.0268
2050-10-04 16:00:00,0.0411
2050-10-04 17:00:00,0.0686
2050-10-04 18:00:00,0.1005
2050-10-04 19:00:00,0.129
2050-10-04 20:00:00,0.1543
2050-10-04 21:00:00,0.1736
2050-10-04 22:00:00,0.1891
2050-10-04 23:00:00,0.2054
2050-10-05 00:00:00,0.2222
2050-10-05 01:00:00,0.2355
2050-10-05 02:00:00,0.24
2050-10-05 03:00:00,0.2328
2050-10-05 04:00:00,0.2204
2050-10-05 05:00:00,0.2097
2050-10-05 06:00:00,0.2005
2050-10-05 07:00:00,0.1947
2050-10-05 08:00:00,0.1966
2050-10-05 09:00:00,0.2172
2050-10-05 10:00:00,0.2579
2050-10-05 11:00:00,0.3039
2050-10-05 12:00:00,0.3363
2050-10-05 13:00:00,0.3564
2050-10-05 14:00:00,0.3707
2050-10-05 15:00:00,0.3921
2050-10-05 16:00:00,0.4485
2050-10-05 17:00:00,0.5504
2050-10-05 18:00:00,0.6757
2050-10-05 19:00:00,0.7748
2050-10-05 20:00:00,0.8278
2050-10-05 21:00:00,0.8524
2050-10-05 22:00:00,0.848
2050-10-05 23:00:00,0.8241
2050-10-06 00:00:00,0.8058
2050-10-06 01:00:00,0.8023
2050-10-06 02:00:00,0.8005
2050-10-06 03:00:00,0.7848
2050-10-06 04:00:00,0.7645
2050-10-06 05:00:00,0.7615
2050-10-06 06:00:00,0.7753
2050-10-06 07:00:00,0.7945
2050-10-06 08:00:00,0.8166
2050-10-06 09:00:00,0.837
2050-10-06 10:00:00,0.8635
2050-10-06 11:00:00,0.8936
2050-10-06 12:00:00,0.9114
2050-10-06 13:00:00,0.9184
2050-10-06 14:00:00,0.9189
2050-10-06 15:00:00,0.9212
2050-10-06 16:00:00,0.9255
2050-10-06 17:00:00,0.9333
2050-10-06 18:00:00,0.941
2050-10-06 19:00:00,0.943
2050-10-06 20:00:00,0.9376
2050-10-06 21:00:00,0.9243
2050-10-06 22:00:00,0.9077
2050-10-06 23:00:00,0.8938
2050-10-07 00:00:00,0.8838
2050-10-07 01:00:00,0.8803
2050-10-07 02:00:00,0.8822
2050-10-07 03:00:00,0.8978
2050-10-07 04:00:00,0.915
2050-10-07 05:00:00,0.92
2050-10-07 06:00:00,0.9346
2050-10-07 07:00:00,0.9416
2050-10-07 08:00:00,0.9325
2050-10-07 09:00:00,0.902
2050-10-07 10:00:00,0.8696
2050-10-07 11:00:00,0.8479
2050-10-07 12:00:00,0.8219
2050-10-07 13:00:00,0.7743
2050-10-07 14:00:00,0.7209
2050-10-07 15:00:00,0.7271
2050-10-07 16:00:00,0.745
2050-10-07 17:00:00,0.7361
2050-10-07 18:00:00,0.6988
2050-10-07 19:00:00,0.6458
2050-10-07 20:00:00,0.617
2050-10-07 21:00:00,0.5884
2050-10-07 22:00:00,0.5679
2050-10-07 23:00:00,0.5919
2050-10-08 00:00:00,0.6294
2050-10-08 01:00:00,0.643
2050-10-08 02:00:00,0.6595
2050-10-08 03:00:00,0.6856
2050-10-08 04:00:00,0.6795
2050-10-08 05:00:00,0.6532
2050-10-08 06:00:00,0.6403
2050-10-08 07:00:00,0.677
2050-10-08 08:00:00,0.7506
2050-10-08 09:00:00,0.8092
2050-10-08 10:00:00,0.8427
2050-10-08 11:00:00,0.852
2050-10-08 12:00:00,0.8425
2050-10-08 13:00:00,0.8245
2050-10-08 14:00:00,0.805
2050-10-08 15:00:00,0.8033
2050-10-08 16:00:00,0.8124
2050-10-08 17:00:00,0.8187
2050-10-08 18:00:00,0.8214
2050-10-08 19:00:00,0.8076
2050-10-08 20:00:00,0.7942
2050-10-08 21:00:00,0.7574
2050-10-08 22:00:00,0.7379
2050-10-08 23:00:00,0.7324
2050-10-09 00:00:00,0.7547
2050-10-09 01:00:00,0.7697
2050-10-09 02:00:00,0.7715
2050-10-09 03:00:00,0.7877
2050-10-09 04:00:00,0.8262
2050-10-09 05:00:00,0.8649
2050-10-09 06:00:00,0.8911
2050-10-09 07:00:00,0.9066
2050-10-09 08:00:00,0.9165
2050-10-09 09:00:00,0.924
2050-10-09 10:00:00,0.9215
2050-10-09 11:00:00,0.9121
2050-10-09 12:00:00,0.8821
2050-10-09 13:00:00,0.8192
2050-10-09 14:00:00,0.7269
2050-10-09 15:00:00,0.6085
2050-10-09 16:00:00,0.4717
2050-10-09 17:00:00,0.3433
2050-10-09 18:00:00,0.2426
2050-10-09 19:00:00,0.18
2050-10-09 20:00:00,0.1986
2050-10-09 21:00:00,0.3544
2050-10-09 22:00:00,0.5193
2050-10-09 23:00:00,0.6553
2050-10-10 00:00:00,0.7916
2050-10-10 01:00:00,0.9162
2050-10-10 02:00:00,0.966
2050-10-10 03:00:00,0.9796
2050-10-10 04:00:00,0.9857
2050-10-10 05:00:00,0.9885
2050-10-10 06:00:00,0.9891
2050-10-10 07:00:00,0.9885
2050-10-10 08:00:00,0.9833
2050-10-10 09:00:00,0.9708
2050-10-10 10:00:00,0.9542
2050-10-10 11:00:00,0.9392
2050-10-10 12:00:00,0.926
2050-10-10 13:00:00,0.9153
2050-10-10 14:00:00,0.905
2050-10-10 15:00:00,0.8971
2050-10-10 16:00:00,0.8882
2050-10-10 17:00:00,0.8764
2050-10-10 18:00:00,0.8578
2050-10-10 19:00:00,0.835
2050-10-10 20:00:00,0.8094
2050-10-10 21:00:00,0.7965
2050-10-10 22:00:00,0.7876
2050-10-10 23:00:00,0.7703
2050-10-11 00:00:00,0.7441
2050-10-11 01:00:00,0.7096
2050-10-11 02:00:00,0.6834
2050-10-11 03:00:00,0.6706
2050-10-11 04:00:00,0.67
2050-10-11 05:00:00,0.6777
2050-10-11 06:00:00,0.6861
2050-10-11 07:00:00,0.6989
2050-10-11 08:00:00,0.7208
2050-10-11 09:00:00,0.7374
2050-10-11 10:00:00,0.7429
2050-10-11 11:00:00,0.7435
2050-10-11 12:00:00,0.7428
2050-10-11 13:00:00,0.736
2050-10-11 14:00:00,0.7126
2050-10-11 15:00:00,0.6662
2050-10-11 16:00:00,0.6039
2050-10-11 17:00:00,0.5366
2050-10-11 18:00:00,0.4846
2050-10-11 19:00:00,0.4705
2050-10-11 20:00:00,0.4856
2050-10-11 21:00:00,0.5283
2050-10-11 22:00:00,0.538
2050-10-11 23:00:00,0.518
2050-10-12 00:00:00,0.5138
2050-10-12 01:00:00,0.555
2050-10-12 02:00:00,0.6185
2050-10-12 03:00:00,0.6955
2050-10-12 04:00:00,0.7243
2050-10-12 05:00:00,0.6793
2050-10-12 06:00:00,0.6259
2050-10-12 07:00:00,0.633
2050-10-12 08:00:00,0.6883
2050-10-12 09:00:00,0.749
2050-10-12 10:00:00,0.7855
2050-10-12 11:00:00,0.8039
2050-10-12 12:00:00,0.8164
2050-10-12 13:00:00,0.8301
2050-10-12 14:00:00,0.8437
2050-10-12 15:00:00,0.8636
2050-10-12 16:00:00,0.9049
2050-10-12 17:00:00,0.946
2050-10-12 18:00:00,0.9665
2050-10-12 19:00:00,0.9864
2050-10-12 20:00:00,0.9891
2050-10-12 21:00:00,0.9877
2050-10-12 22:00:00,0.9902
2050-10-12 23:00:00,0.9887
2050-10-13 00:00:00,0.9866
2050-10-13 01:00:00,0.9867
2050-10-13 02:00:00,0.9876
2050-10-13 03:00:00,0.9887
2050-10-13 04:00:00,0.9852
2050-10-13 05:00:00,0.9798
2050-10-13 06:00:00,0.9791
2050-10-13 07:00:00,0.9804
2050-10-13 08:00:00,0.9806
2050-10-13 09:00:00,0.9786
2050-10-13 10:00:00,0.9738
2050-10-13 11:00:00,0.9684
2050-10-13 12:00:00,0.9505
2050-10-13 13:00:00,0.9203
2050-10-13 14:00:00,0.8794
2050-10-13 15:00:00,0.8265
2050-10-13 16:00:00,0.7593
2050-10-13 17:00:00,0.6984
2050-10-13 18:00:00,0.6579
2050-10-13 19:00:00,0.6095
2050-10-13 20:00:00,0.5528
2050-10-13 21:00:00,0.451
2050-10-13 22:00:00,0.3416
2050-10-13 23:00:00,0.2447
2050-10-14 00:00:00,0.1653
2050-10-14 01:00:00,0.1096
2050-10-14 02:00:00,0.0854
2050-10-14 03:00:00,0.066
2050-10-14 04:00:00,0.0552
2050-10-14 05:00:00,0.0513
2050-10-14 06:00:00,0.0552
2050-10-14 07:00:00,0.0726
2050-10-14 08:00:00,0.077
2050-10-14 09:00:00,0.0684
2050-10-14 10:00:00,0.065
2050-10-14 11:00:00,0.0805
2050-10-14 12:00:00,0.0936
2050-10-14 13:00:00,0.0831
2050-10-14 14:00:00,0.1036
2050-10-14 15:00:00,0.1273
2050-10-14 16:00:00,0.1446
2050-10-14 17:00:00,0.1233
2050-10-14 18:00:00,0.1036
2050-10-14 19:00:00,0.0921
2050-10-14 20:00:00,0.081
2050-10-14 21:00:00,0.0897
2050-10-14 22:00:00,0.1268
2050-10-14 23:00:00,0.1759
2050-10-15 00:00:00,0.2247
2050-10-15 01:00:00,0.2734
2050-10-15 02:00:00,0.3204
2050-10-15 03:00:00,0.3586
2050-10-15 04:00:00,0.3879
2050-10-15 05:00:00,0.4386
2050-10-15 06:00:00,0.5222
2050-10-15 07:00:00,0.6192
2050-10-15 08:00:00,0.6964
2050-10-15 09:00:00,0.7366
2050-10-15 10:00:00,0.757
2050-10-15 11:00:00,0.7861
2050-10-15 12:00:00,0.8189
2050-10-15 13:00:00,0.8478
2050-10-15 14:00:00,0.8716
2050-10-15 15:00:00,0.8922
2050-10-15 16:00:00,0.915
2050-10-15 17:00:00,0.9392
2050-10-15 18:00:00,0.9564
2050-10-15 19:00:00,0.965
2050-10-15 20:00:00,0.9691
2050-10-15 21:00:00,0.9692
2050-10-15 22:00:00,0.9678
2050-10-15 23:00:00,0.9688
2050-10-16 00:00:00,0.9695
2050-10-16 01:00:00,0.9655
2050-10-16 02:00:00,0.9617
2050-10-16 03:00:00,0.964
2050-10-16 04:00:00,0.9688
2050-10-16 05:00:00,0.9694
2050-10-16 06:00:00,0.9676
2050-10-16 07:00:00,0.9666
2050-10-16 08:00:00,0.9644
2050-10-16 09:00:00,0.9555
2050-10-16 10:00:00,0.938
2050-10-16 11:00:00,0.924
2050-10-16 12:00:00,0.9257
2050-10-16 13:00:00,0.934
2050-10-16 14:00:00,0.9394
2050-10-16 15:00:00,0.949
2050-10-16 16:00:00,0.957
2050-10-16 17:00:00,0.9608
2050-10-16 18:00:00,0.9594
2050-10-16 19:00:00,0.9586
2050-10-16 20:00:00,0.9577
2050-10-16 21:00:00,0.9526
2050-10-16 22:00:00,0.9432
2050-10-16 23:00:00,0.9309
2050-10-17 00:00:00,0.9195
2050-10-17 01:00:00,0.9011
2050-10-17 02:00:00,0.8912
2050-10-17 03:00:00,0.8765
2050-10-17 04:00:00,0.8699
2050-10-17 05:00:00,0.845
2050-10-17 06:00:00,0.7981
2050-10-17 07:00:00,0.7327
2050-10-17 08:00:00,0.7059
2050-10-17 09:00:00,0.7007
2050-10-17 10:00:00,0.7091
2050-10-17 11:00:00,0.6913
2050-10-17 12:00:00,0.6087
2050-10-17 13:00:00,0.5277
2050-10-17 14:00:00,0.4839
2050-10-17 15:00:00,0.4278
2050-10-17 16:00:00,0.3531
2050-10-17 17:00:00,0.2799
2050-10-17 18:00:00,0.2207
2050-10-17 19:00:00,0.1779
2050-10-17 20:00:00,0.1528
2050-10-17 21:00:00,0.123
2050-10-17 22:00:00,0.0944
2050-10-17 23:00:00,0.0688
2050-10-18 00:00:00,0.0532
2050-10-18 01:00:00,0.0504
2050-10-18 02:00:00,0.0441
2050-10-18 03:00:00,0.032
2050-10-18 04:00:00,0.0234
2050-10-18 05:00:00,0.0238
2050-10-18 06:00:00,0.0448
2050-10-18 07:00:00,0.0714
2050-10-18 08:00:00,0.0695
2050-10-18 09:00:00,0.0513
2050-10-18 10:00:00,0.0368
2050-10-18 11:00:00,0.0301
2050-10-18 12:00:00,0.0316
2050-10-18 13:00:00,0.0391
2050-10-18 14:00:00,0.0557
2050-10-18 15:00:00,0.0759
2050-10-18 16:00:00,0.086
2050-10-18 17:00:00,0.105
2050-10-18 18:00:00,0.1386
2050-10-18 19:00:00,0.1725
2050-10-18 20:00:00,0.207
2050-10-18 21:00:00,0.2515
2050-10-18 22:00:00,0.2845
2050-10-18 23:00:00,0.2907
2050-10-19 00:00:00,0.2834
2050-10-19 01:00:00,0.2877
2050-10-19 02:00:00,0.309
2050-10-19 03:00:00,0.3276
2050-10-19 04:00:00,0.3376
2050-10-19 05:00:00,0.3502
2050-10-19 06:00:00,0.3697
2050-10-19 07:00:00,0.3982
2050-10-19 08:00:00,0.4352
2050-10-19 09:00:00,0.4693
2050-10-19 10:00:00,0.512
2050-10-19 11:00:00,0.5605
2050-10-19 12:00:00,0.6107
2050-10-19 13:00:00,0.6558
2050-10-19 14:00:00,0.6962
2050-10-19 15:00:00,0.7464
2050-10-19 16:00:00,0.8014
2050-10-19 17:00:00,0.8453
2050-10-19 18:00:00,0.8701
2050-10-19 19:00:00,0.8708
2050-10-19 20:00:00,0.8324
2050-10-19 21:00:00,0.7811
2050-10-19 22:00:00,0.6882
2050-10-19 23:00:00,0.5936
2050-10-20 00:00:00,0.5446
2050-10-20 01:00:00,0.5163
2050-10-20 02:00:00,0.4829
2050-10-20 03:00:00,0.4399
2050-10-20 04:00:00,0.4593
2050-10-20 05:00:00,0.5587
2050-10-20 06:00:00,0.6848
2050-10-20 07:00:00,0.7976
2050-10-20 08:00:00,0.8765
2050-10-20 09:00:00,0.9232
2050-10-20 10:00:00,0.9532
2050-10-20 11:00:00,0.9734
2050-10-20 12:00:00,0.9851
2050-10-20 13:00:00,0.977
2050-10-20 14:00:00,0.9404
2050-10-20 15:00:00,0.9405
2050-10-20 16:00:00,0.9645
2050-10-20 17:00:00,0.9807
2050-10-20 18:00:00,0.9876
2050-10-20 19:00:00,0.9901
2050-10-20 20:00:00,0.9902
2050-10-20 21:00:00,0.9894
2050-10-20 22:00:00,0.9872
2050-10-20 23:00:00,0.9832
2050-10-21 00:00:00,0.9757
2050-10-21 01:00:00,0.9714
2050-10-21 02:00:00,0.9773
2050-10-21 03:00:00,0.9833
2050-10-21 04:00:00,0.9837
2050-10-21 05:00:00,0.986
2050-10-21 06:00:00,0.9815
2050-10-21 07:00:00,0.9711
2050-10-21 08:00:00,0.9582
2050-10-21 09:00:00,0.9449
2050-10-21 10:00:00,0.9248
2050-10-21 11:00:00,0.8879
2050-10-21 12:00:00,0.8437
2050-10-21 13:00:00,0.7852
2050-10-21 14:00:00,0.7013
2050-10-21 15:00:00,0.6174
2050-10-21 16:00:00,0.5456
2050-10-21 17:00:00,0.4653
2050-10-21 18:00:00,0.3762
2050-10-21 19:00:00,0.3379
2050-10-21 20:00:00,0.3838
2050-10-21 21:00:00,0.3927
2050-10-21 22:00:00,0.4027
2050-10-21 23:00:00,0.3553
2050-10-22 00:00:00,0.2884
2050-10-22 01:00:00,0.2765
2050-10-22 02:00:00,0.3459
2050-10-22 03:00:00,0.4729
2050-10-22 04:00:00,0.6028
2050-10-22 05:00:00,0.6924
2050-10-22 06:00:00,0.7634
2050-10-22 07:00:00,0.8179
2050-10-22 08:00:00,0.8582
2050-10-22 09:00:00,0.8845
2050-10-22 10:00:00,0.8921
2050-10-22 11:00:00,0.8872
2050-10-22 12:00:00,0.8711
2050-10-22 13:00:00,0.8372
2050-10-22 14:00:00,0.7804
2050-10-22 15:00:00,0.7132
2050-10-22 16:00:00,0.6599
2050-10-22 17:00:00,0.6241
2050-10-22 18:00:00,0.5851
2050-10-22 19:00:00,0.5237
2050-10-22 20:00:00,0.4604
2050-10-22 21:00:00,0.3918
2050-10-22 22:00:00,0.2961
2050-10-22 23:00:00,0.2261
2050-10-23 00:00:00,0.1976
2050-10-23 01:00:00,0.1863
2050-10-23 02:00:00,0.192
2050-10-23 03:00:00,0.1933
2050-10-23 04:00:00,0.1921
2050-10-23 05:00:00,0.2085
2050-10-23 06:00:00,0.2567
2050-10-23 07:00:00,0.3367
2050-10-23 08:00:00,0.418
2050-10-23 09:00:00,0.47
2050-10-23 10:00:00,0.4926
2050-10-23 11:00:00,0.5034
2050-10-23 12:00:00,0.5017
2050-10-23 13:00:00,0.4884
2050-10-23 14:00:00,0.4796
2050-10-23 15:00:00,0.4845
2050-10-23 16:00:00,0.4947
2050-10-23 17:00:00,0.5037
2050-10-23 18:00:00,0.5205
2050-10-23 19:00:00,0.5443
2050-10-23 20:00:00,0.5719
2050-10-23 21:00:00,0.6038
2050-10-23 22:00:00,0.6393
2050-10-23 23:00:00,0.669
2050-10-24 00:00:00,0.6915
2050-10-24 01:00:00,0.7063
2050-10-24 02:00:00,0.7213
2050-10-24 03:00:00,0.7241
2050-10-24 04:00:00,0.7146
2050-10-24 05:00:00,0.6939
2050-10-24 06:00:00,0.684
2050-10-24 07:00:00,0.6982
2050-10-24 08:00:00,0.7144
2050-10-24 09:00:00,0.7145
2050-10-24 10:00:00,0.7134
2050-10-24 11:00:00,0.7264
2050-10-24 12:00:00,0.7369
2050-10-24 13:00:00,0.7326
2050-10-24 14:00:00,0.72
2050-10-24 15:00:00,0.7124
2050-10-24 16:00:00,0.7192
2050-10-24 17:00:00,0.7301
2050-10-24 18:00:00,0.7319
2050-10-24 19:00:00,0.7222
2050-10-24 20:00:00,0.7048
2050-10-24 21:00:00,0.6746
2050-10-24 22:00:00,0.6303
2050-10-24 23:00:00,0.5757
2050-10-25 00:00:00,0.5093
2050-10-25 01:00:00,0.4377
2050-10-25 02:00:00,0.3864
2050-10-25 03:00:00,0.3585
2050-10-25 04:00:00,0.3189
2050-10-25 05:00:00,0.2725
2050-10-25 06:00:00,0.2327
2050-10-25 07:00:00,0.2098
2050-10-25 08:00:00,0.1969
2050-10-25 09:00:00,0.1864
2050-10-25 10:00:00,0.1727
2050-10-25 11:00:00,0.1607
2050-10-25 12:00:00,0.146
2050-10-25 13:00:00,0.1238
2050-10-25 14:00:00,0.1
2050-10-25 15:00:00,0.097
2050-10-25 16:00:00,0.1187
2050-10-25 17:00:00,0.1604
2050-10-25 18:00:00,0.2054
2050-10-25 19:00:00,0.2393
2050-10-25 20:00:00,0.2544
2050-10-25 21:00:00,0.2703
2050-10-25 22:00:00,0.2934
2050-10-25 23:00:00,0.3176
2050-10-26 00:00:00,0.3415
2050-10-26 01:00:00,0.3553
2050-10-26 02:00:00,0.3577
2050-10-26 03:00:00,0.3495
2050-10-26 04:00:00,0.3307
2050-10-26 05:00:00,0.314
2050-10-26 06:00:00,0.3016
2050-10-26 07:00:00,0.3027
2050-10-26 08:00:00,0.3063
2050-10-26 09:00:00,0.2993
2050-10-26 10:00:00,0.2964
2050-10-26 11:00:00,0.293
2050-10-26 12:00:00,0.2788
2050-10-26 13:00:00,0.2621
2050-10-26 14:00:00,0.2484
2050-10-26 15:00:00,0.2556
2050-10-26 16:00:00,0.3106
2050-10-26 17:00:00,0.3763
2050-10-26 18:00:00,0.4195
2050-10-26 19:00:00,0.4439
2050-10-26 20:00:00,0.4918
2050-10-26 21:00:00,0.5197
2050-10-26 22:00:00,0.4871
2050-10-26 23:00:00,0.4365
2050-10-27 00:00:00,0.4371
2050-10-27 01:00:00,0.5077
2050-10-27 02:00:00,0.5907
2050-10-27 03:00:00,0.6355
2050-10-27 04:00:00,0.6269
2050-10-27 05:00:00,0.6302
2050-10-27 06:00:00,0.6451
2050-10-27 07:00:00,0.6483
2050-10-27 08:00:00,0.6334
2050-10-27 09:00:00,0.6027
2050-10-27 10:00:00,0.5358
2050-10-27 11:00:00,0.4256
2050-10-27 12:00:00,0.2941
2050-10-27 13:00:00,0.2031
2050-10-27 14:00:00,0.1684
2050-10-27 15:00:00,0.1475
2050-10-27 16:00:00,0.1204
2050-10-27 17:00:00,0.1275
2050-10-27 18:00:00,0.2255
2050-10-27 19:00:00,0.4066
2050-10-27 20:00:00,0.5838
2050-10-27 21:00:00,0.6992
2050-10-27 22:00:00,0.7752
2050-10-27 23:00:00,0.8266
2050-10-28 00:00:00,0.8582
2050-10-28 01:00:00,0.8733
2050-10-28 02:00:00,0.8874
2050-10-28 03:00:00,0.911
2050-10-28 04:00:00,0.9351
2050-10-28 05:00:00,0.9524
2050-10-28 06:00:00,0.9596
2050-10-28 07:00:00,0.959
2050-10-28 08:00:00,0.9577
2050-10-28 09:00:00,0.9531
2050-10-28 10:00:00,0.9415
2050-10-28 11:00:00,0.9213
2050-10-28 12:00:00,0.8953
2050-10-28 13:00:00,0.8606
2050-10-28 14:00:00,0.8213
2050-10-28 15:00:00,0.7818
2050-10-28 16:00:00,0.7463
2050-10-28 17:00:00,0.7188
2050-10-28 18:00:00,0.6806
2050-10-28 19:00:00,0.6307
2050-10-28 20:00:00,0.5835
2050-10-28 21:00:00,0.5499
2050-10-28 22:00:00,0.5049
2050-10-28 23:00:00,0.4438
2050-10-29 00:00:00,0.3978
2050-10-29 01:00:00,0.3763
2050-10-29 02:00:00,0.3757
2050-10-29 03:00:00,0.3769
2050-10-29 04:00:00,0.3759
2050-10-29 05:00:00,0.3798
2050-10-29 06:00:00,0.3939
2050-10-29 07:00:00,0.3969
2050-10-29 08:00:00,0.3887
2050-10-29 09:00:00,0.3456
2050-10-29 10:00:00,0.3043
2050-10-29 11:00:00,0.2779
2050-10-29 12:00:00,0.2725
2050-10-29 13:00:00,0.2685
2050-10-29 14:00:00,0.2526
2050-10-29 15:00:00,0.2456
2050-10-29 16:00:00,0.2431
2050-10-29 17:00:00,0.2564
2050-10-29 18:00:00,0.315
2050-10-29 19:00:00,0.3631
2050-10-29 20:00:00,0.377
2050-10-29 21:00:00,0.384
2050-10-29 22:00:00,0.3948
2050-10-29 23:00:00,0.3745
2050-10-30 00:00:00,0.3215
2050-10-30 01:00:00,0.2855
2050-10-30 02:00:00,0.2619
2050-10-30 03:00:00,0.2527
2050-10-30 04:00:00,0.2338
2050-10-30 05:00:00,0.2101
2050-10-30 06:00:00,0.1854
2050-10-30 07:00:00,0.1573
2050-10-30 08:00:00,0.1248
2050-10-30 09:00:00,0.1126
2050-10-30 10:00:00,0.1343
2050-10-30 11:00:00,0.1514
2050-10-30 12:00:00,0.1216
2050-10-30 13:00:00,0.1006
2050-10-30 14:00:00,0.0927
2050-10-30 15:00:00,0.0684
2050-10-30 16:00:00,0.0411
2050-10-30 17:00:00,0.025
2050-10-30 18:00:00,0.0187
2050-10-30 19:00:00,0.0234
2050-10-30 20:00:00,0.0561
2050-10-30 21:00:00,0.1205
2050-10-30 22:00:00,0.2182
2050-10-30 23:00:00,0.3243
2050-10-31 00:00:00,0.4163
2050-10-31 01:00:00,0.485
2050-10-31 02:00:00,0.5364
2050-10-31 03:00:00,0.5696
2050-10-31 04:00:00,0.5776
2050-10-31 05:00:00,0.5808
2050-10-31 06:00:00,0.5991
2050-10-31 07:00:00,0.6266
2050-10-31 08:00:00,0.6702
2050-10-31 09:00:00,0.7184
2050-10-31 10:00:00,0.7613
2050-10-31 11:00:00,0.7892
2050-10-31 12:00:00,0.7986
2050-10-31 13:00:00,0.7907
2050-10-31 14:00:00,0.7722
2050-10-31 15:00:00,0.7572
2050-10-31 16:00:00,0.7468
2050-10-31 17:00:00,0.7419
2050-10-31 18:00:00,0.7411
2050-10-31 19:00:00,0.7361
2050-10-31 20:00:00,0.7256
2050-10-31 21:00:00,0.7145
2050-10-31 22:00:00,0.7093
2050-10-31 23:00:00,0.7104
2050-11-01 00:00:00,0.7206
2050-11-01 01:00:00,0.7279
2050-11-01 02:00:00,0.7304
2050-11-01 03:00:00,0.7236
2050-11-01 04:00:00,0.7207
2050-11-01 05:00:00,0.7365
2050-11-01 06:00:00,0.7559
2050-11-01 07:00:00,0.7686
2050-11-01 08:00:00,0.7808
2050-11-01 09:00:00,0.7824
2050-11-01 10:00:00,0.7635
2050-11-01 11:00:00,0.7315
2050-11-01 12:00:00,0.6884
2050-11-01 13:00:00,0.6439
2050-11-01 14:00:00,0.597
2050-11-01 15:00:00,0.5699
2050-11-01 16:00:00,0.5693
2050-11-01 17:00:00,0.5744
2050-11-01 18:00:00,0.5834
2050-11-01 19:00:00,0.5923
2050-11-01 20:00:00,0.5733
2050-11-01 21:00:00,0.566
2050-11-01 22:00:00,0.5845
2050-11-01 23:00:00,0.6068
2050-11-02 00:00:00,0.6086
2050-11-02 01:00:00,0.5936
2050-11-02 02:00:00,0.5792
2050-11-02 03:00:00,0.5567
2050-11-02 04:00:00,0.5062
2050-11-02 05:00:00,0.453
2050-11-02 06:00:00,0.4132
2050-11-02 07:00:00,0.3493
2050-11-02 08:00:00,0.2371
2050-11-02 09:00:00,0.1476
2050-11-02 10:00:00,0.0876
2050-11-02 11:00:00,0.057
2050-11-02 12:00:00,0.0355
2050-11-02 13:00:00,0.0248
2050-11-02 14:00:00,0.0242
2050-11-02 15:00:00,0.0349
2050-11-02 16:00:00,0.0546
2050-11-02 17:00:00,0.0705
2050-11-02 18:00:00,0.0815
2050-11-02 19:00:00,0.0915
2050-11-02 20:00:00,0.1058
2050-11-02 21:00:00,0.1246
2050-11-02 22:00:00,0.1329
2050-11-02 23:00:00,0.1299
2050-11-03 00:00:00,0.1273
2050-11-03 01:00:00,0.1203
2050-11-03 02:00:00,0.1042
2050-11-03 03:00:00,0.0904
2050-11-03 04:00:00,0.0842
2050-11-03 05:00:00,0.0801
2050-11-03 06:00:00,0.0754
2050-11-03 07:00:00,0.0702
2050-11-03 08:00:00,0.0682
2050-11-03 09:00:00,0.0621
2050-11-03 10:00:00,0.055
2050-11-03 11:00:00,0.0501
2050-11-03 12:00:00,0.0469
2050-11-03 13:00:00,0.045
2050-11-03 14:00:00,0.0458
2050-11-03 15:00:00,0.0542
2050-11-03 16:00:00,0.0744
2050-11-03 17:00:00,0.1085
2050-11-03 18:00:00,0.1347
2050-11-03 19:00:00,0.1519
2050-11-03 20:00:00,0.1545
2050-11-03 21:00:00,0.1475
2050-11-03 22:00:00,0.1386
2050-11-03 23:00:00,0.1325
2050-11-04 00:00:00,0.1359
2050-11-04 01:00:00,0.1568
2050-11-04 02:00:00,0.1933
2050-11-04 03:00:00,0.2358
2050-11-04 04:00:00,0.2766
2050-11-04 05:00:00,0.3078
2050-11-04 06:00:00,0.3328
2050-11-04 07:00:00,0.3556
2050-11-04 08:00:00,0.3681
2050-11-04 09:00:00,0.3615
2050-11-04 10:00:00,0.342
2050-11-04 11:00:00,0.3208
2050-11-04 12:00:00,0.3081
2050-11-04 13:00:00,0.3182
2050-11-04 14:00:00,0.3525
2050-11-04 15:00:00,0.404
2050-11-04 16:00:00,0.4752
2050-11-04 17:00:00,0.549
2050-11-04 18:00:00,0.6007
2050-11-04 19:00:00,0.6218
2050-11-04 20:00:00,0.6112
2050-11-04 21:00:00,0.5904
2050-11-04 22:00:00,0.5587
2050-11-04 23:00:00,0.5234
2050-11-05 00:00:00,0.4901
2050-11-05 01:00:00,0.4554
2050-11-05 02:00:00,0.4225
2050-11-05 03:00:00,0.3984
2050-11-05 04:00:00,0.3835
2050-11-05 05:00:00,0.3784
2050-11-05 06:00:00,0.3834
2050-11-05 07:00:00,0.3872
2050-11-05 08:00:00,0.3728
2050-11-05 09:00:00,0.3092
2050-11-05 10:00:00,0.2187
2050-11-05 11:00:00,0.127
2050-11-05 12:00:00,0.0626
2050-11-05 13:00:00,0.0312
2050-11-05 14:00:00,0.021
2050-11-05 15:00:00,0.024
2050-11-05 16:00:00,0.0348
2050-11-05 17:00:00,0.047
2050-11-05 18:00:00,0.0531
2050-11-05 19:00:00,0.049
2050-11-05 20:00:00,0.0393
2050-11-05 21:00:00,0.0337
2050-11-05 22:00:00,0.0301
2050-11-05 23:00:00,0.0273
2050-11-06 00:00:00,0.0261
2050-11-06 01:00:00,0.0226
2050-11-06 02:00:00,0.0186
2050-11-06 03:00:00,0.0153
2050-11-06 04:00:00,0.0155
2050-11-06 05:00:00,0.0212
2050-11-06 06:00:00,0.0297
2050-11-06 07:00:00,0.0316
2050-11-06 08:00:00,0.0253
2050-11-06 09:00:00,0.0175
2050-11-06 10:00:00,0.0119
2050-11-06 11:00:00,0.0114
2050-11-06 12:00:00,0.0288
2050-11-06 13:00:00,0.0764
2050-11-06 14:00:00,0.1076
2050-11-06 15:00:00,0.0971
2050-11-06 16:00:00,0.085
2050-11-06 17:00:00,0.0725
2050-11-06 18:00:00,0.0497
2050-11-06 19:00:00,0.0283
2050-11-06 20:00:00,0.0158
2050-11-06 21:00:00,0.0102
2050-11-06 22:00:00,0.0082
2050-11-06 23:00:00,0.0145
2050-11-07 00:00:00,0.0263
2050-11-07 01:00:00,0.0324
2050-11-07 02:00:00,0.0316
2050-11-07 03:00:00,0.0382
2050-11-07 04:00:00,0.0479
2050-11-07 05:00:00,0.0553
2050-11-07 06:00:00,0.067
2050-11-07 07:00:00,0.0863
2050-11-07 08:00:00,0.1041
2050-11-07 09:00:00,0.1116
2050-11-07 10:00:00,0.1264
2050-11-07 11:00:00,0.1593
2050-11-07 12:00:00,0.1882
2050-11-07 13:00:00,0.2078
2050-11-07 14:00:00,0.225
2050-11-07 15:00:00,0.2205
2050-11-07 16:00:00,0.2391
2050-11-07 17:00:00,0.3081
2050-11-07 18:00:00,0.3778
2050-11-07 19:00:00,0.4342
2050-11-07 20:00:00,0.4804
2050-11-07 21:00:00,0.5114
2050-11-07 22:00:00,0.5195
2050-11-07 23:00:00,0.5105
2050-11-08 00:00:00,0.4961
2050-11-08 01:00:00,0.4767
2050-11-08 02:00:00,0.458
2050-11-08 03:00:00,0.4397
2050-11-08 04:00:00,0.4343
2050-11-08 05:00:00,0.438
2050-11-08 06:00:00,0.4477
2050-11-08 07:00:00,0.4966
2050-11-08 08:00:00,0.5455
2050-11-08 09:00:00,0.535
2050-11-08 10:00:00,0.5028
2050-11-08 11:00:00,0.4871
2050-11-08 12:00:00,0.4795
2050-11-08 13:00:00,0.4983
2050-11-08 14:00:00,0.5424
2050-11-08 15:00:00,0.5927
2050-11-08 16:00:00,0.6319
2050-11-08 17:00:00,0.6523
2050-11-08 18:00:00,0.6468
2050-11-08 19:00:00,0.6071
2050-11-08 20:00:00,0.5344
2050-11-08 21:00:00,0.4506
2050-11-08 22:00:00,0.4033
2050-11-08 23:00:00,0.3957
2050-11-09 00:00:00,0.3991
2050-11-09 01:00:00,0.406
2050-11-09 02:00:00,0.4074
2050-11-09 03:00:00,0.3848
2050-11-09 04:00:00,0.3427
2050-11-09 05:00:00,0.2926
2050-11-09 06:00:00,0.2455
2050-11-09 07:00:00,0.2113
2050-11-09 08:00:00,0.1916
2050-11-09 09:00:00,0.1884
2050-11-09 10:00:00,0.1863
2050-11-09 11:00:00,0.1716
2050-11-09 12:00:00,0.1521
2050-11-09 13:00:00,0.1341
2050-11-09 14:00:00,0.1154
2050-11-09 15:00:00,0.1148
2050-11-09 16:00:00,0.1199
2050-11-09 17:00:00,0.1279
2050-11-09 18:00:00,0.1359
2050-11-09 19:00:00,0.1411
2050-11-09 20:00:00,0.1511
2050-11-09 21:00:00,0.1692
2050-11-09 22:00:00,0.1902
2050-11-09 23:00:00,0.2038
2050-11-10 00:00:00,0.2103
2050-11-10 01:00:00,0.2171
2050-11-10 02:00:00,0.2196
2050-11-10 03:00:00,0.2148
2050-11-10 04:00:00,0.2129
2050-11-10 05:00:00,0.2223
2050-11-10 06:00:00,0.2501
2050-11-10 07:00:00,0.2965
2050-11-10 08:00:00,0.3534
2050-11-10 09:00:00,0.4046
2050-11-10 10:00:00,0.4257
2050-11-10 11:00:00,0.3977
2050-11-10 12:00:00,0.3488
2050-11-10 13:00:00,0.3131
2050-11-10 14:00:00,0.2912
2050-11-10 15:00:00,0.2832
2050-11-10 16:00:00,0.28
2050-11-10 17:00:00,0.2775
2050-11-10 18:00:00,0.2745
2050-11-10 19:00:00,0.3113
2050-11-10 20:00:00,0.4105
2050-11-10 21:00:00,0.5326
2050-11-10 22:00:00,0.6343
2050-11-10 23:00:00,0.7282
2050-11-11 00:00:00,0.7972
2050-11-11 01:00:00,0.8502
2050-11-11 02:00:00,0.8897
2050-11-11 03:00:00,0.9293
2050-11-11 04:00:00,0.9664
2050-11-11 05:00:00,0.9734
2050-11-11 06:00:00,0.9747
2050-11-11 07:00:00,0.9761
2050-11-11 08:00:00,0.974
2050-11-11 09:00:00,0.9726
2050-11-11 10:00:00,0.9737
2050-11-11 11:00:00,0.9773
2050-11-11 12:00:00,0.9829
2050-11-11 13:00:00,0.9858
2050-11-11 14:00:00,0.9857
2050-11-11 15:00:00,0.9862
2050-11-11 16:00:00,0.987
2050-11-11 17:00:00,0.9871
2050-11-11 18:00:00,0.9864
2050-11-11 19:00:00,0.9859
2050-11-11 20:00:00,0.9844
2050-11-11 21:00:00,0.9788
2050-11-11 22:00:00,0.9678
2050-11-11 23:00:00,0.9568
2050-11-12 00:00:00,0.9483
2050-11-12 01:00:00,0.9356
2050-11-12 02:00:00,0.9261
2050-11-12 03:00:00,0.9131
2050-11-12 04:00:00,0.8895
2050-11-12 05:00:00,0.8573
2050-11-12 06:00:00,0.8214
2050-11-12 07:00:00,0.7892
2050-11-12 08:00:00,0.745
2050-11-12 09:00:00,0.6857
2050-11-12 10:00:00,0.6214
2050-11-12 11:00:00,0.572
2050-11-12 12:00:00,0.528
2050-11-12 13:00:00,0.4941
2050-11-12 14:00:00,0.4792
2050-11-12 15:00:00,0.4694
2050-11-12 16:00:00,0.4574
2050-11-12 17:00:00,0.4594
2050-11-12 18:00:00,0.4701
2050-11-12 19:00:00,0.4575
2050-11-12 20:00:00,0.4327
2050-11-12 21:00:00,0.4182
2050-11-12 22:00:00,0.415
2050-11-12 23:00:00,0.4084
2050-11-13 00:00:00,0.4091
2050-11-13 01:00:00,0.4152
2050-11-13 02:00:00,0.4142
2050-11-13 03:00:00,0.4318
2050-11-13 04:00:00,0.4883
2050-11-13 05:00:00,0.543
2050-11-13 06:00:00,0.5588
2050-11-13 07:00:00,0.5512
2050-11-13 08:00:00,0.5281
2050-11-13 09:00:00,0.4952
2050-11-13 10:00:00,0.4904
2050-11-13 11:00:00,0.5213
2050-11-13 12:00:00,0.5478
2050-11-13 13:00:00,0.5817
2050-11-13 14:00:00,0.6136
2050-11-13 15:00:00,0.639
2050-11-13 16:00:00,0.6576
2050-11-13 17:00:00,0.6629
2050-11-13 18:00:00,0.6661
2050-11-13 19:00:00,0.6688
2050-11-13 20:00:00,0.6884
2050-11-13 21:00:00,0.7052
2050-11-13 22:00:00,0.717
2050-11-13 23:00:00,0.7421
2050-11-14 00:00:00,0.7761
2050-11-14 01:00:00,0.7865
2050-11-14 02:00:00,0.8033
2050-11-14 03:00:00,0.844
2050-11-14 04:00:00,0.8606
2050-11-14 05:00:00,0.8693
2050-11-14 06:00:00,0.8743
2050-11-14 07:00:00,0.8646
2050-11-14 08:00:00,0.8325
2050-11-14 09:00:00,0.7787
2050-11-14 10:00:00,0.717
2050-11-14 11:00:00,0.6769
2050-11-14 12:00:00,0.6655
2050-11-14 13:00:00,0.6649
2050-11-14 14:00:00,0.6622
2050-11-14 15:00:00,0.6539
2050-11-14 16:00:00,0.6504
2050-11-14 17:00:00,0.6469
2050-11-14 18:00:00,0.6382
2050-11-14 19:00:00,0.618
2050-11-14 20:00:00,0.5768
2050-11-14 21:00:00,0.5145
2050-11-14 22:00:00,0.4485
2050-11-14 23:00:00,0.3871
2050-11-15 00:00:00,0.3321
2050-11-15 01:00:00,0.2789
2050-11-15 02:00:00,0.2312
2050-11-15 03:00:00,0.1973
2050-11-15 04:00:00,0.1807
2050-11-15 05:00:00,0.1885
2050-11-15 06:00:00,0.2178
2050-11-15 07:00:00,0.2639
2050-11-15 08:00:00,0.323
2050-11-15 09:00:00,0.3759
2050-11-15 10:00:00,0.4241
2050-11-15 11:00:00,0.4789
2050-11-15 12:00:00,0.5377
2050-11-15 13:00:00,0.5907
2050-11-15 14:00:00,0.635
2050-11-15 15:00:00,0.6776
2050-11-15 16:00:00,0.7283
2050-11-15 17:00:00,0.7833
2050-11-15 18:00:00,0.8345
2050-11-15 19:00:00,0.8701
2050-11-15 20:00:00,0.8898
2050-11-15 21:00:00,0.8979
2050-11-15 22:00:00,0.9008
2050-11-15 23:00:00,0.9001
2050-11-16 00:00:00,0.9005
2050-11-16 01:00:00,0.9007
2050-11-16 02:00:00,0.8987
2050-11-16 03:00:00,0.8979
2050-11-16 04:00:00,0.9025
2050-11-16 05:00:00,0.9114
2050-11-16 06:00:00,0.9196
2050-11-16 07:00:00,0.9241
2050-11-16 08:00:00,0.9264
2050-11-16 09:00:00,0.9224
2050-11-16 10:00:00,0.9087
2050-11-16 11:00:00,0.8896
2050-11-16 12:00:00,0.8724
2050-11-16 13:00:00,0.8621
2050-11-16 14:00:00,0.8513
2050-11-16 15:00:00,0.8459
2050-11-16 16:00:00,0.8372
2050-11-16 17:00:00,0.8278
2050-11-16 18:00:00,0.8174
2050-11-16 19:00:00,0.8056
2050-11-16 20:00:00,0.7998
2050-11-16 21:00:00,0.8078
2050-11-16 22:00:00,0.8294
2050-11-16 23:00:00,0.8466
2050-11-17 00:00:00,0.863
2050-11-17 01:00:00,0.8851
2050-11-17 02:00:00,0.9192
2050-11-17 03:00:00,0.9465
2050-11-17 04:00:00,0.959
2050-11-17 05:00:00,0.9652
2050-11-17 06:00:00,0.9678
2050-11-17 07:00:00,0.9669
2050-11-17 08:00:00,0.9624
2050-11-17 09:00:00,0.9558
2050-11-17 10:00:00,0.9509
2050-11-17 11:00:00,0.9471
2050-11-17 12:00:00,0.9435
2050-11-17 13:00:00,0.9377
2050-11-17 14:00:00,0.9304
2050-11-17 15:00:00,0.9183
2050-11-17 16:00:00,0.8979
2050-11-17 17:00:00,0.8761
2050-11-17 18:00:00,0.855
2050-11-17 19:00:00,0.8451
2050-11-17 20:00:00,0.8397
2050-11-17 21:00:00,0.8467
2050-11-17 22:00:00,0.8716
2050-11-17 23:00:00,0.8903
2050-11-18 00:00:00,0.9005
2050-11-18 01:00:00,0.9045
2050-11-18 02:00:00,0.9092
2050-11-18 03:00:00,0.9118
2050-11-18 04:00:00,0.9111
2050-11-18 05:00:00,0.9105
2050-11-18 06:00:00,0.905
2050-11-18 07:00:00,0.8904
2050-11-18 08:00:00,0.8634
2050-11-18 09:00:00,0.8314
2050-11-18 10:00:00,0.8068
2050-11-18 11:00:00,0.7886
2050-11-18 12:00:00,0.7698
2050-11-18 13:00:00,0.7383
2050-11-18 14:00:00,0.7007
2050-11-18 15:00:00,0.656
2050-11-18 16:00:00,0.5838
2050-11-18 17:00:00,0.4745
2050-11-18 18:00:00,0.3486
2050-11-18 19:00:00,0.242
2050-11-18 20:00:00,0.1607
2050-11-18 21:00:00,0.1085
2050-11-18 22:00:00,0.088
2050-11-18 23:00:00,0.0755
2050-11-19 00:00:00,0.0899
2050-11-19 01:00:00,0.1338
2050-11-19 02:00:00,0.1807
2050-11-19 03:00:00,0.2279
2050-11-19 04:00:00,0.2801
2050-11-19 05:00:00,0.3452
2050-11-19 06:00:00,0.4191
2050-11-19 07:00:00,0.5039
2050-11-19 08:00:00,0.5798
2050-11-19 09:00:00,0.6182
2050-11-19 10:00:00,0.6628
2050-11-19 11:00:00,0.7116
2050-11-19 12:00:00,0.7575
2050-11-19 13:00:00,0.793
2050-11-19 14:00:00,0.8207
2050-11-19 15:00:00,0.8369
2050-11-19 16:00:00,0.8415
2050-11-19 17:00:00,0.8438
2050-11-19 18:00:00,0.8535
2050-11-19 19:00:00,0.8614
2050-11-19 20:00:00,0.8589
2050-11-19 21:00:00,0.8349
2050-11-19 22:00:00,0.7966
2050-11-19 23:00:00,0.747
2050-11-20 00:00:00,0.7056
2050-11-20 01:00:00,0.7164
2050-11-20 02:00:00,0.7482
2050-11-20 03:00:00,0.7939
2050-11-20 04:00:00,0.8455
2050-11-20 05:00:00,0.8763
2050-11-20 06:00:00,0.8911
2050-11-20 07:00:00,0.8957
2050-11-20 08:00:00,0.8794
2050-11-20 09:00:00,0.848
2050-11-20 10:00:00,0.8187
2050-11-20 11:00:00,0.8009
2050-11-20 12:00:00,0.8039
2050-11-20 13:00:00,0.8148
2050-11-20 14:00:00,0.8455
2050-11-20 15:00:00,0.8826
2050-11-20 16:00:00,0.8871
2050-11-20 17:00:00,0.8728
2050-11-20 18:00:00,0.8492
2050-11-20 19:00:00,0.8276
2050-11-20 20:00:00,0.8228
2050-11-20 21:00:00,0.8242
2050-11-20 22:00:00,0.8537
2050-11-20 23:00:00,0.8895
2050-11-21 00:00:00,0.912
2050-11-21 01:00:00,0.9219
2050-11-21 02:00:00,0.9324
2050-11-21 03:00:00,0.9361
2050-11-21 04:00:00,0.9306
2050-11-21 05:00:00,0.923
2050-11-21 06:00:00,0.9191
2050-11-21 07:00:00,0.9172
2050-11-21 08:00:00,0.8962
2050-11-21 09:00:00,0.8595
2050-11-21 10:00:00,0.8162
2050-11-21 11:00:00,0.7716
2050-11-21 12:00:00,0.7309
2050-11-21 13:00:00,0.6978
2050-11-21 14:00:00,0.6917
2050-11-21 15:00:00,0.713
2050-11-21 16:00:00,0.7335
2050-11-21 17:00:00,0.7392
2050-11-21 18:00:00,0.7299
2050-11-21 19:00:00,0.6972
2050-11-21 20:00:00,0.6536
2050-11-21 21:00:00,0.6232
2050-11-21 22:00:00,0.6265
2050-11-21 23:00:00,0.6596
2050-11-22 00:00:00,0.7214
2050-11-22 01:00:00,0.7964
2050-11-22 02:00:00,0.859
2050-11-22 03:00:00,0.9014
2050-11-22 04:00:00,0.926
2050-11-22 05:00:00,0.9419
2050-11-22 06:00:00,0.9498
2050-11-22 07:00:00,0.9425
2050-11-22 08:00:00,0.924
2050-11-22 09:00:00,0.8982
2050-11-22 10:00:00,0.893
2050-11-22 11:00:00,0.9592
2050-11-22 12:00:00,0.988
2050-11-22 13:00:00,0.9866
2050-11-22 14:00:00,0.9716
2050-11-22 15:00:00,0.9225
2050-11-22 16:00:00,0.8097
2050-11-22 17:00:00,0.6647
2050-11-22 18:00:00,0.5947
2050-11-22 19:00:00,0.6451
2050-11-22 20:00:00,0.7264
2050-11-22 21:00:00,0.7582
2050-11-22 22:00:00,0.7479
2050-11-22 23:00:00,0.7171
2050-11-23 00:00:00,0.6928
2050-11-23 01:00:00,0.667
2050-11-23 02:00:00,0.6279
2050-11-23 03:00:00,0.5992
2050-11-23 04:00:00,0.6008
2050-11-23 05:00:00,0.6109
2050-11-23 06:00:00,0.6576
2050-11-23 07:00:00,0.7178
2050-11-23 08:00:00,0.7904
2050-11-23 09:00:00,0.8601
2050-11-23 10:00:00,0.9208
2050-11-23 11:00:00,0.9618
2050-11-23 12:00:00,0.9704
2050-11-23 13:00:00,0.9453
2050-11-23 14:00:00,0.8994
2050-11-23 15:00:00,0.8779
2050-11-23 16:00:00,0.8486
2050-11-23 17:00:00,0.8078
2050-11-23 18:00:00,0.8225
2050-11-23 19:00:00,0.869
2050-11-23 20:00:00,0.9332
2050-11-23 21:00:00,0.9424
2050-11-23 22:00:00,0.9477
2050-11-23 23:00:00,0.9491
2050-11-24 00:00:00,0.9534
2050-11-24 01:00:00,0.9618
2050-11-24 02:00:00,0.9609
2050-11-24 03:00:00,0.9534
2050-11-24 04:00:00,0.942
2050-11-24 05:00:00,0.9273
2050-11-24 06:00:00,0.9083
2050-11-24 07:00:00,0.8553
2050-11-24 08:00:00,0.8275
2050-11-24 09:00:00,0.8264
2050-11-24 10:00:00,0.8077
2050-11-24 11:00:00,0.7335
2050-11-24 12:00:00,0.6767
2050-11-24 13:00:00,0.6867
2050-11-24 14:00:00,0.7461
2050-11-24 15:00:00,0.8143
2050-11-24 16:00:00,0.7975
2050-11-24 17:00:00,0.7561
2050-11-24 18:00:00,0.7368
2050-11-24 19:00:00,0.7412
2050-11-24 20:00:00,0.7403
2050-11-24 21:00:00,0.7391
2050-11-24 22:00:00,0.7303
2050-11-24 23:00:00,0.7311
2050-11-25 00:00:00,0.7767
2050-11-25 01:00:00,0.8644
2050-11-25 02:00:00,0.9346
2050-11-25 03:00:00,0.9735
2050-11-25 04:00:00,0.9812
2050-11-25 05:00:00,0.9819
2050-11-25 06:00:00,0.9802
2050-11-25 07:00:00,0.9766
2050-11-25 08:00:00,0.9685
2050-11-25 09:00:00,0.9664
2050-11-25 10:00:00,0.9656
2050-11-25 11:00:00,0.9686
2050-11-25 12:00:00,0.9687
2050-11-25 13:00:00,0.9671
2050-11-25 14:00:00,0.9645
2050-11-25 15:00:00,0.968
2050-11-25 16:00:00,0.9766
2050-11-25 17:00:00,0.9831
2050-11-25 18:00:00,0.9865
2050-11-25 19:00:00,0.9884
2050-11-25 20:00:00,0.9882
2050-11-25 21:00:00,0.9863
2050-11-25 22:00:00,0.9824
2050-11-25 23:00:00,0.9792
2050-11-26 00:00:00,0.9781
2050-11-26 01:00:00,0.979
2050-11-26 02:00:00,0.9808
2050-11-26 03:00:00,0.9806
2050-11-26 04:00:00,0.9795
2050-11-26 05:00:00,0.9759
2050-11-26 06:00:00,0.969
2050-11-26 07:00:00,0.9582
2050-11-26 08:00:00,0.9432
2050-11-26 09:00:00,0.9263
2050-11-26 10:00:00,0.9132
2050-11-26 11:00:00,0.902
2050-11-26 12:00:00,0.8919
2050-11-26 13:00:00,0.8857
2050-11-26 14:00:00,0.8695
2050-11-26 15:00:00,0.8485
2050-11-26 16:00:00,0.8156
2050-11-26 17:00:00,0.7783
2050-11-26 18:00:00,0.7382
2050-11-26 19:00:00,0.7012
2050-11-26 20:00:00,0.6529
2050-11-26 21:00:00,0.5935
2050-11-26 22:00:00,0.5048
2050-11-26 23:00:00,0.3999
2050-11-27 00:00:00,0.2967
2050-11-27 01:00:00,0.2049
2050-11-27 02:00:00,0.1397
2050-11-27 03:00:00,0.1319
2050-11-27 04:00:00,0.1693
2050-11-27 05:00:00,0.2521
2050-11-27 06:00:00,0.3431
2050-11-27 07:00:00,0.422
2050-11-27 08:00:00,0.55
2050-11-27 09:00:00,0.7405
2050-11-27 10:00:00,0.8814
2050-11-27 11:00:00,0.9469
2050-11-27 12:00:00,0.9722
2050-11-27 13:00:00,0.9673
2050-11-27 14:00:00,0.9609
2050-11-27 15:00:00,0.967
2050-11-27 16:00:00,0.9033
2050-11-27 17:00:00,0.8401
2050-11-27 18:00:00,0.929
2050-11-27 19:00:00,0.9621
2050-11-27 20:00:00,0.9084
2050-11-27 21:00:00,0.8535
2050-11-27 22:00:00,0.9109
2050-11-27 23:00:00,0.9648
2050-11-28 00:00:00,0.9762
2050-11-28 01:00:00,0.9755
2050-11-28 02:00:00,0.9721
2050-11-28 03:00:00,0.966
2050-11-28 04:00:00,0.9559
2050-11-28 05:00:00,0.9437
2050-11-28 06:00:00,0.9276
2050-11-28 07:00:00,0.9046
2050-11-28 08:00:00,0.8753
2050-11-28 09:00:00,0.8463
2050-11-28 10:00:00,0.8184
2050-11-28 11:00:00,0.7838
2050-11-28 12:00:00,0.7308
2050-11-28 13:00:00,0.6462
2050-11-28 14:00:00,0.5439
2050-11-28 15:00:00,0.4526
2050-11-28 16:00:00,0.3736
2050-11-28 17:00:00,0.2863
2050-11-28 18:00:00,0.1886
2050-11-28 19:00:00,0.1143
2050-11-28 20:00:00,0.0632
2050-11-28 21:00:00,0.0234
2050-11-28 22:00:00,0.0151
2050-11-28 23:00:00,0.0522
2050-11-29 00:00:00,0.1239
2050-11-29 01:00:00,0.2032
2050-11-29 02:00:00,0.2929
2050-11-29 03:00:00,0.3779
2050-11-29 04:00:00,0.4561
2050-11-29 05:00:00,0.5257
2050-11-29 06:00:00,0.5869
2050-11-29 07:00:00,0.6441
2050-11-29 08:00:00,0.7006
2050-11-29 09:00:00,0.7486
2050-11-29 10:00:00,0.7825
2050-11-29 11:00:00,0.8049
2050-11-29 12:00:00,0.8171
2050-11-29 13:00:00,0.8246
2050-11-29 14:00:00,0.8328
2050-11-29 15:00:00,0.8503
2050-11-29 16:00:00,0.8804
2050-11-29 17:00:00,0.9119
2050-11-29 18:00:00,0.9352
2050-11-29 19:00:00,0.9488
2050-11-29 20:00:00,0.9555
2050-11-29 21:00:00,0.9581
2050-11-29 22:00:00,0.9584
2050-11-29 23:00:00,0.9556
2050-11-30 00:00:00,0.9504
2050-11-30 01:00:00,0.944
2050-11-30 02:00:00,0.9366
2050-11-30 03:00:00,0.9279
2050-11-30 04:00:00,0.9172
2050-11-30 05:00:00,0.9058
2050-11-30 06:00:00,0.8927
2050-11-30 07:00:00,0.8808
2050-11-30 08:00:00,0.8699
2050-11-30 09:00:00,0.8532
2050-11-30 10:00:00,0.8314
2050-11-30 11:00:00,0.8004
2050-11-30 12:00:00,0.765
2050-11-30 13:00:00,0.7392
2050-11-30 14:00:00,0.7212
2050-11-30 15:00:00,0.7203
2050-11-30 16:00:00,0.731
2050-11-30 17:00:00,0.7459
2050-11-30 18:00:00,0.7613
2050-11-30 19:00:00,0.7825
2050-11-30 20:00:00,0.7965
2050-11-30 21:00:00,0.7942
2050-11-30 22:00:00,0.788
2050-11-30 23:00:00,0.7875
2050-12-01 00:00:00,0.7889
2050-12-01 01:00:00,0.7916
2050-12-01 02:00:00,0.7953
2050-12-01 03:00:00,0.8017
2050-12-01 04:00:00,0.821
2050-12-01 05:00:00,0.8483
2050-12-01 06:00:00,0.8755
2050-12-01 07:00:00,0.9008
2050-12-01 08:00:00,0.9169
2050-12-01 09:00:00,0.9124
2050-12-01 10:00:00,0.9
2050-12-01 11:00:00,0.8923
2050-12-01 12:00:00,0.8932
2050-12-01 13:00:00,0.9091
2050-12-01 14:00:00,0.9293
2050-12-01 15:00:00,0.9457
2050-12-01 16:00:00,0.9559
2050-12-01 17:00:00,0.9568
2050-12-01 18:00:00,0.958
2050-12-01 19:00:00,0.9549
2050-12-01 20:00:00,0.9554
2050-12-01 21:00:00,0.9495
2050-12-01 22:00:00,0.9444
2050-12-01 23:00:00,0.9378
2050-12-02 00:00:00,0.9262
2050-12-02 01:00:00,0.9101
2050-12-02 02:00:00,0.9018
2050-12-02 03:00:00,0.9169
2050-12-02 04:00:00,0.9144
2050-12-02 05:00:00,0.9162
2050-12-02 06:00:00,0.902
2050-12-02 07:00:00,0.8826
2050-12-02 08:00:00,0.862
2050-12-02 09:00:00,0.8515
2050-12-02 10:00:00,0.8412
2050-12-02 11:00:00,0.8196
2050-12-02 12:00:00,0.7848
2050-12-02 13:00:00,0.7426
2050-12-02 14:00:00,0.7011
2050-12-02 15:00:00,0.6576
2050-12-02 16:00:00,0.6157
2050-12-02 17:00:00,0.5873
2050-12-02 18:00:00,0.6158
2050-12-02 19:00:00,0.6857
2050-12-02 20:00:00,0.7743
2050-12-02 21:00:00,0.8914
2050-12-02 22:00:00,0.9605
2050-12-02 23:00:00,0.9778
2050-12-03 00:00:00,0.9772
2050-12-03 01:00:00,0.9677
2050-12-03 02:00:00,0.9532
2050-12-03 03:00:00,0.9367
2050-12-03 04:00:00,0.9255
2050-12-03 05:00:00,0.9223
2050-12-03 06:00:00,0.9192
2050-12-03 07:00:00,0.9111
2050-12-03 08:00:00,0.8926
2050-12-03 09:00:00,0.864
2050-12-03 10:00:00,0.8267
2050-12-03 11:00:00,0.7826
2050-12-03 12:00:00,0.7352
2050-12-03 13:00:00,0.6916
2050-12-03 14:00:00,0.6691
2050-12-03 15:00:00,0.668
2050-12-03 16:00:00,0.68
2050-12-03 17:00:00,0.6784
2050-12-03 18:00:00,0.6405
2050-12-03 19:00:00,0.5626
2050-12-03 20:00:00,0.4696
2050-12-03 21:00:00,0.4176
2050-12-03 22:00:00,0.4052
2050-12-03 23:00:00,0.3448
2050-12-04 00:00:00,0.2282
2050-12-04 01:00:00,0.1452
2050-12-04 02:00:00,0.1565
2050-12-04 03:00:00,0.2084
2050-12-04 04:00:00,0.2245
2050-12-04 05:00:00,0.2277
2050-12-04 06:00:00,0.2212
2050-12-04 07:00:00,0.2157
2050-12-04 08:00:00,0.2349
2050-12-04 09:00:00,0.2398
2050-12-04 10:00:00,0.2073
2050-12-04 11:00:00,0.149
2050-12-04 12:00:00,0.1108
2050-12-04 13:00:00,0.1098
2050-12-04 14:00:00,0.1
2050-12-04 15:00:00,0.1195
2050-12-04 16:00:00,0.1996
2050-12-04 17:00:00,0.3225
2050-12-04 18:00:00,0.4928
2050-12-04 19:00:00,0.6754
2050-12-04 20:00:00,0.796
2050-12-04 21:00:00,0.8624
2050-12-04 22:00:00,0.8938
2050-12-04 23:00:00,0.9143
2050-12-05 00:00:00,0.9366
2050-12-05 01:00:00,0.9583
2050-12-05 02:00:00,0.9727
2050-12-05 03:00:00,0.9802
2050-12-05 04:00:00,0.9828
2050-12-05 05:00:00,0.9818
2050-12-05 06:00:00,0.9836
2050-12-05 07:00:00,0.9844
2050-12-05 08:00:00,0.9838
2050-12-05 09:00:00,0.9859
2050-12-05 10:00:00,0.988
2050-12-05 11:00:00,0.9823
2050-12-05 12:00:00,0.9645
2050-12-05 13:00:00,0.9416
2050-12-05 14:00:00,0.9198
2050-12-05 15:00:00,0.8858
2050-12-05 16:00:00,0.8715
2050-12-05 17:00:00,0.9032
2050-12-05 18:00:00,0.9406
2050-12-05 19:00:00,0.9586
2050-12-05 20:00:00,0.9715
2050-12-05 21:00:00,0.9839
2050-12-05 22:00:00,0.9689
2050-12-05 23:00:00,0.9628
2050-12-06 00:00:00,0.9459
2050-12-06 01:00:00,0.9146
2050-12-06 02:00:00,0.8062
2050-12-06 03:00:00,0.6535
2050-12-06 04:00:00,0.502
2050-12-06 05:00:00,0.554
2050-12-06 06:00:00,0.6752
2050-12-06 07:00:00,0.7782
2050-12-06 08:00:00,0.8672
2050-12-06 09:00:00,0.914
2050-12-06 10:00:00,0.935
2050-12-06 11:00:00,0.9646
2050-12-06 12:00:00,0.9885
2050-12-06 13:00:00,0.9777
2050-12-06 14:00:00,0.9215
2050-12-06 15:00:00,0.8236
2050-12-06 16:00:00,0.6907
2050-12-06 17:00:00,0.5172
2050-12-06 18:00:00,0.3689
2050-12-06 19:00:00,0.378
2050-12-06 20:00:00,0.5305
2050-12-06 21:00:00,0.7093
2050-12-06 22:00:00,0.8358
2050-12-06 23:00:00,0.9142
2050-12-07 00:00:00,0.9581
2050-12-07 01:00:00,0.9722
2050-12-07 02:00:00,0.9641
2050-12-07 03:00:00,0.9662
2050-12-07 04:00:00,0.9763
2050-12-07 05:00:00,0.984
2050-12-07 06:00:00,0.9854
2050-12-07 07:00:00,0.9858
2050-12-07 08:00:00,0.9852
2050-12-07 09:00:00,0.9802
2050-12-07 10:00:00,0.9641
2050-12-07 11:00:00,0.9356
2050-12-07 12:00:00,0.8962
2050-12-07 13:00:00,0.8485
2050-12-07 14:00:00,0.7642
2050-12-07 15:00:00,0.5964
2050-12-07 16:00:00,0.4712
2050-12-07 17:00:00,0.4445
2050-12-07 18:00:00,0.4879
2050-12-07 19:00:00,0.5823
2050-12-07 20:00:00,0.6937
2050-12-07 21:00:00,0.779
2050-12-07 22:00:00,0.8203
2050-12-07 23:00:00,0.8395
2050-12-08 00:00:00,0.8565
2050-12-08 01:00:00,0.8779
2050-12-08 02:00:00,0.9042
2050-12-08 03:00:00,0.934
2050-12-08 04:00:00,0.9569
2050-12-08 05:00:00,0.9683
2050-12-08 06:00:00,0.9728
2050-12-08 07:00:00,0.9714
2050-12-08 08:00:00,0.9682
2050-12-08 09:00:00,0.9654
2050-12-08 10:00:00,0.965
2050-12-08 11:00:00,0.9663
2050-12-08 12:00:00,0.9693
2050-12-08 13:00:00,0.9745
2050-12-08 14:00:00,0.9792
2050-12-08 15:00:00,0.982
2050-12-08 16:00:00,0.9816
2050-12-08 17:00:00,0.9799
2050-12-08 18:00:00,0.9798
2050-12-08 19:00:00,0.9819
2050-12-08 20:00:00,0.9834
2050-12-08 21:00:00,0.9834
2050-12-08 22:00:00,0.9814
2050-12-08 23:00:00,0.9794
2050-12-09 00:00:00,0.9784
2050-12-09 01:00:00,0.9789
2050-12-09 02:00:00,0.9798
2050-12-09 03:00:00,0.9817
2050-12-09 04:00:00,0.9838
2050-12-09 05:00:00,0.9854
2050-12-09 06:00:00,0.9862
2050-12-09 07:00:00,0.9871
2050-12-09 08:00:00,0.9881
2050-12-09 09:00:00,0.9889
2050-12-09 10:00:00,0.9897
2050-12-09 11:00:00,0.9898
2050-12-09 12:00:00,0.9894
2050-12-09 13:00:00,0.9888
2050-12-09 14:00:00,0.9881
2050-12-09 15:00:00,0.9874
2050-12-09 16:00:00,0.986
2050-12-09 17:00:00,0.9844
2050-12-09 18:00:00,0.9827
2050-12-09 19:00:00,0.9802
2050-12-09 20:00:00,0.9765
2050-12-09 21:00:00,0.9711
2050-12-09 22:00:00,0.9632
2050-12-09 23:00:00,0.9507
2050-12-10 00:00:00,0.934
2050-12-10 01:00:00,0.9189
2050-12-10 02:00:00,0.9103
2050-12-10 03:00:00,0.9112
2050-12-10 04:00:00,0.9131
2050-12-10 05:00:00,0.9102
2050-12-10 06:00:00,0.9018
2050-12-10 07:00:00,0.8893
2050-12-10 08:00:00,0.8728
2050-12-10 09:00:00,0.8535
2050-12-10 10:00:00,0.8314
2050-12-10 11:00:00,0.8092
2050-12-10 12:00:00,0.7987
2050-12-10 13:00:00,0.8012
2050-12-10 14:00:00,0.8109
2050-12-10 15:00:00,0.8206
2050-12-10 16:00:00,0.8207
2050-12-10 17:00:00,0.8008
2050-12-10 18:00:00,0.7624
2050-12-10 19:00:00,0.7099
2050-12-10 20:00:00,0.6552
2050-12-10 21:00:00,0.5981
2050-12-10 22:00:00,0.55
2050-12-10 23:00:00,0.5051
2050-12-11 00:00:00,0.459
2050-12-11 01:00:00,0.413
2050-12-11 02:00:00,0.3718
2050-12-11 03:00:00,0.3551
2050-12-11 04:00:00,0.3629
2050-12-11 05:00:00,0.3798
2050-12-11 06:00:00,0.3858
2050-12-11 07:00:00,0.3651
2050-12-11 08:00:00,0.3254
2050-12-11 09:00:00,0.2961
2050-12-11 10:00:00,0.2677
2050-12-11 11:00:00,0.2498
2050-12-11 12:00:00,0.2666
2050-12-11 13:00:00,0.319
2050-12-11 14:00:00,0.3945
2050-12-11 15:00:00,0.4675
2050-12-11 16:00:00,0.5201
2050-12-11 17:00:00,0.5535
2050-12-11 18:00:00,0.565
2050-12-11 19:00:00,0.5591
2050-12-11 20:00:00,0.5414
2050-12-11 21:00:00,0.5142
2050-12-11 22:00:00,0.483
2050-12-11 23:00:00,0.4495
2050-12-12 00:00:00,0.4233
2050-12-12 01:00:00,0.4077
2050-12-12 02:00:00,0.394
2050-12-12 03:00:00,0.3753
2050-12-12 04:00:00,0.3515
2050-12-12 05:00:00,0.335
2050-12-12 06:00:00,0.3298
2050-12-12 07:00:00,0.3325
2050-12-12 08:00:00,0.3395
2050-12-12 09:00:00,0.3402
2050-12-12 10:00:00,0.3266
2050-12-12 11:00:00,0.3073
2050-12-12 12:00:00,0.2941
2050-12-12 13:00:00,0.289
2050-12-12 14:00:00,0.293
2050-12-12 15:00:00,0.3173
2050-12-12 16:00:00,0.3511
2050-12-12 17:00:00,0.3803
2050-12-12 18:00:00,0.3981
2050-12-12 19:00:00,0.4
2050-12-12 20:00:00,0.3875
2050-12-12 21:00:00,0.3639
2050-12-12 22:00:00,0.3421
2050-12-12 23:00:00,0.3286
2050-12-13 00:00:00,0.328
2050-12-13 01:00:00,0.3379
2050-12-13 02:00:00,0.3564
2050-12-13 03:00:00,0.3777
2050-12-13 04:00:00,0.3919
2050-12-13 05:00:00,0.3931
2050-12-13 06:00:00,0.3812
2050-12-13 07:00:00,0.3586
2050-12-13 08:00:00,0.3278
2050-12-13 09:00:00,0.2969
2050-12-13 10:00:00,0.276
2050-12-13 11:00:00,0.2609
2050-12-13 12:00:00,0.2463
2050-12-13 13:00:00,0.2238
2050-12-13 14:00:00,0.196
2050-12-13 15:00:00,0.1784
2050-12-13 16:00:00,0.1746
2050-12-13 17:00:00,0.183
2050-12-13 18:00:00,0.228
2050-12-13 19:00:00,0.2969
2050-12-13 20:00:00,0.3759
2050-12-13 21:00:00,0.4317
2050-12-13 22:00:00,0.4596
2050-12-13 23:00:00,0.4664
2050-12-14 00:00:00,0.4667
2050-12-14 01:00:00,0.478
2050-12-14 02:00:00,0.5319
2050-12-14 03:00:00,0.6315
2050-12-14 04:00:00,0.6921
2050-12-14 05:00:00,0.698
2050-12-14 06:00:00,0.6969
2050-12-14 07:00:00,0.6947
2050-12-14 08:00:00,0.6972
2050-12-14 09:00:00,0.7265
2050-12-14 10:00:00,0.7517
2050-12-14 11:00:00,0.7818
2050-12-14 12:00:00,0.8299
2050-12-14 13:00:00,0.8607
2050-12-14 14:00:00,0.8602
2050-12-14 15:00:00,0.8714
2050-12-14 16:00:00,0.8848
2050-12-14 17:00:00,0.8748
2050-12-14 18:00:00,0.8535
2050-12-14 19:00:00,0.8421
2050-12-14 20:00:00,0.8544
2050-12-14 21:00:00,0.8642
2050-12-14 22:00:00,0.8641
2050-12-14 23:00:00,0.8589
2050-12-15 00:00:00,0.8472
2050-12-15 01:00:00,0.8424
2050-12-15 02:00:00,0.8539
2050-12-15 03:00:00,0.851
2050-12-15 04:00:00,0.8443
2050-12-15 05:00:00,0.8632
2050-12-15 06:00:00,0.8913
2050-12-15 07:00:00,0.9104
2050-12-15 08:00:00,0.9125
2050-12-15 09:00:00,0.9067
2050-12-15 10:00:00,0.9071
2050-12-15 11:00:00,0.9256
2050-12-15 12:00:00,0.9376
2050-12-15 13:00:00,0.9419
2050-12-15 14:00:00,0.9394
2050-12-15 15:00:00,0.9421
2050-12-15 16:00:00,0.9463
2050-12-15 17:00:00,0.9538
2050-12-15 18:00:00,0.9667
2050-12-15 19:00:00,0.9752
2050-12-15 20:00:00,0.9798
2050-12-15 21:00:00,0.9835
2050-12-15 22:00:00,0.9846
2050-12-15 23:00:00,0.9798
2050-12-16 00:00:00,0.9794
2050-12-16 01:00:00,0.9793
2050-12-16 02:00:00,0.9805
2050-12-16 03:00:00,0.9814
2050-12-16 04:00:00,0.9825
2050-12-16 05:00:00,0.9828
2050-12-16 06:00:00,0.9818
2050-12-16 07:00:00,0.9803
2050-12-16 08:00:00,0.9789
2050-12-16 09:00:00,0.9792
2050-12-16 10:00:00,0.98
2050-12-16 11:00:00,0.9805
2050-12-16 12:00:00,0.9812
2050-12-16 13:00:00,0.9824
2050-12-16 14:00:00,0.9811
2050-12-16 15:00:00,0.9793
2050-12-16 16:00:00,0.9751
2050-12-16 17:00:00,0.9793
2050-12-16 18:00:00,0.9799
2050-12-16 19:00:00,0.9803
2050-12-16 20:00:00,0.9805
2050-12-16 21:00:00,0.9803
2050-12-16 22:00:00,0.9788
2050-12-16 23:00:00,0.9752
2050-12-17 00:00:00,0.973
2050-12-17 01:00:00,0.9692
2050-12-17 02:00:00,0.9552
2050-12-17 03:00:00,0.9338
2050-12-17 04:00:00,0.9049
2050-12-17 05:00:00,0.8817
2050-12-17 06:00:00,0.8739
2050-12-17 07:00:00,0.8726
2050-12-17 08:00:00,0.8596
2050-12-17 09:00:00,0.8257
2050-12-17 10:00:00,0.7859
2050-12-17 11:00:00,0.7538
2050-12-17 12:00:00,0.7249
2050-12-17 13:00:00,0.6993
2050-12-17 14:00:00,0.6834
2050-12-17 15:00:00,0.711
2050-12-17 16:00:00,0.7848
2050-12-17 17:00:00,0.8749
2050-12-17 18:00:00,0.9315
2050-12-17 19:00:00,0.9625
2050-12-17 20:00:00,0.9757
2050-12-17 21:00:00,0.9819
2050-12-17 22:00:00,0.9867
2050-12-17 23:00:00,0.9886
2050-12-18 00:00:00,0.9887
2050-12-18 01:00:00,0.9885
2050-12-18 02:00:00,0.9888
2050-12-18 03:00:00,0.9872
2050-12-18 04:00:00,0.985
2050-12-18 05:00:00,0.9827
2050-12-18 06:00:00,0.978
2050-12-18 07:00:00,0.9697
2050-12-18 08:00:00,0.9487
2050-12-18 09:00:00,0.9106
2050-12-18 10:00:00,0.8785
2050-12-18 11:00:00,0.8603
2050-12-18 12:00:00,0.8776
2050-12-18 13:00:00,0.9098
2050-12-18 14:00:00,0.9418
2050-12-18 15:00:00,0.975
2050-12-18 16:00:00,0.9848
2050-12-18 17:00:00,0.9783
2050-12-18 18:00:00,0.9672
2050-12-18 19:00:00,0.9479
2050-12-18 20:00:00,0.9185
2050-12-18 21:00:00,0.8635
2050-12-18 22:00:00,0.7472
2050-12-18 23:00:00,0.6573
2050-12-19 00:00:00,0.6629
2050-12-19 01:00:00,0.7263
2050-12-19 02:00:00,0.8288
2050-12-19 03:00:00,0.9333
2050-12-19 04:00:00,0.9644
2050-12-19 05:00:00,0.9513
2050-12-19 06:00:00,0.9599
2050-12-19 07:00:00,0.9626
2050-12-19 08:00:00,0.9611
2050-12-19 09:00:00,0.9566
2050-12-19 10:00:00,0.9582
2050-12-19 11:00:00,0.964
2050-12-19 12:00:00,0.971
2050-12-19 13:00:00,0.9783
2050-12-19 14:00:00,0.9853
2050-12-19 15:00:00,0.9889
2050-12-19 16:00:00,0.989
2050-12-19 17:00:00,0.9833
2050-12-19 18:00:00,0.9721
2050-12-19 19:00:00,0.9666
2050-12-19 20:00:00,0.9658
2050-12-19 21:00:00,0.9749
2050-12-19 22:00:00,0.9844
2050-12-19 23:00:00,0.9867
2050-12-20 00:00:00,0.9866
2050-12-20 01:00:00,0.9856
2050-12-20 02:00:00,0.9836
2050-12-20 03:00:00,0.9742
2050-12-20 04:00:00,0.9566
2050-12-20 05:00:00,0.9374
2050-12-20 06:00:00,0.9237
2050-12-20 07:00:00,0.9039
2050-12-20 08:00:00,0.8826
2050-12-20 09:00:00,0.8779
2050-12-20 10:00:00,0.8875
2050-12-20 11:00:00,0.909
2050-12-20 12:00:00,0.9254
2050-12-20 13:00:00,0.9339
2050-12-20 14:00:00,0.9386
2050-12-20 15:00:00,0.9487
2050-12-20 16:00:00,0.9582
2050-12-20 17:00:00,0.9637
2050-12-20 18:00:00,0.9683
2050-12-20 19:00:00,0.974
2050-12-20 20:00:00,0.9732
2050-12-20 21:00:00,0.9631
2050-12-20 22:00:00,0.9391
2050-12-20 23:00:00,0.9093
2050-12-21 00:00:00,0.881
2050-12-21 01:00:00,0.8544
2050-12-21 02:00:00,0.8296
2050-12-21 03:00:00,0.8126
2050-12-21 04:00:00,0.8225
2050-12-21 05:00:00,0.8733
2050-12-21 06:00:00,0.9152
2050-12-21 07:00:00,0.9436
2050-12-21 08:00:00,0.9693
2050-12-21 09:00:00,0.9839
2050-12-21 10:00:00,0.985
2050-12-21 11:00:00,0.9662
2050-12-21 12:00:00,0.9519
2050-12-21 13:00:00,0.9715
2050-12-21 14:00:00,0.9861
2050-12-21 15:00:00,0.9903
2050-12-21 16:00:00,0.9885
2050-12-21 17:00:00,0.9865
2050-12-21 18:00:00,0.986
2050-12-21 19:00:00,0.9868
2050-12-21 20:00:00,0.9879
2050-12-21 21:00:00,0.989
2050-12-21 22:00:00,0.988
2050-12-21 23:00:00,0.9866
2050-12-22 00:00:00,0.9886
2050-12-22 01:00:00,0.9885
2050-12-22 02:00:00,0.9869
2050-12-22 03:00:00,0.9877
2050-12-22 04:00:00,0.9865
2050-12-22 05:00:00,0.9855
2050-12-22 06:00:00,0.9848
2050-12-22 07:00:00,0.9847
2050-12-22 08:00:00,0.985
2050-12-22 09:00:00,0.9841
2050-12-22 10:00:00,0.9823
2050-12-22 11:00:00,0.9804
2050-12-22 12:00:00,0.9777
2050-12-22 13:00:00,0.9712
2050-12-22 14:00:00,0.9704
2050-12-22 15:00:00,0.9737
2050-12-22 16:00:00,0.9725
2050-12-22 17:00:00,0.9668
2050-12-22 18:00:00,0.9567
2050-12-22 19:00:00,0.9465
2050-12-22 20:00:00,0.941
2050-12-22 21:00:00,0.9528
2050-12-22 22:00:00,0.9579
2050-12-22 23:00:00,0.9371
2050-12-23 00:00:00,0.9083
2050-12-23 01:00:00,0.8941
2050-12-23 02:00:00,0.8971
2050-12-23 03:00:00,0.9148
2050-12-23 04:00:00,0.9399
2050-12-23 05:00:00,0.9581
2050-12-23 06:00:00,0.9685
2050-12-23 07:00:00,0.9769
2050-12-23 08:00:00,0.9841
2050-12-23 09:00:00,0.986
2050-12-23 10:00:00,0.9857
2050-12-23 11:00:00,0.9827
2050-12-23 12:00:00,0.9774
2050-12-23 13:00:00,0.9698
2050-12-23 14:00:00,0.9578
2050-12-23 15:00:00,0.9421
2050-12-23 16:00:00,0.9258
2050-12-23 17:00:00,0.8996
2050-12-23 18:00:00,0.8559
2050-12-23 19:00:00,0.7883
2050-12-23 20:00:00,0.7089
2050-12-23 21:00:00,0.6237
2050-12-23 22:00:00,0.5202
2050-12-23 23:00:00,0.4203
2050-12-24 00:00:00,0.3644
2050-12-24 01:00:00,0.4132
2050-12-24 02:00:00,0.5379
2050-12-24 03:00:00,0.6386
2050-12-24 04:00:00,0.6687
2050-12-24 05:00:00,0.6656
2050-12-24 06:00:00,0.721
2050-12-24 07:00:00,0.7734
2050-12-24 08:00:00,0.8044
2050-12-24 09:00:00,0.8001
2050-12-24 10:00:00,0.7933
2050-12-24 11:00:00,0.8112
2050-12-24 12:00:00,0.8189
2050-12-24 13:00:00,0.7893
2050-12-24 14:00:00,0.7275
2050-12-24 15:00:00,0.6777
2050-12-24 16:00:00,0.6505
2050-12-24 17:00:00,0.6369
2050-12-24 18:00:00,0.6414
2050-12-24 19:00:00,0.649
2050-12-24 20:00:00,0.6326
2050-12-24 21:00:00,0.6066
2050-12-24 22:00:00,0.5926
2050-12-24 23:00:00,0.586
2050-12-25 00:00:00,0.5846
2050-12-25 01:00:00,0.5833
2050-12-25 02:00:00,0.5778
2050-12-25 03:00:00,0.5471
2050-12-25 04:00:00,0.4942
2050-12-25 05:00:00,0.4553
2050-12-25 06:00:00,0.4553
2050-12-25 07:00:00,0.4811
2050-12-25 08:00:00,0.4981
2050-12-25 09:00:00,0.4943
2050-12-25 10:00:00,0.4725
2050-12-25 11:00:00,0.438
2050-12-25 12:00:00,0.3813
2050-12-25 13:00:00,0.3198
2050-12-25 14:00:00,0.2749
2050-12-25 15:00:00,0.2717
2050-12-25 16:00:00,0.2932
2050-12-25 17:00:00,0.3189
2050-12-25 18:00:00,0.3398
2050-12-25 19:00:00,0.3503
2050-12-25 20:00:00,0.3494
2050-12-25 21:00:00,0.3318
2050-12-25 22:00:00,0.3085
2050-12-25 23:00:00,0.2844
2050-12-26 00:00:00,0.2597
2050-12-26 01:00:00,0.2452
2050-12-26 02:00:00,0.2497
2050-12-26 03:00:00,0.2474
2050-12-26 04:00:00,0.2316
2050-12-26 05:00:00,0.2119
2050-12-26 06:00:00,0.1993
2050-12-26 07:00:00,0.1867
2050-12-26 08:00:00,0.1655
2050-12-26 09:00:00,0.1445
2050-12-26 10:00:00,0.1274
2050-12-26 11:00:00,0.1169
2050-12-26 12:00:00,0.12
2050-12-26 13:00:00,0.137
2050-12-26 14:00:00,0.156
2050-12-26 15:00:00,0.16
2050-12-26 16:00:00,0.1474
2050-12-26 17:00:00,0.1348
2050-12-26 18:00:00,0.1273
2050-12-26 19:00:00,0.1235
2050-12-26 20:00:00,0.1245
2050-12-26 21:00:00,0.1384
2050-12-26 22:00:00,0.1622
2050-12-26 23:00:00,0.177
2050-12-27 00:00:00,0.1735
2050-12-27 01:00:00,0.1616
2050-12-27 02:00:00,0.1588
2050-12-27 03:00:00,0.1656
2050-12-27 04:00:00,0.1694
2050-12-27 05:00:00,0.1663
2050-12-27 06:00:00,0.1555
2050-12-27 07:00:00,0.1482
2050-12-27 08:00:00,0.1456
2050-12-27 09:00:00,0.1482
2050-12-27 10:00:00,0.1557
2050-12-27 11:00:00,0.1602
2050-12-27 12:00:00,0.1545
2050-12-27 13:00:00,0.1426
2050-12-27 14:00:00,0.1299
2050-12-27 15:00:00,0.1159
2050-12-27 16:00:00,0.1017
2050-12-27 17:00:00,0.0895
2050-12-27 18:00:00,0.0834
2050-12-27 19:00:00,0.0836
2050-12-27 20:00:00,0.0903
2050-12-27 21:00:00,0.0986
2050-12-27 22:00:00,0.1048
2050-12-27 23:00:00,0.1084
2050-12-28 00:00:00,0.1113
2050-12-28 01:00:00,0.1118
2050-12-28 02:00:00,0.1129
2050-12-28 03:00:00,0.1156
2050-12-28 04:00:00,0.1193
2050-12-28 05:00:00,0.1258
2050-12-28 06:00:00,0.1413
2050-12-28 07:00:00,0.163
2050-12-28 08:00:00,0.1826
2050-12-28 09:00:00,0.2111
2050-12-28 10:00:00,0.2502
2050-12-28 11:00:00,0.296
2050-12-28 12:00:00,0.3357
2050-12-28 13:00:00,0.3637
2050-12-28 14:00:00,0.3764
2050-12-28 15:00:00,0.3926
2050-12-28 16:00:00,0.4178
2050-12-28 17:00:00,0.4407
2050-12-28 18:00:00,0.4639
2050-12-28 19:00:00,0.4818
2050-12-28 20:00:00,0.4958
2050-12-28 21:00:00,0.4996
2050-12-28 22:00:00,0.4876
2050-12-28 23:00:00,0.4727
2050-12-29 00:00:00,0.4656
2050-12-29 01:00:00,0.4579
2050-12-29 02:00:00,0.4617
2050-12-29 03:00:00,0.4934
2050-12-29 04:00:00,0.5557
2050-12-29 05:00:00,0.6228
2050-12-29 06:00:00,0.6642
2050-12-29 07:00:00,0.7073
2050-12-29 08:00:00,0.7498
2050-12-29 09:00:00,0.7845
2050-12-29 10:00:00,0.8107
2050-12-29 11:00:00,0.8428
2050-12-29 12:00:00,0.8694
2050-12-29 13:00:00,0.8848
2050-12-29 14:00:00,0.899
2050-12-29 15:00:00,0.9134
2050-12-29 16:00:00,0.9259
2050-12-29 17:00:00,0.9375
2050-12-29 18:00:00,0.9482
2050-12-29 19:00:00,0.9533
2050-12-29 20:00:00,0.9546
2050-12-29 21:00:00,0.9607
2050-12-29 22:00:00,0.968
2050-12-29 23:00:00,0.9713
2050-12-30 00:00:00,0.9736
2050-12-30 01:00:00,0.9724
2050-12-30 02:00:00,0.973
2050-12-30 03:00:00,0.9712
2050-12-30 04:00:00,0.966
2050-12-30 05:00:00,0.9648
2050-12-30 06:00:00,0.963
2050-12-30 07:00:00,0.9639
2050-12-30 08:00:00,0.97
2050-12-30 09:00:00,0.9761
2050-12-30 10:00:00,0.981
2050-12-30 11:00:00,0.9844
2050-12-30 12:00:00,0.9859
2050-12-30 13:00:00,0.9863
2050-12-30 14:00:00,0.9864
2050-12-30 15:00:00,0.986
2050-12-30 16:00:00,0.9856
2050-12-30 17:00:00,0.9854
2050-12-30 18:00:00,0.9834
2050-12-30 19:00:00,0.9789
2050-12-30 20:00:00,0.9739
2050-12-30 21:00:00,0.9679
2050-12-30 22:00:00,0.9606
2050-12-30 23:00:00,0.9532
2050-12-31 00:00:00,0.9502
2050-12-31 01:00:00,0.9543
2050-12-31 02:00:00,0.9652
2050-12-31 03:00:00,0.9732
2050-12-31 04:00:00,0.9779
2050-12-31 05:00:00,0.979
2050-12-31 06:00:00,0.9804
2050-12-31 07:00:00,0.9844
2050-12-31 08:00:00,0.9872
2050-12-31 09:00:00,0.9892
2050-12-31 10:00:00,0.9895
2050-12-31 11:00:00,0.9886
2050-12-31 12:00:00,0.9843
2050-12-31 13:00:00,0.981
2050-12-31 14:00:00,0.9724
2050-12-31 15:00:00,0.9563
2050-12-31 16:00:00,0.9332
2050-12-31 17:00:00,0.9141
2050-12-31 18:00:00,0.8892
2050-12-31 19:00:00,0.854
2050-12-31 20:00:00,0.8263
2050-12-31 21:00:00,0.7983
2050-12-31 22:00:00,0.7491
2050-12-31 23:00:00,0.7117
