nodes,NLD
techs,wind_offshore
2050-01-01 00:00:00,0.8807
2050-01-01 01:00:00,0.8733
2050-01-01 02:00:00,0.8677
2050-01-01 03:00:00,0.8657
2050-01-01 04:00:00,0.8614
2050-01-01 05:00:00,0.8548
2050-01-01 06:00:00,0.8563
2050-01-01 07:00:00,0.8599
2050-01-01 08:00:00,0.8654
2050-01-01 09:00:00,0.8723
2050-01-01 10:00:00,0.8792
2050-01-01 11:00:00,0.886
2050-01-01 12:00:00,0.893
2050-01-01 13:00:00,0.8964
2050-01-01 14:00:00,0.8961
2050-01-01 15:00:00,0.8947
2050-01-01 16:00:00,0.8867
2050-01-01 17:00:00,0.8631
2050-01-01 18:00:00,0.824
2050-01-01 19:00:00,0.7895
2050-01-01 20:00:00,0.7564
2050-01-01 21:00:00,0.7141
2050-01-01 22:00:00,0.7067
2050-01-01 23:00:00,0.7816
2050-01-02 00:00:00,0.855
2050-01-02 01:00:00,0.89
2050-01-02 02:00:00,0.9003
2050-01-02 03:00:00,0.9006
2050-01-02 04:00:00,0.9031
2050-01-02 05:00:00,0.8663
2050-01-02 06:00:00,0.8543
2050-01-02 07:00:00,0.8367
2050-01-02 08:00:00,0.7782
2050-01-02 09:00:00,0.7477
2050-01-02 10:00:00,0.7202
2050-01-02 11:00:00,0.6964
2050-01-02 12:00:00,0.6288
2050-01-02 13:00:00,0.5917
2050-01-02 14:00:00,0.6651
2050-01-02 15:00:00,0.7683
2050-01-02 16:00:00,0.8553
2050-01-02 17:00:00,0.8793
2050-01-02 18:00:00,0.8575
2050-01-02 19:00:00,0.8406
2050-01-02 20:00:00,0.8221
2050-01-02 21:00:00,0.7788
2050-01-02 22:00:00,0.7354
2050-01-02 23:00:00,0.6716
2050-01-03 00:00:00,0.7181
2050-01-03 01:00:00,0.8057
2050-01-03 02:00:00,0.8286
2050-01-03 03:00:00,0.8517
2050-01-03 04:00:00,0.8855
2050-01-03 05:00:00,0.9058
2050-01-03 06:00:00,0.907
2050-01-03 07:00:00,0.8999
2050-01-03 08:00:00,0.8894
2050-01-03 09:00:00,0.8762
2050-01-03 10:00:00,0.8575
2050-01-03 11:00:00,0.8263
2050-01-03 12:00:00,0.7781
2050-01-03 13:00:00,0.7132
2050-01-03 14:00:00,0.6227
2050-01-03 15:00:00,0.5248
2050-01-03 16:00:00,0.4509
2050-01-03 17:00:00,0.429
2050-01-03 18:00:00,0.4425
2050-01-03 19:00:00,0.4644
2050-01-03 20:00:00,0.492
2050-01-03 21:00:00,0.5228
2050-01-03 22:00:00,0.5423
2050-01-03 23:00:00,0.5578
2050-01-04 00:00:00,0.5664
2050-01-04 01:00:00,0.5553
2050-01-04 02:00:00,0.5168
2050-01-04 03:00:00,0.4583
2050-01-04 04:00:00,0.4008
2050-01-04 05:00:00,0.3538
2050-01-04 06:00:00,0.3145
2050-01-04 07:00:00,0.2719
2050-01-04 08:00:00,0.2391
2050-01-04 09:00:00,0.1988
2050-01-04 10:00:00,0.1477
2050-01-04 11:00:00,0.0937
2050-01-04 12:00:00,0.0817
2050-01-04 13:00:00,0.1015
2050-01-04 14:00:00,0.1317
2050-01-04 15:00:00,0.187
2050-01-04 16:00:00,0.2434
2050-01-04 17:00:00,0.3236
2050-01-04 18:00:00,0.4073
2050-01-04 19:00:00,0.5132
2050-01-04 20:00:00,0.6146
2050-01-04 21:00:00,0.7106
2050-01-04 22:00:00,0.7868
2050-01-04 23:00:00,0.8297
2050-01-05 00:00:00,0.8529
2050-01-05 01:00:00,0.8625
2050-01-05 02:00:00,0.8606
2050-01-05 03:00:00,0.8539
2050-01-05 04:00:00,0.8317
2050-01-05 05:00:00,0.8125
2050-01-05 06:00:00,0.7898
2050-01-05 07:00:00,0.7446
2050-01-05 08:00:00,0.6965
2050-01-05 09:00:00,0.6547
2050-01-05 10:00:00,0.6296
2050-01-05 11:00:00,0.6345
2050-01-05 12:00:00,0.6546
2050-01-05 13:00:00,0.6846
2050-01-05 14:00:00,0.7133
2050-01-05 15:00:00,0.7262
2050-01-05 16:00:00,0.7331
2050-01-05 17:00:00,0.7461
2050-01-05 18:00:00,0.7641
2050-01-05 19:00:00,0.7788
2050-01-05 20:00:00,0.7839
2050-01-05 21:00:00,0.7849
2050-01-05 22:00:00,0.7788
2050-01-05 23:00:00,0.7675
2050-01-06 00:00:00,0.7584
2050-01-06 01:00:00,0.7586
2050-01-06 02:00:00,0.7692
2050-01-06 03:00:00,0.7843
2050-01-06 04:00:00,0.799
2050-01-06 05:00:00,0.809
2050-01-06 06:00:00,0.8117
2050-01-06 07:00:00,0.8093
2050-01-06 08:00:00,0.8021
2050-01-06 09:00:00,0.7936
2050-01-06 10:00:00,0.7904
2050-01-06 11:00:00,0.791
2050-01-06 12:00:00,0.7942
2050-01-06 13:00:00,0.798
2050-01-06 14:00:00,0.8013
2050-01-06 15:00:00,0.807
2050-01-06 16:00:00,0.8131
2050-01-06 17:00:00,0.8175
2050-01-06 18:00:00,0.8174
2050-01-06 19:00:00,0.8148
2050-01-06 20:00:00,0.8097
2050-01-06 21:00:00,0.8056
2050-01-06 22:00:00,0.8015
2050-01-06 23:00:00,0.7994
2050-01-07 00:00:00,0.8008
2050-01-07 01:00:00,0.8046
2050-01-07 02:00:00,0.8088
2050-01-07 03:00:00,0.8076
2050-01-07 04:00:00,0.8015
2050-01-07 05:00:00,0.7909
2050-01-07 06:00:00,0.7792
2050-01-07 07:00:00,0.7665
2050-01-07 08:00:00,0.7457
2050-01-07 09:00:00,0.7134
2050-01-07 10:00:00,0.6749
2050-01-07 11:00:00,0.6387
2050-01-07 12:00:00,0.6176
2050-01-07 13:00:00,0.6138
2050-01-07 14:00:00,0.6192
2050-01-07 15:00:00,0.623
2050-01-07 16:00:00,0.6227
2050-01-07 17:00:00,0.6244
2050-01-07 18:00:00,0.6339
2050-01-07 19:00:00,0.6518
2050-01-07 20:00:00,0.6741
2050-01-07 21:00:00,0.7073
2050-01-07 22:00:00,0.7462
2050-01-07 23:00:00,0.7779
2050-01-08 00:00:00,0.8012
2050-01-08 01:00:00,0.8127
2050-01-08 02:00:00,0.8144
2050-01-08 03:00:00,0.8143
2050-01-08 04:00:00,0.8158
2050-01-08 05:00:00,0.82
2050-01-08 06:00:00,0.8282
2050-01-08 07:00:00,0.8396
2050-01-08 08:00:00,0.8492
2050-01-08 09:00:00,0.8575
2050-01-08 10:00:00,0.8628
2050-01-08 11:00:00,0.8636
2050-01-08 12:00:00,0.8623
2050-01-08 13:00:00,0.8609
2050-01-08 14:00:00,0.8629
2050-01-08 15:00:00,0.868
2050-01-08 16:00:00,0.8739
2050-01-08 17:00:00,0.8766
2050-01-08 18:00:00,0.8761
2050-01-08 19:00:00,0.8737
2050-01-08 20:00:00,0.87
2050-01-08 21:00:00,0.862
2050-01-08 22:00:00,0.8493
2050-01-08 23:00:00,0.8343
2050-01-09 00:00:00,0.8177
2050-01-09 01:00:00,0.8013
2050-01-09 02:00:00,0.7833
2050-01-09 03:00:00,0.7652
2050-01-09 04:00:00,0.7496
2050-01-09 05:00:00,0.7355
2050-01-09 06:00:00,0.7217
2050-01-09 07:00:00,0.7048
2050-01-09 08:00:00,0.6834
2050-01-09 09:00:00,0.6575
2050-01-09 10:00:00,0.6275
2050-01-09 11:00:00,0.5931
2050-01-09 12:00:00,0.5707
2050-01-09 13:00:00,0.5693
2050-01-09 14:00:00,0.5808
2050-01-09 15:00:00,0.5755
2050-01-09 16:00:00,0.5532
2050-01-09 17:00:00,0.5322
2050-01-09 18:00:00,0.5163
2050-01-09 19:00:00,0.4949
2050-01-09 20:00:00,0.4627
2050-01-09 21:00:00,0.4339
2050-01-09 22:00:00,0.4097
2050-01-09 23:00:00,0.3844
2050-01-10 00:00:00,0.3588
2050-01-10 01:00:00,0.3412
2050-01-10 02:00:00,0.3374
2050-01-10 03:00:00,0.3542
2050-01-10 04:00:00,0.3858
2050-01-10 05:00:00,0.4251
2050-01-10 06:00:00,0.4607
2050-01-10 07:00:00,0.4893
2050-01-10 08:00:00,0.5089
2050-01-10 09:00:00,0.514
2050-01-10 10:00:00,0.5158
2050-01-10 11:00:00,0.5212
2050-01-10 12:00:00,0.5303
2050-01-10 13:00:00,0.5439
2050-01-10 14:00:00,0.5591
2050-01-10 15:00:00,0.5748
2050-01-10 16:00:00,0.5721
2050-01-10 17:00:00,0.5481
2050-01-10 18:00:00,0.5116
2050-01-10 19:00:00,0.4665
2050-01-10 20:00:00,0.4102
2050-01-10 21:00:00,0.342
2050-01-10 22:00:00,0.2791
2050-01-10 23:00:00,0.2466
2050-01-11 00:00:00,0.2589
2050-01-11 01:00:00,0.2774
2050-01-11 02:00:00,0.2763
2050-01-11 03:00:00,0.2987
2050-01-11 04:00:00,0.3829
2050-01-11 05:00:00,0.4592
2050-01-11 06:00:00,0.4863
2050-01-11 07:00:00,0.5054
2050-01-11 08:00:00,0.5366
2050-01-11 09:00:00,0.5758
2050-01-11 10:00:00,0.6081
2050-01-11 11:00:00,0.6396
2050-01-11 12:00:00,0.6777
2050-01-11 13:00:00,0.7191
2050-01-11 14:00:00,0.7488
2050-01-11 15:00:00,0.7494
2050-01-11 16:00:00,0.7298
2050-01-11 17:00:00,0.6965
2050-01-11 18:00:00,0.6534
2050-01-11 19:00:00,0.6147
2050-01-11 20:00:00,0.5805
2050-01-11 21:00:00,0.5471
2050-01-11 22:00:00,0.5235
2050-01-11 23:00:00,0.5289
2050-01-12 00:00:00,0.5709
2050-01-12 01:00:00,0.6339
2050-01-12 02:00:00,0.6979
2050-01-12 03:00:00,0.7504
2050-01-12 04:00:00,0.7834
2050-01-12 05:00:00,0.7952
2050-01-12 06:00:00,0.7903
2050-01-12 07:00:00,0.7855
2050-01-12 08:00:00,0.7825
2050-01-12 09:00:00,0.77
2050-01-12 10:00:00,0.7451
2050-01-12 11:00:00,0.717
2050-01-12 12:00:00,0.6809
2050-01-12 13:00:00,0.6491
2050-01-12 14:00:00,0.6283
2050-01-12 15:00:00,0.6239
2050-01-12 16:00:00,0.6185
2050-01-12 17:00:00,0.5919
2050-01-12 18:00:00,0.5438
2050-01-12 19:00:00,0.4808
2050-01-12 20:00:00,0.4387
2050-01-12 21:00:00,0.4453
2050-01-12 22:00:00,0.4786
2050-01-12 23:00:00,0.5302
2050-01-13 00:00:00,0.6114
2050-01-13 01:00:00,0.7057
2050-01-13 02:00:00,0.7789
2050-01-13 03:00:00,0.8176
2050-01-13 04:00:00,0.8324
2050-01-13 05:00:00,0.8313
2050-01-13 06:00:00,0.8177
2050-01-13 07:00:00,0.8034
2050-01-13 08:00:00,0.7945
2050-01-13 09:00:00,0.8005
2050-01-13 10:00:00,0.8061
2050-01-13 11:00:00,0.8044
2050-01-13 12:00:00,0.8029
2050-01-13 13:00:00,0.8095
2050-01-13 14:00:00,0.8184
2050-01-13 15:00:00,0.8254
2050-01-13 16:00:00,0.8309
2050-01-13 17:00:00,0.8446
2050-01-13 18:00:00,0.8559
2050-01-13 19:00:00,0.8596
2050-01-13 20:00:00,0.8595
2050-01-13 21:00:00,0.8539
2050-01-13 22:00:00,0.8457
2050-01-13 23:00:00,0.8366
2050-01-14 00:00:00,0.8292
2050-01-14 01:00:00,0.824
2050-01-14 02:00:00,0.8151
2050-01-14 03:00:00,0.8007
2050-01-14 04:00:00,0.7726
2050-01-14 05:00:00,0.741
2050-01-14 06:00:00,0.7153
2050-01-14 07:00:00,0.7037
2050-01-14 08:00:00,0.7074
2050-01-14 09:00:00,0.7274
2050-01-14 10:00:00,0.7584
2050-01-14 11:00:00,0.7922
2050-01-14 12:00:00,0.8201
2050-01-14 13:00:00,0.8434
2050-01-14 14:00:00,0.8607
2050-01-14 15:00:00,0.8734
2050-01-14 16:00:00,0.8828
2050-01-14 17:00:00,0.8933
2050-01-14 18:00:00,0.902
2050-01-14 19:00:00,0.9049
2050-01-14 20:00:00,0.9041
2050-01-14 21:00:00,0.9017
2050-01-14 22:00:00,0.9026
2050-01-14 23:00:00,0.9051
2050-01-15 00:00:00,0.9073
2050-01-15 01:00:00,0.9079
2050-01-15 02:00:00,0.9079
2050-01-15 03:00:00,0.908
2050-01-15 04:00:00,0.909
2050-01-15 05:00:00,0.9102
2050-01-15 06:00:00,0.9102
2050-01-15 07:00:00,0.9088
2050-01-15 08:00:00,0.9068
2050-01-15 09:00:00,0.9047
2050-01-15 10:00:00,0.9058
2050-01-15 11:00:00,0.9083
2050-01-15 12:00:00,0.9094
2050-01-15 13:00:00,0.9104
2050-01-15 14:00:00,0.9113
2050-01-15 15:00:00,0.9103
2050-01-15 16:00:00,0.9095
2050-01-15 17:00:00,0.908
2050-01-15 18:00:00,0.9042
2050-01-15 19:00:00,0.8975
2050-01-15 20:00:00,0.8877
2050-01-15 21:00:00,0.8737
2050-01-15 22:00:00,0.8601
2050-01-15 23:00:00,0.8481
2050-01-16 00:00:00,0.8341
2050-01-16 01:00:00,0.8175
2050-01-16 02:00:00,0.8
2050-01-16 03:00:00,0.7778
2050-01-16 04:00:00,0.7546
2050-01-16 05:00:00,0.7383
2050-01-16 06:00:00,0.7259
2050-01-16 07:00:00,0.7103
2050-01-16 08:00:00,0.6952
2050-01-16 09:00:00,0.6947
2050-01-16 10:00:00,0.7004
2050-01-16 11:00:00,0.706
2050-01-16 12:00:00,0.7127
2050-01-16 13:00:00,0.7074
2050-01-16 14:00:00,0.6808
2050-01-16 15:00:00,0.6642
2050-01-16 16:00:00,0.6837
2050-01-16 17:00:00,0.7468
2050-01-16 18:00:00,0.8285
2050-01-16 19:00:00,0.8807
2050-01-16 20:00:00,0.9011
2050-01-16 21:00:00,0.9003
2050-01-16 22:00:00,0.8904
2050-01-16 23:00:00,0.8856
2050-01-17 00:00:00,0.8876
2050-01-17 01:00:00,0.8966
2050-01-17 02:00:00,0.8999
2050-01-17 03:00:00,0.8835
2050-01-17 04:00:00,0.839
2050-01-17 05:00:00,0.76
2050-01-17 06:00:00,0.6435
2050-01-17 07:00:00,0.5019
2050-01-17 08:00:00,0.3851
2050-01-17 09:00:00,0.3192
2050-01-17 10:00:00,0.2958
2050-01-17 11:00:00,0.3061
2050-01-17 12:00:00,0.3551
2050-01-17 13:00:00,0.4371
2050-01-17 14:00:00,0.5047
2050-01-17 15:00:00,0.5337
2050-01-17 16:00:00,0.5244
2050-01-17 17:00:00,0.4971
2050-01-17 18:00:00,0.4693
2050-01-17 19:00:00,0.4537
2050-01-17 20:00:00,0.4476
2050-01-17 21:00:00,0.4556
2050-01-17 22:00:00,0.4782
2050-01-17 23:00:00,0.5031
2050-01-18 00:00:00,0.5366
2050-01-18 01:00:00,0.5785
2050-01-18 02:00:00,0.6186
2050-01-18 03:00:00,0.6371
2050-01-18 04:00:00,0.6283
2050-01-18 05:00:00,0.6082
2050-01-18 06:00:00,0.5924
2050-01-18 07:00:00,0.5866
2050-01-18 08:00:00,0.5942
2050-01-18 09:00:00,0.5956
2050-01-18 10:00:00,0.5752
2050-01-18 11:00:00,0.5442
2050-01-18 12:00:00,0.5336
2050-01-18 13:00:00,0.5455
2050-01-18 14:00:00,0.5635
2050-01-18 15:00:00,0.5865
2050-01-18 16:00:00,0.6386
2050-01-18 17:00:00,0.704
2050-01-18 18:00:00,0.7692
2050-01-18 19:00:00,0.8199
2050-01-18 20:00:00,0.8537
2050-01-18 21:00:00,0.8711
2050-01-18 22:00:00,0.8775
2050-01-18 23:00:00,0.8799
2050-01-19 00:00:00,0.8802
2050-01-19 01:00:00,0.8774
2050-01-19 02:00:00,0.8702
2050-01-19 03:00:00,0.8549
2050-01-19 04:00:00,0.8302
2050-01-19 05:00:00,0.7956
2050-01-19 06:00:00,0.769
2050-01-19 07:00:00,0.7683
2050-01-19 08:00:00,0.794
2050-01-19 09:00:00,0.8335
2050-01-19 10:00:00,0.8642
2050-01-19 11:00:00,0.8788
2050-01-19 12:00:00,0.8839
2050-01-19 13:00:00,0.8876
2050-01-19 14:00:00,0.8906
2050-01-19 15:00:00,0.8912
2050-01-19 16:00:00,0.8925
2050-01-19 17:00:00,0.8943
2050-01-19 18:00:00,0.8962
2050-01-19 19:00:00,0.8975
2050-01-19 20:00:00,0.899
2050-01-19 21:00:00,0.9022
2050-01-19 22:00:00,0.9048
2050-01-19 23:00:00,0.9067
2050-01-20 00:00:00,0.9079
2050-01-20 01:00:00,0.9088
2050-01-20 02:00:00,0.9096
2050-01-20 03:00:00,0.9102
2050-01-20 04:00:00,0.9104
2050-01-20 05:00:00,0.9104
2050-01-20 06:00:00,0.9107
2050-01-20 07:00:00,0.9109
2050-01-20 08:00:00,0.911
2050-01-20 09:00:00,0.9108
2050-01-20 10:00:00,0.9105
2050-01-20 11:00:00,0.9102
2050-01-20 12:00:00,0.9102
2050-01-20 13:00:00,0.9097
2050-01-20 14:00:00,0.9084
2050-01-20 15:00:00,0.9077
2050-01-20 16:00:00,0.9075
2050-01-20 17:00:00,0.9075
2050-01-20 18:00:00,0.9076
2050-01-20 19:00:00,0.9082
2050-01-20 20:00:00,0.9093
2050-01-20 21:00:00,0.91
2050-01-20 22:00:00,0.9098
2050-01-20 23:00:00,0.9083
2050-01-21 00:00:00,0.9038
2050-01-21 01:00:00,0.8959
2050-01-21 02:00:00,0.8946
2050-01-21 03:00:00,0.8957
2050-01-21 04:00:00,0.8933
2050-01-21 05:00:00,0.8897
2050-01-21 06:00:00,0.8861
2050-01-21 07:00:00,0.8886
2050-01-21 08:00:00,0.8951
2050-01-21 09:00:00,0.8974
2050-01-21 10:00:00,0.9002
2050-01-21 11:00:00,0.9031
2050-01-21 12:00:00,0.9056
2050-01-21 13:00:00,0.9073
2050-01-21 14:00:00,0.9089
2050-01-21 15:00:00,0.9063
2050-01-21 16:00:00,0.8884
2050-01-21 17:00:00,0.8416
2050-01-21 18:00:00,0.7695
2050-01-21 19:00:00,0.645
2050-01-21 20:00:00,0.4465
2050-01-21 21:00:00,0.2961
2050-01-21 22:00:00,0.1845
2050-01-21 23:00:00,0.1182
2050-01-22 00:00:00,0.0964
2050-01-22 01:00:00,0.1502
2050-01-22 02:00:00,0.1821
2050-01-22 03:00:00,0.2009
2050-01-22 04:00:00,0.3663
2050-01-22 05:00:00,0.6191
2050-01-22 06:00:00,0.7976
2050-01-22 07:00:00,0.8582
2050-01-22 08:00:00,0.8851
2050-01-22 09:00:00,0.8952
2050-01-22 10:00:00,0.6031
2050-01-22 11:00:00,0.9024
2050-01-22 12:00:00,0.9047
2050-01-22 13:00:00,0.9063
2050-01-22 14:00:00,0.9067
2050-01-22 15:00:00,0.907
2050-01-22 16:00:00,0.9089
2050-01-22 17:00:00,0.9091
2050-01-22 18:00:00,0.9072
2050-01-22 19:00:00,0.9029
2050-01-22 20:00:00,0.8989
2050-01-22 21:00:00,0.895
2050-01-22 22:00:00,0.8901
2050-01-22 23:00:00,0.8927
2050-01-23 00:00:00,0.8939
2050-01-23 01:00:00,0.8931
2050-01-23 02:00:00,0.8941
2050-01-23 03:00:00,0.9047
2050-01-23 04:00:00,0.9101
2050-01-23 05:00:00,0.9091
2050-01-23 06:00:00,0.9033
2050-01-23 07:00:00,0.8866
2050-01-23 08:00:00,0.8465
2050-01-23 09:00:00,0.7933
2050-01-23 10:00:00,0.7842
2050-01-23 11:00:00,0.7881
2050-01-23 12:00:00,0.82
2050-01-23 13:00:00,0.8631
2050-01-23 14:00:00,0.8874
2050-01-23 15:00:00,0.8935
2050-01-23 16:00:00,0.8672
2050-01-23 17:00:00,0.8644
2050-01-23 18:00:00,0.8685
2050-01-23 19:00:00,0.8734
2050-01-23 20:00:00,0.8701
2050-01-23 21:00:00,0.8261
2050-01-23 22:00:00,0.7809
2050-01-23 23:00:00,0.7349
2050-01-24 00:00:00,0.702
2050-01-24 01:00:00,0.6752
2050-01-24 02:00:00,0.6486
2050-01-24 03:00:00,0.594
2050-01-24 04:00:00,0.5154
2050-01-24 05:00:00,0.4925
2050-01-24 06:00:00,0.4916
2050-01-24 07:00:00,0.4906
2050-01-24 08:00:00,0.5175
2050-01-24 09:00:00,0.5137
2050-01-24 10:00:00,0.5596
2050-01-24 11:00:00,0.6288
2050-01-24 12:00:00,0.7255
2050-01-24 13:00:00,0.799
2050-01-24 14:00:00,0.8504
2050-01-24 15:00:00,0.8796
2050-01-24 16:00:00,0.8959
2050-01-24 17:00:00,0.8994
2050-01-24 18:00:00,0.9024
2050-01-24 19:00:00,0.9008
2050-01-24 20:00:00,0.8921
2050-01-24 21:00:00,0.8868
2050-01-24 22:00:00,0.8812
2050-01-24 23:00:00,0.8745
2050-01-25 00:00:00,0.8625
2050-01-25 01:00:00,0.8416
2050-01-25 02:00:00,0.8199
2050-01-25 03:00:00,0.7627
2050-01-25 04:00:00,0.6763
2050-01-25 05:00:00,0.5731
2050-01-25 06:00:00,0.4765
2050-01-25 07:00:00,0.407
2050-01-25 08:00:00,0.3611
2050-01-25 09:00:00,0.3613
2050-01-25 10:00:00,0.4142
2050-01-25 11:00:00,0.4815
2050-01-25 12:00:00,0.548
2050-01-25 13:00:00,0.6072
2050-01-25 14:00:00,0.6617
2050-01-25 15:00:00,0.7169
2050-01-25 16:00:00,0.7562
2050-01-25 17:00:00,0.784
2050-01-25 18:00:00,0.8022
2050-01-25 19:00:00,0.8171
2050-01-25 20:00:00,0.8204
2050-01-25 21:00:00,0.8236
2050-01-25 22:00:00,0.835
2050-01-25 23:00:00,0.8503
2050-01-26 00:00:00,0.8701
2050-01-26 01:00:00,0.8884
2050-01-26 02:00:00,0.9024
2050-01-26 03:00:00,0.9087
2050-01-26 04:00:00,0.8958
2050-01-26 05:00:00,0.8754
2050-01-26 06:00:00,0.8698
2050-01-26 07:00:00,0.8731
2050-01-26 08:00:00,0.8863
2050-01-26 09:00:00,0.8825
2050-01-26 10:00:00,0.8909
2050-01-26 11:00:00,0.9003
2050-01-26 12:00:00,0.9018
2050-01-26 13:00:00,0.9061
2050-01-26 14:00:00,0.9074
2050-01-26 15:00:00,0.9022
2050-01-26 16:00:00,0.8917
2050-01-26 17:00:00,0.8777
2050-01-26 18:00:00,0.8626
2050-01-26 19:00:00,0.8483
2050-01-26 20:00:00,0.8365
2050-01-26 21:00:00,0.8245
2050-01-26 22:00:00,0.8062
2050-01-26 23:00:00,0.7977
2050-01-27 00:00:00,0.7855
2050-01-27 01:00:00,0.7612
2050-01-27 02:00:00,0.7238
2050-01-27 03:00:00,0.7123
2050-01-27 04:00:00,0.7072
2050-01-27 05:00:00,0.7319
2050-01-27 06:00:00,0.7616
2050-01-27 07:00:00,0.7804
2050-01-27 08:00:00,0.8029
2050-01-27 09:00:00,0.8122
2050-01-27 10:00:00,0.8007
2050-01-27 11:00:00,0.7869
2050-01-27 12:00:00,0.7657
2050-01-27 13:00:00,0.7401
2050-01-27 14:00:00,0.7315
2050-01-27 15:00:00,0.7124
2050-01-27 16:00:00,0.6855
2050-01-27 17:00:00,0.6785
2050-01-27 18:00:00,0.6881
2050-01-27 19:00:00,0.7044
2050-01-27 20:00:00,0.7264
2050-01-27 21:00:00,0.7426
2050-01-27 22:00:00,0.7486
2050-01-27 23:00:00,0.7487
2050-01-28 00:00:00,0.7435
2050-01-28 01:00:00,0.7283
2050-01-28 02:00:00,0.7225
2050-01-28 03:00:00,0.7428
2050-01-28 04:00:00,0.7653
2050-01-28 05:00:00,0.7807
2050-01-28 06:00:00,0.7879
2050-01-28 07:00:00,0.788
2050-01-28 08:00:00,0.7878
2050-01-28 09:00:00,0.7842
2050-01-28 10:00:00,0.7855
2050-01-28 11:00:00,0.795
2050-01-28 12:00:00,0.8054
2050-01-28 13:00:00,0.8194
2050-01-28 14:00:00,0.8347
2050-01-28 15:00:00,0.8491
2050-01-28 16:00:00,0.8614
2050-01-28 17:00:00,0.8689
2050-01-28 18:00:00,0.871
2050-01-28 19:00:00,0.8688
2050-01-28 20:00:00,0.8629
2050-01-28 21:00:00,0.8528
2050-01-28 22:00:00,0.8374
2050-01-28 23:00:00,0.8154
2050-01-29 00:00:00,0.7862
2050-01-29 01:00:00,0.7541
2050-01-29 02:00:00,0.7246
2050-01-29 03:00:00,0.7038
2050-01-29 04:00:00,0.6777
2050-01-29 05:00:00,0.6453
2050-01-29 06:00:00,0.6204
2050-01-29 07:00:00,0.6007
2050-01-29 08:00:00,0.5628
2050-01-29 09:00:00,0.4932
2050-01-29 10:00:00,0.4368
2050-01-29 11:00:00,0.3927
2050-01-29 12:00:00,0.351
2050-01-29 13:00:00,0.3218
2050-01-29 14:00:00,0.3454
2050-01-29 15:00:00,0.405
2050-01-29 16:00:00,0.4812
2050-01-29 17:00:00,0.5588
2050-01-29 18:00:00,0.6216
2050-01-29 19:00:00,0.6607
2050-01-29 20:00:00,0.6834
2050-01-29 21:00:00,0.6825
2050-01-29 22:00:00,0.6807
2050-01-29 23:00:00,0.6873
2050-01-30 00:00:00,0.7073
2050-01-30 01:00:00,0.7347
2050-01-30 02:00:00,0.7668
2050-01-30 03:00:00,0.7976
2050-01-30 04:00:00,0.8224
2050-01-30 05:00:00,0.8461
2050-01-30 06:00:00,0.8573
2050-01-30 07:00:00,0.8677
2050-01-30 08:00:00,0.8812
2050-01-30 09:00:00,0.8887
2050-01-30 10:00:00,0.8894
2050-01-30 11:00:00,0.8754
2050-01-30 12:00:00,0.864
2050-01-30 13:00:00,0.8562
2050-01-30 14:00:00,0.86
2050-01-30 15:00:00,0.8711
2050-01-30 16:00:00,0.8826
2050-01-30 17:00:00,0.872
2050-01-30 18:00:00,0.8339
2050-01-30 19:00:00,0.7703
2050-01-30 20:00:00,0.7214
2050-01-30 21:00:00,0.6783
2050-01-30 22:00:00,0.5958
2050-01-30 23:00:00,0.5727
2050-01-31 00:00:00,0.5735
2050-01-31 01:00:00,0.5541
2050-01-31 02:00:00,0.5562
2050-01-31 03:00:00,0.5764
2050-01-31 04:00:00,0.6024
2050-01-31 05:00:00,0.6563
2050-01-31 06:00:00,0.7113
2050-01-31 07:00:00,0.7515
2050-01-31 08:00:00,0.8045
2050-01-31 09:00:00,0.8486
2050-01-31 10:00:00,0.8767
2050-01-31 11:00:00,0.8957
2050-01-31 12:00:00,0.9056
2050-01-31 13:00:00,0.9072
2050-01-31 14:00:00,0.9028
2050-01-31 15:00:00,0.8996
2050-01-31 16:00:00,0.8992
2050-01-31 17:00:00,0.8982
2050-01-31 18:00:00,0.8963
2050-01-31 19:00:00,0.8984
2050-01-31 20:00:00,0.9034
2050-01-31 21:00:00,0.9082
2050-01-31 22:00:00,0.9079
2050-01-31 23:00:00,0.8983
2050-02-01 00:00:00,0.8825
2050-02-01 01:00:00,0.8722
2050-02-01 02:00:00,0.87
2050-02-01 03:00:00,0.8746
2050-02-01 04:00:00,0.8822
2050-02-01 05:00:00,0.8872
2050-02-01 06:00:00,0.8872
2050-02-01 07:00:00,0.8811
2050-02-01 08:00:00,0.8714
2050-02-01 09:00:00,0.8587
2050-02-01 10:00:00,0.8449
2050-02-01 11:00:00,0.8287
2050-02-01 12:00:00,0.8087
2050-02-01 13:00:00,0.7745
2050-02-01 14:00:00,0.7249
2050-02-01 15:00:00,0.6561
2050-02-01 16:00:00,0.5824
2050-02-01 17:00:00,0.579
2050-02-01 18:00:00,0.6353
2050-02-01 19:00:00,0.6925
2050-02-01 20:00:00,0.7241
2050-02-01 21:00:00,0.7559
2050-02-01 22:00:00,0.7955
2050-02-01 23:00:00,0.824
2050-02-02 00:00:00,0.8501
2050-02-02 01:00:00,0.8685
2050-02-02 02:00:00,0.8754
2050-02-02 03:00:00,0.8746
2050-02-02 04:00:00,0.8712
2050-02-02 05:00:00,0.8642
2050-02-02 06:00:00,0.8522
2050-02-02 07:00:00,0.8503
2050-02-02 08:00:00,0.855
2050-02-02 09:00:00,0.864
2050-02-02 10:00:00,0.8746
2050-02-02 11:00:00,0.8814
2050-02-02 12:00:00,0.8814
2050-02-02 13:00:00,0.8787
2050-02-02 14:00:00,0.8793
2050-02-02 15:00:00,0.8841
2050-02-02 16:00:00,0.8831
2050-02-02 17:00:00,0.8877
2050-02-02 18:00:00,0.8919
2050-02-02 19:00:00,0.8977
2050-02-02 20:00:00,0.8992
2050-02-02 21:00:00,0.8995
2050-02-02 22:00:00,0.9003
2050-02-02 23:00:00,0.8998
2050-02-03 00:00:00,0.8987
2050-02-03 01:00:00,0.8973
2050-02-03 02:00:00,0.8936
2050-02-03 03:00:00,0.8961
2050-02-03 04:00:00,0.9033
2050-02-03 05:00:00,0.8988
2050-02-03 06:00:00,0.8994
2050-02-03 07:00:00,0.8987
2050-02-03 08:00:00,0.895
2050-02-03 09:00:00,0.8916
2050-02-03 10:00:00,0.8935
2050-02-03 11:00:00,0.89
2050-02-03 12:00:00,0.8897
2050-02-03 13:00:00,0.8802
2050-02-03 14:00:00,0.8663
2050-02-03 15:00:00,0.8468
2050-02-03 16:00:00,0.8236
2050-02-03 17:00:00,0.8051
2050-02-03 18:00:00,0.8114
2050-02-03 19:00:00,0.82
2050-02-03 20:00:00,0.8325
2050-02-03 21:00:00,0.8434
2050-02-03 22:00:00,0.8458
2050-02-03 23:00:00,0.8475
2050-02-04 00:00:00,0.8517
2050-02-04 01:00:00,0.8619
2050-02-04 02:00:00,0.8735
2050-02-04 03:00:00,0.882
2050-02-04 04:00:00,0.8902
2050-02-04 05:00:00,0.8927
2050-02-04 06:00:00,0.8965
2050-02-04 07:00:00,0.8987
2050-02-04 08:00:00,0.8975
2050-02-04 09:00:00,0.8984
2050-02-04 10:00:00,0.8987
2050-02-04 11:00:00,0.9023
2050-02-04 12:00:00,0.9041
2050-02-04 13:00:00,0.9004
2050-02-04 14:00:00,0.9021
2050-02-04 15:00:00,0.9011
2050-02-04 16:00:00,0.9014
2050-02-04 17:00:00,0.9018
2050-02-04 18:00:00,0.9035
2050-02-04 19:00:00,0.9049
2050-02-04 20:00:00,0.9023
2050-02-04 21:00:00,0.9007
2050-02-04 22:00:00,0.9037
2050-02-04 23:00:00,0.9046
2050-02-05 00:00:00,0.8996
2050-02-05 01:00:00,0.8973
2050-02-05 02:00:00,0.9061
2050-02-05 03:00:00,0.9031
2050-02-05 04:00:00,0.9024
2050-02-05 05:00:00,0.903
2050-02-05 06:00:00,0.9029
2050-02-05 07:00:00,0.9017
2050-02-05 08:00:00,0.9018
2050-02-05 09:00:00,0.9031
2050-02-05 10:00:00,0.9046
2050-02-05 11:00:00,0.906
2050-02-05 12:00:00,0.9079
2050-02-05 13:00:00,0.9092
2050-02-05 14:00:00,0.9108
2050-02-05 15:00:00,0.9106
2050-02-05 16:00:00,0.9103
2050-02-05 17:00:00,0.9104
2050-02-05 18:00:00,0.9104
2050-02-05 19:00:00,0.9091
2050-02-05 20:00:00,0.9086
2050-02-05 21:00:00,0.9085
2050-02-05 22:00:00,0.909
2050-02-05 23:00:00,0.9091
2050-02-06 00:00:00,0.9091
2050-02-06 01:00:00,0.9096
2050-02-06 02:00:00,0.9074
2050-02-06 03:00:00,0.9057
2050-02-06 04:00:00,0.9024
2050-02-06 05:00:00,0.8927
2050-02-06 06:00:00,0.8804
2050-02-06 07:00:00,0.8711
2050-02-06 08:00:00,0.8466
2050-02-06 09:00:00,0.8202
2050-02-06 10:00:00,0.8136
2050-02-06 11:00:00,0.8291
2050-02-06 12:00:00,0.8627
2050-02-06 13:00:00,0.8905
2050-02-06 14:00:00,0.8941
2050-02-06 15:00:00,0.8876
2050-02-06 16:00:00,0.876
2050-02-06 17:00:00,0.8692
2050-02-06 18:00:00,0.8571
2050-02-06 19:00:00,0.8495
2050-02-06 20:00:00,0.8422
2050-02-06 21:00:00,0.8279
2050-02-06 22:00:00,0.7981
2050-02-06 23:00:00,0.7878
2050-02-07 00:00:00,0.7886
2050-02-07 01:00:00,0.7943
2050-02-07 02:00:00,0.7943
2050-02-07 03:00:00,0.7753
2050-02-07 04:00:00,0.7439
2050-02-07 05:00:00,0.7051
2050-02-07 06:00:00,0.6515
2050-02-07 07:00:00,0.5777
2050-02-07 08:00:00,0.4857
2050-02-07 09:00:00,0.3662
2050-02-07 10:00:00,0.2404
2050-02-07 11:00:00,0.1442
2050-02-07 12:00:00,0.091
2050-02-07 13:00:00,0.0823
2050-02-07 14:00:00,0.1152
2050-02-07 15:00:00,0.1748
2050-02-07 16:00:00,0.244
2050-02-07 17:00:00,0.317
2050-02-07 18:00:00,0.382
2050-02-07 19:00:00,0.4308
2050-02-07 20:00:00,0.4602
2050-02-07 21:00:00,0.4755
2050-02-07 22:00:00,0.4651
2050-02-07 23:00:00,0.4095
2050-02-08 00:00:00,0.3259
2050-02-08 01:00:00,0.247
2050-02-08 02:00:00,0.188
2050-02-08 03:00:00,0.1304
2050-02-08 04:00:00,0.0853
2050-02-08 05:00:00,0.0657
2050-02-08 06:00:00,0.0804
2050-02-08 07:00:00,0.1194
2050-02-08 08:00:00,0.19
2050-02-08 09:00:00,0.2588
2050-02-08 10:00:00,0.3246
2050-02-08 11:00:00,0.3984
2050-02-08 12:00:00,0.4691
2050-02-08 13:00:00,0.5468
2050-02-08 14:00:00,0.631
2050-02-08 15:00:00,0.709
2050-02-08 16:00:00,0.7652
2050-02-08 17:00:00,0.7972
2050-02-08 18:00:00,0.8252
2050-02-08 19:00:00,0.8503
2050-02-08 20:00:00,0.8675
2050-02-08 21:00:00,0.87
2050-02-08 22:00:00,0.8653
2050-02-08 23:00:00,0.8576
2050-02-09 00:00:00,0.8509
2050-02-09 01:00:00,0.8491
2050-02-09 02:00:00,0.8527
2050-02-09 03:00:00,0.8569
2050-02-09 04:00:00,0.8701
2050-02-09 05:00:00,0.8867
2050-02-09 06:00:00,0.8822
2050-02-09 07:00:00,0.8634
2050-02-09 08:00:00,0.8366
2050-02-09 09:00:00,0.811
2050-02-09 10:00:00,0.7926
2050-02-09 11:00:00,0.7817
2050-02-09 12:00:00,0.7714
2050-02-09 13:00:00,0.7671
2050-02-09 14:00:00,0.7793
2050-02-09 15:00:00,0.8052
2050-02-09 16:00:00,0.834
2050-02-09 17:00:00,0.852
2050-02-09 18:00:00,0.8669
2050-02-09 19:00:00,0.8707
2050-02-09 20:00:00,0.8684
2050-02-09 21:00:00,0.8623
2050-02-09 22:00:00,0.8531
2050-02-09 23:00:00,0.8311
2050-02-10 00:00:00,0.8102
2050-02-10 01:00:00,0.7906
2050-02-10 02:00:00,0.7564
2050-02-10 03:00:00,0.7323
2050-02-10 04:00:00,0.7098
2050-02-10 05:00:00,0.6869
2050-02-10 06:00:00,0.656
2050-02-10 07:00:00,0.6296
2050-02-10 08:00:00,0.6095
2050-02-10 09:00:00,0.5737
2050-02-10 10:00:00,0.5214
2050-02-10 11:00:00,0.4629
2050-02-10 12:00:00,0.385
2050-02-10 13:00:00,0.3182
2050-02-10 14:00:00,0.3168
2050-02-10 15:00:00,0.3548
2050-02-10 16:00:00,0.4277
2050-02-10 17:00:00,0.5363
2050-02-10 18:00:00,0.6249
2050-02-10 19:00:00,0.6657
2050-02-10 20:00:00,0.68
2050-02-10 21:00:00,0.6796
2050-02-10 22:00:00,0.6733
2050-02-10 23:00:00,0.6779
2050-02-11 00:00:00,0.6717
2050-02-11 01:00:00,0.6545
2050-02-11 02:00:00,0.6465
2050-02-11 03:00:00,0.6458
2050-02-11 04:00:00,0.6411
2050-02-11 05:00:00,0.6281
2050-02-11 06:00:00,0.6183
2050-02-11 07:00:00,0.6128
2050-02-11 08:00:00,0.6266
2050-02-11 09:00:00,0.6439
2050-02-11 10:00:00,0.6342
2050-02-11 11:00:00,0.6136
2050-02-11 12:00:00,0.5877
2050-02-11 13:00:00,0.566
2050-02-11 14:00:00,0.5597
2050-02-11 15:00:00,0.5648
2050-02-11 16:00:00,0.5758
2050-02-11 17:00:00,0.5859
2050-02-11 18:00:00,0.6067
2050-02-11 19:00:00,0.6393
2050-02-11 20:00:00,0.653
2050-02-11 21:00:00,0.6538
2050-02-11 22:00:00,0.6635
2050-02-11 23:00:00,0.6859
2050-02-12 00:00:00,0.7046
2050-02-12 01:00:00,0.6971
2050-02-12 02:00:00,0.6738
2050-02-12 03:00:00,0.6465
2050-02-12 04:00:00,0.6239
2050-02-12 05:00:00,0.601
2050-02-12 06:00:00,0.5718
2050-02-12 07:00:00,0.5413
2050-02-12 08:00:00,0.5253
2050-02-12 09:00:00,0.5328
2050-02-12 10:00:00,0.5649
2050-02-12 11:00:00,0.6008
2050-02-12 12:00:00,0.624
2050-02-12 13:00:00,0.6326
2050-02-12 14:00:00,0.6331
2050-02-12 15:00:00,0.6385
2050-02-12 16:00:00,0.652
2050-02-12 17:00:00,0.6572
2050-02-12 18:00:00,0.6646
2050-02-12 19:00:00,0.6782
2050-02-12 20:00:00,0.7112
2050-02-12 21:00:00,0.7241
2050-02-12 22:00:00,0.7698
2050-02-12 23:00:00,0.7949
2050-02-13 00:00:00,0.8148
2050-02-13 01:00:00,0.8232
2050-02-13 02:00:00,0.8365
2050-02-13 03:00:00,0.8448
2050-02-13 04:00:00,0.8469
2050-02-13 05:00:00,0.8482
2050-02-13 06:00:00,0.8321
2050-02-13 07:00:00,0.8079
2050-02-13 08:00:00,0.7907
2050-02-13 09:00:00,0.7817
2050-02-13 10:00:00,0.7708
2050-02-13 11:00:00,0.7664
2050-02-13 12:00:00,0.766
2050-02-13 13:00:00,0.7654
2050-02-13 14:00:00,0.7565
2050-02-13 15:00:00,0.7545
2050-02-13 16:00:00,0.7642
2050-02-13 17:00:00,0.7939
2050-02-13 18:00:00,0.8274
2050-02-13 19:00:00,0.8442
2050-02-13 20:00:00,0.8443
2050-02-13 21:00:00,0.824
2050-02-13 22:00:00,0.7956
2050-02-13 23:00:00,0.7692
2050-02-14 00:00:00,0.7185
2050-02-14 01:00:00,0.6431
2050-02-14 02:00:00,0.577
2050-02-14 03:00:00,0.5313
2050-02-14 04:00:00,0.5156
2050-02-14 05:00:00,0.5293
2050-02-14 06:00:00,0.5581
2050-02-14 07:00:00,0.5889
2050-02-14 08:00:00,0.6457
2050-02-14 09:00:00,0.7039
2050-02-14 10:00:00,0.7487
2050-02-14 11:00:00,0.7805
2050-02-14 12:00:00,0.8077
2050-02-14 13:00:00,0.8378
2050-02-14 14:00:00,0.8498
2050-02-14 15:00:00,0.8517
2050-02-14 16:00:00,0.8422
2050-02-14 17:00:00,0.8296
2050-02-14 18:00:00,0.8198
2050-02-14 19:00:00,0.8115
2050-02-14 20:00:00,0.8235
2050-02-14 21:00:00,0.829
2050-02-14 22:00:00,0.542
2050-02-14 23:00:00,0.8175
2050-02-15 00:00:00,0.8083
2050-02-15 01:00:00,0.7923
2050-02-15 02:00:00,0.7855
2050-02-15 03:00:00,0.7828
2050-02-15 04:00:00,0.7905
2050-02-15 05:00:00,0.797
2050-02-15 06:00:00,0.8044
2050-02-15 07:00:00,0.8168
2050-02-15 08:00:00,0.832
2050-02-15 09:00:00,0.8414
2050-02-15 10:00:00,0.851
2050-02-15 11:00:00,0.8524
2050-02-15 12:00:00,0.852
2050-02-15 13:00:00,0.8468
2050-02-15 14:00:00,0.8441
2050-02-15 15:00:00,0.8542
2050-02-15 16:00:00,0.8602
2050-02-15 17:00:00,0.865
2050-02-15 18:00:00,0.8692
2050-02-15 19:00:00,0.874
2050-02-15 20:00:00,0.8766
2050-02-15 21:00:00,0.8779
2050-02-15 22:00:00,0.8734
2050-02-15 23:00:00,0.8654
2050-02-16 00:00:00,0.8529
2050-02-16 01:00:00,0.8343
2050-02-16 02:00:00,0.8006
2050-02-16 03:00:00,0.7826
2050-02-16 04:00:00,0.7732
2050-02-16 05:00:00,0.7648
2050-02-16 06:00:00,0.7536
2050-02-16 07:00:00,0.7437
2050-02-16 08:00:00,0.7563
2050-02-16 09:00:00,0.7709
2050-02-16 10:00:00,0.7869
2050-02-16 11:00:00,0.7876
2050-02-16 12:00:00,0.7693
2050-02-16 13:00:00,0.7285
2050-02-16 14:00:00,0.7157
2050-02-16 15:00:00,0.7102
2050-02-16 16:00:00,0.7125
2050-02-16 17:00:00,0.7063
2050-02-16 18:00:00,0.7058
2050-02-16 19:00:00,0.712
2050-02-16 20:00:00,0.6949
2050-02-16 21:00:00,0.6598
2050-02-16 22:00:00,0.6194
2050-02-16 23:00:00,0.5698
2050-02-17 00:00:00,0.5097
2050-02-17 01:00:00,0.462
2050-02-17 02:00:00,0.4357
2050-02-17 03:00:00,0.3941
2050-02-17 04:00:00,0.3341
2050-02-17 05:00:00,0.2754
2050-02-17 06:00:00,0.2245
2050-02-17 07:00:00,0.1803
2050-02-17 08:00:00,0.1416
2050-02-17 09:00:00,0.1137
2050-02-17 10:00:00,0.1108
2050-02-17 11:00:00,0.1353
2050-02-17 12:00:00,0.1685
2050-02-17 13:00:00,0.2157
2050-02-17 14:00:00,0.2857
2050-02-17 15:00:00,0.3636
2050-02-17 16:00:00,0.4528
2050-02-17 17:00:00,0.5523
2050-02-17 18:00:00,0.6575
2050-02-17 19:00:00,0.7487
2050-02-17 20:00:00,0.8161
2050-02-17 21:00:00,0.8542
2050-02-17 22:00:00,0.8754
2050-02-17 23:00:00,0.8877
2050-02-18 00:00:00,0.893
2050-02-18 01:00:00,0.8967
2050-02-18 02:00:00,0.9039
2050-02-18 03:00:00,0.9045
2050-02-18 04:00:00,0.8999
2050-02-18 05:00:00,0.8919
2050-02-18 06:00:00,0.881
2050-02-18 07:00:00,0.8582
2050-02-18 08:00:00,0.8307
2050-02-18 09:00:00,0.8017
2050-02-18 10:00:00,0.7539
2050-02-18 11:00:00,0.7065
2050-02-18 12:00:00,0.6742
2050-02-18 13:00:00,0.6671
2050-02-18 14:00:00,0.676
2050-02-18 15:00:00,0.7259
2050-02-18 16:00:00,0.7822
2050-02-18 17:00:00,0.8184
2050-02-18 18:00:00,0.8342
2050-02-18 19:00:00,0.8434
2050-02-18 20:00:00,0.8426
2050-02-18 21:00:00,0.8233
2050-02-18 22:00:00,0.7835
2050-02-18 23:00:00,0.752
2050-02-19 00:00:00,0.7374
2050-02-19 01:00:00,0.7263
2050-02-19 02:00:00,0.7259
2050-02-19 03:00:00,0.7359
2050-02-19 04:00:00,0.7518
2050-02-19 05:00:00,0.7463
2050-02-19 06:00:00,0.7281
2050-02-19 07:00:00,0.722
2050-02-19 08:00:00,0.74
2050-02-19 09:00:00,0.7725
2050-02-19 10:00:00,0.7904
2050-02-19 11:00:00,0.7906
2050-02-19 12:00:00,0.5261
2050-02-19 13:00:00,0.7938
2050-02-19 14:00:00,0.8094
2050-02-19 15:00:00,0.8254
2050-02-19 16:00:00,0.8245
2050-02-19 17:00:00,0.8176
2050-02-19 18:00:00,0.8177
2050-02-19 19:00:00,0.8116
2050-02-19 20:00:00,0.795
2050-02-19 21:00:00,0.7458
2050-02-19 22:00:00,0.6699
2050-02-19 23:00:00,0.6381
2050-02-20 00:00:00,0.64
2050-02-20 01:00:00,0.6217
2050-02-20 02:00:00,0.6133
2050-02-20 03:00:00,0.6031
2050-02-20 04:00:00,0.6023
2050-02-20 05:00:00,0.6068
2050-02-20 06:00:00,0.6278
2050-02-20 07:00:00,0.6686
2050-02-20 08:00:00,0.7232
2050-02-20 09:00:00,0.7665
2050-02-20 10:00:00,0.7952
2050-02-20 11:00:00,0.8143
2050-02-20 12:00:00,0.8318
2050-02-20 13:00:00,0.8403
2050-02-20 14:00:00,0.8472
2050-02-20 15:00:00,0.8508
2050-02-20 16:00:00,0.8596
2050-02-20 17:00:00,0.8796
2050-02-20 18:00:00,0.8881
2050-02-20 19:00:00,0.8959
2050-02-20 20:00:00,0.8968
2050-02-20 21:00:00,0.8944
2050-02-20 22:00:00,0.8968
2050-02-20 23:00:00,0.8974
2050-02-21 00:00:00,0.8827
2050-02-21 01:00:00,0.838
2050-02-21 02:00:00,0.7722
2050-02-21 03:00:00,0.6923
2050-02-21 04:00:00,0.5991
2050-02-21 05:00:00,0.5614
2050-02-21 06:00:00,0.5815
2050-02-21 07:00:00,0.676
2050-02-21 08:00:00,0.7676
2050-02-21 09:00:00,0.8249
2050-02-21 10:00:00,0.8689
2050-02-21 11:00:00,0.8972
2050-02-21 12:00:00,0.9035
2050-02-21 13:00:00,0.9055
2050-02-21 14:00:00,0.9034
2050-02-21 15:00:00,0.9042
2050-02-21 16:00:00,0.9062
2050-02-21 17:00:00,0.908
2050-02-21 18:00:00,0.9109
2050-02-21 19:00:00,0.9069
2050-02-21 20:00:00,0.9011
2050-02-21 21:00:00,0.8953
2050-02-21 22:00:00,0.8683
2050-02-21 23:00:00,0.8133
2050-02-22 00:00:00,0.7502
2050-02-22 01:00:00,0.6734
2050-02-22 02:00:00,0.5961
2050-02-22 03:00:00,0.5641
2050-02-22 04:00:00,0.5608
2050-02-22 05:00:00,0.5831
2050-02-22 06:00:00,0.6618
2050-02-22 07:00:00,0.7505
2050-02-22 08:00:00,0.8037
2050-02-22 09:00:00,0.8271
2050-02-22 10:00:00,0.8415
2050-02-22 11:00:00,0.8577
2050-02-22 12:00:00,0.8764
2050-02-22 13:00:00,0.8987
2050-02-22 14:00:00,0.9069
2050-02-22 15:00:00,0.897
2050-02-22 16:00:00,0.8492
2050-02-22 17:00:00,0.7621
2050-02-22 18:00:00,0.7196
2050-02-22 19:00:00,0.6913
2050-02-22 20:00:00,0.7653
2050-02-22 21:00:00,0.7124
2050-02-22 22:00:00,0.7767
2050-02-22 23:00:00,0.8618
2050-02-23 00:00:00,0.7621
2050-02-23 01:00:00,0.8113
2050-02-23 02:00:00,0.8531
2050-02-23 03:00:00,0.8829
2050-02-23 04:00:00,0.8976
2050-02-23 05:00:00,0.9016
2050-02-23 06:00:00,0.9006
2050-02-23 07:00:00,0.8961
2050-02-23 08:00:00,0.8888
2050-02-23 09:00:00,0.8768
2050-02-23 10:00:00,0.8602
2050-02-23 11:00:00,0.8453
2050-02-23 12:00:00,0.8315
2050-02-23 13:00:00,0.8113
2050-02-23 14:00:00,0.7853
2050-02-23 15:00:00,0.7389
2050-02-23 16:00:00,0.6743
2050-02-23 17:00:00,0.6223
2050-02-23 18:00:00,0.5931
2050-02-23 19:00:00,0.5839
2050-02-23 20:00:00,0.6013
2050-02-23 21:00:00,0.6239
2050-02-23 22:00:00,0.624
2050-02-23 23:00:00,0.6082
2050-02-24 00:00:00,0.5875
2050-02-24 01:00:00,0.576
2050-02-24 02:00:00,0.5766
2050-02-24 03:00:00,0.5844
2050-02-24 04:00:00,0.601
2050-02-24 05:00:00,0.6196
2050-02-24 06:00:00,0.6358
2050-02-24 07:00:00,0.6455
2050-02-24 08:00:00,0.645
2050-02-24 09:00:00,0.6228
2050-02-24 10:00:00,0.58
2050-02-24 11:00:00,0.5329
2050-02-24 12:00:00,0.4902
2050-02-24 13:00:00,0.457
2050-02-24 14:00:00,0.4235
2050-02-24 15:00:00,0.3894
2050-02-24 16:00:00,0.3649
2050-02-24 17:00:00,0.3595
2050-02-24 18:00:00,0.372
2050-02-24 19:00:00,0.3847
2050-02-24 20:00:00,0.3889
2050-02-24 21:00:00,0.3625
2050-02-24 22:00:00,0.3051
2050-02-24 23:00:00,0.2352
2050-02-25 00:00:00,0.1629
2050-02-25 01:00:00,0.1178
2050-02-25 02:00:00,0.0961
2050-02-25 03:00:00,0.0868
2050-02-25 04:00:00,0.0762
2050-02-25 05:00:00,0.0499
2050-02-25 06:00:00,0.0224
2050-02-25 07:00:00,0.015
2050-02-25 08:00:00,0.0148
2050-02-25 09:00:00,0.0173
2050-02-25 10:00:00,0.0211
2050-02-25 11:00:00,0.0236
2050-02-25 12:00:00,0.0213
2050-02-25 13:00:00,0.0182
2050-02-25 14:00:00,0.0253
2050-02-25 15:00:00,0.0586
2050-02-25 16:00:00,0.1335
2050-02-25 17:00:00,0.2485
2050-02-25 18:00:00,0.3606
2050-02-25 19:00:00,0.4478
2050-02-25 20:00:00,0.5009
2050-02-25 21:00:00,0.527
2050-02-25 22:00:00,0.5472
2050-02-25 23:00:00,0.5743
2050-02-26 00:00:00,0.6043
2050-02-26 01:00:00,0.6382
2050-02-26 02:00:00,0.6838
2050-02-26 03:00:00,0.7321
2050-02-26 04:00:00,0.7674
2050-02-26 05:00:00,0.7976
2050-02-26 06:00:00,0.8228
2050-02-26 07:00:00,0.8356
2050-02-26 08:00:00,0.8408
2050-02-26 09:00:00,0.8464
2050-02-26 10:00:00,0.8513
2050-02-26 11:00:00,0.8519
2050-02-26 12:00:00,0.8525
2050-02-26 13:00:00,0.8505
2050-02-26 14:00:00,0.8461
2050-02-26 15:00:00,0.8403
2050-02-26 16:00:00,0.8337
2050-02-26 17:00:00,0.8235
2050-02-26 18:00:00,0.8039
2050-02-26 19:00:00,0.7716
2050-02-26 20:00:00,0.7323
2050-02-26 21:00:00,0.6927
2050-02-26 22:00:00,0.648
2050-02-26 23:00:00,0.5906
2050-02-27 00:00:00,0.5155
2050-02-27 01:00:00,0.4273
2050-02-27 02:00:00,0.3401
2050-02-27 03:00:00,0.2681
2050-02-27 04:00:00,0.2041
2050-02-27 05:00:00,0.1435
2050-02-27 06:00:00,0.0918
2050-02-27 07:00:00,0.0493
2050-02-27 08:00:00,0.0201
2050-02-27 09:00:00,0.0187
2050-02-27 10:00:00,0.045
2050-02-27 11:00:00,0.0867
2050-02-27 12:00:00,0.1376
2050-02-27 13:00:00,0.1949
2050-02-27 14:00:00,0.2441
2050-02-27 15:00:00,0.2984
2050-02-27 16:00:00,0.3607
2050-02-27 17:00:00,0.424
2050-02-27 18:00:00,0.4826
2050-02-27 19:00:00,0.5357
2050-02-27 20:00:00,0.5821
2050-02-27 21:00:00,0.6305
2050-02-27 22:00:00,0.6676
2050-02-27 23:00:00,0.4435
2050-02-28 00:00:00,0.6415
2050-02-28 01:00:00,0.602
2050-02-28 02:00:00,0.5468
2050-02-28 03:00:00,0.4454
2050-02-28 04:00:00,0.371
2050-02-28 05:00:00,0.3364
2050-02-28 06:00:00,0.2972
2050-02-28 07:00:00,0.2573
2050-02-28 08:00:00,0.2525
2050-02-28 09:00:00,0.305
2050-02-28 10:00:00,0.3922
2050-02-28 11:00:00,0.4782
2050-02-28 12:00:00,0.5494
2050-02-28 13:00:00,0.6129
2050-02-28 14:00:00,0.6808
2050-02-28 15:00:00,0.7389
2050-02-28 16:00:00,0.8006
2050-02-28 17:00:00,0.8489
2050-02-28 18:00:00,0.8737
2050-02-28 19:00:00,0.8858
2050-02-28 20:00:00,0.8913
2050-02-28 21:00:00,0.8964
2050-02-28 22:00:00,0.9011
2050-02-28 23:00:00,0.9055
2050-03-01 00:00:00,0.54
2050-03-01 01:00:00,0.5296
2050-03-01 02:00:00,0.5642
2050-03-01 03:00:00,0.5738
2050-03-01 04:00:00,0.5136
2050-03-01 05:00:00,0.4207
2050-03-01 06:00:00,0.3881
2050-03-01 07:00:00,0.4643
2050-03-01 08:00:00,0.5501
2050-03-01 09:00:00,0.6129
2050-03-01 10:00:00,0.6576
2050-03-01 11:00:00,0.7023
2050-03-01 12:00:00,0.7617
2050-03-01 13:00:00,0.8271
2050-03-01 14:00:00,0.8763
2050-03-01 15:00:00,0.8933
2050-03-01 16:00:00,0.8918
2050-03-01 17:00:00,0.8838
2050-03-01 18:00:00,0.8584
2050-03-01 19:00:00,0.8366
2050-03-01 20:00:00,0.8239
2050-03-01 21:00:00,0.8059
2050-03-01 22:00:00,0.81
2050-03-01 23:00:00,0.8362
2050-03-02 00:00:00,0.8622
2050-03-02 01:00:00,0.8868
2050-03-02 02:00:00,0.8892
2050-03-02 03:00:00,0.8842
2050-03-02 04:00:00,0.88
2050-03-02 05:00:00,0.8748
2050-03-02 06:00:00,0.8691
2050-03-02 07:00:00,0.8622
2050-03-02 08:00:00,0.8539
2050-03-02 09:00:00,0.8448
2050-03-02 10:00:00,0.8254
2050-03-02 11:00:00,0.7949
2050-03-02 12:00:00,0.7485
2050-03-02 13:00:00,0.7211
2050-03-02 14:00:00,0.7343
2050-03-02 15:00:00,0.7626
2050-03-02 16:00:00,0.7911
2050-03-02 17:00:00,0.8198
2050-03-02 18:00:00,0.8447
2050-03-02 19:00:00,0.8634
2050-03-02 20:00:00,0.8824
2050-03-02 21:00:00,0.8763
2050-03-02 22:00:00,0.8337
2050-03-02 23:00:00,0.7662
2050-03-03 00:00:00,0.7182
2050-03-03 01:00:00,0.6385
2050-03-03 02:00:00,0.585
2050-03-03 03:00:00,0.563
2050-03-03 04:00:00,0.5629
2050-03-03 05:00:00,0.5463
2050-03-03 06:00:00,0.5196
2050-03-03 07:00:00,0.4925
2050-03-03 08:00:00,0.4675
2050-03-03 09:00:00,0.4265
2050-03-03 10:00:00,0.371
2050-03-03 11:00:00,0.3169
2050-03-03 12:00:00,0.2715
2050-03-03 13:00:00,0.2432
2050-03-03 14:00:00,0.2297
2050-03-03 15:00:00,0.2628
2050-03-03 16:00:00,0.3122
2050-03-03 17:00:00,0.3388
2050-03-03 18:00:00,0.3396
2050-03-03 19:00:00,0.3198
2050-03-03 20:00:00,0.2925
2050-03-03 21:00:00,0.2948
2050-03-03 22:00:00,0.3231
2050-03-03 23:00:00,0.3209
2050-03-04 00:00:00,0.2964
2050-03-04 01:00:00,0.2775
2050-03-04 02:00:00,0.2605
2050-03-04 03:00:00,0.2328
2050-03-04 04:00:00,0.1869
2050-03-04 05:00:00,0.1314
2050-03-04 06:00:00,0.083
2050-03-04 07:00:00,0.0534
2050-03-04 08:00:00,0.0434
2050-03-04 09:00:00,0.0542
2050-03-04 10:00:00,0.0719
2050-03-04 11:00:00,0.0733
2050-03-04 12:00:00,0.0507
2050-03-04 13:00:00,0.0269
2050-03-04 14:00:00,0.0203
2050-03-04 15:00:00,0.0314
2050-03-04 16:00:00,0.0575
2050-03-04 17:00:00,0.0963
2050-03-04 18:00:00,0.1377
2050-03-04 19:00:00,0.1797
2050-03-04 20:00:00,0.2168
2050-03-04 21:00:00,0.2447
2050-03-04 22:00:00,0.2621
2050-03-04 23:00:00,0.2751
2050-03-05 00:00:00,0.2925
2050-03-05 01:00:00,0.3099
2050-03-05 02:00:00,0.327
2050-03-05 03:00:00,0.3456
2050-03-05 04:00:00,0.367
2050-03-05 05:00:00,0.387
2050-03-05 06:00:00,0.4065
2050-03-05 07:00:00,0.424
2050-03-05 08:00:00,0.4312
2050-03-05 09:00:00,0.4237
2050-03-05 10:00:00,0.4156
2050-03-05 11:00:00,0.4109
2050-03-05 12:00:00,0.4125
2050-03-05 13:00:00,0.4246
2050-03-05 14:00:00,0.4566
2050-03-05 15:00:00,0.4993
2050-03-05 16:00:00,0.53
2050-03-05 17:00:00,0.55
2050-03-05 18:00:00,0.5606
2050-03-05 19:00:00,0.5647
2050-03-05 20:00:00,0.5644
2050-03-05 21:00:00,0.5628
2050-03-05 22:00:00,0.5548
2050-03-05 23:00:00,0.5416
2050-03-06 00:00:00,0.5279
2050-03-06 01:00:00,0.5138
2050-03-06 02:00:00,0.5022
2050-03-06 03:00:00,0.4933
2050-03-06 04:00:00,0.4838
2050-03-06 05:00:00,0.474
2050-03-06 06:00:00,0.4674
2050-03-06 07:00:00,0.4583
2050-03-06 08:00:00,0.4433
2050-03-06 09:00:00,0.4271
2050-03-06 10:00:00,0.4118
2050-03-06 11:00:00,0.4008
2050-03-06 12:00:00,0.3741
2050-03-06 13:00:00,0.3428
2050-03-06 14:00:00,0.3239
2050-03-06 15:00:00,0.326
2050-03-06 16:00:00,0.3562
2050-03-06 17:00:00,0.4069
2050-03-06 18:00:00,0.4629
2050-03-06 19:00:00,0.5041
2050-03-06 20:00:00,0.5214
2050-03-06 21:00:00,0.5063
2050-03-06 22:00:00,0.4738
2050-03-06 23:00:00,0.441
2050-03-07 00:00:00,0.4076
2050-03-07 01:00:00,0.3773
2050-03-07 02:00:00,0.3617
2050-03-07 03:00:00,0.3791
2050-03-07 04:00:00,0.4176
2050-03-07 05:00:00,0.4627
2050-03-07 06:00:00,0.5112
2050-03-07 07:00:00,0.5569
2050-03-07 08:00:00,0.589
2050-03-07 09:00:00,0.6092
2050-03-07 10:00:00,0.624
2050-03-07 11:00:00,0.6293
2050-03-07 12:00:00,0.6271
2050-03-07 13:00:00,0.6353
2050-03-07 14:00:00,0.659
2050-03-07 15:00:00,0.6904
2050-03-07 16:00:00,0.7204
2050-03-07 17:00:00,0.7479
2050-03-07 18:00:00,0.7629
2050-03-07 19:00:00,0.7638
2050-03-07 20:00:00,0.7581
2050-03-07 21:00:00,0.7559
2050-03-07 22:00:00,0.7563
2050-03-07 23:00:00,0.7573
2050-03-08 00:00:00,0.7541
2050-03-08 01:00:00,0.7518
2050-03-08 02:00:00,0.7519
2050-03-08 03:00:00,0.7616
2050-03-08 04:00:00,0.7863
2050-03-08 05:00:00,0.8145
2050-03-08 06:00:00,0.838
2050-03-08 07:00:00,0.8533
2050-03-08 08:00:00,0.8596
2050-03-08 09:00:00,0.8566
2050-03-08 10:00:00,0.8521
2050-03-08 11:00:00,0.8532
2050-03-08 12:00:00,0.8568
2050-03-08 13:00:00,0.8608
2050-03-08 14:00:00,0.865
2050-03-08 15:00:00,0.8702
2050-03-08 16:00:00,0.8751
2050-03-08 17:00:00,0.8795
2050-03-08 18:00:00,0.8836
2050-03-08 19:00:00,0.8823
2050-03-08 20:00:00,0.877
2050-03-08 21:00:00,0.8674
2050-03-08 22:00:00,0.8573
2050-03-08 23:00:00,0.8438
2050-03-09 00:00:00,0.8267
2050-03-09 01:00:00,0.8156
2050-03-09 02:00:00,0.8082
2050-03-09 03:00:00,0.8005
2050-03-09 04:00:00,0.7896
2050-03-09 05:00:00,0.7851
2050-03-09 06:00:00,0.7911
2050-03-09 07:00:00,0.8
2050-03-09 08:00:00,0.8025
2050-03-09 09:00:00,0.7966
2050-03-09 10:00:00,0.79
2050-03-09 11:00:00,0.7947
2050-03-09 12:00:00,0.8032
2050-03-09 13:00:00,0.8135
2050-03-09 14:00:00,0.8233
2050-03-09 15:00:00,0.8395
2050-03-09 16:00:00,0.8545
2050-03-09 17:00:00,0.8692
2050-03-09 18:00:00,0.88
2050-03-09 19:00:00,0.8765
2050-03-09 20:00:00,0.8723
2050-03-09 21:00:00,0.8596
2050-03-09 22:00:00,0.8557
2050-03-09 23:00:00,0.8504
2050-03-10 00:00:00,0.8372
2050-03-10 01:00:00,0.8399
2050-03-10 02:00:00,0.8625
2050-03-10 03:00:00,0.8797
2050-03-10 04:00:00,0.8873
2050-03-10 05:00:00,0.8916
2050-03-10 06:00:00,0.8974
2050-03-10 07:00:00,0.9008
2050-03-10 08:00:00,0.9013
2050-03-10 09:00:00,0.8979
2050-03-10 10:00:00,0.893
2050-03-10 11:00:00,0.8925
2050-03-10 12:00:00,0.8872
2050-03-10 13:00:00,0.8814
2050-03-10 14:00:00,0.8792
2050-03-10 15:00:00,0.8738
2050-03-10 16:00:00,0.8775
2050-03-10 17:00:00,0.8742
2050-03-10 18:00:00,0.8592
2050-03-10 19:00:00,0.8446
2050-03-10 20:00:00,0.8269
2050-03-10 21:00:00,0.8123
2050-03-10 22:00:00,0.8072
2050-03-10 23:00:00,0.8077
2050-03-11 00:00:00,0.8057
2050-03-11 01:00:00,0.8015
2050-03-11 02:00:00,0.7961
2050-03-11 03:00:00,0.7879
2050-03-11 04:00:00,0.7806
2050-03-11 05:00:00,0.7691
2050-03-11 06:00:00,0.7538
2050-03-11 07:00:00,0.7377
2050-03-11 08:00:00,0.7247
2050-03-11 09:00:00,0.7116
2050-03-11 10:00:00,0.6936
2050-03-11 11:00:00,0.6625
2050-03-11 12:00:00,0.6347
2050-03-11 13:00:00,0.6237
2050-03-11 14:00:00,0.6227
2050-03-11 15:00:00,0.6249
2050-03-11 16:00:00,0.6206
2050-03-11 17:00:00,0.6057
2050-03-11 18:00:00,0.5732
2050-03-11 19:00:00,0.5227
2050-03-11 20:00:00,0.4735
2050-03-11 21:00:00,0.431
2050-03-11 22:00:00,0.3804
2050-03-11 23:00:00,0.3229
2050-03-12 00:00:00,0.2686
2050-03-12 01:00:00,0.2261
2050-03-12 02:00:00,0.2067
2050-03-12 03:00:00,0.185
2050-03-12 04:00:00,0.1548
2050-03-12 05:00:00,0.1304
2050-03-12 06:00:00,0.1111
2050-03-12 07:00:00,0.0995
2050-03-12 08:00:00,0.0913
2050-03-12 09:00:00,0.098
2050-03-12 10:00:00,0.1418
2050-03-12 11:00:00,0.1951
2050-03-12 12:00:00,0.2469
2050-03-12 13:00:00,0.2959
2050-03-12 14:00:00,0.3617
2050-03-12 15:00:00,0.4478
2050-03-12 16:00:00,0.5383
2050-03-12 17:00:00,0.6112
2050-03-12 18:00:00,0.6522
2050-03-12 19:00:00,0.6817
2050-03-12 20:00:00,0.7108
2050-03-12 21:00:00,0.7147
2050-03-12 22:00:00,0.6992
2050-03-12 23:00:00,0.6878
2050-03-13 00:00:00,0.676
2050-03-13 01:00:00,0.6732
2050-03-13 02:00:00,0.6733
2050-03-13 03:00:00,0.6789
2050-03-13 04:00:00,0.702
2050-03-13 05:00:00,0.7314
2050-03-13 06:00:00,0.7506
2050-03-13 07:00:00,0.767
2050-03-13 08:00:00,0.7865
2050-03-13 09:00:00,0.8156
2050-03-13 10:00:00,0.8285
2050-03-13 11:00:00,0.844
2050-03-13 12:00:00,0.8538
2050-03-13 13:00:00,0.8625
2050-03-13 14:00:00,0.8693
2050-03-13 15:00:00,0.8793
2050-03-13 16:00:00,0.8871
2050-03-13 17:00:00,0.8918
2050-03-13 18:00:00,0.89
2050-03-13 19:00:00,0.8923
2050-03-13 20:00:00,0.8909
2050-03-13 21:00:00,0.8875
2050-03-13 22:00:00,0.8879
2050-03-13 23:00:00,0.8805
2050-03-14 00:00:00,0.8709
2050-03-14 01:00:00,0.8629
2050-03-14 02:00:00,0.8604
2050-03-14 03:00:00,0.8569
2050-03-14 04:00:00,0.8495
2050-03-14 05:00:00,0.8422
2050-03-14 06:00:00,0.8349
2050-03-14 07:00:00,0.8305
2050-03-14 08:00:00,0.8313
2050-03-14 09:00:00,0.8318
2050-03-14 10:00:00,0.834
2050-03-14 11:00:00,0.8366
2050-03-14 12:00:00,0.8376
2050-03-14 13:00:00,0.8396
2050-03-14 14:00:00,0.8421
2050-03-14 15:00:00,0.845
2050-03-14 16:00:00,0.8518
2050-03-14 17:00:00,0.859
2050-03-14 18:00:00,0.8727
2050-03-14 19:00:00,0.8805
2050-03-14 20:00:00,0.8832
2050-03-14 21:00:00,0.885
2050-03-14 22:00:00,0.8892
2050-03-14 23:00:00,0.8929
2050-03-15 00:00:00,0.8864
2050-03-15 01:00:00,0.8888
2050-03-15 02:00:00,0.8919
2050-03-15 03:00:00,0.8935
2050-03-15 04:00:00,0.8873
2050-03-15 05:00:00,0.8829
2050-03-15 06:00:00,0.8815
2050-03-15 07:00:00,0.8853
2050-03-15 08:00:00,0.8872
2050-03-15 09:00:00,0.8909
2050-03-15 10:00:00,0.8958
2050-03-15 11:00:00,0.8979
2050-03-15 12:00:00,0.8975
2050-03-15 13:00:00,0.8926
2050-03-15 14:00:00,0.8876
2050-03-15 15:00:00,0.8905
2050-03-15 16:00:00,0.8908
2050-03-15 17:00:00,0.8959
2050-03-15 18:00:00,0.893
2050-03-15 19:00:00,0.8857
2050-03-15 20:00:00,0.8643
2050-03-15 21:00:00,0.8305
2050-03-15 22:00:00,0.7881
2050-03-15 23:00:00,0.7753
2050-03-16 00:00:00,0.7913
2050-03-16 01:00:00,0.8096
2050-03-16 02:00:00,0.8221
2050-03-16 03:00:00,0.8219
2050-03-16 04:00:00,0.8221
2050-03-16 05:00:00,0.8078
2050-03-16 06:00:00,0.7713
2050-03-16 07:00:00,0.708
2050-03-16 08:00:00,0.6311
2050-03-16 09:00:00,0.571
2050-03-16 10:00:00,0.5273
2050-03-16 11:00:00,0.5031
2050-03-16 12:00:00,0.5013
2050-03-16 13:00:00,0.483
2050-03-16 14:00:00,0.4192
2050-03-16 15:00:00,0.341
2050-03-16 16:00:00,0.2818
2050-03-16 17:00:00,0.2429
2050-03-16 18:00:00,0.2235
2050-03-16 19:00:00,0.2102
2050-03-16 20:00:00,0.1818
2050-03-16 21:00:00,0.1575
2050-03-16 22:00:00,0.1719
2050-03-16 23:00:00,0.2284
2050-03-17 00:00:00,0.3052
2050-03-17 01:00:00,0.3789
2050-03-17 02:00:00,0.4581
2050-03-17 03:00:00,0.5348
2050-03-17 04:00:00,0.6014
2050-03-17 05:00:00,0.6601
2050-03-17 06:00:00,0.7156
2050-03-17 07:00:00,0.7599
2050-03-17 08:00:00,0.7967
2050-03-17 09:00:00,0.8149
2050-03-17 10:00:00,0.8247
2050-03-17 11:00:00,0.835
2050-03-17 12:00:00,0.8389
2050-03-17 13:00:00,0.8421
2050-03-17 14:00:00,0.8414
2050-03-17 15:00:00,0.8538
2050-03-17 16:00:00,0.8648
2050-03-17 17:00:00,0.8701
2050-03-17 18:00:00,0.8681
2050-03-17 19:00:00,0.8592
2050-03-17 20:00:00,0.847
2050-03-17 21:00:00,0.824
2050-03-17 22:00:00,0.7944
2050-03-17 23:00:00,0.7446
2050-03-18 00:00:00,0.6872
2050-03-18 01:00:00,0.6252
2050-03-18 02:00:00,0.5569
2050-03-18 03:00:00,0.4915
2050-03-18 04:00:00,0.4304
2050-03-18 05:00:00,0.4015
2050-03-18 06:00:00,0.4088
2050-03-18 07:00:00,0.4196
2050-03-18 08:00:00,0.4309
2050-03-18 09:00:00,0.4232
2050-03-18 10:00:00,0.4032
2050-03-18 11:00:00,0.3756
2050-03-18 12:00:00,0.3305
2050-03-18 13:00:00,0.2824
2050-03-18 14:00:00,0.2472
2050-03-18 15:00:00,0.2346
2050-03-18 16:00:00,0.2365
2050-03-18 17:00:00,0.2686
2050-03-18 18:00:00,0.3366
2050-03-18 19:00:00,0.4187
2050-03-18 20:00:00,0.5069
2050-03-18 21:00:00,0.5897
2050-03-18 22:00:00,0.6517
2050-03-18 23:00:00,0.6929
2050-03-19 00:00:00,0.7216
2050-03-19 01:00:00,0.7423
2050-03-19 02:00:00,0.7593
2050-03-19 03:00:00,0.7732
2050-03-19 04:00:00,0.7796
2050-03-19 05:00:00,0.7835
2050-03-19 06:00:00,0.7856
2050-03-19 07:00:00,0.7923
2050-03-19 08:00:00,0.801
2050-03-19 09:00:00,0.8148
2050-03-19 10:00:00,0.826
2050-03-19 11:00:00,0.8379
2050-03-19 12:00:00,0.8408
2050-03-19 13:00:00,0.843
2050-03-19 14:00:00,0.8391
2050-03-19 15:00:00,0.821
2050-03-19 16:00:00,0.8002
2050-03-19 17:00:00,0.7574
2050-03-19 18:00:00,0.6955
2050-03-19 19:00:00,0.6164
2050-03-19 20:00:00,0.5337
2050-03-19 21:00:00,0.4691
2050-03-19 22:00:00,0.4283
2050-03-19 23:00:00,0.3936
2050-03-20 00:00:00,0.349
2050-03-20 01:00:00,0.2971
2050-03-20 02:00:00,0.2447
2050-03-20 03:00:00,0.2077
2050-03-20 04:00:00,0.1944
2050-03-20 05:00:00,0.2105
2050-03-20 06:00:00,0.2446
2050-03-20 07:00:00,0.2825
2050-03-20 08:00:00,0.3101
2050-03-20 09:00:00,0.3116
2050-03-20 10:00:00,0.2974
2050-03-20 11:00:00,0.2856
2050-03-20 12:00:00,0.2906
2050-03-20 13:00:00,0.3066
2050-03-20 14:00:00,0.3176
2050-03-20 15:00:00,0.3465
2050-03-20 16:00:00,0.4022
2050-03-20 17:00:00,0.4858
2050-03-20 18:00:00,0.5733
2050-03-20 19:00:00,0.6516
2050-03-20 20:00:00,0.7041
2050-03-20 21:00:00,0.6897
2050-03-20 22:00:00,0.6491
2050-03-20 23:00:00,0.6495
2050-03-21 00:00:00,0.6582
2050-03-21 01:00:00,0.6678
2050-03-21 02:00:00,0.6935
2050-03-21 03:00:00,0.7015
2050-03-21 04:00:00,0.648
2050-03-21 05:00:00,0.4941
2050-03-21 06:00:00,0.2991
2050-03-21 07:00:00,0.1364
2050-03-21 08:00:00,0.0739
2050-03-21 09:00:00,0.1119
2050-03-21 10:00:00,0.1889
2050-03-21 11:00:00,0.2867
2050-03-21 12:00:00,0.4241
2050-03-21 13:00:00,0.5778
2050-03-21 14:00:00,0.6883
2050-03-21 15:00:00,0.7527
2050-03-21 16:00:00,0.7916
2050-03-21 17:00:00,0.8134
2050-03-21 18:00:00,0.8155
2050-03-21 19:00:00,0.8251
2050-03-21 20:00:00,0.8422
2050-03-21 21:00:00,0.8418
2050-03-21 22:00:00,0.8424
2050-03-21 23:00:00,0.8492
2050-03-22 00:00:00,0.8641
2050-03-22 01:00:00,0.8538
2050-03-22 02:00:00,0.8404
2050-03-22 03:00:00,0.8428
2050-03-22 04:00:00,0.8406
2050-03-22 05:00:00,0.8291
2050-03-22 06:00:00,0.8099
2050-03-22 07:00:00,0.7806
2050-03-22 08:00:00,0.7579
2050-03-22 09:00:00,0.7376
2050-03-22 10:00:00,0.7316
2050-03-22 11:00:00,0.7306
2050-03-22 12:00:00,0.7239
2050-03-22 13:00:00,0.6996
2050-03-22 14:00:00,0.654
2050-03-22 15:00:00,0.6029
2050-03-22 16:00:00,0.548
2050-03-22 17:00:00,0.5016
2050-03-22 18:00:00,0.4884
2050-03-22 19:00:00,0.5015
2050-03-22 20:00:00,0.5409
2050-03-22 21:00:00,0.6293
2050-03-22 22:00:00,0.7201
2050-03-22 23:00:00,0.7628
2050-03-23 00:00:00,0.778
2050-03-23 01:00:00,0.7996
2050-03-23 02:00:00,0.8241
2050-03-23 03:00:00,0.8373
2050-03-23 04:00:00,0.8493
2050-03-23 05:00:00,0.8612
2050-03-23 06:00:00,0.8691
2050-03-23 07:00:00,0.8745
2050-03-23 08:00:00,0.8816
2050-03-23 09:00:00,0.889
2050-03-23 10:00:00,0.8932
2050-03-23 11:00:00,0.8938
2050-03-23 12:00:00,0.8905
2050-03-23 13:00:00,0.8841
2050-03-23 14:00:00,0.8802
2050-03-23 15:00:00,0.8778
2050-03-23 16:00:00,0.8766
2050-03-23 17:00:00,0.8813
2050-03-23 18:00:00,0.8901
2050-03-23 19:00:00,0.8991
2050-03-23 20:00:00,0.9043
2050-03-23 21:00:00,0.9034
2050-03-23 22:00:00,0.8944
2050-03-23 23:00:00,0.8771
2050-03-24 00:00:00,0.8595
2050-03-24 01:00:00,0.8553
2050-03-24 02:00:00,0.8702
2050-03-24 03:00:00,0.891
2050-03-24 04:00:00,0.9029
2050-03-24 05:00:00,0.9071
2050-03-24 06:00:00,0.907
2050-03-24 07:00:00,0.9072
2050-03-24 08:00:00,0.9085
2050-03-24 09:00:00,0.9082
2050-03-24 10:00:00,0.9076
2050-03-24 11:00:00,0.9072
2050-03-24 12:00:00,0.9079
2050-03-24 13:00:00,0.9095
2050-03-24 14:00:00,0.911
2050-03-24 15:00:00,0.9112
2050-03-24 16:00:00,0.908
2050-03-24 17:00:00,0.8996
2050-03-24 18:00:00,0.8833
2050-03-24 19:00:00,0.8576
2050-03-24 20:00:00,0.8214
2050-03-24 21:00:00,0.7747
2050-03-24 22:00:00,0.7147
2050-03-24 23:00:00,0.6404
2050-03-25 00:00:00,0.5652
2050-03-25 01:00:00,0.5016
2050-03-25 02:00:00,0.4538
2050-03-25 03:00:00,0.4065
2050-03-25 04:00:00,0.3535
2050-03-25 05:00:00,0.294
2050-03-25 06:00:00,0.2297
2050-03-25 07:00:00,0.165
2050-03-25 08:00:00,0.1134
2050-03-25 09:00:00,0.0914
2050-03-25 10:00:00,0.0996
2050-03-25 11:00:00,0.1178
2050-03-25 12:00:00,0.1322
2050-03-25 13:00:00,0.1436
2050-03-25 14:00:00,0.1534
2050-03-25 15:00:00,0.1807
2050-03-25 16:00:00,0.2516
2050-03-25 17:00:00,0.3427
2050-03-25 18:00:00,0.437
2050-03-25 19:00:00,0.5104
2050-03-25 20:00:00,0.565
2050-03-25 21:00:00,0.6115
2050-03-25 22:00:00,0.6443
2050-03-25 23:00:00,0.6634
2050-03-26 00:00:00,0.6768
2050-03-26 01:00:00,0.6889
2050-03-26 02:00:00,0.6976
2050-03-26 03:00:00,0.6963
2050-03-26 04:00:00,0.6924
2050-03-26 05:00:00,0.6848
2050-03-26 06:00:00,0.6703
2050-03-26 07:00:00,0.6463
2050-03-26 08:00:00,0.6296
2050-03-26 09:00:00,0.6249
2050-03-26 10:00:00,0.5984
2050-03-26 11:00:00,0.5514
2050-03-26 12:00:00,0.4879
2050-03-26 13:00:00,0.4009
2050-03-26 14:00:00,0.3213
2050-03-26 15:00:00,0.2791
2050-03-26 16:00:00,0.2989
2050-03-26 17:00:00,0.371
2050-03-26 18:00:00,0.4631
2050-03-26 19:00:00,0.5403
2050-03-26 20:00:00,0.6002
2050-03-26 21:00:00,0.6474
2050-03-26 22:00:00,0.6773
2050-03-26 23:00:00,0.7142
2050-03-27 00:00:00,0.7451
2050-03-27 01:00:00,0.7859
2050-03-27 02:00:00,0.7965
2050-03-27 03:00:00,0.7648
2050-03-27 04:00:00,0.7778
2050-03-27 05:00:00,0.8218
2050-03-27 06:00:00,0.8321
2050-03-27 07:00:00,0.8033
2050-03-27 08:00:00,0.7919
2050-03-27 09:00:00,0.7984
2050-03-27 10:00:00,0.7823
2050-03-27 11:00:00,0.7441
2050-03-27 12:00:00,0.7118
2050-03-27 13:00:00,0.6919
2050-03-27 14:00:00,0.655
2050-03-27 15:00:00,0.6466
2050-03-27 16:00:00,0.664
2050-03-27 17:00:00,0.6905
2050-03-27 18:00:00,0.7145
2050-03-27 19:00:00,0.712
2050-03-27 20:00:00,0.7021
2050-03-27 21:00:00,0.6528
2050-03-27 22:00:00,0.6151
2050-03-27 23:00:00,0.5825
2050-03-28 00:00:00,0.5517
2050-03-28 01:00:00,0.5453
2050-03-28 02:00:00,0.6147
2050-03-28 03:00:00,0.694
2050-03-28 04:00:00,0.7496
2050-03-28 05:00:00,0.7776
2050-03-28 06:00:00,0.7722
2050-03-28 07:00:00,0.7441
2050-03-28 08:00:00,0.713
2050-03-28 09:00:00,0.6952
2050-03-28 10:00:00,0.6771
2050-03-28 11:00:00,0.6714
2050-03-28 12:00:00,0.7396
2050-03-28 13:00:00,0.8042
2050-03-28 14:00:00,0.8153
2050-03-28 15:00:00,0.8167
2050-03-28 16:00:00,0.8247
2050-03-28 17:00:00,0.8279
2050-03-28 18:00:00,0.854
2050-03-28 19:00:00,0.8836
2050-03-28 20:00:00,0.8977
2050-03-28 21:00:00,0.898
2050-03-28 22:00:00,0.8932
2050-03-28 23:00:00,0.8874
2050-03-29 00:00:00,0.883
2050-03-29 01:00:00,0.8886
2050-03-29 02:00:00,0.9036
2050-03-29 03:00:00,0.9079
2050-03-29 04:00:00,0.9089
2050-03-29 05:00:00,0.9081
2050-03-29 06:00:00,0.9027
2050-03-29 07:00:00,0.8944
2050-03-29 08:00:00,0.8832
2050-03-29 09:00:00,0.8757
2050-03-29 10:00:00,0.866
2050-03-29 11:00:00,0.8516
2050-03-29 12:00:00,0.8384
2050-03-29 13:00:00,0.8252
2050-03-29 14:00:00,0.8169
2050-03-29 15:00:00,0.8164
2050-03-29 16:00:00,0.8096
2050-03-29 17:00:00,0.8097
2050-03-29 18:00:00,0.8106
2050-03-29 19:00:00,0.8209
2050-03-29 20:00:00,0.824
2050-03-29 21:00:00,0.8245
2050-03-29 22:00:00,0.8245
2050-03-29 23:00:00,0.8121
2050-03-30 00:00:00,0.7663
2050-03-30 01:00:00,0.6893
2050-03-30 02:00:00,0.6435
2050-03-30 03:00:00,0.6485
2050-03-30 04:00:00,0.5773
2050-03-30 05:00:00,0.4394
2050-03-30 06:00:00,0.3392
2050-03-30 07:00:00,0.2886
2050-03-30 08:00:00,0.2656
2050-03-30 09:00:00,0.2029
2050-03-30 10:00:00,0.127
2050-03-30 11:00:00,0.0904
2050-03-30 12:00:00,0.0797
2050-03-30 13:00:00,0.0627
2050-03-30 14:00:00,0.1004
2050-03-30 15:00:00,0.1938
2050-03-30 16:00:00,0.2808
2050-03-30 17:00:00,0.2911
2050-03-30 18:00:00,0.2474
2050-03-30 19:00:00,0.2075
2050-03-30 20:00:00,0.1782
2050-03-30 21:00:00,0.1519
2050-03-30 22:00:00,0.1191
2050-03-30 23:00:00,0.1093
2050-03-31 00:00:00,0.1089
2050-03-31 01:00:00,0.1228
2050-03-31 02:00:00,0.1792
2050-03-31 03:00:00,0.2173
2050-03-31 04:00:00,0.2458
2050-03-31 05:00:00,0.3292
2050-03-31 06:00:00,0.4069
2050-03-31 07:00:00,0.4776
2050-03-31 08:00:00,0.5388
2050-03-31 09:00:00,0.6011
2050-03-31 10:00:00,0.6544
2050-03-31 11:00:00,0.6908
2050-03-31 12:00:00,0.7159
2050-03-31 13:00:00,0.7246
2050-03-31 14:00:00,0.7201
2050-03-31 15:00:00,0.7235
2050-03-31 16:00:00,0.7324
2050-03-31 17:00:00,0.7413
2050-03-31 18:00:00,0.7732
2050-03-31 19:00:00,0.814
2050-03-31 20:00:00,0.8422
2050-03-31 21:00:00,0.8513
2050-03-31 22:00:00,0.8505
2050-03-31 23:00:00,0.8502
2050-04-01 00:00:00,0.824
2050-04-01 01:00:00,0.7604
2050-04-01 02:00:00,0.6683
2050-04-01 03:00:00,0.6193
2050-04-01 04:00:00,0.5976
2050-04-01 05:00:00,0.5606
2050-04-01 06:00:00,0.4978
2050-04-01 07:00:00,0.4422
2050-04-01 08:00:00,0.4232
2050-04-01 09:00:00,0.4077
2050-04-01 10:00:00,0.4021
2050-04-01 11:00:00,0.4284
2050-04-01 12:00:00,0.4646
2050-04-01 13:00:00,0.52
2050-04-01 14:00:00,0.5762
2050-04-01 15:00:00,0.6186
2050-04-01 16:00:00,0.63
2050-04-01 17:00:00,0.6098
2050-04-01 18:00:00,0.5616
2050-04-01 19:00:00,0.5252
2050-04-01 20:00:00,0.5008
2050-04-01 21:00:00,0.4937
2050-04-01 22:00:00,0.4927
2050-04-01 23:00:00,0.5144
2050-04-02 00:00:00,0.5286
2050-04-02 01:00:00,0.5457
2050-04-02 02:00:00,0.5643
2050-04-02 03:00:00,0.576
2050-04-02 04:00:00,0.5781
2050-04-02 05:00:00,0.5908
2050-04-02 06:00:00,0.587
2050-04-02 07:00:00,0.5583
2050-04-02 08:00:00,0.5332
2050-04-02 09:00:00,0.5232
2050-04-02 10:00:00,0.5062
2050-04-02 11:00:00,0.4537
2050-04-02 12:00:00,0.3973
2050-04-02 13:00:00,0.3618
2050-04-02 14:00:00,0.3379
2050-04-02 15:00:00,0.3016
2050-04-02 16:00:00,0.2565
2050-04-02 17:00:00,0.2323
2050-04-02 18:00:00,0.2122
2050-04-02 19:00:00,0.1702
2050-04-02 20:00:00,0.1662
2050-04-02 21:00:00,0.2149
2050-04-02 22:00:00,0.2686
2050-04-02 23:00:00,0.3387
2050-04-03 00:00:00,0.4295
2050-04-03 01:00:00,0.5246
2050-04-03 02:00:00,0.607
2050-04-03 03:00:00,0.6669
2050-04-03 04:00:00,0.6987
2050-04-03 05:00:00,0.7257
2050-04-03 06:00:00,0.7457
2050-04-03 07:00:00,0.7668
2050-04-03 08:00:00,0.7769
2050-04-03 09:00:00,0.7774
2050-04-03 10:00:00,0.7746
2050-04-03 11:00:00,0.7763
2050-04-03 12:00:00,0.7872
2050-04-03 13:00:00,0.7941
2050-04-03 14:00:00,0.8166
2050-04-03 15:00:00,0.8331
2050-04-03 16:00:00,0.8472
2050-04-03 17:00:00,0.8539
2050-04-03 18:00:00,0.8612
2050-04-03 19:00:00,0.8642
2050-04-03 20:00:00,0.8785
2050-04-03 21:00:00,0.8891
2050-04-03 22:00:00,0.893
2050-04-03 23:00:00,0.8846
2050-04-04 00:00:00,0.865
2050-04-04 01:00:00,0.8333
2050-04-04 02:00:00,0.8119
2050-04-04 03:00:00,0.7624
2050-04-04 04:00:00,0.6988
2050-04-04 05:00:00,0.7022
2050-04-04 06:00:00,0.7041
2050-04-04 07:00:00,0.6924
2050-04-04 08:00:00,0.6433
2050-04-04 09:00:00,0.6158
2050-04-04 10:00:00,0.6309
2050-04-04 11:00:00,0.6765
2050-04-04 12:00:00,0.7311
2050-04-04 13:00:00,0.7552
2050-04-04 14:00:00,0.7464
2050-04-04 15:00:00,0.7297
2050-04-04 16:00:00,0.7169
2050-04-04 17:00:00,0.6691
2050-04-04 18:00:00,0.6181
2050-04-04 19:00:00,0.5831
2050-04-04 20:00:00,0.5183
2050-04-04 21:00:00,0.485
2050-04-04 22:00:00,0.4801
2050-04-04 23:00:00,0.4232
2050-04-05 00:00:00,0.3981
2050-04-05 01:00:00,0.4516
2050-04-05 02:00:00,0.5779
2050-04-05 03:00:00,0.7006
2050-04-05 04:00:00,0.7883
2050-04-05 05:00:00,0.8592
2050-04-05 06:00:00,0.8785
2050-04-05 07:00:00,0.891
2050-04-05 08:00:00,0.8949
2050-04-05 09:00:00,0.9032
2050-04-05 10:00:00,0.9101
2050-04-05 11:00:00,0.9102
2050-04-05 12:00:00,0.9084
2050-04-05 13:00:00,0.9044
2050-04-05 14:00:00,0.899
2050-04-05 15:00:00,0.893
2050-04-05 16:00:00,0.8893
2050-04-05 17:00:00,0.8878
2050-04-05 18:00:00,0.8858
2050-04-05 19:00:00,0.8803
2050-04-05 20:00:00,0.8739
2050-04-05 21:00:00,0.8659
2050-04-05 22:00:00,0.8562
2050-04-05 23:00:00,0.842
2050-04-06 00:00:00,0.8263
2050-04-06 01:00:00,0.7978
2050-04-06 02:00:00,0.7694
2050-04-06 03:00:00,0.7239
2050-04-06 04:00:00,0.7327
2050-04-06 05:00:00,0.7906
2050-04-06 06:00:00,0.8401
2050-04-06 07:00:00,0.8764
2050-04-06 08:00:00,0.8972
2050-04-06 09:00:00,0.9069
2050-04-06 10:00:00,0.9103
2050-04-06 11:00:00,0.9103
2050-04-06 12:00:00,0.9113
2050-04-06 13:00:00,0.9107
2050-04-06 14:00:00,0.9088
2050-04-06 15:00:00,0.904
2050-04-06 16:00:00,0.9096
2050-04-06 17:00:00,0.911
2050-04-06 18:00:00,0.9112
2050-04-06 19:00:00,0.9108
2050-04-06 20:00:00,0.9101
2050-04-06 21:00:00,0.9102
2050-04-06 22:00:00,0.9097
2050-04-06 23:00:00,0.9094
2050-04-07 00:00:00,0.9094
2050-04-07 01:00:00,0.9081
2050-04-07 02:00:00,0.9079
2050-04-07 03:00:00,0.9112
2050-04-07 04:00:00,0.91
2050-04-07 05:00:00,0.9052
2050-04-07 06:00:00,0.8992
2050-04-07 07:00:00,0.8959
2050-04-07 08:00:00,0.8943
2050-04-07 09:00:00,0.8946
2050-04-07 10:00:00,0.8953
2050-04-07 11:00:00,0.8964
2050-04-07 12:00:00,0.8945
2050-04-07 13:00:00,0.8913
2050-04-07 14:00:00,0.8943
2050-04-07 15:00:00,0.894
2050-04-07 16:00:00,0.8824
2050-04-07 17:00:00,0.8756
2050-04-07 18:00:00,0.8715
2050-04-07 19:00:00,0.8602
2050-04-07 20:00:00,0.847
2050-04-07 21:00:00,0.8404
2050-04-07 22:00:00,0.8313
2050-04-07 23:00:00,0.8171
2050-04-08 00:00:00,0.7971
2050-04-08 01:00:00,0.7749
2050-04-08 02:00:00,0.7594
2050-04-08 03:00:00,0.7323
2050-04-08 04:00:00,0.6982
2050-04-08 05:00:00,0.6799
2050-04-08 06:00:00,0.6709
2050-04-08 07:00:00,0.6423
2050-04-08 08:00:00,0.592
2050-04-08 09:00:00,0.5109
2050-04-08 10:00:00,0.451
2050-04-08 11:00:00,0.4563
2050-04-08 12:00:00,0.4203
2050-04-08 13:00:00,0.3544
2050-04-08 14:00:00,0.3152
2050-04-08 15:00:00,0.378
2050-04-08 16:00:00,0.5344
2050-04-08 17:00:00,0.6622
2050-04-08 18:00:00,0.7323
2050-04-08 19:00:00,0.7768
2050-04-08 20:00:00,0.8045
2050-04-08 21:00:00,0.8129
2050-04-08 22:00:00,0.8192
2050-04-08 23:00:00,0.8463
2050-04-09 00:00:00,0.8472
2050-04-09 01:00:00,0.8057
2050-04-09 02:00:00,0.7714
2050-04-09 03:00:00,0.7578
2050-04-09 04:00:00,0.748
2050-04-09 05:00:00,0.8089
2050-04-09 06:00:00,0.8608
2050-04-09 07:00:00,0.8916
2050-04-09 08:00:00,0.8978
2050-04-09 09:00:00,0.8938
2050-04-09 10:00:00,0.8922
2050-04-09 11:00:00,0.8908
2050-04-09 12:00:00,0.895
2050-04-09 13:00:00,0.8994
2050-04-09 14:00:00,0.9035
2050-04-09 15:00:00,0.907
2050-04-09 16:00:00,0.9066
2050-04-09 17:00:00,0.9044
2050-04-09 18:00:00,0.9076
2050-04-09 19:00:00,0.9114
2050-04-09 20:00:00,0.9107
2050-04-09 21:00:00,0.9084
2050-04-09 22:00:00,0.9055
2050-04-09 23:00:00,0.9024
2050-04-10 00:00:00,0.8991
2050-04-10 01:00:00,0.8953
2050-04-10 02:00:00,0.8864
2050-04-10 03:00:00,0.8692
2050-04-10 04:00:00,0.8133
2050-04-10 05:00:00,0.7005
2050-04-10 06:00:00,0.611
2050-04-10 07:00:00,0.5851
2050-04-10 08:00:00,0.5537
2050-04-10 09:00:00,0.5584
2050-04-10 10:00:00,0.6151
2050-04-10 11:00:00,0.6807
2050-04-10 12:00:00,0.7367
2050-04-10 13:00:00,0.7746
2050-04-10 14:00:00,0.8006
2050-04-10 15:00:00,0.8193
2050-04-10 16:00:00,0.841
2050-04-10 17:00:00,0.8701
2050-04-10 18:00:00,0.8907
2050-04-10 19:00:00,0.9008
2050-04-10 20:00:00,0.9048
2050-04-10 21:00:00,0.9038
2050-04-10 22:00:00,0.9043
2050-04-10 23:00:00,0.9054
2050-04-11 00:00:00,0.9084
2050-04-11 01:00:00,0.9098
2050-04-11 02:00:00,0.9081
2050-04-11 03:00:00,0.9043
2050-04-11 04:00:00,0.901
2050-04-11 05:00:00,0.892
2050-04-11 06:00:00,0.8789
2050-04-11 07:00:00,0.8644
2050-04-11 08:00:00,0.8449
2050-04-11 09:00:00,0.8205
2050-04-11 10:00:00,0.7916
2050-04-11 11:00:00,0.7667
2050-04-11 12:00:00,0.7417
2050-04-11 13:00:00,0.7249
2050-04-11 14:00:00,0.6986
2050-04-11 15:00:00,0.671
2050-04-11 16:00:00,0.6554
2050-04-11 17:00:00,0.6647
2050-04-11 18:00:00,0.6894
2050-04-11 19:00:00,0.7224
2050-04-11 20:00:00,0.7564
2050-04-11 21:00:00,0.7877
2050-04-11 22:00:00,0.8193
2050-04-11 23:00:00,0.8408
2050-04-12 00:00:00,0.8528
2050-04-12 01:00:00,0.8572
2050-04-12 02:00:00,0.8612
2050-04-12 03:00:00,0.8665
2050-04-12 04:00:00,0.8701
2050-04-12 05:00:00,0.8717
2050-04-12 06:00:00,0.8728
2050-04-12 07:00:00,0.8677
2050-04-12 08:00:00,0.8605
2050-04-12 09:00:00,0.8476
2050-04-12 10:00:00,0.8277
2050-04-12 11:00:00,0.8043
2050-04-12 12:00:00,0.7755
2050-04-12 13:00:00,0.7447
2050-04-12 14:00:00,0.7163
2050-04-12 15:00:00,0.7066
2050-04-12 16:00:00,0.7052
2050-04-12 17:00:00,0.7012
2050-04-12 18:00:00,0.7227
2050-04-12 19:00:00,0.7553
2050-04-12 20:00:00,0.7854
2050-04-12 21:00:00,0.812
2050-04-12 22:00:00,0.8412
2050-04-12 23:00:00,0.8645
2050-04-13 00:00:00,0.8676
2050-04-13 01:00:00,0.8546
2050-04-13 02:00:00,0.8335
2050-04-13 03:00:00,0.8036
2050-04-13 04:00:00,0.7639
2050-04-13 05:00:00,0.7216
2050-04-13 06:00:00,0.6789
2050-04-13 07:00:00,0.6508
2050-04-13 08:00:00,0.6396
2050-04-13 09:00:00,0.6473
2050-04-13 10:00:00,0.6705
2050-04-13 11:00:00,0.7149
2050-04-13 12:00:00,0.7644
2050-04-13 13:00:00,0.8125
2050-04-13 14:00:00,0.8432
2050-04-13 15:00:00,0.8591
2050-04-13 16:00:00,0.8657
2050-04-13 17:00:00,0.8639
2050-04-13 18:00:00,0.8567
2050-04-13 19:00:00,0.8544
2050-04-13 20:00:00,0.8619
2050-04-13 21:00:00,0.8618
2050-04-13 22:00:00,0.8565
2050-04-13 23:00:00,0.8265
2050-04-14 00:00:00,0.7732
2050-04-14 01:00:00,0.7344
2050-04-14 02:00:00,0.7546
2050-04-14 03:00:00,0.7531
2050-04-14 04:00:00,0.7652
2050-04-14 05:00:00,0.7875
2050-04-14 06:00:00,0.7983
2050-04-14 07:00:00,0.8027
2050-04-14 08:00:00,0.8029
2050-04-14 09:00:00,0.7972
2050-04-14 10:00:00,0.7768
2050-04-14 11:00:00,0.7446
2050-04-14 12:00:00,0.7179
2050-04-14 13:00:00,0.6571
2050-04-14 14:00:00,0.5583
2050-04-14 15:00:00,0.4635
2050-04-14 16:00:00,0.37
2050-04-14 17:00:00,0.3062
2050-04-14 18:00:00,0.2821
2050-04-14 19:00:00,0.2971
2050-04-14 20:00:00,0.361
2050-04-14 21:00:00,0.455
2050-04-14 22:00:00,0.5463
2050-04-14 23:00:00,0.6114
2050-04-15 00:00:00,0.6742
2050-04-15 01:00:00,0.7343
2050-04-15 02:00:00,0.7655
2050-04-15 03:00:00,0.7742
2050-04-15 04:00:00,0.7852
2050-04-15 05:00:00,0.8226
2050-04-15 06:00:00,0.8634
2050-04-15 07:00:00,0.894
2050-04-15 08:00:00,0.9009
2050-04-15 09:00:00,0.9001
2050-04-15 10:00:00,0.9032
2050-04-15 11:00:00,0.9057
2050-04-15 12:00:00,0.8966
2050-04-15 13:00:00,0.8888
2050-04-15 14:00:00,0.8821
2050-04-15 15:00:00,0.8847
2050-04-15 16:00:00,0.8912
2050-04-15 17:00:00,0.894
2050-04-15 18:00:00,0.8963
2050-04-15 19:00:00,0.8951
2050-04-15 20:00:00,0.8911
2050-04-15 21:00:00,0.885
2050-04-15 22:00:00,0.8797
2050-04-15 23:00:00,0.8747
2050-04-16 00:00:00,0.8696
2050-04-16 01:00:00,0.8674
2050-04-16 02:00:00,0.8682
2050-04-16 03:00:00,0.86
2050-04-16 04:00:00,0.8384
2050-04-16 05:00:00,0.8151
2050-04-16 06:00:00,0.8332
2050-04-16 07:00:00,0.8799
2050-04-16 08:00:00,0.9001
2050-04-16 09:00:00,0.9006
2050-04-16 10:00:00,0.8877
2050-04-16 11:00:00,0.8662
2050-04-16 12:00:00,0.8415
2050-04-16 13:00:00,0.8189
2050-04-16 14:00:00,0.8124
2050-04-16 15:00:00,0.8202
2050-04-16 16:00:00,0.831
2050-04-16 17:00:00,0.8333
2050-04-16 18:00:00,0.8142
2050-04-16 19:00:00,0.7764
2050-04-16 20:00:00,0.7344
2050-04-16 21:00:00,0.704
2050-04-16 22:00:00,0.6787
2050-04-16 23:00:00,0.6478
2050-04-17 00:00:00,0.6018
2050-04-17 01:00:00,0.5565
2050-04-17 02:00:00,0.5181
2050-04-17 03:00:00,0.4816
2050-04-17 04:00:00,0.4463
2050-04-17 05:00:00,0.4013
2050-04-17 06:00:00,0.3459
2050-04-17 07:00:00,0.3088
2050-04-17 08:00:00,0.3059
2050-04-17 09:00:00,0.3124
2050-04-17 10:00:00,0.3219
2050-04-17 11:00:00,0.3097
2050-04-17 12:00:00,0.2895
2050-04-17 13:00:00,0.2447
2050-04-17 14:00:00,0.2024
2050-04-17 15:00:00,0.18
2050-04-17 16:00:00,0.1736
2050-04-17 17:00:00,0.1815
2050-04-17 18:00:00,0.2243
2050-04-17 19:00:00,0.3007
2050-04-17 20:00:00,0.3848
2050-04-17 21:00:00,0.4643
2050-04-17 22:00:00,0.5125
2050-04-17 23:00:00,0.5184
2050-04-18 00:00:00,0.4945
2050-04-18 01:00:00,0.4685
2050-04-18 02:00:00,0.4486
2050-04-18 03:00:00,0.4482
2050-04-18 04:00:00,0.4556
2050-04-18 05:00:00,0.4522
2050-04-18 06:00:00,0.4352
2050-04-18 07:00:00,0.4113
2050-04-18 08:00:00,0.4033
2050-04-18 09:00:00,0.4059
2050-04-18 10:00:00,0.3973
2050-04-18 11:00:00,0.4146
2050-04-18 12:00:00,0.4698
2050-04-18 13:00:00,0.5411
2050-04-18 14:00:00,0.6065
2050-04-18 15:00:00,0.6596
2050-04-18 16:00:00,0.6989
2050-04-18 17:00:00,0.7443
2050-04-18 18:00:00,0.8033
2050-04-18 19:00:00,0.8493
2050-04-18 20:00:00,0.8797
2050-04-18 21:00:00,0.8985
2050-04-18 22:00:00,0.9063
2050-04-18 23:00:00,0.9047
2050-04-19 00:00:00,0.895
2050-04-19 01:00:00,0.8783
2050-04-19 02:00:00,0.8785
2050-04-19 03:00:00,0.8857
2050-04-19 04:00:00,0.8832
2050-04-19 05:00:00,0.8792
2050-04-19 06:00:00,0.8828
2050-04-19 07:00:00,0.889
2050-04-19 08:00:00,0.8961
2050-04-19 09:00:00,0.903
2050-04-19 10:00:00,0.9079
2050-04-19 11:00:00,0.9102
2050-04-19 12:00:00,0.9104
2050-04-19 13:00:00,0.9081
2050-04-19 14:00:00,0.905
2050-04-19 15:00:00,0.9051
2050-04-19 16:00:00,0.9068
2050-04-19 17:00:00,0.9066
2050-04-19 18:00:00,0.9043
2050-04-19 19:00:00,0.901
2050-04-19 20:00:00,0.8966
2050-04-19 21:00:00,0.8918
2050-04-19 22:00:00,0.8872
2050-04-19 23:00:00,0.8847
2050-04-20 00:00:00,0.8851
2050-04-20 01:00:00,0.8872
2050-04-20 02:00:00,0.8894
2050-04-20 03:00:00,0.8893
2050-04-20 04:00:00,0.8866
2050-04-20 05:00:00,0.8818
2050-04-20 06:00:00,0.8748
2050-04-20 07:00:00,0.8633
2050-04-20 08:00:00,0.8468
2050-04-20 09:00:00,0.8304
2050-04-20 10:00:00,0.8222
2050-04-20 11:00:00,0.8285
2050-04-20 12:00:00,0.8435
2050-04-20 13:00:00,0.8616
2050-04-20 14:00:00,0.8758
2050-04-20 15:00:00,0.8836
2050-04-20 16:00:00,0.8859
2050-04-20 17:00:00,0.8862
2050-04-20 18:00:00,0.8877
2050-04-20 19:00:00,0.8907
2050-04-20 20:00:00,0.8926
2050-04-20 21:00:00,0.8921
2050-04-20 22:00:00,0.891
2050-04-20 23:00:00,0.8874
2050-04-21 00:00:00,0.8814
2050-04-21 01:00:00,0.8761
2050-04-21 02:00:00,0.8698
2050-04-21 03:00:00,0.8631
2050-04-21 04:00:00,0.8554
2050-04-21 05:00:00,0.8455
2050-04-21 06:00:00,0.8318
2050-04-21 07:00:00,0.8097
2050-04-21 08:00:00,0.7748
2050-04-21 09:00:00,0.7193
2050-04-21 10:00:00,0.6579
2050-04-21 11:00:00,0.6181
2050-04-21 12:00:00,0.6086
2050-04-21 13:00:00,0.6168
2050-04-21 14:00:00,0.6335
2050-04-21 15:00:00,0.6538
2050-04-21 16:00:00,0.6656
2050-04-21 17:00:00,0.6694
2050-04-21 18:00:00,0.6785
2050-04-21 19:00:00,0.681
2050-04-21 20:00:00,0.6716
2050-04-21 21:00:00,0.6429
2050-04-21 22:00:00,0.5935
2050-04-21 23:00:00,0.5512
2050-04-22 00:00:00,0.5395
2050-04-22 01:00:00,0.5426
2050-04-22 02:00:00,0.5484
2050-04-22 03:00:00,0.5464
2050-04-22 04:00:00,0.5307
2050-04-22 05:00:00,0.5108
2050-04-22 06:00:00,0.4857
2050-04-22 07:00:00,0.4544
2050-04-22 08:00:00,0.4132
2050-04-22 09:00:00,0.3712
2050-04-22 10:00:00,0.3274
2050-04-22 11:00:00,0.2875
2050-04-22 12:00:00,0.2509
2050-04-22 13:00:00,0.2197
2050-04-22 14:00:00,0.1995
2050-04-22 15:00:00,0.1937
2050-04-22 16:00:00,0.1884
2050-04-22 17:00:00,0.1752
2050-04-22 18:00:00,0.1547
2050-04-22 19:00:00,0.13
2050-04-22 20:00:00,0.1019
2050-04-22 21:00:00,0.0753
2050-04-22 22:00:00,0.056
2050-04-22 23:00:00,0.0382
2050-04-23 00:00:00,0.0345
2050-04-23 01:00:00,0.0496
2050-04-23 02:00:00,0.0753
2050-04-23 03:00:00,0.1083
2050-04-23 04:00:00,0.1425
2050-04-23 05:00:00,0.1848
2050-04-23 06:00:00,0.2421
2050-04-23 07:00:00,0.3161
2050-04-23 08:00:00,0.3968
2050-04-23 09:00:00,0.4946
2050-04-23 10:00:00,0.5891
2050-04-23 11:00:00,0.6653
2050-04-23 12:00:00,0.7341
2050-04-23 13:00:00,0.7597
2050-04-23 14:00:00,0.7951
2050-04-23 15:00:00,0.8568
2050-04-23 16:00:00,0.8746
2050-04-23 17:00:00,0.8735
2050-04-23 18:00:00,0.8715
2050-04-23 19:00:00,0.8708
2050-04-23 20:00:00,0.8703
2050-04-23 21:00:00,0.8723
2050-04-23 22:00:00,0.8771
2050-04-23 23:00:00,0.8829
2050-04-24 00:00:00,0.8873
2050-04-24 01:00:00,0.8906
2050-04-24 02:00:00,0.8926
2050-04-24 03:00:00,0.8943
2050-04-24 04:00:00,0.8953
2050-04-24 05:00:00,0.8951
2050-04-24 06:00:00,0.892
2050-04-24 07:00:00,0.8884
2050-04-24 08:00:00,0.8847
2050-04-24 09:00:00,0.8794
2050-04-24 10:00:00,0.8724
2050-04-24 11:00:00,0.8642
2050-04-24 12:00:00,0.8557
2050-04-24 13:00:00,0.8458
2050-04-24 14:00:00,0.8328
2050-04-24 15:00:00,0.8165
2050-04-24 16:00:00,0.8033
2050-04-24 17:00:00,0.7918
2050-04-24 18:00:00,0.7807
2050-04-24 19:00:00,0.7649
2050-04-24 20:00:00,0.7402
2050-04-24 21:00:00,0.6989
2050-04-24 22:00:00,0.6291
2050-04-24 23:00:00,0.5335
2050-04-25 00:00:00,0.4424
2050-04-25 01:00:00,0.3783
2050-04-25 02:00:00,0.3518
2050-04-25 03:00:00,0.3549
2050-04-25 04:00:00,0.3574
2050-04-25 05:00:00,0.3433
2050-04-25 06:00:00,0.3195
2050-04-25 07:00:00,0.3226
2050-04-25 08:00:00,0.3784
2050-04-25 09:00:00,0.4663
2050-04-25 10:00:00,0.5493
2050-04-25 11:00:00,0.6078
2050-04-25 12:00:00,0.6324
2050-04-25 13:00:00,0.6149
2050-04-25 14:00:00,0.5602
2050-04-25 15:00:00,0.4824
2050-04-25 16:00:00,0.4191
2050-04-25 17:00:00,0.3485
2050-04-25 18:00:00,0.2867
2050-04-25 19:00:00,0.2489
2050-04-25 20:00:00,0.2161
2050-04-25 21:00:00,0.204
2050-04-25 22:00:00,0.2177
2050-04-25 23:00:00,0.2283
2050-04-26 00:00:00,0.2257
2050-04-26 01:00:00,0.2113
2050-04-26 02:00:00,0.1962
2050-04-26 03:00:00,0.188
2050-04-26 04:00:00,0.1874
2050-04-26 05:00:00,0.2007
2050-04-26 06:00:00,0.2196
2050-04-26 07:00:00,0.2367
2050-04-26 08:00:00,0.2444
2050-04-26 09:00:00,0.2367
2050-04-26 10:00:00,0.2166
2050-04-26 11:00:00,0.1988
2050-04-26 12:00:00,0.1838
2050-04-26 13:00:00,0.1706
2050-04-26 14:00:00,0.1608
2050-04-26 15:00:00,0.147
2050-04-26 16:00:00,0.1302
2050-04-26 17:00:00,0.1114
2050-04-26 18:00:00,0.093
2050-04-26 19:00:00,0.0724
2050-04-26 20:00:00,0.0516
2050-04-26 21:00:00,0.0397
2050-04-26 22:00:00,0.0332
2050-04-26 23:00:00,0.0328
2050-04-27 00:00:00,0.0458
2050-04-27 01:00:00,0.0679
2050-04-27 02:00:00,0.1017
2050-04-27 03:00:00,0.1466
2050-04-27 04:00:00,0.1974
2050-04-27 05:00:00,0.2469
2050-04-27 06:00:00,0.3048
2050-04-27 07:00:00,0.3617
2050-04-27 08:00:00,0.4192
2050-04-27 09:00:00,0.468
2050-04-27 10:00:00,0.5119
2050-04-27 11:00:00,0.5181
2050-04-27 12:00:00,0.496
2050-04-27 13:00:00,0.4597
2050-04-27 14:00:00,0.3946
2050-04-27 15:00:00,0.325
2050-04-27 16:00:00,0.2612
2050-04-27 17:00:00,0.2386
2050-04-27 18:00:00,0.2882
2050-04-27 19:00:00,0.395
2050-04-27 20:00:00,0.5296
2050-04-27 21:00:00,0.6243
2050-04-27 22:00:00,0.6674
2050-04-27 23:00:00,0.7217
2050-04-28 00:00:00,0.787
2050-04-28 01:00:00,0.818
2050-04-28 02:00:00,0.8278
2050-04-28 03:00:00,0.8525
2050-04-28 04:00:00,0.8773
2050-04-28 05:00:00,0.8886
2050-04-28 06:00:00,0.889
2050-04-28 07:00:00,0.8943
2050-04-28 08:00:00,0.8888
2050-04-28 09:00:00,0.8887
2050-04-28 10:00:00,0.893
2050-04-28 11:00:00,0.8973
2050-04-28 12:00:00,0.9034
2050-04-28 13:00:00,0.904
2050-04-28 14:00:00,0.9064
2050-04-28 15:00:00,0.9045
2050-04-28 16:00:00,0.9005
2050-04-28 17:00:00,0.8979
2050-04-28 18:00:00,0.8838
2050-04-28 19:00:00,0.8663
2050-04-28 20:00:00,0.8558
2050-04-28 21:00:00,0.8395
2050-04-28 22:00:00,0.8194
2050-04-28 23:00:00,0.8065
2050-04-29 00:00:00,0.7819
2050-04-29 01:00:00,0.7538
2050-04-29 02:00:00,0.7272
2050-04-29 03:00:00,0.7046
2050-04-29 04:00:00,0.6978
2050-04-29 05:00:00,0.7085
2050-04-29 06:00:00,0.7243
2050-04-29 07:00:00,0.7289
2050-04-29 08:00:00,0.7202
2050-04-29 09:00:00,0.7048
2050-04-29 10:00:00,0.6933
2050-04-29 11:00:00,0.676
2050-04-29 12:00:00,0.6601
2050-04-29 13:00:00,0.6423
2050-04-29 14:00:00,0.6223
2050-04-29 15:00:00,0.6012
2050-04-29 16:00:00,0.579
2050-04-29 17:00:00,0.5813
2050-04-29 18:00:00,0.6136
2050-04-29 19:00:00,0.653
2050-04-29 20:00:00,0.6803
2050-04-29 21:00:00,0.6767
2050-04-29 22:00:00,0.6476
2050-04-29 23:00:00,0.5853
2050-04-30 00:00:00,0.5057
2050-04-30 01:00:00,0.4258
2050-04-30 02:00:00,0.3657
2050-04-30 03:00:00,0.3686
2050-04-30 04:00:00,0.4403
2050-04-30 05:00:00,0.5232
2050-04-30 06:00:00,0.5802
2050-04-30 07:00:00,0.6129
2050-04-30 08:00:00,0.642
2050-04-30 09:00:00,0.6542
2050-04-30 10:00:00,0.6506
2050-04-30 11:00:00,0.6422
2050-04-30 12:00:00,0.6273
2050-04-30 13:00:00,0.5908
2050-04-30 14:00:00,0.5181
2050-04-30 15:00:00,0.4445
2050-04-30 16:00:00,0.4047
2050-04-30 17:00:00,0.4047
2050-04-30 18:00:00,0.4404
2050-04-30 19:00:00,0.5268
2050-04-30 20:00:00,0.6129
2050-04-30 21:00:00,0.6445
2050-04-30 22:00:00,0.6241
2050-04-30 23:00:00,0.548
2050-05-01 00:00:00,0.4561
2050-05-01 01:00:00,0.4089
2050-05-01 02:00:00,0.4078
2050-05-01 03:00:00,0.418
2050-05-01 04:00:00,0.4103
2050-05-01 05:00:00,0.3973
2050-05-01 06:00:00,0.4174
2050-05-01 07:00:00,0.4664
2050-05-01 08:00:00,0.5245
2050-05-01 09:00:00,0.5673
2050-05-01 10:00:00,0.6018
2050-05-01 11:00:00,0.6262
2050-05-01 12:00:00,0.6472
2050-05-01 13:00:00,0.6747
2050-05-01 14:00:00,0.7117
2050-05-01 15:00:00,0.7559
2050-05-01 16:00:00,0.7977
2050-05-01 17:00:00,0.8309
2050-05-01 18:00:00,0.8542
2050-05-01 19:00:00,0.8659
2050-05-01 20:00:00,0.87
2050-05-01 21:00:00,0.8686
2050-05-01 22:00:00,0.8651
2050-05-01 23:00:00,0.8653
2050-05-02 00:00:00,0.8659
2050-05-02 01:00:00,0.8712
2050-05-02 02:00:00,0.8735
2050-05-02 03:00:00,0.8792
2050-05-02 04:00:00,0.872
2050-05-02 05:00:00,0.8629
2050-05-02 06:00:00,0.8628
2050-05-02 07:00:00,0.8619
2050-05-02 08:00:00,0.8579
2050-05-02 09:00:00,0.8506
2050-05-02 10:00:00,0.838
2050-05-02 11:00:00,0.8209
2050-05-02 12:00:00,0.8004
2050-05-02 13:00:00,0.7719
2050-05-02 14:00:00,0.7356
2050-05-02 15:00:00,0.6957
2050-05-02 16:00:00,0.6715
2050-05-02 17:00:00,0.6494
2050-05-02 18:00:00,0.6204
2050-05-02 19:00:00,0.5926
2050-05-02 20:00:00,0.5591
2050-05-02 21:00:00,0.5451
2050-05-02 22:00:00,0.5491
2050-05-02 23:00:00,0.5598
2050-05-03 00:00:00,0.5607
2050-05-03 01:00:00,0.5529
2050-05-03 02:00:00,0.5396
2050-05-03 03:00:00,0.5196
2050-05-03 04:00:00,0.4918
2050-05-03 05:00:00,0.464
2050-05-03 06:00:00,0.4737
2050-05-03 07:00:00,0.4898
2050-05-03 08:00:00,0.5141
2050-05-03 09:00:00,0.5342
2050-05-03 10:00:00,0.5424
2050-05-03 11:00:00,0.5458
2050-05-03 12:00:00,0.5813
2050-05-03 13:00:00,0.6423
2050-05-03 14:00:00,0.6936
2050-05-03 15:00:00,0.7273
2050-05-03 16:00:00,0.7436
2050-05-03 17:00:00,0.7687
2050-05-03 18:00:00,0.8032
2050-05-03 19:00:00,0.825
2050-05-03 20:00:00,0.8363
2050-05-03 21:00:00,0.8404
2050-05-03 22:00:00,0.8343
2050-05-03 23:00:00,0.8042
2050-05-04 00:00:00,0.7705
2050-05-04 01:00:00,0.7435
2050-05-04 02:00:00,0.7206
2050-05-04 03:00:00,0.7032
2050-05-04 04:00:00,0.6848
2050-05-04 05:00:00,0.6613
2050-05-04 06:00:00,0.6355
2050-05-04 07:00:00,0.6097
2050-05-04 08:00:00,0.5837
2050-05-04 09:00:00,0.5525
2050-05-04 10:00:00,0.5136
2050-05-04 11:00:00,0.4592
2050-05-04 12:00:00,0.3842
2050-05-04 13:00:00,0.3006
2050-05-04 14:00:00,0.2241
2050-05-04 15:00:00,0.1845
2050-05-04 16:00:00,0.1949
2050-05-04 17:00:00,0.2368
2050-05-04 18:00:00,0.2643
2050-05-04 19:00:00,0.2743
2050-05-04 20:00:00,0.2642
2050-05-04 21:00:00,0.2461
2050-05-04 22:00:00,0.2475
2050-05-04 23:00:00,0.2487
2050-05-05 00:00:00,0.2383
2050-05-05 01:00:00,0.2279
2050-05-05 02:00:00,0.2263
2050-05-05 03:00:00,0.2139
2050-05-05 04:00:00,0.2104
2050-05-05 05:00:00,0.2317
2050-05-05 06:00:00,0.2803
2050-05-05 07:00:00,0.3258
2050-05-05 08:00:00,0.3388
2050-05-05 09:00:00,0.3178
2050-05-05 10:00:00,0.2717
2050-05-05 11:00:00,0.1997
2050-05-05 12:00:00,0.125
2050-05-05 13:00:00,0.0786
2050-05-05 14:00:00,0.061
2050-05-05 15:00:00,0.0586
2050-05-05 16:00:00,0.063
2050-05-05 17:00:00,0.0723
2050-05-05 18:00:00,0.0836
2050-05-05 19:00:00,0.0979
2050-05-05 20:00:00,0.1149
2050-05-05 21:00:00,0.1323
2050-05-05 22:00:00,0.152
2050-05-05 23:00:00,0.1644
2050-05-06 00:00:00,0.1673
2050-05-06 01:00:00,0.1605
2050-05-06 02:00:00,0.1493
2050-05-06 03:00:00,0.1419
2050-05-06 04:00:00,0.1397
2050-05-06 05:00:00,0.1258
2050-05-06 06:00:00,0.118
2050-05-06 07:00:00,0.1194
2050-05-06 08:00:00,0.1339
2050-05-06 09:00:00,0.148
2050-05-06 10:00:00,0.1517
2050-05-06 11:00:00,0.1506
2050-05-06 12:00:00,0.1649
2050-05-06 13:00:00,0.207
2050-05-06 14:00:00,0.2608
2050-05-06 15:00:00,0.3118
2050-05-06 16:00:00,0.352
2050-05-06 17:00:00,0.3796
2050-05-06 18:00:00,0.3918
2050-05-06 19:00:00,0.3877
2050-05-06 20:00:00,0.365
2050-05-06 21:00:00,0.3341
2050-05-06 22:00:00,0.2984
2050-05-06 23:00:00,0.2635
2050-05-07 00:00:00,0.2325
2050-05-07 01:00:00,0.2105
2050-05-07 02:00:00,0.2048
2050-05-07 03:00:00,0.2163
2050-05-07 04:00:00,0.2421
2050-05-07 05:00:00,0.2697
2050-05-07 06:00:00,0.2817
2050-05-07 07:00:00,0.2812
2050-05-07 08:00:00,0.276
2050-05-07 09:00:00,0.2839
2050-05-07 10:00:00,0.2943
2050-05-07 11:00:00,0.297
2050-05-07 12:00:00,0.298
2050-05-07 13:00:00,0.3157
2050-05-07 14:00:00,0.349
2050-05-07 15:00:00,0.374
2050-05-07 16:00:00,0.392
2050-05-07 17:00:00,0.4148
2050-05-07 18:00:00,0.4226
2050-05-07 19:00:00,0.4135
2050-05-07 20:00:00,0.3975
2050-05-07 21:00:00,0.3779
2050-05-07 22:00:00,0.3697
2050-05-07 23:00:00,0.3763
2050-05-08 00:00:00,0.3715
2050-05-08 01:00:00,0.3824
2050-05-08 02:00:00,0.4323
2050-05-08 03:00:00,0.4519
2050-05-08 04:00:00,0.4347
2050-05-08 05:00:00,0.4076
2050-05-08 06:00:00,0.3937
2050-05-08 07:00:00,0.3996
2050-05-08 08:00:00,0.3992
2050-05-08 09:00:00,0.3802
2050-05-08 10:00:00,0.3489
2050-05-08 11:00:00,0.3193
2050-05-08 12:00:00,0.284
2050-05-08 13:00:00,0.2424
2050-05-08 14:00:00,0.1973
2050-05-08 15:00:00,0.162
2050-05-08 16:00:00,0.1405
2050-05-08 17:00:00,0.118
2050-05-08 18:00:00,0.0935
2050-05-08 19:00:00,0.0673
2050-05-08 20:00:00,0.0445
2050-05-08 21:00:00,0.0276
2050-05-08 22:00:00,0.0236
2050-05-08 23:00:00,0.0355
2050-05-09 00:00:00,0.0589
2050-05-09 01:00:00,0.0917
2050-05-09 02:00:00,0.1271
2050-05-09 03:00:00,0.168
2050-05-09 04:00:00,0.2035
2050-05-09 05:00:00,0.2342
2050-05-09 06:00:00,0.2599
2050-05-09 07:00:00,0.2789
2050-05-09 08:00:00,0.2901
2050-05-09 09:00:00,0.3004
2050-05-09 10:00:00,0.3156
2050-05-09 11:00:00,0.3337
2050-05-09 12:00:00,0.3332
2050-05-09 13:00:00,0.3079
2050-05-09 14:00:00,0.2657
2050-05-09 15:00:00,0.2159
2050-05-09 16:00:00,0.1706
2050-05-09 17:00:00,0.1411
2050-05-09 18:00:00,0.1224
2050-05-09 19:00:00,0.1091
2050-05-09 20:00:00,0.0999
2050-05-09 21:00:00,0.0934
2050-05-09 22:00:00,0.0855
2050-05-09 23:00:00,0.0742
2050-05-10 00:00:00,0.0624
2050-05-10 01:00:00,0.0535
2050-05-10 02:00:00,0.05
2050-05-10 03:00:00,0.0476
2050-05-10 04:00:00,0.0427
2050-05-10 05:00:00,0.0406
2050-05-10 06:00:00,0.0408
2050-05-10 07:00:00,0.0431
2050-05-10 08:00:00,0.0499
2050-05-10 09:00:00,0.0591
2050-05-10 10:00:00,0.0725
2050-05-10 11:00:00,0.0918
2050-05-10 12:00:00,0.1168
2050-05-10 13:00:00,0.1396
2050-05-10 14:00:00,0.1566
2050-05-10 15:00:00,0.1754
2050-05-10 16:00:00,0.1972
2050-05-10 17:00:00,0.2193
2050-05-10 18:00:00,0.2406
2050-05-10 19:00:00,0.2657
2050-05-10 20:00:00,0.2879
2050-05-10 21:00:00,0.3006
2050-05-10 22:00:00,0.3039
2050-05-10 23:00:00,0.3007
2050-05-11 00:00:00,0.2949
2050-05-11 01:00:00,0.2897
2050-05-11 02:00:00,0.2849
2050-05-11 03:00:00,0.2759
2050-05-11 04:00:00,0.2707
2050-05-11 05:00:00,0.2655
2050-05-11 06:00:00,0.2544
2050-05-11 07:00:00,0.2411
2050-05-11 08:00:00,0.2265
2050-05-11 09:00:00,0.2324
2050-05-11 10:00:00,0.2648
2050-05-11 11:00:00,0.3145
2050-05-11 12:00:00,0.3766
2050-05-11 13:00:00,0.4412
2050-05-11 14:00:00,0.4983
2050-05-11 15:00:00,0.5491
2050-05-11 16:00:00,0.5974
2050-05-11 17:00:00,0.6388
2050-05-11 18:00:00,0.674
2050-05-11 19:00:00,0.7005
2050-05-11 20:00:00,0.7228
2050-05-11 21:00:00,0.743
2050-05-11 22:00:00,0.7596
2050-05-11 23:00:00,0.771
2050-05-12 00:00:00,0.7772
2050-05-12 01:00:00,0.7805
2050-05-12 02:00:00,0.7819
2050-05-12 03:00:00,0.7801
2050-05-12 04:00:00,0.7783
2050-05-12 05:00:00,0.7719
2050-05-12 06:00:00,0.7655
2050-05-12 07:00:00,0.7649
2050-05-12 08:00:00,0.7791
2050-05-12 09:00:00,0.7989
2050-05-12 10:00:00,0.8147
2050-05-12 11:00:00,0.8295
2050-05-12 12:00:00,0.8404
2050-05-12 13:00:00,0.847
2050-05-12 14:00:00,0.8502
2050-05-12 15:00:00,0.8538
2050-05-12 16:00:00,0.8596
2050-05-12 17:00:00,0.8683
2050-05-12 18:00:00,0.8769
2050-05-12 19:00:00,0.884
2050-05-12 20:00:00,0.8852
2050-05-12 21:00:00,0.882
2050-05-12 22:00:00,0.8697
2050-05-12 23:00:00,0.853
2050-05-13 00:00:00,0.8289
2050-05-13 01:00:00,0.8024
2050-05-13 02:00:00,0.7663
2050-05-13 03:00:00,0.7216
2050-05-13 04:00:00,0.7009
2050-05-13 05:00:00,0.6931
2050-05-13 06:00:00,0.7
2050-05-13 07:00:00,0.6995
2050-05-13 08:00:00,0.6958
2050-05-13 09:00:00,0.6812
2050-05-13 10:00:00,0.6539
2050-05-13 11:00:00,0.6075
2050-05-13 12:00:00,0.5494
2050-05-13 13:00:00,0.4667
2050-05-13 14:00:00,0.3767
2050-05-13 15:00:00,0.2955
2050-05-13 16:00:00,0.2612
2050-05-13 17:00:00,0.2969
2050-05-13 18:00:00,0.3922
2050-05-13 19:00:00,0.5186
2050-05-13 20:00:00,0.6256
2050-05-13 21:00:00,0.6987
2050-05-13 22:00:00,0.748
2050-05-13 23:00:00,0.7772
2050-05-14 00:00:00,0.7878
2050-05-14 01:00:00,0.7962
2050-05-14 02:00:00,0.8124
2050-05-14 03:00:00,0.8251
2050-05-14 04:00:00,0.8354
2050-05-14 05:00:00,0.8447
2050-05-14 06:00:00,0.8563
2050-05-14 07:00:00,0.8692
2050-05-14 08:00:00,0.8814
2050-05-14 09:00:00,0.8896
2050-05-14 10:00:00,0.8952
2050-05-14 11:00:00,0.8949
2050-05-14 12:00:00,0.885
2050-05-14 13:00:00,0.8585
2050-05-14 14:00:00,0.8091
2050-05-14 15:00:00,0.7618
2050-05-14 16:00:00,0.7352
2050-05-14 17:00:00,0.7165
2050-05-14 18:00:00,0.6842
2050-05-14 19:00:00,0.6375
2050-05-14 20:00:00,0.5849
2050-05-14 21:00:00,0.5291
2050-05-14 22:00:00,0.4595
2050-05-14 23:00:00,0.3921
2050-05-15 00:00:00,0.3502
2050-05-15 01:00:00,0.348
2050-05-15 02:00:00,0.3665
2050-05-15 03:00:00,0.3941
2050-05-15 04:00:00,0.4267
2050-05-15 05:00:00,0.4707
2050-05-15 06:00:00,0.5066
2050-05-15 07:00:00,0.5311
2050-05-15 08:00:00,0.546
2050-05-15 09:00:00,0.552
2050-05-15 10:00:00,0.565
2050-05-15 11:00:00,0.5811
2050-05-15 12:00:00,0.5944
2050-05-15 13:00:00,0.6015
2050-05-15 14:00:00,0.6021
2050-05-15 15:00:00,0.582
2050-05-15 16:00:00,0.5543
2050-05-15 17:00:00,0.5179
2050-05-15 18:00:00,0.4805
2050-05-15 19:00:00,0.4541
2050-05-15 20:00:00,0.4529
2050-05-15 21:00:00,0.4845
2050-05-15 22:00:00,0.5262
2050-05-15 23:00:00,0.5506
2050-05-16 00:00:00,0.5651
2050-05-16 01:00:00,0.5724
2050-05-16 02:00:00,0.5676
2050-05-16 03:00:00,0.5543
2050-05-16 04:00:00,0.5751
2050-05-16 05:00:00,0.6076
2050-05-16 06:00:00,0.6234
2050-05-16 07:00:00,0.6328
2050-05-16 08:00:00,0.6501
2050-05-16 09:00:00,0.668
2050-05-16 10:00:00,0.6709
2050-05-16 11:00:00,0.6681
2050-05-16 12:00:00,0.6439
2050-05-16 13:00:00,0.6315
2050-05-16 14:00:00,0.6225
2050-05-16 15:00:00,0.5874
2050-05-16 16:00:00,0.5102
2050-05-16 17:00:00,0.41
2050-05-16 18:00:00,0.3061
2050-05-16 19:00:00,0.2273
2050-05-16 20:00:00,0.1846
2050-05-16 21:00:00,0.1809
2050-05-16 22:00:00,0.1862
2050-05-16 23:00:00,0.1684
2050-05-17 00:00:00,0.1652
2050-05-17 01:00:00,0.2128
2050-05-17 02:00:00,0.2938
2050-05-17 03:00:00,0.3812
2050-05-17 04:00:00,0.4462
2050-05-17 05:00:00,0.4815
2050-05-17 06:00:00,0.4988
2050-05-17 07:00:00,0.4988
2050-05-17 08:00:00,0.4886
2050-05-17 09:00:00,0.4855
2050-05-17 10:00:00,0.4918
2050-05-17 11:00:00,0.5066
2050-05-17 12:00:00,0.5205
2050-05-17 13:00:00,0.5279
2050-05-17 14:00:00,0.5215
2050-05-17 15:00:00,0.5186
2050-05-17 16:00:00,0.5294
2050-05-17 17:00:00,0.5483
2050-05-17 18:00:00,0.5578
2050-05-17 19:00:00,0.5576
2050-05-17 20:00:00,0.5553
2050-05-17 21:00:00,0.547
2050-05-17 22:00:00,0.5261
2050-05-17 23:00:00,0.4975
2050-05-18 00:00:00,0.4722
2050-05-18 01:00:00,0.4514
2050-05-18 02:00:00,0.4421
2050-05-18 03:00:00,0.441
2050-05-18 04:00:00,0.4418
2050-05-18 05:00:00,0.4334
2050-05-18 06:00:00,0.4189
2050-05-18 07:00:00,0.4025
2050-05-18 08:00:00,0.3823
2050-05-18 09:00:00,0.357
2050-05-18 10:00:00,0.3375
2050-05-18 11:00:00,0.3246
2050-05-18 12:00:00,0.3226
2050-05-18 13:00:00,0.3395
2050-05-18 14:00:00,0.3719
2050-05-18 15:00:00,0.4189
2050-05-18 16:00:00,0.4635
2050-05-18 17:00:00,0.4996
2050-05-18 18:00:00,0.5305
2050-05-18 19:00:00,0.5552
2050-05-18 20:00:00,0.5745
2050-05-18 21:00:00,0.5779
2050-05-18 22:00:00,0.5756
2050-05-18 23:00:00,0.5802
2050-05-19 00:00:00,0.5935
2050-05-19 01:00:00,0.6122
2050-05-19 02:00:00,0.629
2050-05-19 03:00:00,0.6369
2050-05-19 04:00:00,0.6387
2050-05-19 05:00:00,0.6434
2050-05-19 06:00:00,0.6545
2050-05-19 07:00:00,0.6713
2050-05-19 08:00:00,0.6916
2050-05-19 09:00:00,0.7055
2050-05-19 10:00:00,0.699
2050-05-19 11:00:00,0.6948
2050-05-19 12:00:00,0.6894
2050-05-19 13:00:00,0.6917
2050-05-19 14:00:00,0.7048
2050-05-19 15:00:00,0.732
2050-05-19 16:00:00,0.7472
2050-05-19 17:00:00,0.754
2050-05-19 18:00:00,0.7606
2050-05-19 19:00:00,0.756
2050-05-19 20:00:00,0.7422
2050-05-19 21:00:00,0.7297
2050-05-19 22:00:00,0.7263
2050-05-19 23:00:00,0.7228
2050-05-20 00:00:00,0.7166
2050-05-20 01:00:00,0.7122
2050-05-20 02:00:00,0.7054
2050-05-20 03:00:00,0.699
2050-05-20 04:00:00,0.6887
2050-05-20 05:00:00,0.6762
2050-05-20 06:00:00,0.6722
2050-05-20 07:00:00,0.6659
2050-05-20 08:00:00,0.6515
2050-05-20 09:00:00,0.6355
2050-05-20 10:00:00,0.6282
2050-05-20 11:00:00,0.6204
2050-05-20 12:00:00,0.6079
2050-05-20 13:00:00,0.5993
2050-05-20 14:00:00,0.5953
2050-05-20 15:00:00,0.6066
2050-05-20 16:00:00,0.6218
2050-05-20 17:00:00,0.6225
2050-05-20 18:00:00,0.6115
2050-05-20 19:00:00,0.5993
2050-05-20 20:00:00,0.5951
2050-05-20 21:00:00,0.5996
2050-05-20 22:00:00,0.6011
2050-05-20 23:00:00,0.5968
2050-05-21 00:00:00,0.587
2050-05-21 01:00:00,0.5747
2050-05-21 02:00:00,0.5642
2050-05-21 03:00:00,0.5594
2050-05-21 04:00:00,0.5631
2050-05-21 05:00:00,0.5689
2050-05-21 06:00:00,0.58
2050-05-21 07:00:00,0.6018
2050-05-21 08:00:00,0.6332
2050-05-21 09:00:00,0.6674
2050-05-21 10:00:00,0.6966
2050-05-21 11:00:00,0.7136
2050-05-21 12:00:00,0.7087
2050-05-21 13:00:00,0.6917
2050-05-21 14:00:00,0.6955
2050-05-21 15:00:00,0.7241
2050-05-21 16:00:00,0.7444
2050-05-21 17:00:00,0.7416
2050-05-21 18:00:00,0.7226
2050-05-21 19:00:00,0.6952
2050-05-21 20:00:00,0.6416
2050-05-21 21:00:00,0.5862
2050-05-21 22:00:00,0.5646
2050-05-21 23:00:00,0.5839
2050-05-22 00:00:00,0.6214
2050-05-22 01:00:00,0.6247
2050-05-22 02:00:00,0.6007
2050-05-22 03:00:00,0.5846
2050-05-22 04:00:00,0.6032
2050-05-22 05:00:00,0.6877
2050-05-22 06:00:00,0.7837
2050-05-22 07:00:00,0.7985
2050-05-22 08:00:00,0.7619
2050-05-22 09:00:00,0.767
2050-05-22 10:00:00,0.8001
2050-05-22 11:00:00,0.8155
2050-05-22 12:00:00,0.8113
2050-05-22 13:00:00,0.7981
2050-05-22 14:00:00,0.7778
2050-05-22 15:00:00,0.7527
2050-05-22 16:00:00,0.7167
2050-05-22 17:00:00,0.6813
2050-05-22 18:00:00,0.6491
2050-05-22 19:00:00,0.6199
2050-05-22 20:00:00,0.6043
2050-05-22 21:00:00,0.6367
2050-05-22 22:00:00,0.6666
2050-05-22 23:00:00,0.672
2050-05-23 00:00:00,0.6685
2050-05-23 01:00:00,0.6546
2050-05-23 02:00:00,0.64
2050-05-23 03:00:00,0.6212
2050-05-23 04:00:00,0.5952
2050-05-23 05:00:00,0.569
2050-05-23 06:00:00,0.5526
2050-05-23 07:00:00,0.5479
2050-05-23 08:00:00,0.5552
2050-05-23 09:00:00,0.5705
2050-05-23 10:00:00,0.5761
2050-05-23 11:00:00,0.577
2050-05-23 12:00:00,0.5637
2050-05-23 13:00:00,0.546
2050-05-23 14:00:00,0.515
2050-05-23 15:00:00,0.4813
2050-05-23 16:00:00,0.4493
2050-05-23 17:00:00,0.4314
2050-05-23 18:00:00,0.4278
2050-05-23 19:00:00,0.4361
2050-05-23 20:00:00,0.4376
2050-05-23 21:00:00,0.424
2050-05-23 22:00:00,0.4082
2050-05-23 23:00:00,0.3791
2050-05-24 00:00:00,0.3308
2050-05-24 01:00:00,0.2765
2050-05-24 02:00:00,0.2377
2050-05-24 03:00:00,0.2087
2050-05-24 04:00:00,0.1915
2050-05-24 05:00:00,0.1941
2050-05-24 06:00:00,0.1955
2050-05-24 07:00:00,0.1801
2050-05-24 08:00:00,0.1533
2050-05-24 09:00:00,0.104
2050-05-24 10:00:00,0.0501
2050-05-24 11:00:00,0.0239
2050-05-24 12:00:00,0.0314
2050-05-24 13:00:00,0.0705
2050-05-24 14:00:00,0.1482
2050-05-24 15:00:00,0.257
2050-05-24 16:00:00,0.3679
2050-05-24 17:00:00,0.4531
2050-05-24 18:00:00,0.5034
2050-05-24 19:00:00,0.5423
2050-05-24 20:00:00,0.5737
2050-05-24 21:00:00,0.5922
2050-05-24 22:00:00,0.6095
2050-05-24 23:00:00,0.6322
2050-05-25 00:00:00,0.64
2050-05-25 01:00:00,0.6446
2050-05-25 02:00:00,0.6488
2050-05-25 03:00:00,0.6597
2050-05-25 04:00:00,0.6776
2050-05-25 05:00:00,0.6844
2050-05-25 06:00:00,0.6875
2050-05-25 07:00:00,0.6767
2050-05-25 08:00:00,0.6275
2050-05-25 09:00:00,0.5775
2050-05-25 10:00:00,0.5524
2050-05-25 11:00:00,0.5468
2050-05-25 12:00:00,0.5402
2050-05-25 13:00:00,0.5314
2050-05-25 14:00:00,0.5181
2050-05-25 15:00:00,0.5027
2050-05-25 16:00:00,0.4911
2050-05-25 17:00:00,0.4772
2050-05-25 18:00:00,0.479
2050-05-25 19:00:00,0.5001
2050-05-25 20:00:00,0.5108
2050-05-25 21:00:00,0.4935
2050-05-25 22:00:00,0.4714
2050-05-25 23:00:00,0.4597
2050-05-26 00:00:00,0.4444
2050-05-26 01:00:00,0.4251
2050-05-26 02:00:00,0.4345
2050-05-26 03:00:00,0.4456
2050-05-26 04:00:00,0.4547
2050-05-26 05:00:00,0.5016
2050-05-26 06:00:00,0.5661
2050-05-26 07:00:00,0.6354
2050-05-26 08:00:00,0.6739
2050-05-26 09:00:00,0.697
2050-05-26 10:00:00,0.7212
2050-05-26 11:00:00,0.7309
2050-05-26 12:00:00,0.7237
2050-05-26 13:00:00,0.7026
2050-05-26 14:00:00,0.6677
2050-05-26 15:00:00,0.6096
2050-05-26 16:00:00,0.5617
2050-05-26 17:00:00,0.5422
2050-05-26 18:00:00,0.5299
2050-05-26 19:00:00,0.5179
2050-05-26 20:00:00,0.5189
2050-05-26 21:00:00,0.5421
2050-05-26 22:00:00,0.5826
2050-05-26 23:00:00,0.6108
2050-05-27 00:00:00,0.6287
2050-05-27 01:00:00,0.6396
2050-05-27 02:00:00,0.6422
2050-05-27 03:00:00,0.6379
2050-05-27 04:00:00,0.6322
2050-05-27 05:00:00,0.6258
2050-05-27 06:00:00,0.6197
2050-05-27 07:00:00,0.6151
2050-05-27 08:00:00,0.6113
2050-05-27 09:00:00,0.6036
2050-05-27 10:00:00,0.5813
2050-05-27 11:00:00,0.5638
2050-05-27 12:00:00,0.5569
2050-05-27 13:00:00,0.5431
2050-05-27 14:00:00,0.5257
2050-05-27 15:00:00,0.49
2050-05-27 16:00:00,0.4396
2050-05-27 17:00:00,0.387
2050-05-27 18:00:00,0.3411
2050-05-27 19:00:00,0.3019
2050-05-27 20:00:00,0.2777
2050-05-27 21:00:00,0.2843
2050-05-27 22:00:00,0.3166
2050-05-27 23:00:00,0.3372
2050-05-28 00:00:00,0.3521
2050-05-28 01:00:00,0.3711
2050-05-28 02:00:00,0.3582
2050-05-28 03:00:00,0.2992
2050-05-28 04:00:00,0.2429
2050-05-28 05:00:00,0.2218
2050-05-28 06:00:00,0.2341
2050-05-28 07:00:00,0.2665
2050-05-28 08:00:00,0.3039
2050-05-28 09:00:00,0.3368
2050-05-28 10:00:00,0.3654
2050-05-28 11:00:00,0.3995
2050-05-28 12:00:00,0.439
2050-05-28 13:00:00,0.4791
2050-05-28 14:00:00,0.5105
2050-05-28 15:00:00,0.5316
2050-05-28 16:00:00,0.5495
2050-05-28 17:00:00,0.5929
2050-05-28 18:00:00,0.6634
2050-05-28 19:00:00,0.7385
2050-05-28 20:00:00,0.8088
2050-05-28 21:00:00,0.8365
2050-05-28 22:00:00,0.8568
2050-05-28 23:00:00,0.8585
2050-05-29 00:00:00,0.8343
2050-05-29 01:00:00,0.7991
2050-05-29 02:00:00,0.7631
2050-05-29 03:00:00,0.7302
2050-05-29 04:00:00,0.7009
2050-05-29 05:00:00,0.6801
2050-05-29 06:00:00,0.6662
2050-05-29 07:00:00,0.6794
2050-05-29 08:00:00,0.7024
2050-05-29 09:00:00,0.7193
2050-05-29 10:00:00,0.7161
2050-05-29 11:00:00,0.6945
2050-05-29 12:00:00,0.6704
2050-05-29 13:00:00,0.6368
2050-05-29 14:00:00,0.598
2050-05-29 15:00:00,0.5539
2050-05-29 16:00:00,0.5124
2050-05-29 17:00:00,0.4854
2050-05-29 18:00:00,0.4819
2050-05-29 19:00:00,0.4985
2050-05-29 20:00:00,0.5177
2050-05-29 21:00:00,0.5292
2050-05-29 22:00:00,0.5319
2050-05-29 23:00:00,0.5287
2050-05-30 00:00:00,0.5201
2050-05-30 01:00:00,0.4985
2050-05-30 02:00:00,0.4617
2050-05-30 03:00:00,0.4364
2050-05-30 04:00:00,0.4364
2050-05-30 05:00:00,0.4511
2050-05-30 06:00:00,0.4637
2050-05-30 07:00:00,0.4742
2050-05-30 08:00:00,0.4902
2050-05-30 09:00:00,0.5034
2050-05-30 10:00:00,0.4983
2050-05-30 11:00:00,0.475
2050-05-30 12:00:00,0.4409
2050-05-30 13:00:00,0.391
2050-05-30 14:00:00,0.3415
2050-05-30 15:00:00,0.3249
2050-05-30 16:00:00,0.324
2050-05-30 17:00:00,0.3202
2050-05-30 18:00:00,0.3127
2050-05-30 19:00:00,0.2999
2050-05-30 20:00:00,0.2854
2050-05-30 21:00:00,0.2795
2050-05-30 22:00:00,0.2815
2050-05-30 23:00:00,0.2827
2050-05-31 00:00:00,0.2927
2050-05-31 01:00:00,0.3258
2050-05-31 02:00:00,0.366
2050-05-31 03:00:00,0.3931
2050-05-31 04:00:00,0.3905
2050-05-31 05:00:00,0.3858
2050-05-31 06:00:00,0.4215
2050-05-31 07:00:00,0.5266
2050-05-31 08:00:00,0.6501
2050-05-31 09:00:00,0.7355
2050-05-31 10:00:00,0.7894
2050-05-31 11:00:00,0.8109
2050-05-31 12:00:00,0.8242
2050-05-31 13:00:00,0.8423
2050-05-31 14:00:00,0.8554
2050-05-31 15:00:00,0.8611
2050-05-31 16:00:00,0.8628
2050-05-31 17:00:00,0.8726
2050-05-31 18:00:00,0.8802
2050-05-31 19:00:00,0.8852
2050-05-31 20:00:00,0.888
2050-05-31 21:00:00,0.8904
2050-05-31 22:00:00,0.893
2050-05-31 23:00:00,0.8936
2050-06-01 00:00:00,0.8933
2050-06-01 01:00:00,0.8905
2050-06-01 02:00:00,0.8833
2050-06-01 03:00:00,0.8769
2050-06-01 04:00:00,0.8721
2050-06-01 05:00:00,0.8672
2050-06-01 06:00:00,0.8654
2050-06-01 07:00:00,0.8694
2050-06-01 08:00:00,0.8758
2050-06-01 09:00:00,0.8793
2050-06-01 10:00:00,0.8769
2050-06-01 11:00:00,0.8757
2050-06-01 12:00:00,0.8738
2050-06-01 13:00:00,0.8725
2050-06-01 14:00:00,0.8734
2050-06-01 15:00:00,0.8779
2050-06-01 16:00:00,0.8826
2050-06-01 17:00:00,0.8837
2050-06-01 18:00:00,0.8809
2050-06-01 19:00:00,0.8744
2050-06-01 20:00:00,0.8662
2050-06-01 21:00:00,0.8599
2050-06-01 22:00:00,0.8551
2050-06-01 23:00:00,0.8499
2050-06-02 00:00:00,0.8439
2050-06-02 01:00:00,0.8401
2050-06-02 02:00:00,0.8382
2050-06-02 03:00:00,0.8376
2050-06-02 04:00:00,0.8317
2050-06-02 05:00:00,0.8183
2050-06-02 06:00:00,0.8022
2050-06-02 07:00:00,0.7883
2050-06-02 08:00:00,0.7841
2050-06-02 09:00:00,0.7854
2050-06-02 10:00:00,0.7735
2050-06-02 11:00:00,0.7419
2050-06-02 12:00:00,0.709
2050-06-02 13:00:00,0.6949
2050-06-02 14:00:00,0.6764
2050-06-02 15:00:00,0.663
2050-06-02 16:00:00,0.6671
2050-06-02 17:00:00,0.6607
2050-06-02 18:00:00,0.6257
2050-06-02 19:00:00,0.5684
2050-06-02 20:00:00,0.4835
2050-06-02 21:00:00,0.4047
2050-06-02 22:00:00,0.3651
2050-06-02 23:00:00,0.3497
2050-06-03 00:00:00,0.3628
2050-06-03 01:00:00,0.3885
2050-06-03 02:00:00,0.3959
2050-06-03 03:00:00,0.3704
2050-06-03 04:00:00,0.3354
2050-06-03 05:00:00,0.2941
2050-06-03 06:00:00,0.2662
2050-06-03 07:00:00,0.2789
2050-06-03 08:00:00,0.3244
2050-06-03 09:00:00,0.3793
2050-06-03 10:00:00,0.4183
2050-06-03 11:00:00,0.4366
2050-06-03 12:00:00,0.433
2050-06-03 13:00:00,0.3904
2050-06-03 14:00:00,0.3184
2050-06-03 15:00:00,0.2466
2050-06-03 16:00:00,0.1975
2050-06-03 17:00:00,0.1774
2050-06-03 18:00:00,0.1632
2050-06-03 19:00:00,0.1403
2050-06-03 20:00:00,0.1194
2050-06-03 21:00:00,0.132
2050-06-03 22:00:00,0.1789
2050-06-03 23:00:00,0.2449
2050-06-04 00:00:00,0.3099
2050-06-04 01:00:00,0.3582
2050-06-04 02:00:00,0.3794
2050-06-04 03:00:00,0.3607
2050-06-04 04:00:00,0.2162
2050-06-04 05:00:00,0.3877
2050-06-04 06:00:00,0.4724
2050-06-04 07:00:00,0.5728
2050-06-04 08:00:00,0.6549
2050-06-04 09:00:00,0.7104
2050-06-04 10:00:00,0.7536
2050-06-04 11:00:00,0.7908
2050-06-04 12:00:00,0.816
2050-06-04 13:00:00,0.8285
2050-06-04 14:00:00,0.8484
2050-06-04 15:00:00,0.8533
2050-06-04 16:00:00,0.8577
2050-06-04 17:00:00,0.871
2050-06-04 18:00:00,0.8817
2050-06-04 19:00:00,0.8772
2050-06-04 20:00:00,0.8691
2050-06-04 21:00:00,0.861
2050-06-04 22:00:00,0.853
2050-06-04 23:00:00,0.8373
2050-06-05 00:00:00,0.8272
2050-06-05 01:00:00,0.8108
2050-06-05 02:00:00,0.7882
2050-06-05 03:00:00,0.7549
2050-06-05 04:00:00,0.7093
2050-06-05 05:00:00,0.6618
2050-06-05 06:00:00,0.6278
2050-06-05 07:00:00,0.6166
2050-06-05 08:00:00,0.6223
2050-06-05 09:00:00,0.6296
2050-06-05 10:00:00,0.6439
2050-06-05 11:00:00,0.6717
2050-06-05 12:00:00,0.6961
2050-06-05 13:00:00,0.7082
2050-06-05 14:00:00,0.7097
2050-06-05 15:00:00,0.7038
2050-06-05 16:00:00,0.7008
2050-06-05 17:00:00,0.6977
2050-06-05 18:00:00,0.6889
2050-06-05 19:00:00,0.6866
2050-06-05 20:00:00,0.6946
2050-06-05 21:00:00,0.7003
2050-06-05 22:00:00,0.6982
2050-06-05 23:00:00,0.7029
2050-06-06 00:00:00,0.691
2050-06-06 01:00:00,0.6871
2050-06-06 02:00:00,0.6737
2050-06-06 03:00:00,0.6534
2050-06-06 04:00:00,0.6301
2050-06-06 05:00:00,0.6177
2050-06-06 06:00:00,0.5936
2050-06-06 07:00:00,0.5536
2050-06-06 08:00:00,0.5223
2050-06-06 09:00:00,0.4857
2050-06-06 10:00:00,0.4463
2050-06-06 11:00:00,0.4081
2050-06-06 12:00:00,0.3657
2050-06-06 13:00:00,0.324
2050-06-06 14:00:00,0.2727
2050-06-06 15:00:00,0.2101
2050-06-06 16:00:00,0.1621
2050-06-06 17:00:00,0.1332
2050-06-06 18:00:00,0.121
2050-06-06 19:00:00,0.1142
2050-06-06 20:00:00,0.1187
2050-06-06 21:00:00,0.1649
2050-06-06 22:00:00,0.2601
2050-06-06 23:00:00,0.3742
2050-06-07 00:00:00,0.4606
2050-06-07 01:00:00,0.5226
2050-06-07 02:00:00,0.5636
2050-06-07 03:00:00,0.551
2050-06-07 04:00:00,0.5176
2050-06-07 05:00:00,0.4843
2050-06-07 06:00:00,0.4721
2050-06-07 07:00:00,0.4593
2050-06-07 08:00:00,0.4413
2050-06-07 09:00:00,0.4318
2050-06-07 10:00:00,0.4595
2050-06-07 11:00:00,0.5129
2050-06-07 12:00:00,0.5554
2050-06-07 13:00:00,0.5641
2050-06-07 14:00:00,0.524
2050-06-07 15:00:00,0.4795
2050-06-07 16:00:00,0.4937
2050-06-07 17:00:00,0.5504
2050-06-07 18:00:00,0.6176
2050-06-07 19:00:00,0.6873
2050-06-07 20:00:00,0.7411
2050-06-07 21:00:00,0.7757
2050-06-07 22:00:00,0.7836
2050-06-07 23:00:00,0.7696
2050-06-08 00:00:00,0.7491
2050-06-08 01:00:00,0.7203
2050-06-08 02:00:00,0.7009
2050-06-08 03:00:00,0.6604
2050-06-08 04:00:00,0.5967
2050-06-08 05:00:00,0.5568
2050-06-08 06:00:00,0.5494
2050-06-08 07:00:00,0.598
2050-06-08 08:00:00,0.6531
2050-06-08 09:00:00,0.6901
2050-06-08 10:00:00,0.7011
2050-06-08 11:00:00,0.7068
2050-06-08 12:00:00,0.7132
2050-06-08 13:00:00,0.7088
2050-06-08 14:00:00,0.7025
2050-06-08 15:00:00,0.7007
2050-06-08 16:00:00,0.6849
2050-06-08 17:00:00,0.6308
2050-06-08 18:00:00,0.5591
2050-06-08 19:00:00,0.5188
2050-06-08 20:00:00,0.5266
2050-06-08 21:00:00,0.5679
2050-06-08 22:00:00,0.6279
2050-06-08 23:00:00,0.6936
2050-06-09 00:00:00,0.7429
2050-06-09 01:00:00,0.7813
2050-06-09 02:00:00,0.8099
2050-06-09 03:00:00,0.8252
2050-06-09 04:00:00,0.8217
2050-06-09 05:00:00,0.8201
2050-06-09 06:00:00,0.829
2050-06-09 07:00:00,0.8424
2050-06-09 08:00:00,0.8519
2050-06-09 09:00:00,0.8539
2050-06-09 10:00:00,0.8473
2050-06-09 11:00:00,0.8281
2050-06-09 12:00:00,0.8017
2050-06-09 13:00:00,0.7713
2050-06-09 14:00:00,0.7389
2050-06-09 15:00:00,0.6918
2050-06-09 16:00:00,0.6288
2050-06-09 17:00:00,0.573
2050-06-09 18:00:00,0.5351
2050-06-09 19:00:00,0.5054
2050-06-09 20:00:00,0.4888
2050-06-09 21:00:00,0.4809
2050-06-09 22:00:00,0.4614
2050-06-09 23:00:00,0.4017
2050-06-10 00:00:00,0.311
2050-06-10 01:00:00,0.2209
2050-06-10 02:00:00,0.1488
2050-06-10 03:00:00,0.0946
2050-06-10 04:00:00,0.0669
2050-06-10 05:00:00,0.0535
2050-06-10 06:00:00,0.0657
2050-06-10 07:00:00,0.1046
2050-06-10 08:00:00,0.1993
2050-06-10 09:00:00,0.3733
2050-06-10 10:00:00,0.5341
2050-06-10 11:00:00,0.6517
2050-06-10 12:00:00,0.7446
2050-06-10 13:00:00,0.8036
2050-06-10 14:00:00,0.8407
2050-06-10 15:00:00,0.8688
2050-06-10 16:00:00,0.8845
2050-06-10 17:00:00,0.8887
2050-06-10 18:00:00,0.8865
2050-06-10 19:00:00,0.8789
2050-06-10 20:00:00,0.868
2050-06-10 21:00:00,0.8566
2050-06-10 22:00:00,0.8471
2050-06-10 23:00:00,0.8392
2050-06-11 00:00:00,0.8345
2050-06-11 01:00:00,0.83
2050-06-11 02:00:00,0.8236
2050-06-11 03:00:00,0.8104
2050-06-11 04:00:00,0.7931
2050-06-11 05:00:00,0.779
2050-06-11 06:00:00,0.7677
2050-06-11 07:00:00,0.7596
2050-06-11 08:00:00,0.7538
2050-06-11 09:00:00,0.7554
2050-06-11 10:00:00,0.7546
2050-06-11 11:00:00,0.7496
2050-06-11 12:00:00,0.7399
2050-06-11 13:00:00,0.7233
2050-06-11 14:00:00,0.7023
2050-06-11 15:00:00,0.6886
2050-06-11 16:00:00,0.6899
2050-06-11 17:00:00,0.7009
2050-06-11 18:00:00,0.7121
2050-06-11 19:00:00,0.7177
2050-06-11 20:00:00,0.7164
2050-06-11 21:00:00,0.7133
2050-06-11 22:00:00,0.7028
2050-06-11 23:00:00,0.6854
2050-06-12 00:00:00,0.6725
2050-06-12 01:00:00,0.671
2050-06-12 02:00:00,0.6785
2050-06-12 03:00:00,0.6886
2050-06-12 04:00:00,0.7008
2050-06-12 05:00:00,0.7091
2050-06-12 06:00:00,0.7124
2050-06-12 07:00:00,0.7145
2050-06-12 08:00:00,0.7157
2050-06-12 09:00:00,0.7162
2050-06-12 10:00:00,0.7115
2050-06-12 11:00:00,0.6992
2050-06-12 12:00:00,0.6817
2050-06-12 13:00:00,0.6612
2050-06-12 14:00:00,0.637
2050-06-12 15:00:00,0.6004
2050-06-12 16:00:00,0.5534
2050-06-12 17:00:00,0.4965
2050-06-12 18:00:00,0.4315
2050-06-12 19:00:00,0.3666
2050-06-12 20:00:00,0.3172
2050-06-12 21:00:00,0.2951
2050-06-12 22:00:00,0.2918
2050-06-12 23:00:00,0.2991
2050-06-13 00:00:00,0.3093
2050-06-13 01:00:00,0.3115
2050-06-13 02:00:00,0.3029
2050-06-13 03:00:00,0.2865
2050-06-13 04:00:00,0.2697
2050-06-13 05:00:00,0.2552
2050-06-13 06:00:00,0.2383
2050-06-13 07:00:00,0.2413
2050-06-13 08:00:00,0.2645
2050-06-13 09:00:00,0.3022
2050-06-13 10:00:00,0.3548
2050-06-13 11:00:00,0.4391
2050-06-13 12:00:00,0.5238
2050-06-13 13:00:00,0.5781
2050-06-13 14:00:00,0.5993
2050-06-13 15:00:00,0.5886
2050-06-13 16:00:00,0.5429
2050-06-13 17:00:00,0.5132
2050-06-13 18:00:00,0.5192
2050-06-13 19:00:00,0.5326
2050-06-13 20:00:00,0.556
2050-06-13 21:00:00,0.6003
2050-06-13 22:00:00,0.6495
2050-06-13 23:00:00,0.673
2050-06-14 00:00:00,0.6989
2050-06-14 01:00:00,0.7328
2050-06-14 02:00:00,0.7667
2050-06-14 03:00:00,0.7862
2050-06-14 04:00:00,0.7969
2050-06-14 05:00:00,0.8176
2050-06-14 06:00:00,0.8325
2050-06-14 07:00:00,0.8304
2050-06-14 08:00:00,0.8205
2050-06-14 09:00:00,0.8185
2050-06-14 10:00:00,0.8175
2050-06-14 11:00:00,0.8107
2050-06-14 12:00:00,0.7994
2050-06-14 13:00:00,0.7987
2050-06-14 14:00:00,0.7859
2050-06-14 15:00:00,0.7694
2050-06-14 16:00:00,0.7602
2050-06-14 17:00:00,0.7511
2050-06-14 18:00:00,0.7342
2050-06-14 19:00:00,0.7112
2050-06-14 20:00:00,0.6901
2050-06-14 21:00:00,0.6504
2050-06-14 22:00:00,0.5655
2050-06-14 23:00:00,0.4929
2050-06-15 00:00:00,0.3943
2050-06-15 01:00:00,0.2939
2050-06-15 02:00:00,0.316
2050-06-15 03:00:00,0.4804
2050-06-15 04:00:00,0.632
2050-06-15 05:00:00,0.7042
2050-06-15 06:00:00,0.7364
2050-06-15 07:00:00,0.7515
2050-06-15 08:00:00,0.7572
2050-06-15 09:00:00,0.7964
2050-06-15 10:00:00,0.8429
2050-06-15 11:00:00,0.8704
2050-06-15 12:00:00,0.8805
2050-06-15 13:00:00,0.8811
2050-06-15 14:00:00,0.873
2050-06-15 15:00:00,0.8719
2050-06-15 16:00:00,0.8808
2050-06-15 17:00:00,0.8939
2050-06-15 18:00:00,0.9029
2050-06-15 19:00:00,0.9021
2050-06-15 20:00:00,0.8912
2050-06-15 21:00:00,0.8829
2050-06-15 22:00:00,0.869
2050-06-15 23:00:00,0.8326
2050-06-16 00:00:00,0.8065
2050-06-16 01:00:00,0.8008
2050-06-16 02:00:00,0.7961
2050-06-16 03:00:00,0.7892
2050-06-16 04:00:00,0.7872
2050-06-16 05:00:00,0.796
2050-06-16 06:00:00,0.8106
2050-06-16 07:00:00,0.8245
2050-06-16 08:00:00,0.8304
2050-06-16 09:00:00,0.824
2050-06-16 10:00:00,0.8214
2050-06-16 11:00:00,0.8116
2050-06-16 12:00:00,0.8031
2050-06-16 13:00:00,0.7815
2050-06-16 14:00:00,0.7572
2050-06-16 15:00:00,0.7352
2050-06-16 16:00:00,0.6986
2050-06-16 17:00:00,0.6523
2050-06-16 18:00:00,0.6139
2050-06-16 19:00:00,0.5921
2050-06-16 20:00:00,0.593
2050-06-16 21:00:00,0.6124
2050-06-16 22:00:00,0.6434
2050-06-16 23:00:00,0.6709
2050-06-17 00:00:00,0.69
2050-06-17 01:00:00,0.7076
2050-06-17 02:00:00,0.7182
2050-06-17 03:00:00,0.7094
2050-06-17 04:00:00,0.6906
2050-06-17 05:00:00,0.6699
2050-06-17 06:00:00,0.6595
2050-06-17 07:00:00,0.6494
2050-06-17 08:00:00,0.6472
2050-06-17 09:00:00,0.6419
2050-06-17 10:00:00,0.6319
2050-06-17 11:00:00,0.6078
2050-06-17 12:00:00,0.5579
2050-06-17 13:00:00,0.5011
2050-06-17 14:00:00,0.4547
2050-06-17 15:00:00,0.438
2050-06-17 16:00:00,0.4294
2050-06-17 17:00:00,0.4088
2050-06-17 18:00:00,0.3771
2050-06-17 19:00:00,0.3493
2050-06-17 20:00:00,0.3258
2050-06-17 21:00:00,0.2922
2050-06-17 22:00:00,0.2588
2050-06-17 23:00:00,0.2244
2050-06-18 00:00:00,0.1774
2050-06-18 01:00:00,0.1236
2050-06-18 02:00:00,0.0759
2050-06-18 03:00:00,0.037
2050-06-18 04:00:00,0.0154
2050-06-18 05:00:00,0.0076
2050-06-18 06:00:00,0.0068
2050-06-18 07:00:00,0.0213
2050-06-18 08:00:00,0.0293
2050-06-18 09:00:00,0.042
2050-06-18 10:00:00,0.0542
2050-06-18 11:00:00,0.0718
2050-06-18 12:00:00,0.1079
2050-06-18 13:00:00,0.187
2050-06-18 14:00:00,0.2761
2050-06-18 15:00:00,0.3236
2050-06-18 16:00:00,0.3458
2050-06-18 17:00:00,0.3674
2050-06-18 18:00:00,0.3903
2050-06-18 19:00:00,0.414
2050-06-18 20:00:00,0.4292
2050-06-18 21:00:00,0.4543
2050-06-18 22:00:00,0.4887
2050-06-18 23:00:00,0.5007
2050-06-19 00:00:00,0.4855
2050-06-19 01:00:00,0.4689
2050-06-19 02:00:00,0.4589
2050-06-19 03:00:00,0.4731
2050-06-19 04:00:00,0.5072
2050-06-19 05:00:00,0.5296
2050-06-19 06:00:00,0.529
2050-06-19 07:00:00,0.524
2050-06-19 08:00:00,0.4727
2050-06-19 09:00:00,0.4047
2050-06-19 10:00:00,0.3598
2050-06-19 11:00:00,0.3582
2050-06-19 12:00:00,0.3738
2050-06-19 13:00:00,0.3879
2050-06-19 14:00:00,0.3934
2050-06-19 15:00:00,0.3728
2050-06-19 16:00:00,0.3348
2050-06-19 17:00:00,0.2936
2050-06-19 18:00:00,0.243
2050-06-19 19:00:00,0.1825
2050-06-19 20:00:00,0.1175
2050-06-19 21:00:00,0.0756
2050-06-19 22:00:00,0.0489
2050-06-19 23:00:00,0.0335
2050-06-20 00:00:00,0.0317
2050-06-20 01:00:00,0.0348
2050-06-20 02:00:00,0.0273
2050-06-20 03:00:00,0.0339
2050-06-20 04:00:00,0.0495
2050-06-20 05:00:00,0.051
2050-06-20 06:00:00,0.0396
2050-06-20 07:00:00,0.0247
2050-06-20 08:00:00,0.0353
2050-06-20 09:00:00,0.0689
2050-06-20 10:00:00,0.0615
2050-06-20 11:00:00,0.0469
2050-06-20 12:00:00,0.0499
2050-06-20 13:00:00,0.0793
2050-06-20 14:00:00,0.0959
2050-06-20 15:00:00,0.0928
2050-06-20 16:00:00,0.0903
2050-06-20 17:00:00,0.1063
2050-06-20 18:00:00,0.1288
2050-06-20 19:00:00,0.155
2050-06-20 20:00:00,0.1761
2050-06-20 21:00:00,0.177
2050-06-20 22:00:00,0.1685
2050-06-20 23:00:00,0.1607
2050-06-21 00:00:00,0.1576
2050-06-21 01:00:00,0.1616
2050-06-21 02:00:00,0.1635
2050-06-21 03:00:00,0.1665
2050-06-21 04:00:00,0.1659
2050-06-21 05:00:00,0.1629
2050-06-21 06:00:00,0.1715
2050-06-21 07:00:00,0.1804
2050-06-21 08:00:00,0.2027
2050-06-21 09:00:00,0.2174
2050-06-21 10:00:00,0.2551
2050-06-21 11:00:00,0.3006
2050-06-21 12:00:00,0.3417
2050-06-21 13:00:00,0.3483
2050-06-21 14:00:00,0.3162
2050-06-21 15:00:00,0.2545
2050-06-21 16:00:00,0.1988
2050-06-21 17:00:00,0.1823
2050-06-21 18:00:00,0.1897
2050-06-21 19:00:00,0.2073
2050-06-21 20:00:00,0.2288
2050-06-21 21:00:00,0.2398
2050-06-21 22:00:00,0.2698
2050-06-21 23:00:00,0.2895
2050-06-22 00:00:00,0.2729
2050-06-22 01:00:00,0.2348
2050-06-22 02:00:00,0.2265
2050-06-22 03:00:00,0.2312
2050-06-22 04:00:00,0.2298
2050-06-22 05:00:00,0.2418
2050-06-22 06:00:00,0.2628
2050-06-22 07:00:00,0.2843
2050-06-22 08:00:00,0.3191
2050-06-22 09:00:00,0.3627
2050-06-22 10:00:00,0.3994
2050-06-22 11:00:00,0.4282
2050-06-22 12:00:00,0.4438
2050-06-22 13:00:00,0.4415
2050-06-22 14:00:00,0.4242
2050-06-22 15:00:00,0.4095
2050-06-22 16:00:00,0.4032
2050-06-22 17:00:00,0.4096
2050-06-22 18:00:00,0.3889
2050-06-22 19:00:00,0.3532
2050-06-22 20:00:00,0.3798
2050-06-22 21:00:00,0.4198
2050-06-22 22:00:00,0.4247
2050-06-22 23:00:00,0.4022
2050-06-23 00:00:00,0.3633
2050-06-23 01:00:00,0.3135
2050-06-23 02:00:00,0.2798
2050-06-23 03:00:00,0.2394
2050-06-23 04:00:00,0.1863
2050-06-23 05:00:00,0.1327
2050-06-23 06:00:00,0.1059
2050-06-23 07:00:00,0.1066
2050-06-23 08:00:00,0.1185
2050-06-23 09:00:00,0.1281
2050-06-23 10:00:00,0.1357
2050-06-23 11:00:00,0.1387
2050-06-23 12:00:00,0.1396
2050-06-23 13:00:00,0.1429
2050-06-23 14:00:00,0.1466
2050-06-23 15:00:00,0.143
2050-06-23 16:00:00,0.131
2050-06-23 17:00:00,0.1092
2050-06-23 18:00:00,0.0844
2050-06-23 19:00:00,0.0668
2050-06-23 20:00:00,0.0568
2050-06-23 21:00:00,0.0467
2050-06-23 22:00:00,0.0364
2050-06-23 23:00:00,0.0286
2050-06-24 00:00:00,0.0243
2050-06-24 01:00:00,0.0225
2050-06-24 02:00:00,0.0219
2050-06-24 03:00:00,0.0233
2050-06-24 04:00:00,0.0283
2050-06-24 05:00:00,0.0362
2050-06-24 06:00:00,0.0484
2050-06-24 07:00:00,0.0634
2050-06-24 08:00:00,0.0798
2050-06-24 09:00:00,0.0918
2050-06-24 10:00:00,0.091
2050-06-24 11:00:00,0.0811
2050-06-24 12:00:00,0.0684
2050-06-24 13:00:00,0.0602
2050-06-24 14:00:00,0.0548
2050-06-24 15:00:00,0.0581
2050-06-24 16:00:00,0.0818
2050-06-24 17:00:00,0.1348
2050-06-24 18:00:00,0.2157
2050-06-24 19:00:00,0.3042
2050-06-24 20:00:00,0.3781
2050-06-24 21:00:00,0.4133
2050-06-24 22:00:00,0.4163
2050-06-24 23:00:00,0.3962
2050-06-25 00:00:00,0.3624
2050-06-25 01:00:00,0.3249
2050-06-25 02:00:00,0.2902
2050-06-25 03:00:00,0.2582
2050-06-25 04:00:00,0.234
2050-06-25 05:00:00,0.2174
2050-06-25 06:00:00,0.2069
2050-06-25 07:00:00,0.2059
2050-06-25 08:00:00,0.2184
2050-06-25 09:00:00,0.2619
2050-06-25 10:00:00,0.3406
2050-06-25 11:00:00,0.429
2050-06-25 12:00:00,0.5066
2050-06-25 13:00:00,0.5623
2050-06-25 14:00:00,0.5983
2050-06-25 15:00:00,0.6164
2050-06-25 16:00:00,0.6268
2050-06-25 17:00:00,0.6357
2050-06-25 18:00:00,0.6444
2050-06-25 19:00:00,0.6506
2050-06-25 20:00:00,0.6524
2050-06-25 21:00:00,0.6496
2050-06-25 22:00:00,0.6445
2050-06-25 23:00:00,0.6367
2050-06-26 00:00:00,0.6269
2050-06-26 01:00:00,0.6181
2050-06-26 02:00:00,0.6103
2050-06-26 03:00:00,0.6006
2050-06-26 04:00:00,0.5875
2050-06-26 05:00:00,0.5731
2050-06-26 06:00:00,0.5633
2050-06-26 07:00:00,0.567
2050-06-26 08:00:00,0.5837
2050-06-26 09:00:00,0.5929
2050-06-26 10:00:00,0.5936
2050-06-26 11:00:00,0.5784
2050-06-26 12:00:00,0.5468
2050-06-26 13:00:00,0.5073
2050-06-26 14:00:00,0.4603
2050-06-26 15:00:00,0.4374
2050-06-26 16:00:00,0.4422
2050-06-26 17:00:00,0.4676
2050-06-26 18:00:00,0.5045
2050-06-26 19:00:00,0.5371
2050-06-26 20:00:00,0.5594
2050-06-26 21:00:00,0.5458
2050-06-26 22:00:00,0.5007
2050-06-26 23:00:00,0.4377
2050-06-27 00:00:00,0.3632
2050-06-27 01:00:00,0.2968
2050-06-27 02:00:00,0.2565
2050-06-27 03:00:00,0.2584
2050-06-27 04:00:00,0.2884
2050-06-27 05:00:00,0.3167
2050-06-27 06:00:00,0.3445
2050-06-27 07:00:00,0.3881
2050-06-27 08:00:00,0.4477
2050-06-27 09:00:00,0.5124
2050-06-27 10:00:00,0.5744
2050-06-27 11:00:00,0.6189
2050-06-27 12:00:00,0.6345
2050-06-27 13:00:00,0.6308
2050-06-27 14:00:00,0.6081
2050-06-27 15:00:00,0.5612
2050-06-27 16:00:00,0.5333
2050-06-27 17:00:00,0.5337
2050-06-27 18:00:00,0.5459
2050-06-27 19:00:00,0.5462
2050-06-27 20:00:00,0.5357
2050-06-27 21:00:00,0.5607
2050-06-27 22:00:00,0.5986
2050-06-27 23:00:00,0.6358
2050-06-28 00:00:00,0.6677
2050-06-28 01:00:00,0.6733
2050-06-28 02:00:00,0.6938
2050-06-28 03:00:00,0.74
2050-06-28 04:00:00,0.767
2050-06-28 05:00:00,0.7773
2050-06-28 06:00:00,0.7845
2050-06-28 07:00:00,0.8021
2050-06-28 08:00:00,0.8208
2050-06-28 09:00:00,0.8334
2050-06-28 10:00:00,0.8383
2050-06-28 11:00:00,0.8402
2050-06-28 12:00:00,0.836
2050-06-28 13:00:00,0.8054
2050-06-28 14:00:00,0.7719
2050-06-28 15:00:00,0.7582
2050-06-28 16:00:00,0.7482
2050-06-28 17:00:00,0.725
2050-06-28 18:00:00,0.677
2050-06-28 19:00:00,0.6034
2050-06-28 20:00:00,0.5203
2050-06-28 21:00:00,0.4487
2050-06-28 22:00:00,0.3834
2050-06-28 23:00:00,0.3284
2050-06-29 00:00:00,0.2822
2050-06-29 01:00:00,0.2352
2050-06-29 02:00:00,0.1935
2050-06-29 03:00:00,0.1547
2050-06-29 04:00:00,0.1319
2050-06-29 05:00:00,0.13
2050-06-29 06:00:00,0.1396
2050-06-29 07:00:00,0.1512
2050-06-29 08:00:00,0.1702
2050-06-29 09:00:00,0.1869
2050-06-29 10:00:00,0.1631
2050-06-29 11:00:00,0.1098
2050-06-29 12:00:00,0.0596
2050-06-29 13:00:00,0.0298
2050-06-29 14:00:00,0.0332
2050-06-29 15:00:00,0.0611
2050-06-29 16:00:00,0.0747
2050-06-29 17:00:00,0.0544
2050-06-29 18:00:00,0.0893
2050-06-29 19:00:00,0.2307
2050-06-29 20:00:00,0.3431
2050-06-29 21:00:00,0.3209
2050-06-29 22:00:00,0.2564
2050-06-29 23:00:00,0.2116
2050-06-30 00:00:00,0.2338
2050-06-30 01:00:00,0.3148
2050-06-30 02:00:00,0.3789
2050-06-30 03:00:00,0.4055
2050-06-30 04:00:00,0.441
2050-06-30 05:00:00,0.4825
2050-06-30 06:00:00,0.4978
2050-06-30 07:00:00,0.4613
2050-06-30 08:00:00,0.4074
2050-06-30 09:00:00,0.3674
2050-06-30 10:00:00,0.331
2050-06-30 11:00:00,0.3043
2050-06-30 12:00:00,0.3023
2050-06-30 13:00:00,0.3275
2050-06-30 14:00:00,0.3548
2050-06-30 15:00:00,0.3544
2050-06-30 16:00:00,0.3194
2050-06-30 17:00:00,0.2821
2050-06-30 18:00:00,0.2738
2050-06-30 19:00:00,0.2991
2050-06-30 20:00:00,0.3377
2050-06-30 21:00:00,0.3982
2050-06-30 22:00:00,0.4505
2050-06-30 23:00:00,0.4944
2050-07-01 00:00:00,0.5558
2050-07-01 01:00:00,0.5675
2050-07-01 02:00:00,0.5623
2050-07-01 03:00:00,0.5415
2050-07-01 04:00:00,0.5372
2050-07-01 05:00:00,0.5401
2050-07-01 06:00:00,0.5293
2050-07-01 07:00:00,0.5135
2050-07-01 08:00:00,0.4732
2050-07-01 09:00:00,0.4354
2050-07-01 10:00:00,0.4296
2050-07-01 11:00:00,0.456
2050-07-01 12:00:00,0.5066
2050-07-01 13:00:00,0.5656
2050-07-01 14:00:00,0.5979
2050-07-01 15:00:00,0.6026
2050-07-01 16:00:00,0.592
2050-07-01 17:00:00,0.5869
2050-07-01 18:00:00,0.5916
2050-07-01 19:00:00,0.5989
2050-07-01 20:00:00,0.6056
2050-07-01 21:00:00,0.5969
2050-07-01 22:00:00,0.5803
2050-07-01 23:00:00,0.5581
2050-07-02 00:00:00,0.5372
2050-07-02 01:00:00,0.5311
2050-07-02 02:00:00,0.552
2050-07-02 03:00:00,0.606
2050-07-02 04:00:00,0.6752
2050-07-02 05:00:00,0.7339
2050-07-02 06:00:00,0.7615
2050-07-02 07:00:00,0.7677
2050-07-02 08:00:00,0.7742
2050-07-02 09:00:00,0.7842
2050-07-02 10:00:00,0.7773
2050-07-02 11:00:00,0.7481
2050-07-02 12:00:00,0.7195
2050-07-02 13:00:00,0.7044
2050-07-02 14:00:00,0.6848
2050-07-02 15:00:00,0.6769
2050-07-02 16:00:00,0.6735
2050-07-02 17:00:00,0.6456
2050-07-02 18:00:00,0.585
2050-07-02 19:00:00,0.5312
2050-07-02 20:00:00,0.4929
2050-07-02 21:00:00,0.4393
2050-07-02 22:00:00,0.4152
2050-07-02 23:00:00,0.4415
2050-07-03 00:00:00,0.4769
2050-07-03 01:00:00,0.4917
2050-07-03 02:00:00,0.4974
2050-07-03 03:00:00,0.487
2050-07-03 04:00:00,0.4882
2050-07-03 05:00:00,0.5575
2050-07-03 06:00:00,0.6506
2050-07-03 07:00:00,0.6999
2050-07-03 08:00:00,0.6894
2050-07-03 09:00:00,0.638
2050-07-03 10:00:00,0.5837
2050-07-03 11:00:00,0.5531
2050-07-03 12:00:00,0.5591
2050-07-03 13:00:00,0.5705
2050-07-03 14:00:00,0.5616
2050-07-03 15:00:00,0.5741
2050-07-03 16:00:00,0.6167
2050-07-03 17:00:00,0.6626
2050-07-03 18:00:00,0.703
2050-07-03 19:00:00,0.7396
2050-07-03 20:00:00,0.7776
2050-07-03 21:00:00,0.8062
2050-07-03 22:00:00,0.8207
2050-07-03 23:00:00,0.8296
2050-07-04 00:00:00,0.8479
2050-07-04 01:00:00,0.8694
2050-07-04 02:00:00,0.8853
2050-07-04 03:00:00,0.9001
2050-07-04 04:00:00,0.8999
2050-07-04 05:00:00,0.8955
2050-07-04 06:00:00,0.8889
2050-07-04 07:00:00,0.8805
2050-07-04 08:00:00,0.87
2050-07-04 09:00:00,0.8589
2050-07-04 10:00:00,0.8475
2050-07-04 11:00:00,0.8451
2050-07-04 12:00:00,0.8518
2050-07-04 13:00:00,0.8564
2050-07-04 14:00:00,0.8568
2050-07-04 15:00:00,0.8492
2050-07-04 16:00:00,0.8422
2050-07-04 17:00:00,0.8379
2050-07-04 18:00:00,0.8297
2050-07-04 19:00:00,0.8109
2050-07-04 20:00:00,0.7951
2050-07-04 21:00:00,0.7978
2050-07-04 22:00:00,0.7969
2050-07-04 23:00:00,0.804
2050-07-05 00:00:00,0.8137
2050-07-05 01:00:00,0.8334
2050-07-05 02:00:00,0.8491
2050-07-05 03:00:00,0.8505
2050-07-05 04:00:00,0.842
2050-07-05 05:00:00,0.8394
2050-07-05 06:00:00,0.8416
2050-07-05 07:00:00,0.8441
2050-07-05 08:00:00,0.8419
2050-07-05 09:00:00,0.8334
2050-07-05 10:00:00,0.8187
2050-07-05 11:00:00,0.7996
2050-07-05 12:00:00,0.7644
2050-07-05 13:00:00,0.7104
2050-07-05 14:00:00,0.6269
2050-07-05 15:00:00,0.5137
2050-07-05 16:00:00,0.3868
2050-07-05 17:00:00,0.263
2050-07-05 18:00:00,0.1684
2050-07-05 19:00:00,0.1374
2050-07-05 20:00:00,0.1836
2050-07-05 21:00:00,0.258
2050-07-05 22:00:00,0.3324
2050-07-05 23:00:00,0.42
2050-07-06 00:00:00,0.4667
2050-07-06 01:00:00,0.5372
2050-07-06 02:00:00,0.6179
2050-07-06 03:00:00,0.7243
2050-07-06 04:00:00,0.8019
2050-07-06 05:00:00,0.8443
2050-07-06 06:00:00,0.8693
2050-07-06 07:00:00,0.8733
2050-07-06 08:00:00,0.8712
2050-07-06 09:00:00,0.8661
2050-07-06 10:00:00,0.8594
2050-07-06 11:00:00,0.8577
2050-07-06 12:00:00,0.8866
2050-07-06 13:00:00,0.9058
2050-07-06 14:00:00,0.9042
2050-07-06 15:00:00,0.8911
2050-07-06 16:00:00,0.878
2050-07-06 17:00:00,0.8711
2050-07-06 18:00:00,0.8633
2050-07-06 19:00:00,0.8605
2050-07-06 20:00:00,0.866
2050-07-06 21:00:00,0.872
2050-07-06 22:00:00,0.8727
2050-07-06 23:00:00,0.8659
2050-07-07 00:00:00,0.8501
2050-07-07 01:00:00,0.8251
2050-07-07 02:00:00,0.7935
2050-07-07 03:00:00,0.7561
2050-07-07 04:00:00,0.7204
2050-07-07 05:00:00,0.6993
2050-07-07 06:00:00,0.7033
2050-07-07 07:00:00,0.7234
2050-07-07 08:00:00,0.7444
2050-07-07 09:00:00,0.7549
2050-07-07 10:00:00,0.757
2050-07-07 11:00:00,0.7538
2050-07-07 12:00:00,0.7457
2050-07-07 13:00:00,0.7358
2050-07-07 14:00:00,0.723
2050-07-07 15:00:00,0.7101
2050-07-07 16:00:00,0.6907
2050-07-07 17:00:00,0.6757
2050-07-07 18:00:00,0.6615
2050-07-07 19:00:00,0.6366
2050-07-07 20:00:00,0.6064
2050-07-07 21:00:00,0.5883
2050-07-07 22:00:00,0.571
2050-07-07 23:00:00,0.541
2050-07-08 00:00:00,0.5026
2050-07-08 01:00:00,0.4484
2050-07-08 02:00:00,0.3799
2050-07-08 03:00:00,0.3151
2050-07-08 04:00:00,0.2629
2050-07-08 05:00:00,0.2368
2050-07-08 06:00:00,0.2294
2050-07-08 07:00:00,0.2367
2050-07-08 08:00:00,0.2556
2050-07-08 09:00:00,0.2662
2050-07-08 10:00:00,0.2572
2050-07-08 11:00:00,0.2222
2050-07-08 12:00:00,0.1683
2050-07-08 13:00:00,0.1128
2050-07-08 14:00:00,0.066
2050-07-08 15:00:00,0.0333
2050-07-08 16:00:00,0.0132
2050-07-08 17:00:00,0.0083
2050-07-08 18:00:00,0.0243
2050-07-08 19:00:00,0.072
2050-07-08 20:00:00,0.1374
2050-07-08 21:00:00,0.2179
2050-07-08 22:00:00,0.3096
2050-07-08 23:00:00,0.3976
2050-07-09 00:00:00,0.4739
2050-07-09 01:00:00,0.5237
2050-07-09 02:00:00,0.5368
2050-07-09 03:00:00,0.5593
2050-07-09 04:00:00,0.6251
2050-07-09 05:00:00,0.7043
2050-07-09 06:00:00,0.7523
2050-07-09 07:00:00,0.7619
2050-07-09 08:00:00,0.7466
2050-07-09 09:00:00,0.7226
2050-07-09 10:00:00,0.6977
2050-07-09 11:00:00,0.6527
2050-07-09 12:00:00,0.6112
2050-07-09 13:00:00,0.6055
2050-07-09 14:00:00,0.6011
2050-07-09 15:00:00,0.6069
2050-07-09 16:00:00,0.6487
2050-07-09 17:00:00,0.704
2050-07-09 18:00:00,0.7361
2050-07-09 19:00:00,0.7297
2050-07-09 20:00:00,0.7344
2050-07-09 21:00:00,0.7034
2050-07-09 22:00:00,0.6717
2050-07-09 23:00:00,0.6839
2050-07-10 00:00:00,0.6871
2050-07-10 01:00:00,0.6827
2050-07-10 02:00:00,0.651
2050-07-10 03:00:00,0.6549
2050-07-10 04:00:00,0.686
2050-07-10 05:00:00,0.7175
2050-07-10 06:00:00,0.7447
2050-07-10 07:00:00,0.7713
2050-07-10 08:00:00,0.7867
2050-07-10 09:00:00,0.7854
2050-07-10 10:00:00,0.7698
2050-07-10 11:00:00,0.7452
2050-07-10 12:00:00,0.7204
2050-07-10 13:00:00,0.7097
2050-07-10 14:00:00,0.707
2050-07-10 15:00:00,0.7101
2050-07-10 16:00:00,0.7181
2050-07-10 17:00:00,0.7268
2050-07-10 18:00:00,0.7292
2050-07-10 19:00:00,0.7126
2050-07-10 20:00:00,0.6876
2050-07-10 21:00:00,0.6573
2050-07-10 22:00:00,0.6203
2050-07-10 23:00:00,0.5855
2050-07-11 00:00:00,0.5642
2050-07-11 01:00:00,0.5455
2050-07-11 02:00:00,0.5156
2050-07-11 03:00:00,0.4706
2050-07-11 04:00:00,0.4108
2050-07-11 05:00:00,0.3562
2050-07-11 06:00:00,0.3278
2050-07-11 07:00:00,0.3227
2050-07-11 08:00:00,0.3362
2050-07-11 09:00:00,0.3556
2050-07-11 10:00:00,0.3738
2050-07-11 11:00:00,0.3855
2050-07-11 12:00:00,0.3793
2050-07-11 13:00:00,0.3499
2050-07-11 14:00:00,0.3081
2050-07-11 15:00:00,0.2801
2050-07-11 16:00:00,0.2692
2050-07-11 17:00:00,0.2713
2050-07-11 18:00:00,0.2859
2050-07-11 19:00:00,0.3096
2050-07-11 20:00:00,0.3222
2050-07-11 21:00:00,0.3287
2050-07-11 22:00:00,0.3264
2050-07-11 23:00:00,0.3112
2050-07-12 00:00:00,0.2979
2050-07-12 01:00:00,0.3024
2050-07-12 02:00:00,0.3137
2050-07-12 03:00:00,0.3187
2050-07-12 04:00:00,0.3159
2050-07-12 05:00:00,0.3071
2050-07-12 06:00:00,0.2975
2050-07-12 07:00:00,0.2772
2050-07-12 08:00:00,0.2593
2050-07-12 09:00:00,0.2478
2050-07-12 10:00:00,0.2352
2050-07-12 11:00:00,0.2327
2050-07-12 12:00:00,0.2583
2050-07-12 13:00:00,0.2972
2050-07-12 14:00:00,0.3318
2050-07-12 15:00:00,0.365
2050-07-12 16:00:00,0.3983
2050-07-12 17:00:00,0.4154
2050-07-12 18:00:00,0.4015
2050-07-12 19:00:00,0.3772
2050-07-12 20:00:00,0.3624
2050-07-12 21:00:00,0.3794
2050-07-12 22:00:00,0.4122
2050-07-12 23:00:00,0.4347
2050-07-13 00:00:00,0.4422
2050-07-13 01:00:00,0.4592
2050-07-13 02:00:00,0.4895
2050-07-13 03:00:00,0.5107
2050-07-13 04:00:00,0.5209
2050-07-13 05:00:00,0.5349
2050-07-13 06:00:00,0.5555
2050-07-13 07:00:00,0.5897
2050-07-13 08:00:00,0.6288
2050-07-13 09:00:00,0.6618
2050-07-13 10:00:00,0.6952
2050-07-13 11:00:00,0.7328
2050-07-13 12:00:00,0.7717
2050-07-13 13:00:00,0.801
2050-07-13 14:00:00,0.8176
2050-07-13 15:00:00,0.8241
2050-07-13 16:00:00,0.8261
2050-07-13 17:00:00,0.8256
2050-07-13 18:00:00,0.8263
2050-07-13 19:00:00,0.8292
2050-07-13 20:00:00,0.8347
2050-07-13 21:00:00,0.838
2050-07-13 22:00:00,0.8389
2050-07-13 23:00:00,0.8455
2050-07-14 00:00:00,0.8506
2050-07-14 01:00:00,0.8546
2050-07-14 02:00:00,0.8581
2050-07-14 03:00:00,0.8629
2050-07-14 04:00:00,0.8672
2050-07-14 05:00:00,0.8693
2050-07-14 06:00:00,0.8728
2050-07-14 07:00:00,0.8794
2050-07-14 08:00:00,0.8846
2050-07-14 09:00:00,0.8867
2050-07-14 10:00:00,0.8866
2050-07-14 11:00:00,0.881
2050-07-14 12:00:00,0.8721
2050-07-14 13:00:00,0.8611
2050-07-14 14:00:00,0.8497
2050-07-14 15:00:00,0.8322
2050-07-14 16:00:00,0.8084
2050-07-14 17:00:00,0.7786
2050-07-14 18:00:00,0.7471
2050-07-14 19:00:00,0.725
2050-07-14 20:00:00,0.7018
2050-07-14 21:00:00,0.6795
2050-07-14 22:00:00,0.6571
2050-07-14 23:00:00,0.6342
2050-07-15 00:00:00,0.6134
2050-07-15 01:00:00,0.5969
2050-07-15 02:00:00,0.57
2050-07-15 03:00:00,0.5237
2050-07-15 04:00:00,0.4707
2050-07-15 05:00:00,0.4214
2050-07-15 06:00:00,0.3715
2050-07-15 07:00:00,0.3426
2050-07-15 08:00:00,0.3217
2050-07-15 09:00:00,0.2674
2050-07-15 10:00:00,0.1822
2050-07-15 11:00:00,0.1076
2050-07-15 12:00:00,0.0639
2050-07-15 13:00:00,0.0603
2050-07-15 14:00:00,0.1266
2050-07-15 15:00:00,0.2181
2050-07-15 16:00:00,0.2895
2050-07-15 17:00:00,0.3536
2050-07-15 18:00:00,0.4048
2050-07-15 19:00:00,0.4568
2050-07-15 20:00:00,0.513
2050-07-15 21:00:00,0.5757
2050-07-15 22:00:00,0.6358
2050-07-15 23:00:00,0.6596
2050-07-16 00:00:00,0.6558
2050-07-16 01:00:00,0.6516
2050-07-16 02:00:00,0.6572
2050-07-16 03:00:00,0.6685
2050-07-16 04:00:00,0.6754
2050-07-16 05:00:00,0.654
2050-07-16 06:00:00,0.6418
2050-07-16 07:00:00,0.7201
2050-07-16 08:00:00,0.8025
2050-07-16 09:00:00,0.8358
2050-07-16 10:00:00,0.8287
2050-07-16 11:00:00,0.8079
2050-07-16 12:00:00,0.7914
2050-07-16 13:00:00,0.7805
2050-07-16 14:00:00,0.7724
2050-07-16 15:00:00,0.7551
2050-07-16 16:00:00,0.723
2050-07-16 17:00:00,0.6764
2050-07-16 18:00:00,0.668
2050-07-16 19:00:00,0.6923
2050-07-16 20:00:00,0.7128
2050-07-16 21:00:00,0.7193
2050-07-16 22:00:00,0.7174
2050-07-16 23:00:00,0.7236
2050-07-17 00:00:00,0.7295
2050-07-17 01:00:00,0.7284
2050-07-17 02:00:00,0.7119
2050-07-17 03:00:00,0.6805
2050-07-17 04:00:00,0.6434
2050-07-17 05:00:00,0.5986
2050-07-17 06:00:00,0.5391
2050-07-17 07:00:00,0.4651
2050-07-17 08:00:00,0.3978
2050-07-17 09:00:00,0.3581
2050-07-17 10:00:00,0.3478
2050-07-17 11:00:00,0.3506
2050-07-17 12:00:00,0.351
2050-07-17 13:00:00,0.3429
2050-07-17 14:00:00,0.3184
2050-07-17 15:00:00,0.2767
2050-07-17 16:00:00,0.2262
2050-07-17 17:00:00,0.1656
2050-07-17 18:00:00,0.1005
2050-07-17 19:00:00,0.0528
2050-07-17 20:00:00,0.0299
2050-07-17 21:00:00,0.0319
2050-07-17 22:00:00,0.0434
2050-07-17 23:00:00,0.0508
2050-07-18 00:00:00,0.0541
2050-07-18 01:00:00,0.0579
2050-07-18 02:00:00,0.0609
2050-07-18 03:00:00,0.0527
2050-07-18 04:00:00,0.0438
2050-07-18 05:00:00,0.0417
2050-07-18 06:00:00,0.0451
2050-07-18 07:00:00,0.0544
2050-07-18 08:00:00,0.0673
2050-07-18 09:00:00,0.0707
2050-07-18 10:00:00,0.0686
2050-07-18 11:00:00,0.07
2050-07-18 12:00:00,0.0729
2050-07-18 13:00:00,0.0857
2050-07-18 14:00:00,0.1142
2050-07-18 15:00:00,0.1543
2050-07-18 16:00:00,0.2011
2050-07-18 17:00:00,0.2548
2050-07-18 18:00:00,0.3154
2050-07-18 19:00:00,0.3761
2050-07-18 20:00:00,0.4301
2050-07-18 21:00:00,0.4635
2050-07-18 22:00:00,0.4858
2050-07-18 23:00:00,0.5018
2050-07-19 00:00:00,0.5112
2050-07-19 01:00:00,0.5153
2050-07-19 02:00:00,0.514
2050-07-19 03:00:00,0.5027
2050-07-19 04:00:00,0.4673
2050-07-19 05:00:00,0.4253
2050-07-19 06:00:00,0.4057
2050-07-19 07:00:00,0.3938
2050-07-19 08:00:00,0.3849
2050-07-19 09:00:00,0.3941
2050-07-19 10:00:00,0.4365
2050-07-19 11:00:00,0.5037
2050-07-19 12:00:00,0.5675
2050-07-19 13:00:00,0.61
2050-07-19 14:00:00,0.6292
2050-07-19 15:00:00,0.6401
2050-07-19 16:00:00,0.6439
2050-07-19 17:00:00,0.6364
2050-07-19 18:00:00,0.6325
2050-07-19 19:00:00,0.6549
2050-07-19 20:00:00,0.692
2050-07-19 21:00:00,0.7211
2050-07-19 22:00:00,0.746
2050-07-19 23:00:00,0.7672
2050-07-20 00:00:00,0.7707
2050-07-20 01:00:00,0.7555
2050-07-20 02:00:00,0.7309
2050-07-20 03:00:00,0.6952
2050-07-20 04:00:00,0.6586
2050-07-20 05:00:00,0.632
2050-07-20 06:00:00,0.6106
2050-07-20 07:00:00,0.5951
2050-07-20 08:00:00,0.5879
2050-07-20 09:00:00,0.5903
2050-07-20 10:00:00,0.5983
2050-07-20 11:00:00,0.6014
2050-07-20 12:00:00,0.5859
2050-07-20 13:00:00,0.5668
2050-07-20 14:00:00,0.5541
2050-07-20 15:00:00,0.5302
2050-07-20 16:00:00,0.4939
2050-07-20 17:00:00,0.4504
2050-07-20 18:00:00,0.404
2050-07-20 19:00:00,0.3543
2050-07-20 20:00:00,0.3171
2050-07-20 21:00:00,0.3068
2050-07-20 22:00:00,0.2783
2050-07-20 23:00:00,0.2096
2050-07-21 00:00:00,0.1643
2050-07-21 01:00:00,0.1175
2050-07-21 02:00:00,0.127
2050-07-21 03:00:00,0.229
2050-07-21 04:00:00,0.2683
2050-07-21 05:00:00,0.2656
2050-07-21 06:00:00,0.2831
2050-07-21 07:00:00,0.268
2050-07-21 08:00:00,0.2379
2050-07-21 09:00:00,0.2301
2050-07-21 10:00:00,0.273
2050-07-21 11:00:00,0.3039
2050-07-21 12:00:00,0.3215
2050-07-21 13:00:00,0.3528
2050-07-21 14:00:00,0.4043
2050-07-21 15:00:00,0.4603
2050-07-21 16:00:00,0.4917
2050-07-21 17:00:00,0.479
2050-07-21 18:00:00,0.4368
2050-07-21 19:00:00,0.3904
2050-07-21 20:00:00,0.3799
2050-07-21 21:00:00,0.398
2050-07-21 22:00:00,0.4024
2050-07-21 23:00:00,0.3793
2050-07-22 00:00:00,0.3398
2050-07-22 01:00:00,0.3207
2050-07-22 02:00:00,0.3329
2050-07-22 03:00:00,0.3119
2050-07-22 04:00:00,0.2566
2050-07-22 05:00:00,0.207
2050-07-22 06:00:00,0.1863
2050-07-22 07:00:00,0.1966
2050-07-22 08:00:00,0.2378
2050-07-22 09:00:00,0.303
2050-07-22 10:00:00,0.3697
2050-07-22 11:00:00,0.4242
2050-07-22 12:00:00,0.4571
2050-07-22 13:00:00,0.4824
2050-07-22 14:00:00,0.5188
2050-07-22 15:00:00,0.5507
2050-07-22 16:00:00,0.5966
2050-07-22 17:00:00,0.6437
2050-07-22 18:00:00,0.6746
2050-07-22 19:00:00,0.6906
2050-07-22 20:00:00,0.706
2050-07-22 21:00:00,0.7219
2050-07-22 22:00:00,0.7239
2050-07-22 23:00:00,0.7107
2050-07-23 00:00:00,0.6717
2050-07-23 01:00:00,0.6192
2050-07-23 02:00:00,0.5572
2050-07-23 03:00:00,0.4902
2050-07-23 04:00:00,0.4125
2050-07-23 05:00:00,0.3295
2050-07-23 06:00:00,0.2597
2050-07-23 07:00:00,0.2208
2050-07-23 08:00:00,0.2115
2050-07-23 09:00:00,0.245
2050-07-23 10:00:00,0.305
2050-07-23 11:00:00,0.3735
2050-07-23 12:00:00,0.4418
2050-07-23 13:00:00,0.4943
2050-07-23 14:00:00,0.5438
2050-07-23 15:00:00,0.5977
2050-07-23 16:00:00,0.6527
2050-07-23 17:00:00,0.691
2050-07-23 18:00:00,0.7165
2050-07-23 19:00:00,0.7274
2050-07-23 20:00:00,0.7149
2050-07-23 21:00:00,0.681
2050-07-23 22:00:00,0.6281
2050-07-23 23:00:00,0.5767
2050-07-24 00:00:00,0.5389
2050-07-24 01:00:00,0.5115
2050-07-24 02:00:00,0.4941
2050-07-24 03:00:00,0.4794
2050-07-24 04:00:00,0.4569
2050-07-24 05:00:00,0.4162
2050-07-24 06:00:00,0.3656
2050-07-24 07:00:00,0.3037
2050-07-24 08:00:00,0.2397
2050-07-24 09:00:00,0.1868
2050-07-24 10:00:00,0.1455
2050-07-24 11:00:00,0.1205
2050-07-24 12:00:00,0.1088
2050-07-24 13:00:00,0.1033
2050-07-24 14:00:00,0.088
2050-07-24 15:00:00,0.0648
2050-07-24 16:00:00,0.0496
2050-07-24 17:00:00,0.0442
2050-07-24 18:00:00,0.0617
2050-07-24 19:00:00,0.1162
2050-07-24 20:00:00,0.198
2050-07-24 21:00:00,0.2987
2050-07-24 22:00:00,0.4077
2050-07-24 23:00:00,0.4913
2050-07-25 00:00:00,0.568
2050-07-25 01:00:00,0.6285
2050-07-25 02:00:00,0.6666
2050-07-25 03:00:00,0.6972
2050-07-25 04:00:00,0.7118
2050-07-25 05:00:00,0.7243
2050-07-25 06:00:00,0.7393
2050-07-25 07:00:00,0.747
2050-07-25 08:00:00,0.7493
2050-07-25 09:00:00,0.7459
2050-07-25 10:00:00,0.7502
2050-07-25 11:00:00,0.7506
2050-07-25 12:00:00,0.7448
2050-07-25 13:00:00,0.7492
2050-07-25 14:00:00,0.7544
2050-07-25 15:00:00,0.7602
2050-07-25 16:00:00,0.7551
2050-07-25 17:00:00,0.7381
2050-07-25 18:00:00,0.7109
2050-07-25 19:00:00,0.6981
2050-07-25 20:00:00,0.697
2050-07-25 21:00:00,0.7089
2050-07-25 22:00:00,0.7116
2050-07-25 23:00:00,0.6975
2050-07-26 00:00:00,0.6526
2050-07-26 01:00:00,0.6086
2050-07-26 02:00:00,0.5586
2050-07-26 03:00:00,0.5017
2050-07-26 04:00:00,0.4565
2050-07-26 05:00:00,0.4263
2050-07-26 06:00:00,0.4032
2050-07-26 07:00:00,0.3795
2050-07-26 08:00:00,0.3784
2050-07-26 09:00:00,0.3991
2050-07-26 10:00:00,0.4164
2050-07-26 11:00:00,0.4221
2050-07-26 12:00:00,0.4162
2050-07-26 13:00:00,0.3917
2050-07-26 14:00:00,0.3372
2050-07-26 15:00:00,0.2787
2050-07-26 16:00:00,0.2179
2050-07-26 17:00:00,0.1674
2050-07-26 18:00:00,0.1383
2050-07-26 19:00:00,0.1161
2050-07-26 20:00:00,0.1009
2050-07-26 21:00:00,0.0993
2050-07-26 22:00:00,0.11
2050-07-26 23:00:00,0.1182
2050-07-27 00:00:00,0.1275
2050-07-27 01:00:00,0.1343
2050-07-27 02:00:00,0.1443
2050-07-27 03:00:00,0.1577
2050-07-27 04:00:00,0.1756
2050-07-27 05:00:00,0.1986
2050-07-27 06:00:00,0.2246
2050-07-27 07:00:00,0.2374
2050-07-27 08:00:00,0.2365
2050-07-27 09:00:00,0.23
2050-07-27 10:00:00,0.211
2050-07-27 11:00:00,0.1781
2050-07-27 12:00:00,0.1441
2050-07-27 13:00:00,0.121
2050-07-27 14:00:00,0.1286
2050-07-27 15:00:00,0.1553
2050-07-27 16:00:00,0.1871
2050-07-27 17:00:00,0.2413
2050-07-27 18:00:00,0.2854
2050-07-27 19:00:00,0.309
2050-07-27 20:00:00,0.3391
2050-07-27 21:00:00,0.3673
2050-07-27 22:00:00,0.3819
2050-07-27 23:00:00,0.3782
2050-07-28 00:00:00,0.3613
2050-07-28 01:00:00,0.3328
2050-07-28 02:00:00,0.2887
2050-07-28 03:00:00,0.2453
2050-07-28 04:00:00,0.212
2050-07-28 05:00:00,0.1884
2050-07-28 06:00:00,0.1726
2050-07-28 07:00:00,0.1626
2050-07-28 08:00:00,0.1573
2050-07-28 09:00:00,0.1485
2050-07-28 10:00:00,0.1418
2050-07-28 11:00:00,0.1411
2050-07-28 12:00:00,0.1317
2050-07-28 13:00:00,0.1199
2050-07-28 14:00:00,0.1152
2050-07-28 15:00:00,0.1021
2050-07-28 16:00:00,0.0763
2050-07-28 17:00:00,0.0545
2050-07-28 18:00:00,0.0416
2050-07-28 19:00:00,0.0342
2050-07-28 20:00:00,0.0346
2050-07-28 21:00:00,0.0377
2050-07-28 22:00:00,0.0427
2050-07-28 23:00:00,0.0477
2050-07-29 00:00:00,0.0587
2050-07-29 01:00:00,0.0768
2050-07-29 02:00:00,0.1002
2050-07-29 03:00:00,0.1216
2050-07-29 04:00:00,0.1517
2050-07-29 05:00:00,0.1843
2050-07-29 06:00:00,0.1983
2050-07-29 07:00:00,0.1859
2050-07-29 08:00:00,0.1597
2050-07-29 09:00:00,0.1339
2050-07-29 10:00:00,0.115
2050-07-29 11:00:00,0.1065
2050-07-29 12:00:00,0.1122
2050-07-29 13:00:00,0.1324
2050-07-29 14:00:00,0.1596
2050-07-29 15:00:00,0.1955
2050-07-29 16:00:00,0.2395
2050-07-29 17:00:00,0.2937
2050-07-29 18:00:00,0.3641
2050-07-29 19:00:00,0.4388
2050-07-29 20:00:00,0.4985
2050-07-29 21:00:00,0.5204
2050-07-29 22:00:00,0.5138
2050-07-29 23:00:00,0.4957
2050-07-30 00:00:00,0.4643
2050-07-30 01:00:00,0.4187
2050-07-30 02:00:00,0.3555
2050-07-30 03:00:00,0.2794
2050-07-30 04:00:00,0.2186
2050-07-30 05:00:00,0.1696
2050-07-30 06:00:00,0.125
2050-07-30 07:00:00,0.0855
2050-07-30 08:00:00,0.0517
2050-07-30 09:00:00,0.0206
2050-07-30 10:00:00,0.0136
2050-07-30 11:00:00,0.0687
2050-07-30 12:00:00,0.1635
2050-07-30 13:00:00,0.2231
2050-07-30 14:00:00,0.24
2050-07-30 15:00:00,0.2257
2050-07-30 16:00:00,0.2069
2050-07-30 17:00:00,0.2347
2050-07-30 18:00:00,0.3019
2050-07-30 19:00:00,0.3748
2050-07-30 20:00:00,0.4197
2050-07-30 21:00:00,0.4311
2050-07-30 22:00:00,0.4161
2050-07-30 23:00:00,0.3846
2050-07-31 00:00:00,0.3372
2050-07-31 01:00:00,0.2907
2050-07-31 02:00:00,0.2618
2050-07-31 03:00:00,0.2479
2050-07-31 04:00:00,0.2607
2050-07-31 05:00:00,0.3033
2050-07-31 06:00:00,0.3612
2050-07-31 07:00:00,0.4056
2050-07-31 08:00:00,0.4131
2050-07-31 09:00:00,0.3921
2050-07-31 10:00:00,0.3768
2050-07-31 11:00:00,0.3776
2050-07-31 12:00:00,0.381
2050-07-31 13:00:00,0.3771
2050-07-31 14:00:00,0.3695
2050-07-31 15:00:00,0.3681
2050-07-31 16:00:00,0.3801
2050-07-31 17:00:00,0.4023
2050-07-31 18:00:00,0.4272
2050-07-31 19:00:00,0.4477
2050-07-31 20:00:00,0.462
2050-07-31 21:00:00,0.4716
2050-07-31 22:00:00,0.4701
2050-07-31 23:00:00,0.4587
2050-08-01 00:00:00,0.4418
2050-08-01 01:00:00,0.4208
2050-08-01 02:00:00,0.3998
2050-08-01 03:00:00,0.382
2050-08-01 04:00:00,0.364
2050-08-01 05:00:00,0.3445
2050-08-01 06:00:00,0.3165
2050-08-01 07:00:00,0.2862
2050-08-01 08:00:00,0.2578
2050-08-01 09:00:00,0.2328
2050-08-01 10:00:00,0.2095
2050-08-01 11:00:00,0.2008
2050-08-01 12:00:00,0.2163
2050-08-01 13:00:00,0.2371
2050-08-01 14:00:00,0.2445
2050-08-01 15:00:00,0.2418
2050-08-01 16:00:00,0.2443
2050-08-01 17:00:00,0.2467
2050-08-01 18:00:00,0.2436
2050-08-01 19:00:00,0.2341
2050-08-01 20:00:00,0.2131
2050-08-01 21:00:00,0.1939
2050-08-01 22:00:00,0.1758
2050-08-01 23:00:00,0.16
2050-08-02 00:00:00,0.1534
2050-08-02 01:00:00,0.1591
2050-08-02 02:00:00,0.1668
2050-08-02 03:00:00,0.1643
2050-08-02 04:00:00,0.1593
2050-08-02 05:00:00,0.1579
2050-08-02 06:00:00,0.1541
2050-08-02 07:00:00,0.1508
2050-08-02 08:00:00,0.1505
2050-08-02 09:00:00,0.1627
2050-08-02 10:00:00,0.1777
2050-08-02 11:00:00,0.1809
2050-08-02 12:00:00,0.1754
2050-08-02 13:00:00,0.1678
2050-08-02 14:00:00,0.1593
2050-08-02 15:00:00,0.1606
2050-08-02 16:00:00,0.1753
2050-08-02 17:00:00,0.2033
2050-08-02 18:00:00,0.2407
2050-08-02 19:00:00,0.2777
2050-08-02 20:00:00,0.3031
2050-08-02 21:00:00,0.3204
2050-08-02 22:00:00,0.3496
2050-08-02 23:00:00,0.3818
2050-08-03 00:00:00,0.4104
2050-08-03 01:00:00,0.4321
2050-08-03 02:00:00,0.4466
2050-08-03 03:00:00,0.4396
2050-08-03 04:00:00,0.4118
2050-08-03 05:00:00,0.3956
2050-08-03 06:00:00,0.405
2050-08-03 07:00:00,0.4344
2050-08-03 08:00:00,0.4669
2050-08-03 09:00:00,0.4922
2050-08-03 10:00:00,0.5121
2050-08-03 11:00:00,0.5152
2050-08-03 12:00:00,0.4985
2050-08-03 13:00:00,0.4733
2050-08-03 14:00:00,0.4452
2050-08-03 15:00:00,0.4282
2050-08-03 16:00:00,0.4033
2050-08-03 17:00:00,0.3781
2050-08-03 18:00:00,0.3486
2050-08-03 19:00:00,0.3295
2050-08-03 20:00:00,0.3444
2050-08-03 21:00:00,0.3808
2050-08-03 22:00:00,0.4199
2050-08-03 23:00:00,0.444
2050-08-04 00:00:00,0.4591
2050-08-04 01:00:00,0.4738
2050-08-04 02:00:00,0.4768
2050-08-04 03:00:00,0.456
2050-08-04 04:00:00,0.4211
2050-08-04 05:00:00,0.3681
2050-08-04 06:00:00,0.326
2050-08-04 07:00:00,0.2952
2050-08-04 08:00:00,0.292
2050-08-04 09:00:00,0.3214
2050-08-04 10:00:00,0.3605
2050-08-04 11:00:00,0.3744
2050-08-04 12:00:00,0.3533
2050-08-04 13:00:00,0.3138
2050-08-04 14:00:00,0.2735
2050-08-04 15:00:00,0.2507
2050-08-04 16:00:00,0.2529
2050-08-04 17:00:00,0.2403
2050-08-04 18:00:00,0.2109
2050-08-04 19:00:00,0.1869
2050-08-04 20:00:00,0.1883
2050-08-04 21:00:00,0.2126
2050-08-04 22:00:00,0.2537
2050-08-04 23:00:00,0.3011
2050-08-05 00:00:00,0.3361
2050-08-05 01:00:00,0.3424
2050-08-05 02:00:00,0.3342
2050-08-05 03:00:00,0.3133
2050-08-05 04:00:00,0.302
2050-08-05 05:00:00,0.3162
2050-08-05 06:00:00,0.3473
2050-08-05 07:00:00,0.372
2050-08-05 08:00:00,0.3824
2050-08-05 09:00:00,0.3939
2050-08-05 10:00:00,0.4024
2050-08-05 11:00:00,0.3975
2050-08-05 12:00:00,0.3802
2050-08-05 13:00:00,0.3554
2050-08-05 14:00:00,0.333
2050-08-05 15:00:00,0.3094
2050-08-05 16:00:00,0.2949
2050-08-05 17:00:00,0.2946
2050-08-05 18:00:00,0.3061
2050-08-05 19:00:00,0.3303
2050-08-05 20:00:00,0.3581
2050-08-05 21:00:00,0.3863
2050-08-05 22:00:00,0.4169
2050-08-05 23:00:00,0.4484
2050-08-06 00:00:00,0.4719
2050-08-06 01:00:00,0.493
2050-08-06 02:00:00,0.4979
2050-08-06 03:00:00,0.4939
2050-08-06 04:00:00,0.5018
2050-08-06 05:00:00,0.5164
2050-08-06 06:00:00,0.5194
2050-08-06 07:00:00,0.5118
2050-08-06 08:00:00,0.4994
2050-08-06 09:00:00,0.4796
2050-08-06 10:00:00,0.4371
2050-08-06 11:00:00,0.3708
2050-08-06 12:00:00,0.3083
2050-08-06 13:00:00,0.2714
2050-08-06 14:00:00,0.2685
2050-08-06 15:00:00,0.2869
2050-08-06 16:00:00,0.3114
2050-08-06 17:00:00,0.3313
2050-08-06 18:00:00,0.3498
2050-08-06 19:00:00,0.3579
2050-08-06 20:00:00,0.3565
2050-08-06 21:00:00,0.3654
2050-08-06 22:00:00,0.3711
2050-08-06 23:00:00,0.3443
2050-08-07 00:00:00,0.3134
2050-08-07 01:00:00,0.2768
2050-08-07 02:00:00,0.248
2050-08-07 03:00:00,0.2294
2050-08-07 04:00:00,0.2103
2050-08-07 05:00:00,0.199
2050-08-07 06:00:00,0.2087
2050-08-07 07:00:00,0.2244
2050-08-07 08:00:00,0.2337
2050-08-07 09:00:00,0.2647
2050-08-07 10:00:00,0.3254
2050-08-07 11:00:00,0.3989
2050-08-07 12:00:00,0.4748
2050-08-07 13:00:00,0.5364
2050-08-07 14:00:00,0.5679
2050-08-07 15:00:00,0.5747
2050-08-07 16:00:00,0.5583
2050-08-07 17:00:00,0.5508
2050-08-07 18:00:00,0.5735
2050-08-07 19:00:00,0.5905
2050-08-07 20:00:00,0.6043
2050-08-07 21:00:00,0.5899
2050-08-07 22:00:00,0.5655
2050-08-07 23:00:00,0.5471
2050-08-08 00:00:00,0.5304
2050-08-08 01:00:00,0.505
2050-08-08 02:00:00,0.4608
2050-08-08 03:00:00,0.406
2050-08-08 04:00:00,0.337
2050-08-08 05:00:00,0.3251
2050-08-08 06:00:00,0.35
2050-08-08 07:00:00,0.3717
2050-08-08 08:00:00,0.4167
2050-08-08 09:00:00,0.4709
2050-08-08 10:00:00,0.5137
2050-08-08 11:00:00,0.5509
2050-08-08 12:00:00,0.5837
2050-08-08 13:00:00,0.6021
2050-08-08 14:00:00,0.6193
2050-08-08 15:00:00,0.6446
2050-08-08 16:00:00,0.6606
2050-08-08 17:00:00,0.6756
2050-08-08 18:00:00,0.7021
2050-08-08 19:00:00,0.7568
2050-08-08 20:00:00,0.8083
2050-08-08 21:00:00,0.8428
2050-08-08 22:00:00,0.8718
2050-08-08 23:00:00,0.8856
2050-08-09 00:00:00,0.8899
2050-08-09 01:00:00,0.8922
2050-08-09 02:00:00,0.8986
2050-08-09 03:00:00,0.8968
2050-08-09 04:00:00,0.8923
2050-08-09 05:00:00,0.9013
2050-08-09 06:00:00,0.8952
2050-08-09 07:00:00,0.8937
2050-08-09 08:00:00,0.8842
2050-08-09 09:00:00,0.8769
2050-08-09 10:00:00,0.867
2050-08-09 11:00:00,0.8473
2050-08-09 12:00:00,0.8148
2050-08-09 13:00:00,0.7623
2050-08-09 14:00:00,0.7038
2050-08-09 15:00:00,0.6307
2050-08-09 16:00:00,0.5643
2050-08-09 17:00:00,0.5405
2050-08-09 18:00:00,0.513
2050-08-09 19:00:00,0.4928
2050-08-09 20:00:00,0.4874
2050-08-09 21:00:00,0.4772
2050-08-09 22:00:00,0.459
2050-08-09 23:00:00,0.4346
2050-08-10 00:00:00,0.4269
2050-08-10 01:00:00,0.4531
2050-08-10 02:00:00,0.4936
2050-08-10 03:00:00,0.5211
2050-08-10 04:00:00,0.5137
2050-08-10 05:00:00,0.5052
2050-08-10 06:00:00,0.5019
2050-08-10 07:00:00,0.5089
2050-08-10 08:00:00,0.5468
2050-08-10 09:00:00,0.6005
2050-08-10 10:00:00,0.6574
2050-08-10 11:00:00,0.7043
2050-08-10 12:00:00,0.7284
2050-08-10 13:00:00,0.7329
2050-08-10 14:00:00,0.6992
2050-08-10 15:00:00,0.6644
2050-08-10 16:00:00,0.6448
2050-08-10 17:00:00,0.6069
2050-08-10 18:00:00,0.5651
2050-08-10 19:00:00,0.5235
2050-08-10 20:00:00,0.4882
2050-08-10 21:00:00,0.4422
2050-08-10 22:00:00,0.3781
2050-08-10 23:00:00,0.3073
2050-08-11 00:00:00,0.2458
2050-08-11 01:00:00,0.2053
2050-08-11 02:00:00,0.1846
2050-08-11 03:00:00,0.1708
2050-08-11 04:00:00,0.1524
2050-08-11 05:00:00,0.1257
2050-08-11 06:00:00,0.1076
2050-08-11 07:00:00,0.1016
2050-08-11 08:00:00,0.1104
2050-08-11 09:00:00,0.1204
2050-08-11 10:00:00,0.1194
2050-08-11 11:00:00,0.1157
2050-08-11 12:00:00,0.1213
2050-08-11 13:00:00,0.1295
2050-08-11 14:00:00,0.1406
2050-08-11 15:00:00,0.1693
2050-08-11 16:00:00,0.214
2050-08-11 17:00:00,0.2646
2050-08-11 18:00:00,0.3165
2050-08-11 19:00:00,0.3736
2050-08-11 20:00:00,0.4331
2050-08-11 21:00:00,0.475
2050-08-11 22:00:00,0.4976
2050-08-11 23:00:00,0.5071
2050-08-12 00:00:00,0.5069
2050-08-12 01:00:00,0.5101
2050-08-12 02:00:00,0.5254
2050-08-12 03:00:00,0.5626
2050-08-12 04:00:00,0.623
2050-08-12 05:00:00,0.6833
2050-08-12 06:00:00,0.7078
2050-08-12 07:00:00,0.7085
2050-08-12 08:00:00,0.7169
2050-08-12 09:00:00,0.7371
2050-08-12 10:00:00,0.7594
2050-08-12 11:00:00,0.7794
2050-08-12 12:00:00,0.7982
2050-08-12 13:00:00,0.8146
2050-08-12 14:00:00,0.825
2050-08-12 15:00:00,0.8339
2050-08-12 16:00:00,0.8395
2050-08-12 17:00:00,0.8431
2050-08-12 18:00:00,0.8448
2050-08-12 19:00:00,0.8435
2050-08-12 20:00:00,0.8353
2050-08-12 21:00:00,0.8171
2050-08-12 22:00:00,0.7985
2050-08-12 23:00:00,0.7673
2050-08-13 00:00:00,0.7225
2050-08-13 01:00:00,0.6526
2050-08-13 02:00:00,0.5386
2050-08-13 03:00:00,0.4281
2050-08-13 04:00:00,0.3743
2050-08-13 05:00:00,0.3109
2050-08-13 06:00:00,0.2073
2050-08-13 07:00:00,0.1265
2050-08-13 08:00:00,0.104
2050-08-13 09:00:00,0.1363
2050-08-13 10:00:00,0.1516
2050-08-13 11:00:00,0.1471
2050-08-13 12:00:00,0.1436
2050-08-13 13:00:00,0.1273
2050-08-13 14:00:00,0.1036
2050-08-13 15:00:00,0.0833
2050-08-13 16:00:00,0.0682
2050-08-13 17:00:00,0.0627
2050-08-13 18:00:00,0.0806
2050-08-13 19:00:00,0.112
2050-08-13 20:00:00,0.1375
2050-08-13 21:00:00,0.1332
2050-08-13 22:00:00,0.2174
2050-08-13 23:00:00,0.2391
2050-08-14 00:00:00,0.1273
2050-08-14 01:00:00,0.0926
2050-08-14 02:00:00,0.1563
2050-08-14 03:00:00,0.0914
2050-08-14 04:00:00,0.0391
2050-08-14 05:00:00,0.0549
2050-08-14 06:00:00,0.1227
2050-08-14 07:00:00,0.1917
2050-08-14 08:00:00,0.2316
2050-08-14 09:00:00,0.2461
2050-08-14 10:00:00,0.223
2050-08-14 11:00:00,0.1765
2050-08-14 12:00:00,0.1332
2050-08-14 13:00:00,0.1064
2050-08-14 14:00:00,0.0914
2050-08-14 15:00:00,0.0901
2050-08-14 16:00:00,0.103
2050-08-14 17:00:00,0.1136
2050-08-14 18:00:00,0.1117
2050-08-14 19:00:00,0.0862
2050-08-14 20:00:00,0.056
2050-08-14 21:00:00,0.0575
2050-08-14 22:00:00,0.0791
2050-08-14 23:00:00,0.0756
2050-08-15 00:00:00,0.0602
2050-08-15 01:00:00,0.0692
2050-08-15 02:00:00,0.1042
2050-08-15 03:00:00,0.1431
2050-08-15 04:00:00,0.193
2050-08-15 05:00:00,0.2587
2050-08-15 06:00:00,0.3439
2050-08-15 07:00:00,0.4424
2050-08-15 08:00:00,0.5405
2050-08-15 09:00:00,0.6293
2050-08-15 10:00:00,0.7055
2050-08-15 11:00:00,0.7695
2050-08-15 12:00:00,0.816
2050-08-15 13:00:00,0.8434
2050-08-15 14:00:00,0.8544
2050-08-15 15:00:00,0.8639
2050-08-15 16:00:00,0.8705
2050-08-15 17:00:00,0.8701
2050-08-15 18:00:00,0.8697
2050-08-15 19:00:00,0.8714
2050-08-15 20:00:00,0.8662
2050-08-15 21:00:00,0.8575
2050-08-15 22:00:00,0.8298
2050-08-15 23:00:00,0.7641
2050-08-16 00:00:00,0.6508
2050-08-16 01:00:00,0.5348
2050-08-16 02:00:00,0.4419
2050-08-16 03:00:00,0.3733
2050-08-16 04:00:00,0.3422
2050-08-16 05:00:00,0.3249
2050-08-16 06:00:00,0.3352
2050-08-16 07:00:00,0.3498
2050-08-16 08:00:00,0.355
2050-08-16 09:00:00,0.3403
2050-08-16 10:00:00,0.3093
2050-08-16 11:00:00,0.2647
2050-08-16 12:00:00,0.2152
2050-08-16 13:00:00,0.1777
2050-08-16 14:00:00,0.1524
2050-08-16 15:00:00,0.1295
2050-08-16 16:00:00,0.1075
2050-08-16 17:00:00,0.0948
2050-08-16 18:00:00,0.0926
2050-08-16 19:00:00,0.0884
2050-08-16 20:00:00,0.0793
2050-08-16 21:00:00,0.0742
2050-08-16 22:00:00,0.0806
2050-08-16 23:00:00,0.0927
2050-08-17 00:00:00,0.0998
2050-08-17 01:00:00,0.1044
2050-08-17 02:00:00,0.107
2050-08-17 03:00:00,0.1054
2050-08-17 04:00:00,0.1005
2050-08-17 05:00:00,0.0942
2050-08-17 06:00:00,0.0891
2050-08-17 07:00:00,0.0845
2050-08-17 08:00:00,0.0776
2050-08-17 09:00:00,0.068
2050-08-17 10:00:00,0.0584
2050-08-17 11:00:00,0.0513
2050-08-17 12:00:00,0.0446
2050-08-17 13:00:00,0.0382
2050-08-17 14:00:00,0.0305
2050-08-17 15:00:00,0.0198
2050-08-17 16:00:00,0.0131
2050-08-17 17:00:00,0.0114
2050-08-17 18:00:00,0.0167
2050-08-17 19:00:00,0.0257
2050-08-17 20:00:00,0.0306
2050-08-17 21:00:00,0.0309
2050-08-17 22:00:00,0.0326
2050-08-17 23:00:00,0.0393
2050-08-18 00:00:00,0.0515
2050-08-18 01:00:00,0.0677
2050-08-18 02:00:00,0.0859
2050-08-18 03:00:00,0.0967
2050-08-18 04:00:00,0.1023
2050-08-18 05:00:00,0.1147
2050-08-18 06:00:00,0.1462
2050-08-18 07:00:00,0.1956
2050-08-18 08:00:00,0.2588
2050-08-18 09:00:00,0.3134
2050-08-18 10:00:00,0.3706
2050-08-18 11:00:00,0.4274
2050-08-18 12:00:00,0.4711
2050-08-18 13:00:00,0.4926
2050-08-18 14:00:00,0.502
2050-08-18 15:00:00,0.5073
2050-08-18 16:00:00,0.5082
2050-08-18 17:00:00,0.4998
2050-08-18 18:00:00,0.4631
2050-08-18 19:00:00,0.4239
2050-08-18 20:00:00,0.3848
2050-08-18 21:00:00,0.343
2050-08-18 22:00:00,0.3058
2050-08-18 23:00:00,0.2856
2050-08-19 00:00:00,0.2943
2050-08-19 01:00:00,0.2812
2050-08-19 02:00:00,0.2032
2050-08-19 03:00:00,0.1284
2050-08-19 04:00:00,0.1074
2050-08-19 05:00:00,0.1017
2050-08-19 06:00:00,0.0867
2050-08-19 07:00:00,0.0727
2050-08-19 08:00:00,0.0895
2050-08-19 09:00:00,0.1455
2050-08-19 10:00:00,0.2344
2050-08-19 11:00:00,0.3502
2050-08-19 12:00:00,0.4595
2050-08-19 13:00:00,0.5493
2050-08-19 14:00:00,0.6303
2050-08-19 15:00:00,0.6919
2050-08-19 16:00:00,0.7233
2050-08-19 17:00:00,0.7272
2050-08-19 18:00:00,0.7209
2050-08-19 19:00:00,0.7378
2050-08-19 20:00:00,0.7663
2050-08-19 21:00:00,0.7879
2050-08-19 22:00:00,0.8023
2050-08-19 23:00:00,0.8109
2050-08-20 00:00:00,0.8138
2050-08-20 01:00:00,0.8136
2050-08-20 02:00:00,0.8187
2050-08-20 03:00:00,0.8205
2050-08-20 04:00:00,0.8169
2050-08-20 05:00:00,0.8084
2050-08-20 06:00:00,0.7926
2050-08-20 07:00:00,0.7808
2050-08-20 08:00:00,0.7656
2050-08-20 09:00:00,0.7478
2050-08-20 10:00:00,0.7328
2050-08-20 11:00:00,0.7147
2050-08-20 12:00:00,0.72
2050-08-20 13:00:00,0.7446
2050-08-20 14:00:00,0.6825
2050-08-20 15:00:00,0.5934
2050-08-20 16:00:00,0.5365
2050-08-20 17:00:00,0.508
2050-08-20 18:00:00,0.4984
2050-08-20 19:00:00,0.5501
2050-08-20 20:00:00,0.6539
2050-08-20 21:00:00,0.709
2050-08-20 22:00:00,0.7452
2050-08-20 23:00:00,0.7701
2050-08-21 00:00:00,0.7757
2050-08-21 01:00:00,0.8081
2050-08-21 02:00:00,0.8366
2050-08-21 03:00:00,0.8487
2050-08-21 04:00:00,0.8558
2050-08-21 05:00:00,0.8644
2050-08-21 06:00:00,0.8672
2050-08-21 07:00:00,0.868
2050-08-21 08:00:00,0.8677
2050-08-21 09:00:00,0.8619
2050-08-21 10:00:00,0.8573
2050-08-21 11:00:00,0.8536
2050-08-21 12:00:00,0.8408
2050-08-21 13:00:00,0.8123
2050-08-21 14:00:00,0.7882
2050-08-21 15:00:00,0.7782
2050-08-21 16:00:00,0.7779
2050-08-21 17:00:00,0.7742
2050-08-21 18:00:00,0.7685
2050-08-21 19:00:00,0.7684
2050-08-21 20:00:00,0.779
2050-08-21 21:00:00,0.7848
2050-08-21 22:00:00,0.7873
2050-08-21 23:00:00,0.7918
2050-08-22 00:00:00,0.8055
2050-08-22 01:00:00,0.8285
2050-08-22 02:00:00,0.8489
2050-08-22 03:00:00,0.8665
2050-08-22 04:00:00,0.883
2050-08-22 05:00:00,0.8955
2050-08-22 06:00:00,0.9049
2050-08-22 07:00:00,0.9087
2050-08-22 08:00:00,0.9073
2050-08-22 09:00:00,0.9059
2050-08-22 10:00:00,0.9041
2050-08-22 11:00:00,0.9027
2050-08-22 12:00:00,0.9022
2050-08-22 13:00:00,0.9037
2050-08-22 14:00:00,0.9072
2050-08-22 15:00:00,0.9099
2050-08-22 16:00:00,0.9098
2050-08-22 17:00:00,0.9089
2050-08-22 18:00:00,0.9059
2050-08-22 19:00:00,0.8987
2050-08-22 20:00:00,0.8821
2050-08-22 21:00:00,0.8341
2050-08-22 22:00:00,0.8287
2050-08-22 23:00:00,0.8472
2050-08-23 00:00:00,0.8523
2050-08-23 01:00:00,0.8679
2050-08-23 02:00:00,0.8802
2050-08-23 03:00:00,0.8831
2050-08-23 04:00:00,0.8969
2050-08-23 05:00:00,0.9047
2050-08-23 06:00:00,0.8842
2050-08-23 07:00:00,0.8319
2050-08-23 08:00:00,0.7524
2050-08-23 09:00:00,0.7021
2050-08-23 10:00:00,0.6956
2050-08-23 11:00:00,0.759
2050-08-23 12:00:00,0.8401
2050-08-23 13:00:00,0.8804
2050-08-23 14:00:00,0.8722
2050-08-23 15:00:00,0.8182
2050-08-23 16:00:00,0.7153
2050-08-23 17:00:00,0.5872
2050-08-23 18:00:00,0.4312
2050-08-23 19:00:00,0.332
2050-08-23 20:00:00,0.3102
2050-08-23 21:00:00,0.34
2050-08-23 22:00:00,0.4402
2050-08-23 23:00:00,0.565
2050-08-24 00:00:00,0.6678
2050-08-24 01:00:00,0.7087
2050-08-24 02:00:00,0.7197
2050-08-24 03:00:00,0.6967
2050-08-24 04:00:00,0.6426
2050-08-24 05:00:00,0.5931
2050-08-24 06:00:00,0.5588
2050-08-24 07:00:00,0.5212
2050-08-24 08:00:00,0.4473
2050-08-24 09:00:00,0.3413
2050-08-24 10:00:00,0.2784
2050-08-24 11:00:00,0.2708
2050-08-24 12:00:00,0.2951
2050-08-24 13:00:00,0.3566
2050-08-24 14:00:00,0.399
2050-08-24 15:00:00,0.4375
2050-08-24 16:00:00,0.5192
2050-08-24 17:00:00,0.6058
2050-08-24 18:00:00,0.6725
2050-08-24 19:00:00,0.7453
2050-08-24 20:00:00,0.7795
2050-08-24 21:00:00,0.7516
2050-08-24 22:00:00,0.759
2050-08-24 23:00:00,0.7857
2050-08-25 00:00:00,0.8049
2050-08-25 01:00:00,0.8124
2050-08-25 02:00:00,0.819
2050-08-25 03:00:00,0.8331
2050-08-25 04:00:00,0.8435
2050-08-25 05:00:00,0.8401
2050-08-25 06:00:00,0.8237
2050-08-25 07:00:00,0.8021
2050-08-25 08:00:00,0.7735
2050-08-25 09:00:00,0.7544
2050-08-25 10:00:00,0.7574
2050-08-25 11:00:00,0.7748
2050-08-25 12:00:00,0.7943
2050-08-25 13:00:00,0.8126
2050-08-25 14:00:00,0.8327
2050-08-25 15:00:00,0.8474
2050-08-25 16:00:00,0.8588
2050-08-25 17:00:00,0.871
2050-08-25 18:00:00,0.8812
2050-08-25 19:00:00,0.8875
2050-08-25 20:00:00,0.8914
2050-08-25 21:00:00,0.8944
2050-08-25 22:00:00,0.8947
2050-08-25 23:00:00,0.8917
2050-08-26 00:00:00,0.8855
2050-08-26 01:00:00,0.8762
2050-08-26 02:00:00,0.8584
2050-08-26 03:00:00,0.8316
2050-08-26 04:00:00,0.7985
2050-08-26 05:00:00,0.7663
2050-08-26 06:00:00,0.7367
2050-08-26 07:00:00,0.7078
2050-08-26 08:00:00,0.6806
2050-08-26 09:00:00,0.6452
2050-08-26 10:00:00,0.611
2050-08-26 11:00:00,0.5836
2050-08-26 12:00:00,0.5502
2050-08-26 13:00:00,0.5165
2050-08-26 14:00:00,0.4842
2050-08-26 15:00:00,0.4474
2050-08-26 16:00:00,0.4086
2050-08-26 17:00:00,0.3824
2050-08-26 18:00:00,0.385
2050-08-26 19:00:00,0.387
2050-08-26 20:00:00,0.397
2050-08-26 21:00:00,0.4272
2050-08-26 22:00:00,0.4822
2050-08-26 23:00:00,0.5376
2050-08-27 00:00:00,0.5744
2050-08-27 01:00:00,0.6091
2050-08-27 02:00:00,0.651
2050-08-27 03:00:00,0.676
2050-08-27 04:00:00,0.7046
2050-08-27 05:00:00,0.726
2050-08-27 06:00:00,0.7404
2050-08-27 07:00:00,0.7455
2050-08-27 08:00:00,0.7393
2050-08-27 09:00:00,0.7141
2050-08-27 10:00:00,0.6701
2050-08-27 11:00:00,0.6301
2050-08-27 12:00:00,0.6044
2050-08-27 13:00:00,0.5875
2050-08-27 14:00:00,0.566
2050-08-27 15:00:00,0.5297
2050-08-27 16:00:00,0.4991
2050-08-27 17:00:00,0.4922
2050-08-27 18:00:00,0.5089
2050-08-27 19:00:00,0.5372
2050-08-27 20:00:00,0.5558
2050-08-27 21:00:00,0.5651
2050-08-27 22:00:00,0.5548
2050-08-27 23:00:00,0.525
2050-08-28 00:00:00,0.4937
2050-08-28 01:00:00,0.4492
2050-08-28 02:00:00,0.3873
2050-08-28 03:00:00,0.3329
2050-08-28 04:00:00,0.2959
2050-08-28 05:00:00,0.2899
2050-08-28 06:00:00,0.3069
2050-08-28 07:00:00,0.3157
2050-08-28 08:00:00,0.3109
2050-08-28 09:00:00,0.3093
2050-08-28 10:00:00,0.3396
2050-08-28 11:00:00,0.4145
2050-08-28 12:00:00,0.4979
2050-08-28 13:00:00,0.5555
2050-08-28 14:00:00,0.5827
2050-08-28 15:00:00,0.5915
2050-08-28 16:00:00,0.5882
2050-08-28 17:00:00,0.5869
2050-08-28 18:00:00,0.5955
2050-08-28 19:00:00,0.6107
2050-08-28 20:00:00,0.6249
2050-08-28 21:00:00,0.6294
2050-08-28 22:00:00,0.6224
2050-08-28 23:00:00,0.6066
2050-08-29 00:00:00,0.5834
2050-08-29 01:00:00,0.5368
2050-08-29 02:00:00,0.4551
2050-08-29 03:00:00,0.3789
2050-08-29 04:00:00,0.3408
2050-08-29 05:00:00,0.3437
2050-08-29 06:00:00,0.3784
2050-08-29 07:00:00,0.4134
2050-08-29 08:00:00,0.4358
2050-08-29 09:00:00,0.4439
2050-08-29 10:00:00,0.4565
2050-08-29 11:00:00,0.4647
2050-08-29 12:00:00,0.4393
2050-08-29 13:00:00,0.3953
2050-08-29 14:00:00,0.3696
2050-08-29 15:00:00,0.3296
2050-08-29 16:00:00,0.277
2050-08-29 17:00:00,0.2283
2050-08-29 18:00:00,0.1867
2050-08-29 19:00:00,0.1575
2050-08-29 20:00:00,0.1492
2050-08-29 21:00:00,0.1508
2050-08-29 22:00:00,0.1545
2050-08-29 23:00:00,0.1598
2050-08-30 00:00:00,0.1662
2050-08-30 01:00:00,0.164
2050-08-30 02:00:00,0.1609
2050-08-30 03:00:00,0.1506
2050-08-30 04:00:00,0.1318
2050-08-30 05:00:00,0.1264
2050-08-30 06:00:00,0.1319
2050-08-30 07:00:00,0.1435
2050-08-30 08:00:00,0.1604
2050-08-30 09:00:00,0.1846
2050-08-30 10:00:00,0.215
2050-08-30 11:00:00,0.2572
2050-08-30 12:00:00,0.303
2050-08-30 13:00:00,0.3406
2050-08-30 14:00:00,0.3654
2050-08-30 15:00:00,0.3818
2050-08-30 16:00:00,0.3854
2050-08-30 17:00:00,0.377
2050-08-30 18:00:00,0.372
2050-08-30 19:00:00,0.3715
2050-08-30 20:00:00,0.371
2050-08-30 21:00:00,0.3819
2050-08-30 22:00:00,0.3924
2050-08-30 23:00:00,0.3939
2050-08-31 00:00:00,0.3916
2050-08-31 01:00:00,0.3915
2050-08-31 02:00:00,0.3916
2050-08-31 03:00:00,0.4014
2050-08-31 04:00:00,0.4328
2050-08-31 05:00:00,0.4769
2050-08-31 06:00:00,0.5167
2050-08-31 07:00:00,0.5526
2050-08-31 08:00:00,0.5857
2050-08-31 09:00:00,0.6047
2050-08-31 10:00:00,0.6128
2050-08-31 11:00:00,0.64
2050-08-31 12:00:00,0.6823
2050-08-31 13:00:00,0.7202
2050-08-31 14:00:00,0.7446
2050-08-31 15:00:00,0.761
2050-08-31 16:00:00,0.7749
2050-08-31 17:00:00,0.7877
2050-08-31 18:00:00,0.8008
2050-08-31 19:00:00,0.8116
2050-08-31 20:00:00,0.8197
2050-08-31 21:00:00,0.8235
2050-08-31 22:00:00,0.8236
2050-08-31 23:00:00,0.8183
2050-09-01 00:00:00,0.8106
2050-09-01 01:00:00,0.8036
2050-09-01 02:00:00,0.801
2050-09-01 03:00:00,0.8024
2050-09-01 04:00:00,0.8096
2050-09-01 05:00:00,0.814
2050-09-01 06:00:00,0.8113
2050-09-01 07:00:00,0.7963
2050-09-01 08:00:00,0.7758
2050-09-01 09:00:00,0.7656
2050-09-01 10:00:00,0.7722
2050-09-01 11:00:00,0.7989
2050-09-01 12:00:00,0.8248
2050-09-01 13:00:00,0.8396
2050-09-01 14:00:00,0.85
2050-09-01 15:00:00,0.8553
2050-09-01 16:00:00,0.8565
2050-09-01 17:00:00,0.8561
2050-09-01 18:00:00,0.8506
2050-09-01 19:00:00,0.8425
2050-09-01 20:00:00,0.8314
2050-09-01 21:00:00,0.8177
2050-09-01 22:00:00,0.7957
2050-09-01 23:00:00,0.761
2050-09-02 00:00:00,0.7266
2050-09-02 01:00:00,0.6833
2050-09-02 02:00:00,0.633
2050-09-02 03:00:00,0.5748
2050-09-02 04:00:00,0.5282
2050-09-02 05:00:00,0.4928
2050-09-02 06:00:00,0.4641
2050-09-02 07:00:00,0.4501
2050-09-02 08:00:00,0.4617
2050-09-02 09:00:00,0.4887
2050-09-02 10:00:00,0.5199
2050-09-02 11:00:00,0.5491
2050-09-02 12:00:00,0.5644
2050-09-02 13:00:00,0.5572
2050-09-02 14:00:00,0.5403
2050-09-02 15:00:00,0.5112
2050-09-02 16:00:00,0.4753
2050-09-02 17:00:00,0.4525
2050-09-02 18:00:00,0.4476
2050-09-02 19:00:00,0.4362
2050-09-02 20:00:00,0.4278
2050-09-02 21:00:00,0.4051
2050-09-02 22:00:00,0.3937
2050-09-02 23:00:00,0.3806
2050-09-03 00:00:00,0.3645
2050-09-03 01:00:00,0.3444
2050-09-03 02:00:00,0.3093
2050-09-03 03:00:00,0.268
2050-09-03 04:00:00,0.2273
2050-09-03 05:00:00,0.204
2050-09-03 06:00:00,0.2022
2050-09-03 07:00:00,0.2165
2050-09-03 08:00:00,0.2282
2050-09-03 09:00:00,0.2374
2050-09-03 10:00:00,0.2544
2050-09-03 11:00:00,0.289
2050-09-03 12:00:00,0.3206
2050-09-03 13:00:00,0.3471
2050-09-03 14:00:00,0.3706
2050-09-03 15:00:00,0.3728
2050-09-03 16:00:00,0.3599
2050-09-03 17:00:00,0.3403
2050-09-03 18:00:00,0.318
2050-09-03 19:00:00,0.3094
2050-09-03 20:00:00,0.2987
2050-09-03 21:00:00,0.2629
2050-09-03 22:00:00,0.2047
2050-09-03 23:00:00,0.151
2050-09-04 00:00:00,0.1041
2050-09-04 01:00:00,0.0644
2050-09-04 02:00:00,0.035
2050-09-04 03:00:00,0.0223
2050-09-04 04:00:00,0.0196
2050-09-04 05:00:00,0.0246
2050-09-04 06:00:00,0.0341
2050-09-04 07:00:00,0.0426
2050-09-04 08:00:00,0.0555
2050-09-04 09:00:00,0.0734
2050-09-04 10:00:00,0.0932
2050-09-04 11:00:00,0.118
2050-09-04 12:00:00,0.1397
2050-09-04 13:00:00,0.1512
2050-09-04 14:00:00,0.1466
2050-09-04 15:00:00,0.1352
2050-09-04 16:00:00,0.1343
2050-09-04 17:00:00,0.1425
2050-09-04 18:00:00,0.1706
2050-09-04 19:00:00,0.1965
2050-09-04 20:00:00,0.2211
2050-09-04 21:00:00,0.2516
2050-09-04 22:00:00,0.2942
2050-09-04 23:00:00,0.354
2050-09-05 00:00:00,0.4176
2050-09-05 01:00:00,0.4589
2050-09-05 02:00:00,0.4852
2050-09-05 03:00:00,0.5261
2050-09-05 04:00:00,0.5889
2050-09-05 05:00:00,0.6471
2050-09-05 06:00:00,0.69
2050-09-05 07:00:00,0.7263
2050-09-05 08:00:00,0.7668
2050-09-05 09:00:00,0.8077
2050-09-05 10:00:00,0.8376
2050-09-05 11:00:00,0.8593
2050-09-05 12:00:00,0.8734
2050-09-05 13:00:00,0.8818
2050-09-05 14:00:00,0.8881
2050-09-05 15:00:00,0.893
2050-09-05 16:00:00,0.8932
2050-09-05 17:00:00,0.8923
2050-09-05 18:00:00,0.8917
2050-09-05 19:00:00,0.8913
2050-09-05 20:00:00,0.8914
2050-09-05 21:00:00,0.8896
2050-09-05 22:00:00,0.8843
2050-09-05 23:00:00,0.8791
2050-09-06 00:00:00,0.8771
2050-09-06 01:00:00,0.8764
2050-09-06 02:00:00,0.8783
2050-09-06 03:00:00,0.862
2050-09-06 04:00:00,0.8507
2050-09-06 05:00:00,0.8493
2050-09-06 06:00:00,0.8481
2050-09-06 07:00:00,0.842
2050-09-06 08:00:00,0.8342
2050-09-06 09:00:00,0.8297
2050-09-06 10:00:00,0.8277
2050-09-06 11:00:00,0.8271
2050-09-06 12:00:00,0.8228
2050-09-06 13:00:00,0.8115
2050-09-06 14:00:00,0.796
2050-09-06 15:00:00,0.7787
2050-09-06 16:00:00,0.7571
2050-09-06 17:00:00,0.737
2050-09-06 18:00:00,0.7158
2050-09-06 19:00:00,0.6761
2050-09-06 20:00:00,0.5968
2050-09-06 21:00:00,0.5077
2050-09-06 22:00:00,0.4179
2050-09-06 23:00:00,0.3316
2050-09-07 00:00:00,0.2935
2050-09-07 01:00:00,0.2987
2050-09-07 02:00:00,0.3294
2050-09-07 03:00:00,0.3646
2050-09-07 04:00:00,0.3784
2050-09-07 05:00:00,0.3525
2050-09-07 06:00:00,0.3144
2050-09-07 07:00:00,0.2735
2050-09-07 08:00:00,0.2298
2050-09-07 09:00:00,0.1877
2050-09-07 10:00:00,0.18
2050-09-07 11:00:00,0.1966
2050-09-07 12:00:00,0.2082
2050-09-07 13:00:00,0.1959
2050-09-07 14:00:00,0.156
2050-09-07 15:00:00,0.1187
2050-09-07 16:00:00,0.1231
2050-09-07 17:00:00,0.1797
2050-09-07 18:00:00,0.2769
2050-09-07 19:00:00,0.3898
2050-09-07 20:00:00,0.4854
2050-09-07 21:00:00,0.519
2050-09-07 22:00:00,0.5254
2050-09-07 23:00:00,0.55
2050-09-08 00:00:00,0.5865
2050-09-08 01:00:00,0.6251
2050-09-08 02:00:00,0.6577
2050-09-08 03:00:00,0.695
2050-09-08 04:00:00,0.6533
2050-09-08 05:00:00,0.5158
2050-09-08 06:00:00,0.435
2050-09-08 07:00:00,0.4808
2050-09-08 08:00:00,0.5313
2050-09-08 09:00:00,0.6153
2050-09-08 10:00:00,0.6208
2050-09-08 11:00:00,0.5905
2050-09-08 12:00:00,0.5899
2050-09-08 13:00:00,0.5718
2050-09-08 14:00:00,0.5481
2050-09-08 15:00:00,0.5275
2050-09-08 16:00:00,0.4726
2050-09-08 17:00:00,0.3849
2050-09-08 18:00:00,0.2971
2050-09-08 19:00:00,0.2384
2050-09-08 20:00:00,0.2057
2050-09-08 21:00:00,0.1905
2050-09-08 22:00:00,0.1885
2050-09-08 23:00:00,0.1939
2050-09-09 00:00:00,0.1984
2050-09-09 01:00:00,0.1817
2050-09-09 02:00:00,0.1409
2050-09-09 03:00:00,0.0903
2050-09-09 04:00:00,0.0654
2050-09-09 05:00:00,0.0677
2050-09-09 06:00:00,0.0979
2050-09-09 07:00:00,0.2028
2050-09-09 08:00:00,0.3814
2050-09-09 09:00:00,0.5328
2050-09-09 10:00:00,0.6474
2050-09-09 11:00:00,0.7501
2050-09-09 12:00:00,0.8126
2050-09-09 13:00:00,0.8475
2050-09-09 14:00:00,0.8696
2050-09-09 15:00:00,0.8759
2050-09-09 16:00:00,0.8739
2050-09-09 17:00:00,0.8699
2050-09-09 18:00:00,0.8592
2050-09-09 19:00:00,0.8421
2050-09-09 20:00:00,0.8117
2050-09-09 21:00:00,0.7693
2050-09-09 22:00:00,0.7303
2050-09-09 23:00:00,0.7164
2050-09-10 00:00:00,0.7263
2050-09-10 01:00:00,0.7549
2050-09-10 02:00:00,0.7875
2050-09-10 03:00:00,0.8186
2050-09-10 04:00:00,0.8441
2050-09-10 05:00:00,0.8662
2050-09-10 06:00:00,0.885
2050-09-10 07:00:00,0.8981
2050-09-10 08:00:00,0.906
2050-09-10 09:00:00,0.9094
2050-09-10 10:00:00,0.9101
2050-09-10 11:00:00,0.9099
2050-09-10 12:00:00,0.9089
2050-09-10 13:00:00,0.9063
2050-09-10 14:00:00,0.9025
2050-09-10 15:00:00,0.8935
2050-09-10 16:00:00,0.8782
2050-09-10 17:00:00,0.8608
2050-09-10 18:00:00,0.8373
2050-09-10 19:00:00,0.8072
2050-09-10 20:00:00,0.7749
2050-09-10 21:00:00,0.7414
2050-09-10 22:00:00,0.7099
2050-09-10 23:00:00,0.6794
2050-09-11 00:00:00,0.6526
2050-09-11 01:00:00,0.6288
2050-09-11 02:00:00,0.6339
2050-09-11 03:00:00,0.6613
2050-09-11 04:00:00,0.7071
2050-09-11 05:00:00,0.7469
2050-09-11 06:00:00,0.7711
2050-09-11 07:00:00,0.7837
2050-09-11 08:00:00,0.7871
2050-09-11 09:00:00,0.7817
2050-09-11 10:00:00,0.7714
2050-09-11 11:00:00,0.7602
2050-09-11 12:00:00,0.75
2050-09-11 13:00:00,0.7423
2050-09-11 14:00:00,0.7334
2050-09-11 15:00:00,0.7039
2050-09-11 16:00:00,0.644
2050-09-11 17:00:00,0.5733
2050-09-11 18:00:00,0.4972
2050-09-11 19:00:00,0.4329
2050-09-11 20:00:00,0.3994
2050-09-11 21:00:00,0.4062
2050-09-11 22:00:00,0.4261
2050-09-11 23:00:00,0.4279
2050-09-12 00:00:00,0.4158
2050-09-12 01:00:00,0.4106
2050-09-12 02:00:00,0.4129
2050-09-12 03:00:00,0.4049
2050-09-12 04:00:00,0.3827
2050-09-12 05:00:00,0.3538
2050-09-12 06:00:00,0.3269
2050-09-12 07:00:00,0.3063
2050-09-12 08:00:00,0.3003
2050-09-12 09:00:00,0.3112
2050-09-12 10:00:00,0.3347
2050-09-12 11:00:00,0.3692
2050-09-12 12:00:00,0.4053
2050-09-12 13:00:00,0.4358
2050-09-12 14:00:00,0.4553
2050-09-12 15:00:00,0.4746
2050-09-12 16:00:00,0.502
2050-09-12 17:00:00,0.5319
2050-09-12 18:00:00,0.5641
2050-09-12 19:00:00,0.6009
2050-09-12 20:00:00,0.6373
2050-09-12 21:00:00,0.6587
2050-09-12 22:00:00,0.663
2050-09-12 23:00:00,0.6556
2050-09-13 00:00:00,0.647
2050-09-13 01:00:00,0.6546
2050-09-13 02:00:00,0.6705
2050-09-13 03:00:00,0.6762
2050-09-13 04:00:00,0.6633
2050-09-13 05:00:00,0.6325
2050-09-13 06:00:00,0.5927
2050-09-13 07:00:00,0.5625
2050-09-13 08:00:00,0.5395
2050-09-13 09:00:00,0.5253
2050-09-13 10:00:00,0.53
2050-09-13 11:00:00,0.5415
2050-09-13 12:00:00,0.5207
2050-09-13 13:00:00,0.4955
2050-09-13 14:00:00,0.465
2050-09-13 15:00:00,0.4295
2050-09-13 16:00:00,0.4294
2050-09-13 17:00:00,0.3858
2050-09-13 18:00:00,0.3592
2050-09-13 19:00:00,0.3399
2050-09-13 20:00:00,0.2836
2050-09-13 21:00:00,0.2366
2050-09-13 22:00:00,0.2153
2050-09-13 23:00:00,0.1958
2050-09-14 00:00:00,0.1977
2050-09-14 01:00:00,0.2021
2050-09-14 02:00:00,0.2047
2050-09-14 03:00:00,0.2103
2050-09-14 04:00:00,0.211
2050-09-14 05:00:00,0.2054
2050-09-14 06:00:00,0.1967
2050-09-14 07:00:00,0.1943
2050-09-14 08:00:00,0.2086
2050-09-14 09:00:00,0.2489
2050-09-14 10:00:00,0.3022
2050-09-14 11:00:00,0.3548
2050-09-14 12:00:00,0.3957
2050-09-14 13:00:00,0.4156
2050-09-14 14:00:00,0.4064
2050-09-14 15:00:00,0.3755
2050-09-14 16:00:00,0.3519
2050-09-14 17:00:00,0.3423
2050-09-14 18:00:00,0.3331
2050-09-14 19:00:00,0.3267
2050-09-14 20:00:00,0.3177
2050-09-14 21:00:00,0.316
2050-09-14 22:00:00,0.3152
2050-09-14 23:00:00,0.315
2050-09-15 00:00:00,0.3182
2050-09-15 01:00:00,0.3178
2050-09-15 02:00:00,0.3093
2050-09-15 03:00:00,0.2849
2050-09-15 04:00:00,0.261
2050-09-15 05:00:00,0.2471
2050-09-15 06:00:00,0.2395
2050-09-15 07:00:00,0.2334
2050-09-15 08:00:00,0.2361
2050-09-15 09:00:00,0.2666
2050-09-15 10:00:00,0.3223
2050-09-15 11:00:00,0.3815
2050-09-15 12:00:00,0.4377
2050-09-15 13:00:00,0.4875
2050-09-15 14:00:00,0.5225
2050-09-15 15:00:00,0.55
2050-09-15 16:00:00,0.5796
2050-09-15 17:00:00,0.5954
2050-09-15 18:00:00,0.575
2050-09-15 19:00:00,0.5334
2050-09-15 20:00:00,0.5192
2050-09-15 21:00:00,0.5342
2050-09-15 22:00:00,0.506
2050-09-15 23:00:00,0.4028
2050-09-16 00:00:00,0.3062
2050-09-16 01:00:00,0.2835
2050-09-16 02:00:00,0.2965
2050-09-16 03:00:00,0.3616
2050-09-16 04:00:00,0.4479
2050-09-16 05:00:00,0.5288
2050-09-16 06:00:00,0.606
2050-09-16 07:00:00,0.6545
2050-09-16 08:00:00,0.6719
2050-09-16 09:00:00,0.6517
2050-09-16 10:00:00,0.6271
2050-09-16 11:00:00,0.6058
2050-09-16 12:00:00,0.6134
2050-09-16 13:00:00,0.6464
2050-09-16 14:00:00,0.6725
2050-09-16 15:00:00,0.6895
2050-09-16 16:00:00,0.6983
2050-09-16 17:00:00,0.7022
2050-09-16 18:00:00,0.7023
2050-09-16 19:00:00,0.7009
2050-09-16 20:00:00,0.6976
2050-09-16 21:00:00,0.6901
2050-09-16 22:00:00,0.6647
2050-09-16 23:00:00,0.6366
2050-09-17 00:00:00,0.6163
2050-09-17 01:00:00,0.6015
2050-09-17 02:00:00,0.584
2050-09-17 03:00:00,0.5619
2050-09-17 04:00:00,0.5527
2050-09-17 05:00:00,0.5583
2050-09-17 06:00:00,0.5622
2050-09-17 07:00:00,0.562
2050-09-17 08:00:00,0.5657
2050-09-17 09:00:00,0.5681
2050-09-17 10:00:00,0.5626
2050-09-17 11:00:00,0.5567
2050-09-17 12:00:00,0.5596
2050-09-17 13:00:00,0.5779
2050-09-17 14:00:00,0.6011
2050-09-17 15:00:00,0.6313
2050-09-17 16:00:00,0.6688
2050-09-17 17:00:00,0.71
2050-09-17 18:00:00,0.7484
2050-09-17 19:00:00,0.7742
2050-09-17 20:00:00,0.7852
2050-09-17 21:00:00,0.7803
2050-09-17 22:00:00,0.7612
2050-09-17 23:00:00,0.7297
2050-09-18 00:00:00,0.6955
2050-09-18 01:00:00,0.6747
2050-09-18 02:00:00,0.6695
2050-09-18 03:00:00,0.6717
2050-09-18 04:00:00,0.6794
2050-09-18 05:00:00,0.6911
2050-09-18 06:00:00,0.7039
2050-09-18 07:00:00,0.7143
2050-09-18 08:00:00,0.7161
2050-09-18 09:00:00,0.7026
2050-09-18 10:00:00,0.6856
2050-09-18 11:00:00,0.6725
2050-09-18 12:00:00,0.6623
2050-09-18 13:00:00,0.6568
2050-09-18 14:00:00,0.6633
2050-09-18 15:00:00,0.6894
2050-09-18 16:00:00,0.7237
2050-09-18 17:00:00,0.7516
2050-09-18 18:00:00,0.7679
2050-09-18 19:00:00,0.7591
2050-09-18 20:00:00,0.74
2050-09-18 21:00:00,0.7085
2050-09-18 22:00:00,0.6473
2050-09-18 23:00:00,0.5814
2050-09-19 00:00:00,0.5428
2050-09-19 01:00:00,0.5302
2050-09-19 02:00:00,0.5206
2050-09-19 03:00:00,0.5215
2050-09-19 04:00:00,0.5266
2050-09-19 05:00:00,0.5339
2050-09-19 06:00:00,0.5458
2050-09-19 07:00:00,0.5626
2050-09-19 08:00:00,0.5767
2050-09-19 09:00:00,0.5698
2050-09-19 10:00:00,0.551
2050-09-19 11:00:00,0.547
2050-09-19 12:00:00,0.5523
2050-09-19 13:00:00,0.5695
2050-09-19 14:00:00,0.599
2050-09-19 15:00:00,0.6341
2050-09-19 16:00:00,0.6699
2050-09-19 17:00:00,0.6932
2050-09-19 18:00:00,0.707
2050-09-19 19:00:00,0.7052
2050-09-19 20:00:00,0.6857
2050-09-19 21:00:00,0.6582
2050-09-19 22:00:00,0.6378
2050-09-19 23:00:00,0.6266
2050-09-20 00:00:00,0.6124
2050-09-20 01:00:00,0.6018
2050-09-20 02:00:00,0.5997
2050-09-20 03:00:00,0.6099
2050-09-20 04:00:00,0.6281
2050-09-20 05:00:00,0.6477
2050-09-20 06:00:00,0.6718
2050-09-20 07:00:00,0.6922
2050-09-20 08:00:00,0.7056
2050-09-20 09:00:00,0.7132
2050-09-20 10:00:00,0.72
2050-09-20 11:00:00,0.7285
2050-09-20 12:00:00,0.733
2050-09-20 13:00:00,0.7374
2050-09-20 14:00:00,0.7425
2050-09-20 15:00:00,0.7559
2050-09-20 16:00:00,0.7679
2050-09-20 17:00:00,0.7698
2050-09-20 18:00:00,0.7638
2050-09-20 19:00:00,0.7485
2050-09-20 20:00:00,0.7289
2050-09-20 21:00:00,0.6977
2050-09-20 22:00:00,0.6642
2050-09-20 23:00:00,0.6297
2050-09-21 00:00:00,0.5907
2050-09-21 01:00:00,0.5526
2050-09-21 02:00:00,0.5245
2050-09-21 03:00:00,0.5045
2050-09-21 04:00:00,0.4919
2050-09-21 05:00:00,0.4817
2050-09-21 06:00:00,0.4692
2050-09-21 07:00:00,0.4488
2050-09-21 08:00:00,0.4243
2050-09-21 09:00:00,0.4155
2050-09-21 10:00:00,0.4318
2050-09-21 11:00:00,0.4564
2050-09-21 12:00:00,0.4719
2050-09-21 13:00:00,0.468
2050-09-21 14:00:00,0.4596
2050-09-21 15:00:00,0.4597
2050-09-21 16:00:00,0.485
2050-09-21 17:00:00,0.5237
2050-09-21 18:00:00,0.5511
2050-09-21 19:00:00,0.546
2050-09-21 20:00:00,0.5136
2050-09-21 21:00:00,0.4596
2050-09-21 22:00:00,0.3983
2050-09-21 23:00:00,0.3426
2050-09-22 00:00:00,0.2934
2050-09-22 01:00:00,0.2533
2050-09-22 02:00:00,0.2219
2050-09-22 03:00:00,0.2012
2050-09-22 04:00:00,0.1867
2050-09-22 05:00:00,0.1762
2050-09-22 06:00:00,0.1733
2050-09-22 07:00:00,0.1788
2050-09-22 08:00:00,0.1896
2050-09-22 09:00:00,0.2001
2050-09-22 10:00:00,0.2084
2050-09-22 11:00:00,0.2149
2050-09-22 12:00:00,0.216
2050-09-22 13:00:00,0.2121
2050-09-22 14:00:00,0.2067
2050-09-22 15:00:00,0.2057
2050-09-22 16:00:00,0.2124
2050-09-22 17:00:00,0.2214
2050-09-22 18:00:00,0.2277
2050-09-22 19:00:00,0.2244
2050-09-22 20:00:00,0.2029
2050-09-22 21:00:00,0.1713
2050-09-22 22:00:00,0.1462
2050-09-22 23:00:00,0.123
2050-09-23 00:00:00,0.0964
2050-09-23 01:00:00,0.0784
2050-09-23 02:00:00,0.0814
2050-09-23 03:00:00,0.1075
2050-09-23 04:00:00,0.1518
2050-09-23 05:00:00,0.2077
2050-09-23 06:00:00,0.2605
2050-09-23 07:00:00,0.3064
2050-09-23 08:00:00,0.3367
2050-09-23 09:00:00,0.3569
2050-09-23 10:00:00,0.3758
2050-09-23 11:00:00,0.4249
2050-09-23 12:00:00,0.4982
2050-09-23 13:00:00,0.5446
2050-09-23 14:00:00,0.3946
2050-09-23 15:00:00,0.5671
2050-09-23 16:00:00,0.601
2050-09-23 17:00:00,0.634
2050-09-23 18:00:00,0.6628
2050-09-23 19:00:00,0.6844
2050-09-23 20:00:00,0.685
2050-09-23 21:00:00,0.6698
2050-09-23 22:00:00,0.6762
2050-09-23 23:00:00,0.6779
2050-09-24 00:00:00,0.6593
2050-09-24 01:00:00,0.6457
2050-09-24 02:00:00,0.6442
2050-09-24 03:00:00,0.6595
2050-09-24 04:00:00,0.6803
2050-09-24 05:00:00,0.6973
2050-09-24 06:00:00,0.7172
2050-09-24 07:00:00,0.7366
2050-09-24 08:00:00,0.7529
2050-09-24 09:00:00,0.7673
2050-09-24 10:00:00,0.771
2050-09-24 11:00:00,0.7551
2050-09-24 12:00:00,0.7252
2050-09-24 13:00:00,0.713
2050-09-24 14:00:00,0.7458
2050-09-24 15:00:00,0.7928
2050-09-24 16:00:00,0.8123
2050-09-24 17:00:00,0.8097
2050-09-24 18:00:00,0.8039
2050-09-24 19:00:00,0.7993
2050-09-24 20:00:00,0.794
2050-09-24 21:00:00,0.7941
2050-09-24 22:00:00,0.8079
2050-09-24 23:00:00,0.8185
2050-09-25 00:00:00,0.8249
2050-09-25 01:00:00,0.8304
2050-09-25 02:00:00,0.8355
2050-09-25 03:00:00,0.8343
2050-09-25 04:00:00,0.8219
2050-09-25 05:00:00,0.7987
2050-09-25 06:00:00,0.761
2050-09-25 07:00:00,0.7163
2050-09-25 08:00:00,0.6575
2050-09-25 09:00:00,0.5916
2050-09-25 10:00:00,0.5119
2050-09-25 11:00:00,0.418
2050-09-25 12:00:00,0.3248
2050-09-25 13:00:00,0.2372
2050-09-25 14:00:00,0.1646
2050-09-25 15:00:00,0.1141
2050-09-25 16:00:00,0.0864
2050-09-25 17:00:00,0.0823
2050-09-25 18:00:00,0.1275
2050-09-25 19:00:00,0.1947
2050-09-25 20:00:00,0.2664
2050-09-25 21:00:00,0.358
2050-09-25 22:00:00,0.4301
2050-09-25 23:00:00,0.4863
2050-09-26 00:00:00,0.5295
2050-09-26 01:00:00,0.5636
2050-09-26 02:00:00,0.6204
2050-09-26 03:00:00,0.6384
2050-09-26 04:00:00,0.6023
2050-09-26 05:00:00,0.5604
2050-09-26 06:00:00,0.5423
2050-09-26 07:00:00,0.4805
2050-09-26 08:00:00,0.448
2050-09-26 09:00:00,0.507
2050-09-26 10:00:00,0.639
2050-09-26 11:00:00,0.7297
2050-09-26 12:00:00,0.7498
2050-09-26 13:00:00,0.7452
2050-09-26 14:00:00,0.7318
2050-09-26 15:00:00,0.6999
2050-09-26 16:00:00,0.6583
2050-09-26 17:00:00,0.6294
2050-09-26 18:00:00,0.6131
2050-09-26 19:00:00,0.6004
2050-09-26 20:00:00,0.5866
2050-09-26 21:00:00,0.5828
2050-09-26 22:00:00,0.5861
2050-09-26 23:00:00,0.6043
2050-09-27 00:00:00,0.633
2050-09-27 01:00:00,0.6834
2050-09-27 02:00:00,0.7449
2050-09-27 03:00:00,0.7871
2050-09-27 04:00:00,0.7835
2050-09-27 05:00:00,0.7245
2050-09-27 06:00:00,0.7658
2050-09-27 07:00:00,0.833
2050-09-27 08:00:00,0.8478
2050-09-27 09:00:00,0.7542
2050-09-27 10:00:00,0.7616
2050-09-27 11:00:00,0.7437
2050-09-27 12:00:00,0.8357
2050-09-27 13:00:00,0.8881
2050-09-27 14:00:00,0.9027
2050-09-27 15:00:00,0.9002
2050-09-27 16:00:00,0.901
2050-09-27 17:00:00,0.9069
2050-09-27 18:00:00,0.9104
2050-09-27 19:00:00,0.9097
2050-09-27 20:00:00,0.906
2050-09-27 21:00:00,0.9015
2050-09-27 22:00:00,0.8965
2050-09-27 23:00:00,0.8918
2050-09-28 00:00:00,0.8896
2050-09-28 01:00:00,0.8885
2050-09-28 02:00:00,0.8857
2050-09-28 03:00:00,0.8795
2050-09-28 04:00:00,0.8695
2050-09-28 05:00:00,0.8575
2050-09-28 06:00:00,0.8428
2050-09-28 07:00:00,0.8236
2050-09-28 08:00:00,0.8021
2050-09-28 09:00:00,0.7776
2050-09-28 10:00:00,0.7534
2050-09-28 11:00:00,0.7346
2050-09-28 12:00:00,0.72
2050-09-28 13:00:00,0.6999
2050-09-28 14:00:00,0.6679
2050-09-28 15:00:00,0.6446
2050-09-28 16:00:00,0.6251
2050-09-28 17:00:00,0.5898
2050-09-28 18:00:00,0.5431
2050-09-28 19:00:00,0.4939
2050-09-28 20:00:00,0.4392
2050-09-28 21:00:00,0.4071
2050-09-28 22:00:00,0.3641
2050-09-28 23:00:00,0.3135
2050-09-29 00:00:00,0.2713
2050-09-29 01:00:00,0.2328
2050-09-29 02:00:00,0.2195
2050-09-29 03:00:00,0.2295
2050-09-29 04:00:00,0.2403
2050-09-29 05:00:00,0.2545
2050-09-29 06:00:00,0.2904
2050-09-29 07:00:00,0.3541
2050-09-29 08:00:00,0.4098
2050-09-29 09:00:00,0.4488
2050-09-29 10:00:00,0.4883
2050-09-29 11:00:00,0.5293
2050-09-29 12:00:00,0.5516
2050-09-29 13:00:00,0.5523
2050-09-29 14:00:00,0.5464
2050-09-29 15:00:00,0.5533
2050-09-29 16:00:00,0.6107
2050-09-29 17:00:00,0.7028
2050-09-29 18:00:00,0.7862
2050-09-29 19:00:00,0.8408
2050-09-29 20:00:00,0.8705
2050-09-29 21:00:00,0.884
2050-09-29 22:00:00,0.8893
2050-09-29 23:00:00,0.8895
2050-09-30 00:00:00,0.8883
2050-09-30 01:00:00,0.8886
2050-09-30 02:00:00,0.8912
2050-09-30 03:00:00,0.8938
2050-09-30 04:00:00,0.896
2050-09-30 05:00:00,0.8984
2050-09-30 06:00:00,0.9011
2050-09-30 07:00:00,0.9039
2050-09-30 08:00:00,0.9057
2050-09-30 09:00:00,0.9065
2050-09-30 10:00:00,0.9071
2050-09-30 11:00:00,0.9079
2050-09-30 12:00:00,0.908
2050-09-30 13:00:00,0.9078
2050-09-30 14:00:00,0.908
2050-09-30 15:00:00,0.9083
2050-09-30 16:00:00,0.9047
2050-09-30 17:00:00,0.8918
2050-09-30 18:00:00,0.883
2050-09-30 19:00:00,0.888
2050-09-30 20:00:00,0.8972
2050-09-30 21:00:00,0.8856
2050-09-30 22:00:00,0.8312
2050-09-30 23:00:00,0.7711
2050-10-01 00:00:00,0.6928
2050-10-01 01:00:00,0.5748
2050-10-01 02:00:00,0.5102
2050-10-01 03:00:00,0.5054
2050-10-01 04:00:00,0.5324
2050-10-01 05:00:00,0.5527
2050-10-01 06:00:00,0.5526
2050-10-01 07:00:00,0.5441
2050-10-01 08:00:00,0.5463
2050-10-01 09:00:00,0.5575
2050-10-01 10:00:00,0.5726
2050-10-01 11:00:00,0.5955
2050-10-01 12:00:00,0.6205
2050-10-01 13:00:00,0.6437
2050-10-01 14:00:00,0.6603
2050-10-01 15:00:00,0.6668
2050-10-01 16:00:00,0.675
2050-10-01 17:00:00,0.6884
2050-10-01 18:00:00,0.6915
2050-10-01 19:00:00,0.6807
2050-10-01 20:00:00,0.6666
2050-10-01 21:00:00,0.655
2050-10-01 22:00:00,0.6451
2050-10-01 23:00:00,0.6434
2050-10-02 00:00:00,0.6549
2050-10-02 01:00:00,0.6916
2050-10-02 02:00:00,0.7432
2050-10-02 03:00:00,0.7875
2050-10-02 04:00:00,0.8265
2050-10-02 05:00:00,0.8587
2050-10-02 06:00:00,0.874
2050-10-02 07:00:00,0.8801
2050-10-02 08:00:00,0.8787
2050-10-02 09:00:00,0.8715
2050-10-02 10:00:00,0.8624
2050-10-02 11:00:00,0.8548
2050-10-02 12:00:00,0.8539
2050-10-02 13:00:00,0.8551
2050-10-02 14:00:00,0.8552
2050-10-02 15:00:00,0.8513
2050-10-02 16:00:00,0.8427
2050-10-02 17:00:00,0.8334
2050-10-02 18:00:00,0.823
2050-10-02 19:00:00,0.8094
2050-10-02 20:00:00,0.7875
2050-10-02 21:00:00,0.7627
2050-10-02 22:00:00,0.7308
2050-10-02 23:00:00,0.6928
2050-10-03 00:00:00,0.6552
2050-10-03 01:00:00,0.6207
2050-10-03 02:00:00,0.5959
2050-10-03 03:00:00,0.5902
2050-10-03 04:00:00,0.6058
2050-10-03 05:00:00,0.6293
2050-10-03 06:00:00,0.6502
2050-10-03 07:00:00,0.6608
2050-10-03 08:00:00,0.6611
2050-10-03 09:00:00,0.6492
2050-10-03 10:00:00,0.6264
2050-10-03 11:00:00,0.5991
2050-10-03 12:00:00,0.5683
2050-10-03 13:00:00,0.5385
2050-10-03 14:00:00,0.5211
2050-10-03 15:00:00,0.5262
2050-10-03 16:00:00,0.5464
2050-10-03 17:00:00,0.5674
2050-10-03 18:00:00,0.5676
2050-10-03 19:00:00,0.5425
2050-10-03 20:00:00,0.4911
2050-10-03 21:00:00,0.4212
2050-10-03 22:00:00,0.3424
2050-10-03 23:00:00,0.2645
2050-10-04 00:00:00,0.1998
2050-10-04 01:00:00,0.1556
2050-10-04 02:00:00,0.1282
2050-10-04 03:00:00,0.1122
2050-10-04 04:00:00,0.0956
2050-10-04 05:00:00,0.0778
2050-10-04 06:00:00,0.0606
2050-10-04 07:00:00,0.0501
2050-10-04 08:00:00,0.0466
2050-10-04 09:00:00,0.0465
2050-10-04 10:00:00,0.042
2050-10-04 11:00:00,0.0333
2050-10-04 12:00:00,0.0263
2050-10-04 13:00:00,0.0226
2050-10-04 14:00:00,0.0219
2050-10-04 15:00:00,0.0247
2050-10-04 16:00:00,0.0378
2050-10-04 17:00:00,0.0631
2050-10-04 18:00:00,0.0925
2050-10-04 19:00:00,0.1187
2050-10-04 20:00:00,0.142
2050-10-04 21:00:00,0.1597
2050-10-04 22:00:00,0.174
2050-10-04 23:00:00,0.189
2050-10-05 00:00:00,0.2044
2050-10-05 01:00:00,0.2167
2050-10-05 02:00:00,0.2208
2050-10-05 03:00:00,0.2142
2050-10-05 04:00:00,0.2028
2050-10-05 05:00:00,0.1929
2050-10-05 06:00:00,0.1845
2050-10-05 07:00:00,0.1791
2050-10-05 08:00:00,0.1809
2050-10-05 09:00:00,0.1998
2050-10-05 10:00:00,0.2373
2050-10-05 11:00:00,0.2796
2050-10-05 12:00:00,0.3094
2050-10-05 13:00:00,0.3279
2050-10-05 14:00:00,0.341
2050-10-05 15:00:00,0.3607
2050-10-05 16:00:00,0.4126
2050-10-05 17:00:00,0.5064
2050-10-05 18:00:00,0.6216
2050-10-05 19:00:00,0.7128
2050-10-05 20:00:00,0.7616
2050-10-05 21:00:00,0.7842
2050-10-05 22:00:00,0.7802
2050-10-05 23:00:00,0.7582
2050-10-06 00:00:00,0.7413
2050-10-06 01:00:00,0.7381
2050-10-06 02:00:00,0.7365
2050-10-06 03:00:00,0.722
2050-10-06 04:00:00,0.7033
2050-10-06 05:00:00,0.7006
2050-10-06 06:00:00,0.7133
2050-10-06 07:00:00,0.7309
2050-10-06 08:00:00,0.7513
2050-10-06 09:00:00,0.77
2050-10-06 10:00:00,0.7944
2050-10-06 11:00:00,0.8221
2050-10-06 12:00:00,0.8385
2050-10-06 13:00:00,0.8449
2050-10-06 14:00:00,0.8454
2050-10-06 15:00:00,0.8475
2050-10-06 16:00:00,0.8515
2050-10-06 17:00:00,0.8586
2050-10-06 18:00:00,0.8657
2050-10-06 19:00:00,0.8676
2050-10-06 20:00:00,0.8626
2050-10-06 21:00:00,0.8504
2050-10-06 22:00:00,0.8351
2050-10-06 23:00:00,0.8223
2050-10-07 00:00:00,0.8131
2050-10-07 01:00:00,0.8099
2050-10-07 02:00:00,0.8116
2050-10-07 03:00:00,0.826
2050-10-07 04:00:00,0.8418
2050-10-07 05:00:00,0.8464
2050-10-07 06:00:00,0.8598
2050-10-07 07:00:00,0.8663
2050-10-07 08:00:00,0.8579
2050-10-07 09:00:00,0.8298
2050-10-07 10:00:00,0.8
2050-10-07 11:00:00,0.7801
2050-10-07 12:00:00,0.7561
2050-10-07 13:00:00,0.7124
2050-10-07 14:00:00,0.6632
2050-10-07 15:00:00,0.6689
2050-10-07 16:00:00,0.6854
2050-10-07 17:00:00,0.6772
2050-10-07 18:00:00,0.6429
2050-10-07 19:00:00,0.5941
2050-10-07 20:00:00,0.5676
2050-10-07 21:00:00,0.5413
2050-10-07 22:00:00,0.5225
2050-10-07 23:00:00,0.5445
2050-10-08 00:00:00,0.579
2050-10-08 01:00:00,0.5916
2050-10-08 02:00:00,0.6067
2050-10-08 03:00:00,0.6308
2050-10-08 04:00:00,0.6251
2050-10-08 05:00:00,0.6009
2050-10-08 06:00:00,0.5891
2050-10-08 07:00:00,0.6228
2050-10-08 08:00:00,0.6906
2050-10-08 09:00:00,0.7445
2050-10-08 10:00:00,0.7753
2050-10-08 11:00:00,0.7838
2050-10-08 12:00:00,0.7751
2050-10-08 13:00:00,0.7585
2050-10-08 14:00:00,0.7406
2050-10-08 15:00:00,0.739
2050-10-08 16:00:00,0.7474
2050-10-08 17:00:00,0.7532
2050-10-08 18:00:00,0.7557
2050-10-08 19:00:00,0.743
2050-10-08 20:00:00,0.7307
2050-10-08 21:00:00,0.6968
2050-10-08 22:00:00,0.6789
2050-10-08 23:00:00,0.6738
2050-10-09 00:00:00,0.6943
2050-10-09 01:00:00,0.7081
2050-10-09 02:00:00,0.7098
2050-10-09 03:00:00,0.7247
2050-10-09 04:00:00,0.7601
2050-10-09 05:00:00,0.7957
2050-10-09 06:00:00,0.8198
2050-10-09 07:00:00,0.8341
2050-10-09 08:00:00,0.8432
2050-10-09 09:00:00,0.8501
2050-10-09 10:00:00,0.8478
2050-10-09 11:00:00,0.8391
2050-10-09 12:00:00,0.8115
2050-10-09 13:00:00,0.7537
2050-10-09 14:00:00,0.6687
2050-10-09 15:00:00,0.5598
2050-10-09 16:00:00,0.434
2050-10-09 17:00:00,0.3158
2050-10-09 18:00:00,0.2232
2050-10-09 19:00:00,0.1656
2050-10-09 20:00:00,0.1827
2050-10-09 21:00:00,0.326
2050-10-09 22:00:00,0.4778
2050-10-09 23:00:00,0.6029
2050-10-10 00:00:00,0.7283
2050-10-10 01:00:00,0.8429
2050-10-10 02:00:00,0.8887
2050-10-10 03:00:00,0.9012
2050-10-10 04:00:00,0.9068
2050-10-10 05:00:00,0.9094
2050-10-10 06:00:00,0.91
2050-10-10 07:00:00,0.9094
2050-10-10 08:00:00,0.9046
2050-10-10 09:00:00,0.8931
2050-10-10 10:00:00,0.8779
2050-10-10 11:00:00,0.8641
2050-10-10 12:00:00,0.8519
2050-10-10 13:00:00,0.8421
2050-10-10 14:00:00,0.8326
2050-10-10 15:00:00,0.8253
2050-10-10 16:00:00,0.8171
2050-10-10 17:00:00,0.8063
2050-10-10 18:00:00,0.7892
2050-10-10 19:00:00,0.7682
2050-10-10 20:00:00,0.7446
2050-10-10 21:00:00,0.7328
2050-10-10 22:00:00,0.7246
2050-10-10 23:00:00,0.7087
2050-10-11 00:00:00,0.6846
2050-10-11 01:00:00,0.6528
2050-10-11 02:00:00,0.6287
2050-10-11 03:00:00,0.617
2050-10-11 04:00:00,0.6164
2050-10-11 05:00:00,0.6235
2050-10-11 06:00:00,0.6312
2050-10-11 07:00:00,0.643
2050-10-11 08:00:00,0.6631
2050-10-11 09:00:00,0.6784
2050-10-11 10:00:00,0.6835
2050-10-11 11:00:00,0.684
2050-10-11 12:00:00,0.6834
2050-10-11 13:00:00,0.6771
2050-10-11 14:00:00,0.6556
2050-10-11 15:00:00,0.6129
2050-10-11 16:00:00,0.5556
2050-10-11 17:00:00,0.4937
2050-10-11 18:00:00,0.4458
2050-10-11 19:00:00,0.4329
2050-10-11 20:00:00,0.4468
2050-10-11 21:00:00,0.486
2050-10-11 22:00:00,0.495
2050-10-11 23:00:00,0.4766
2050-10-12 00:00:00,0.4727
2050-10-12 01:00:00,0.5106
2050-10-12 02:00:00,0.569
2050-10-12 03:00:00,0.6399
2050-10-12 04:00:00,0.6664
2050-10-12 05:00:00,0.625
2050-10-12 06:00:00,0.5758
2050-10-12 07:00:00,0.5824
2050-10-12 08:00:00,0.6332
2050-10-12 09:00:00,0.6891
2050-10-12 10:00:00,0.7227
2050-10-12 11:00:00,0.7396
2050-10-12 12:00:00,0.7511
2050-10-12 13:00:00,0.7637
2050-10-12 14:00:00,0.7762
2050-10-12 15:00:00,0.7945
2050-10-12 16:00:00,0.8325
2050-10-12 17:00:00,0.8703
2050-10-12 18:00:00,0.8892
2050-10-12 19:00:00,0.9075
2050-10-12 20:00:00,0.91
2050-10-12 21:00:00,0.9087
2050-10-12 22:00:00,0.911
2050-10-12 23:00:00,0.9096
2050-10-13 00:00:00,0.9077
2050-10-13 01:00:00,0.9078
2050-10-13 02:00:00,0.9086
2050-10-13 03:00:00,0.9096
2050-10-13 04:00:00,0.9064
2050-10-13 05:00:00,0.9014
2050-10-13 06:00:00,0.9008
2050-10-13 07:00:00,0.902
2050-10-13 08:00:00,0.9022
2050-10-13 09:00:00,0.9003
2050-10-13 10:00:00,0.8959
2050-10-13 11:00:00,0.8909
2050-10-13 12:00:00,0.8745
2050-10-13 13:00:00,0.8467
2050-10-13 14:00:00,0.809
2050-10-13 15:00:00,0.7604
2050-10-13 16:00:00,0.6986
2050-10-13 17:00:00,0.6425
2050-10-13 18:00:00,0.6053
2050-10-13 19:00:00,0.5607
2050-10-13 20:00:00,0.5086
2050-10-13 21:00:00,0.4149
2050-10-13 22:00:00,0.3143
2050-10-13 23:00:00,0.2251
2050-10-14 00:00:00,0.1521
2050-10-14 01:00:00,0.1008
2050-10-14 02:00:00,0.0786
2050-10-14 03:00:00,0.0607
2050-10-14 04:00:00,0.0508
2050-10-14 05:00:00,0.0472
2050-10-14 06:00:00,0.0508
2050-10-14 07:00:00,0.0668
2050-10-14 08:00:00,0.0708
2050-10-14 09:00:00,0.0629
2050-10-14 10:00:00,0.0598
2050-10-14 11:00:00,0.0741
2050-10-14 12:00:00,0.0861
2050-10-14 13:00:00,0.0765
2050-10-14 14:00:00,0.0953
2050-10-14 15:00:00,0.1171
2050-10-14 16:00:00,0.133
2050-10-14 17:00:00,0.1134
2050-10-14 18:00:00,0.0953
2050-10-14 19:00:00,0.0847
2050-10-14 20:00:00,0.0745
2050-10-14 21:00:00,0.0825
2050-10-14 22:00:00,0.1167
2050-10-14 23:00:00,0.1618
2050-10-15 00:00:00,0.2067
2050-10-15 01:00:00,0.2515
2050-10-15 02:00:00,0.2948
2050-10-15 03:00:00,0.3299
2050-10-15 04:00:00,0.3569
2050-10-15 05:00:00,0.4035
2050-10-15 06:00:00,0.4804
2050-10-15 07:00:00,0.5697
2050-10-15 08:00:00,0.6407
2050-10-15 09:00:00,0.6777
2050-10-15 10:00:00,0.6964
2050-10-15 11:00:00,0.7232
2050-10-15 12:00:00,0.7534
2050-10-15 13:00:00,0.78
2050-10-15 14:00:00,0.8019
2050-10-15 15:00:00,0.8208
2050-10-15 16:00:00,0.8418
2050-10-15 17:00:00,0.8641
2050-10-15 18:00:00,0.8799
2050-10-15 19:00:00,0.8878
2050-10-15 20:00:00,0.8916
2050-10-15 21:00:00,0.8917
2050-10-15 22:00:00,0.8904
2050-10-15 23:00:00,0.8913
2050-10-16 00:00:00,0.8919
2050-10-16 01:00:00,0.8883
2050-10-16 02:00:00,0.8848
2050-10-16 03:00:00,0.8869
2050-10-16 04:00:00,0.8913
2050-10-16 05:00:00,0.8918
2050-10-16 06:00:00,0.8902
2050-10-16 07:00:00,0.8893
2050-10-16 08:00:00,0.8872
2050-10-16 09:00:00,0.8791
2050-10-16 10:00:00,0.863
2050-10-16 11:00:00,0.8501
2050-10-16 12:00:00,0.8516
2050-10-16 13:00:00,0.8593
2050-10-16 14:00:00,0.8642
2050-10-16 15:00:00,0.8731
2050-10-16 16:00:00,0.8804
2050-10-16 17:00:00,0.8839
2050-10-16 18:00:00,0.8826
2050-10-16 19:00:00,0.8819
2050-10-16 20:00:00,0.8811
2050-10-16 21:00:00,0.8764
2050-10-16 22:00:00,0.8677
2050-10-16 23:00:00,0.8564
2050-10-17 00:00:00,0.8459
2050-10-17 01:00:00,0.829
2050-10-17 02:00:00,0.8199
2050-10-17 03:00:00,0.8064
2050-10-17 04:00:00,0.8003
2050-10-17 05:00:00,0.7774
2050-10-17 06:00:00,0.7343
2050-10-17 07:00:00,0.6741
2050-10-17 08:00:00,0.6494
2050-10-17 09:00:00,0.6446
2050-10-17 10:00:00,0.6524
2050-10-17 11:00:00,0.636
2050-10-17 12:00:00,0.56
2050-10-17 13:00:00,0.4855
2050-10-17 14:00:00,0.4452
2050-10-17 15:00:00,0.3936
2050-10-17 16:00:00,0.3249
2050-10-17 17:00:00,0.2575
2050-10-17 18:00:00,0.203
2050-10-17 19:00:00,0.1637
2050-10-17 20:00:00,0.1406
2050-10-17 21:00:00,0.1132
2050-10-17 22:00:00,0.0868
2050-10-17 23:00:00,0.0633
2050-10-18 00:00:00,0.0489
2050-10-18 01:00:00,0.0464
2050-10-18 02:00:00,0.0406
2050-10-18 03:00:00,0.0294
2050-10-18 04:00:00,0.0215
2050-10-18 05:00:00,0.0219
2050-10-18 06:00:00,0.0412
2050-10-18 07:00:00,0.0657
2050-10-18 08:00:00,0.0639
2050-10-18 09:00:00,0.0472
2050-10-18 10:00:00,0.0339
2050-10-18 11:00:00,0.0277
2050-10-18 12:00:00,0.0291
2050-10-18 13:00:00,0.036
2050-10-18 14:00:00,0.0512
2050-10-18 15:00:00,0.0698
2050-10-18 16:00:00,0.0791
2050-10-18 17:00:00,0.0966
2050-10-18 18:00:00,0.1275
2050-10-18 19:00:00,0.1587
2050-10-18 20:00:00,0.1904
2050-10-18 21:00:00,0.2314
2050-10-18 22:00:00,0.2617
2050-10-18 23:00:00,0.2674
2050-10-19 00:00:00,0.2607
2050-10-19 01:00:00,0.2647
2050-10-19 02:00:00,0.2843
2050-10-19 03:00:00,0.3014
2050-10-19 04:00:00,0.3106
2050-10-19 05:00:00,0.3222
2050-10-19 06:00:00,0.3401
2050-10-19 07:00:00,0.3663
2050-10-19 08:00:00,0.4004
2050-10-19 09:00:00,0.4318
2050-10-19 10:00:00,0.471
2050-10-19 11:00:00,0.5157
2050-10-19 12:00:00,0.5618
2050-10-19 13:00:00,0.6033
2050-10-19 14:00:00,0.6405
2050-10-19 15:00:00,0.6867
2050-10-19 16:00:00,0.7373
2050-10-19 17:00:00,0.7777
2050-10-19 18:00:00,0.8005
2050-10-19 19:00:00,0.8011
2050-10-19 20:00:00,0.7658
2050-10-19 21:00:00,0.7186
2050-10-19 22:00:00,0.6331
2050-10-19 23:00:00,0.5461
2050-10-20 00:00:00,0.501
2050-10-20 01:00:00,0.475
2050-10-20 02:00:00,0.4443
2050-10-20 03:00:00,0.4047
2050-10-20 04:00:00,0.4226
2050-10-20 05:00:00,0.514
2050-10-20 06:00:00,0.63
2050-10-20 07:00:00,0.7338
2050-10-20 08:00:00,0.8064
2050-10-20 09:00:00,0.8493
2050-10-20 10:00:00,0.8769
2050-10-20 11:00:00,0.8955
2050-10-20 12:00:00,0.9063
2050-10-20 13:00:00,0.8988
2050-10-20 14:00:00,0.8652
2050-10-20 15:00:00,0.8653
2050-10-20 16:00:00,0.8873
2050-10-20 17:00:00,0.9022
2050-10-20 18:00:00,0.9086
2050-10-20 19:00:00,0.9109
2050-10-20 20:00:00,0.911
2050-10-20 21:00:00,0.9102
2050-10-20 22:00:00,0.9082
2050-10-20 23:00:00,0.9045
2050-10-21 00:00:00,0.8976
2050-10-21 01:00:00,0.8937
2050-10-21 02:00:00,0.8991
2050-10-21 03:00:00,0.9046
2050-10-21 04:00:00,0.905
2050-10-21 05:00:00,0.9071
2050-10-21 06:00:00,0.903
2050-10-21 07:00:00,0.8934
2050-10-21 08:00:00,0.8815
2050-10-21 09:00:00,0.8693
2050-10-21 10:00:00,0.8508
2050-10-21 11:00:00,0.8169
2050-10-21 12:00:00,0.7762
2050-10-21 13:00:00,0.7224
2050-10-21 14:00:00,0.6452
2050-10-21 15:00:00,0.568
2050-10-21 16:00:00,0.502
2050-10-21 17:00:00,0.4281
2050-10-21 18:00:00,0.3461
2050-10-21 19:00:00,0.3109
2050-10-21 20:00:00,0.3531
2050-10-21 21:00:00,0.3613
2050-10-21 22:00:00,0.3705
2050-10-21 23:00:00,0.3269
2050-10-22 00:00:00,0.2653
2050-10-22 01:00:00,0.2544
2050-10-22 02:00:00,0.3182
2050-10-22 03:00:00,0.4351
2050-10-22 04:00:00,0.5546
2050-10-22 05:00:00,0.637
2050-10-22 06:00:00,0.7023
2050-10-22 07:00:00,0.7525
2050-10-22 08:00:00,0.7895
2050-10-22 09:00:00,0.8137
2050-10-22 10:00:00,0.8207
2050-10-22 11:00:00,0.8162
2050-10-22 12:00:00,0.8014
2050-10-22 13:00:00,0.7702
2050-10-22 14:00:00,0.718
2050-10-22 15:00:00,0.6561
2050-10-22 16:00:00,0.6071
2050-10-22 17:00:00,0.5742
2050-10-22 18:00:00,0.5383
2050-10-22 19:00:00,0.4818
2050-10-22 20:00:00,0.4236
2050-10-22 21:00:00,0.3605
2050-10-22 22:00:00,0.2724
2050-10-22 23:00:00,0.208
2050-10-23 00:00:00,0.1818
2050-10-23 01:00:00,0.1714
2050-10-23 02:00:00,0.1766
2050-10-23 03:00:00,0.1778
2050-10-23 04:00:00,0.1767
2050-10-23 05:00:00,0.1918
2050-10-23 06:00:00,0.2362
2050-10-23 07:00:00,0.3098
2050-10-23 08:00:00,0.3846
2050-10-23 09:00:00,0.4324
2050-10-23 10:00:00,0.4532
2050-10-23 11:00:00,0.4631
2050-10-23 12:00:00,0.4616
2050-10-23 13:00:00,0.4493
2050-10-23 14:00:00,0.4412
2050-10-23 15:00:00,0.4457
2050-10-23 16:00:00,0.4551
2050-10-23 17:00:00,0.4634
2050-10-23 18:00:00,0.4789
2050-10-23 19:00:00,0.5008
2050-10-23 20:00:00,0.5261
2050-10-23 21:00:00,0.5555
2050-10-23 22:00:00,0.5882
2050-10-23 23:00:00,0.6155
2050-10-24 00:00:00,0.6362
2050-10-24 01:00:00,0.6498
2050-10-24 02:00:00,0.6636
2050-10-24 03:00:00,0.6662
2050-10-24 04:00:00,0.6574
2050-10-24 05:00:00,0.6384
2050-10-24 06:00:00,0.6293
2050-10-24 07:00:00,0.6423
2050-10-24 08:00:00,0.6572
2050-10-24 09:00:00,0.6573
2050-10-24 10:00:00,0.6563
2050-10-24 11:00:00,0.6683
2050-10-24 12:00:00,0.6779
2050-10-24 13:00:00,0.674
2050-10-24 14:00:00,0.6624
2050-10-24 15:00:00,0.6554
2050-10-24 16:00:00,0.6617
2050-10-24 17:00:00,0.6717
2050-10-24 18:00:00,0.6733
2050-10-24 19:00:00,0.6644
2050-10-24 20:00:00,0.6484
2050-10-24 21:00:00,0.6206
2050-10-24 22:00:00,0.5799
2050-10-24 23:00:00,0.5296
2050-10-25 00:00:00,0.4686
2050-10-25 01:00:00,0.4027
2050-10-25 02:00:00,0.3555
2050-10-25 03:00:00,0.3298
2050-10-25 04:00:00,0.2934
2050-10-25 05:00:00,0.2507
2050-10-25 06:00:00,0.2141
2050-10-25 07:00:00,0.193
2050-10-25 08:00:00,0.1811
2050-10-25 09:00:00,0.1715
2050-10-25 10:00:00,0.1589
2050-10-25 11:00:00,0.1478
2050-10-25 12:00:00,0.1343
2050-10-25 13:00:00,0.1139
2050-10-25 14:00:00,0.092
2050-10-25 15:00:00,0.0892
2050-10-25 16:00:00,0.1092
2050-10-25 17:00:00,0.1476
2050-10-25 18:00:00,0.189
2050-10-25 19:00:00,0.2202
2050-10-25 20:00:00,0.234
2050-10-25 21:00:00,0.2487
2050-10-25 22:00:00,0.2699
2050-10-25 23:00:00,0.2922
2050-10-26 00:00:00,0.3142
2050-10-26 01:00:00,0.3269
2050-10-26 02:00:00,0.3291
2050-10-26 03:00:00,0.3215
2050-10-26 04:00:00,0.3042
2050-10-26 05:00:00,0.2889
2050-10-26 06:00:00,0.2775
2050-10-26 07:00:00,0.2785
2050-10-26 08:00:00,0.2818
2050-10-26 09:00:00,0.2754
2050-10-26 10:00:00,0.2727
2050-10-26 11:00:00,0.2696
2050-10-26 12:00:00,0.2565
2050-10-26 13:00:00,0.2411
2050-10-26 14:00:00,0.2285
2050-10-26 15:00:00,0.2352
2050-10-26 16:00:00,0.2858
2050-10-26 17:00:00,0.3462
2050-10-26 18:00:00,0.3859
2050-10-26 19:00:00,0.4084
2050-10-26 20:00:00,0.4525
2050-10-26 21:00:00,0.4781
2050-10-26 22:00:00,0.4481
2050-10-26 23:00:00,0.4016
2050-10-27 00:00:00,0.4021
2050-10-27 01:00:00,0.4671
2050-10-27 02:00:00,0.5434
2050-10-27 03:00:00,0.5847
2050-10-27 04:00:00,0.5767
2050-10-27 05:00:00,0.5798
2050-10-27 06:00:00,0.5935
2050-10-27 07:00:00,0.5964
2050-10-27 08:00:00,0.5827
2050-10-27 09:00:00,0.5545
2050-10-27 10:00:00,0.4929
2050-10-27 11:00:00,0.3916
2050-10-27 12:00:00,0.2706
2050-10-27 13:00:00,0.1869
2050-10-27 14:00:00,0.1549
2050-10-27 15:00:00,0.1357
2050-10-27 16:00:00,0.1108
2050-10-27 17:00:00,0.1173
2050-10-27 18:00:00,0.2075
2050-10-27 19:00:00,0.3741
2050-10-27 20:00:00,0.5371
2050-10-27 21:00:00,0.6433
2050-10-27 22:00:00,0.7132
2050-10-27 23:00:00,0.7605
2050-10-28 00:00:00,0.7895
2050-10-28 01:00:00,0.8034
2050-10-28 02:00:00,0.8164
2050-10-28 03:00:00,0.8381
2050-10-28 04:00:00,0.8603
2050-10-28 05:00:00,0.8762
2050-10-28 06:00:00,0.8828
2050-10-28 07:00:00,0.8823
2050-10-28 08:00:00,0.8811
2050-10-28 09:00:00,0.8769
2050-10-28 10:00:00,0.8662
2050-10-28 11:00:00,0.8476
2050-10-28 12:00:00,0.8237
2050-10-28 13:00:00,0.7918
2050-10-28 14:00:00,0.7556
2050-10-28 15:00:00,0.7193
2050-10-28 16:00:00,0.6866
2050-10-28 17:00:00,0.6613
2050-10-28 18:00:00,0.6262
2050-10-28 19:00:00,0.5802
2050-10-28 20:00:00,0.5368
2050-10-28 21:00:00,0.5059
2050-10-28 22:00:00,0.4645
2050-10-28 23:00:00,0.4083
2050-10-29 00:00:00,0.366
2050-10-29 01:00:00,0.3462
2050-10-29 02:00:00,0.3456
2050-10-29 03:00:00,0.3467
2050-10-29 04:00:00,0.3458
2050-10-29 05:00:00,0.3494
2050-10-29 06:00:00,0.3624
2050-10-29 07:00:00,0.3651
2050-10-29 08:00:00,0.3576
2050-10-29 09:00:00,0.318
2050-10-29 10:00:00,0.28
2050-10-29 11:00:00,0.2557
2050-10-29 12:00:00,0.2507
2050-10-29 13:00:00,0.247
2050-10-29 14:00:00,0.2324
2050-10-29 15:00:00,0.226
2050-10-29 16:00:00,0.2237
2050-10-29 17:00:00,0.2359
2050-10-29 18:00:00,0.2898
2050-10-29 19:00:00,0.3341
2050-10-29 20:00:00,0.3468
2050-10-29 21:00:00,0.3533
2050-10-29 22:00:00,0.3632
2050-10-29 23:00:00,0.3445
2050-10-30 00:00:00,0.2958
2050-10-30 01:00:00,0.2627
2050-10-30 02:00:00,0.2409
2050-10-30 03:00:00,0.2325
2050-10-30 04:00:00,0.2151
2050-10-30 05:00:00,0.1933
2050-10-30 06:00:00,0.1706
2050-10-30 07:00:00,0.1447
2050-10-30 08:00:00,0.1148
2050-10-30 09:00:00,0.1036
2050-10-30 10:00:00,0.1236
2050-10-30 11:00:00,0.1393
2050-10-30 12:00:00,0.1119
2050-10-30 13:00:00,0.0926
2050-10-30 14:00:00,0.0853
2050-10-30 15:00:00,0.0629
2050-10-30 16:00:00,0.0378
2050-10-30 17:00:00,0.023
2050-10-30 18:00:00,0.0172
2050-10-30 19:00:00,0.0215
2050-10-30 20:00:00,0.0516
2050-10-30 21:00:00,0.1109
2050-10-30 22:00:00,0.2007
2050-10-30 23:00:00,0.2984
2050-10-31 00:00:00,0.383
2050-10-31 01:00:00,0.4462
2050-10-31 02:00:00,0.4935
2050-10-31 03:00:00,0.524
2050-10-31 04:00:00,0.5314
2050-10-31 05:00:00,0.5343
2050-10-31 06:00:00,0.5512
2050-10-31 07:00:00,0.5765
2050-10-31 08:00:00,0.6166
2050-10-31 09:00:00,0.6609
2050-10-31 10:00:00,0.7004
2050-10-31 11:00:00,0.7261
2050-10-31 12:00:00,0.7347
2050-10-31 13:00:00,0.7274
2050-10-31 14:00:00,0.7104
2050-10-31 15:00:00,0.6966
2050-10-31 16:00:00,0.6871
2050-10-31 17:00:00,0.6825
2050-10-31 18:00:00,0.6818
2050-10-31 19:00:00,0.6772
2050-10-31 20:00:00,0.6676
2050-10-31 21:00:00,0.6573
2050-10-31 22:00:00,0.6526
2050-10-31 23:00:00,0.6536
2050-11-01 00:00:00,0.663
2050-11-01 01:00:00,0.6697
2050-11-01 02:00:00,0.672
2050-11-01 03:00:00,0.6657
2050-11-01 04:00:00,0.663
2050-11-01 05:00:00,0.6776
2050-11-01 06:00:00,0.6954
2050-11-01 07:00:00,0.7071
2050-11-01 08:00:00,0.7183
2050-11-01 09:00:00,0.7198
2050-11-01 10:00:00,0.7024
2050-11-01 11:00:00,0.673
2050-11-01 12:00:00,0.6333
2050-11-01 13:00:00,0.5924
2050-11-01 14:00:00,0.5492
2050-11-01 15:00:00,0.5243
2050-11-01 16:00:00,0.5238
2050-11-01 17:00:00,0.5284
2050-11-01 18:00:00,0.5367
2050-11-01 19:00:00,0.5449
2050-11-01 20:00:00,0.5274
2050-11-01 21:00:00,0.5207
2050-11-01 22:00:00,0.5377
2050-11-01 23:00:00,0.5583
2050-11-02 00:00:00,0.5599
2050-11-02 01:00:00,0.5461
2050-11-02 02:00:00,0.5329
2050-11-02 03:00:00,0.5122
2050-11-02 04:00:00,0.4657
2050-11-02 05:00:00,0.4168
2050-11-02 06:00:00,0.3801
2050-11-02 07:00:00,0.3214
2050-11-02 08:00:00,0.2181
2050-11-02 09:00:00,0.1358
2050-11-02 10:00:00,0.0806
2050-11-02 11:00:00,0.0524
2050-11-02 12:00:00,0.0327
2050-11-02 13:00:00,0.0228
2050-11-02 14:00:00,0.0223
2050-11-02 15:00:00,0.0321
2050-11-02 16:00:00,0.0502
2050-11-02 17:00:00,0.0649
2050-11-02 18:00:00,0.075
2050-11-02 19:00:00,0.0842
2050-11-02 20:00:00,0.0973
2050-11-02 21:00:00,0.1146
2050-11-02 22:00:00,0.1223
2050-11-02 23:00:00,0.1195
2050-11-03 00:00:00,0.1171
2050-11-03 01:00:00,0.1107
2050-11-03 02:00:00,0.0959
2050-11-03 03:00:00,0.0832
2050-11-03 04:00:00,0.0775
2050-11-03 05:00:00,0.0737
2050-11-03 06:00:00,0.0694
2050-11-03 07:00:00,0.0646
2050-11-03 08:00:00,0.0627
2050-11-03 09:00:00,0.0571
2050-11-03 10:00:00,0.0506
2050-11-03 11:00:00,0.0461
2050-11-03 12:00:00,0.0431
2050-11-03 13:00:00,0.0414
2050-11-03 14:00:00,0.0421
2050-11-03 15:00:00,0.0499
2050-11-03 16:00:00,0.0684
2050-11-03 17:00:00,0.0998
2050-11-03 18:00:00,0.1239
2050-11-03 19:00:00,0.1397
2050-11-03 20:00:00,0.1421
2050-11-03 21:00:00,0.1357
2050-11-03 22:00:00,0.1275
2050-11-03 23:00:00,0.1219
2050-11-04 00:00:00,0.125
2050-11-04 01:00:00,0.1443
2050-11-04 02:00:00,0.1778
2050-11-04 03:00:00,0.2169
2050-11-04 04:00:00,0.2545
2050-11-04 05:00:00,0.2832
2050-11-04 06:00:00,0.3062
2050-11-04 07:00:00,0.3272
2050-11-04 08:00:00,0.3387
2050-11-04 09:00:00,0.3326
2050-11-04 10:00:00,0.3146
2050-11-04 11:00:00,0.2951
2050-11-04 12:00:00,0.2835
2050-11-04 13:00:00,0.2927
2050-11-04 14:00:00,0.3243
2050-11-04 15:00:00,0.3717
2050-11-04 16:00:00,0.4372
2050-11-04 17:00:00,0.5051
2050-11-04 18:00:00,0.5526
2050-11-04 19:00:00,0.5721
2050-11-04 20:00:00,0.5623
2050-11-04 21:00:00,0.5432
2050-11-04 22:00:00,0.514
2050-11-04 23:00:00,0.4815
2050-11-05 00:00:00,0.4509
2050-11-05 01:00:00,0.419
2050-11-05 02:00:00,0.3887
2050-11-05 03:00:00,0.3665
2050-11-05 04:00:00,0.3528
2050-11-05 05:00:00,0.3481
2050-11-05 06:00:00,0.3527
2050-11-05 07:00:00,0.3562
2050-11-05 08:00:00,0.343
2050-11-05 09:00:00,0.2845
2050-11-05 10:00:00,0.2012
2050-11-05 11:00:00,0.1168
2050-11-05 12:00:00,0.0576
2050-11-05 13:00:00,0.0287
2050-11-05 14:00:00,0.0193
2050-11-05 15:00:00,0.0221
2050-11-05 16:00:00,0.032
2050-11-05 17:00:00,0.0432
2050-11-05 18:00:00,0.0489
2050-11-05 19:00:00,0.0451
2050-11-05 20:00:00,0.0362
2050-11-05 21:00:00,0.031
2050-11-05 22:00:00,0.0277
2050-11-05 23:00:00,0.0251
2050-11-06 00:00:00,0.024
2050-11-06 01:00:00,0.0208
2050-11-06 02:00:00,0.0171
2050-11-06 03:00:00,0.0141
2050-11-06 04:00:00,0.0143
2050-11-06 05:00:00,0.0195
2050-11-06 06:00:00,0.0273
2050-11-06 07:00:00,0.0291
2050-11-06 08:00:00,0.0233
2050-11-06 09:00:00,0.0161
2050-11-06 10:00:00,0.0109
2050-11-06 11:00:00,0.0105
2050-11-06 12:00:00,0.0265
2050-11-06 13:00:00,0.0703
2050-11-06 14:00:00,0.099
2050-11-06 15:00:00,0.0893
2050-11-06 16:00:00,0.0782
2050-11-06 17:00:00,0.0667
2050-11-06 18:00:00,0.0457
2050-11-06 19:00:00,0.026
2050-11-06 20:00:00,0.0145
2050-11-06 21:00:00,0.0094
2050-11-06 22:00:00,0.0075
2050-11-06 23:00:00,0.0133
2050-11-07 00:00:00,0.0242
2050-11-07 01:00:00,0.0298
2050-11-07 02:00:00,0.0291
2050-11-07 03:00:00,0.0351
2050-11-07 04:00:00,0.0441
2050-11-07 05:00:00,0.0509
2050-11-07 06:00:00,0.0616
2050-11-07 07:00:00,0.0794
2050-11-07 08:00:00,0.0958
2050-11-07 09:00:00,0.1027
2050-11-07 10:00:00,0.1163
2050-11-07 11:00:00,0.1466
2050-11-07 12:00:00,0.1731
2050-11-07 13:00:00,0.1912
2050-11-07 14:00:00,0.207
2050-11-07 15:00:00,0.2029
2050-11-07 16:00:00,0.22
2050-11-07 17:00:00,0.2835
2050-11-07 18:00:00,0.3476
2050-11-07 19:00:00,0.3995
2050-11-07 20:00:00,0.442
2050-11-07 21:00:00,0.4705
2050-11-07 22:00:00,0.4779
2050-11-07 23:00:00,0.4697
2050-11-08 00:00:00,0.4564
2050-11-08 01:00:00,0.4386
2050-11-08 02:00:00,0.4214
2050-11-08 03:00:00,0.4045
2050-11-08 04:00:00,0.3996
2050-11-08 05:00:00,0.403
2050-11-08 06:00:00,0.4119
2050-11-08 07:00:00,0.4569
2050-11-08 08:00:00,0.5019
2050-11-08 09:00:00,0.4922
2050-11-08 10:00:00,0.4626
2050-11-08 11:00:00,0.4481
2050-11-08 12:00:00,0.4411
2050-11-08 13:00:00,0.4584
2050-11-08 14:00:00,0.499
2050-11-08 15:00:00,0.5453
2050-11-08 16:00:00,0.5813
2050-11-08 17:00:00,0.6001
2050-11-08 18:00:00,0.5951
2050-11-08 19:00:00,0.5585
2050-11-08 20:00:00,0.4916
2050-11-08 21:00:00,0.4146
2050-11-08 22:00:00,0.371
2050-11-08 23:00:00,0.364
2050-11-09 00:00:00,0.3672
2050-11-09 01:00:00,0.3735
2050-11-09 02:00:00,0.3748
2050-11-09 03:00:00,0.354
2050-11-09 04:00:00,0.3153
2050-11-09 05:00:00,0.2692
2050-11-09 06:00:00,0.2259
2050-11-09 07:00:00,0.1944
2050-11-09 08:00:00,0.1763
2050-11-09 09:00:00,0.1733
2050-11-09 10:00:00,0.1714
2050-11-09 11:00:00,0.1579
2050-11-09 12:00:00,0.1399
2050-11-09 13:00:00,0.1234
2050-11-09 14:00:00,0.1062
2050-11-09 15:00:00,0.1056
2050-11-09 16:00:00,0.1103
2050-11-09 17:00:00,0.1177
2050-11-09 18:00:00,0.125
2050-11-09 19:00:00,0.1298
2050-11-09 20:00:00,0.139
2050-11-09 21:00:00,0.1557
2050-11-09 22:00:00,0.175
2050-11-09 23:00:00,0.1875
2050-11-10 00:00:00,0.1935
2050-11-10 01:00:00,0.1997
2050-11-10 02:00:00,0.202
2050-11-10 03:00:00,0.1976
2050-11-10 04:00:00,0.1959
2050-11-10 05:00:00,0.2045
2050-11-10 06:00:00,0.2301
2050-11-10 07:00:00,0.2728
2050-11-10 08:00:00,0.3251
2050-11-10 09:00:00,0.3722
2050-11-10 10:00:00,0.3916
2050-11-10 11:00:00,0.3659
2050-11-10 12:00:00,0.3209
2050-11-10 13:00:00,0.2881
2050-11-10 14:00:00,0.2679
2050-11-10 15:00:00,0.2605
2050-11-10 16:00:00,0.2576
2050-11-10 17:00:00,0.2553
2050-11-10 18:00:00,0.2525
2050-11-10 19:00:00,0.2864
2050-11-10 20:00:00,0.3777
2050-11-10 21:00:00,0.49
2050-11-10 22:00:00,0.5836
2050-11-10 23:00:00,0.6699
2050-11-11 00:00:00,0.7334
2050-11-11 01:00:00,0.7822
2050-11-11 02:00:00,0.8185
2050-11-11 03:00:00,0.855
2050-11-11 04:00:00,0.8891
2050-11-11 05:00:00,0.8955
2050-11-11 06:00:00,0.8967
2050-11-11 07:00:00,0.898
2050-11-11 08:00:00,0.8961
2050-11-11 09:00:00,0.8948
2050-11-11 10:00:00,0.8958
2050-11-11 11:00:00,0.8991
2050-11-11 12:00:00,0.9043
2050-11-11 13:00:00,0.9069
2050-11-11 14:00:00,0.9068
2050-11-11 15:00:00,0.9073
2050-11-11 16:00:00,0.908
2050-11-11 17:00:00,0.9081
2050-11-11 18:00:00,0.9075
2050-11-11 19:00:00,0.907
2050-11-11 20:00:00,0.9056
2050-11-11 21:00:00,0.9005
2050-11-11 22:00:00,0.8904
2050-11-11 23:00:00,0.8803
2050-11-12 00:00:00,0.8724
2050-11-12 01:00:00,0.8608
2050-11-12 02:00:00,0.852
2050-11-12 03:00:00,0.8401
2050-11-12 04:00:00,0.8183
2050-11-12 05:00:00,0.7887
2050-11-12 06:00:00,0.7557
2050-11-12 07:00:00,0.7261
2050-11-12 08:00:00,0.6854
2050-11-12 09:00:00,0.6308
2050-11-12 10:00:00,0.5717
2050-11-12 11:00:00,0.5262
2050-11-12 12:00:00,0.4858
2050-11-12 13:00:00,0.4546
2050-11-12 14:00:00,0.4409
2050-11-12 15:00:00,0.4318
2050-11-12 16:00:00,0.4208
2050-11-12 17:00:00,0.4226
2050-11-12 18:00:00,0.4325
2050-11-12 19:00:00,0.4209
2050-11-12 20:00:00,0.3981
2050-11-12 21:00:00,0.3847
2050-11-12 22:00:00,0.3818
2050-11-12 23:00:00,0.3757
2050-11-13 00:00:00,0.3764
2050-11-13 01:00:00,0.382
2050-11-13 02:00:00,0.3811
2050-11-13 03:00:00,0.3973
2050-11-13 04:00:00,0.4492
2050-11-13 05:00:00,0.4996
2050-11-13 06:00:00,0.5141
2050-11-13 07:00:00,0.5071
2050-11-13 08:00:00,0.4859
2050-11-13 09:00:00,0.4556
2050-11-13 10:00:00,0.4512
2050-11-13 11:00:00,0.4796
2050-11-13 12:00:00,0.504
2050-11-13 13:00:00,0.5352
2050-11-13 14:00:00,0.5645
2050-11-13 15:00:00,0.5879
2050-11-13 16:00:00,0.605
2050-11-13 17:00:00,0.6099
2050-11-13 18:00:00,0.6128
2050-11-13 19:00:00,0.6153
2050-11-13 20:00:00,0.6333
2050-11-13 21:00:00,0.6488
2050-11-13 22:00:00,0.6596
2050-11-13 23:00:00,0.6827
2050-11-14 00:00:00,0.714
2050-11-14 01:00:00,0.7236
2050-11-14 02:00:00,0.739
2050-11-14 03:00:00,0.7765
2050-11-14 04:00:00,0.7918
2050-11-14 05:00:00,0.7998
2050-11-14 06:00:00,0.8044
2050-11-14 07:00:00,0.7954
2050-11-14 08:00:00,0.7659
2050-11-14 09:00:00,0.7164
2050-11-14 10:00:00,0.6596
2050-11-14 11:00:00,0.6227
2050-11-14 12:00:00,0.6123
2050-11-14 13:00:00,0.6117
2050-11-14 14:00:00,0.6092
2050-11-14 15:00:00,0.6016
2050-11-14 16:00:00,0.5984
2050-11-14 17:00:00,0.5951
2050-11-14 18:00:00,0.5871
2050-11-14 19:00:00,0.5686
2050-11-14 20:00:00,0.5307
2050-11-14 21:00:00,0.4733
2050-11-14 22:00:00,0.4126
2050-11-14 23:00:00,0.3561
2050-11-15 00:00:00,0.3055
2050-11-15 01:00:00,0.2566
2050-11-15 02:00:00,0.2127
2050-11-15 03:00:00,0.1815
2050-11-15 04:00:00,0.1662
2050-11-15 05:00:00,0.1734
2050-11-15 06:00:00,0.2004
2050-11-15 07:00:00,0.2428
2050-11-15 08:00:00,0.2972
2050-11-15 09:00:00,0.3458
2050-11-15 10:00:00,0.3902
2050-11-15 11:00:00,0.4406
2050-11-15 12:00:00,0.4947
2050-11-15 13:00:00,0.5434
2050-11-15 14:00:00,0.5842
2050-11-15 15:00:00,0.6234
2050-11-15 16:00:00,0.67
2050-11-15 17:00:00,0.7206
2050-11-15 18:00:00,0.7677
2050-11-15 19:00:00,0.8005
2050-11-15 20:00:00,0.8186
2050-11-15 21:00:00,0.8261
2050-11-15 22:00:00,0.8287
2050-11-15 23:00:00,0.8281
2050-11-16 00:00:00,0.8285
2050-11-16 01:00:00,0.8286
2050-11-16 02:00:00,0.8268
2050-11-16 03:00:00,0.8261
2050-11-16 04:00:00,0.8303
2050-11-16 05:00:00,0.8385
2050-11-16 06:00:00,0.846
2050-11-16 07:00:00,0.8502
2050-11-16 08:00:00,0.8523
2050-11-16 09:00:00,0.8486
2050-11-16 10:00:00,0.836
2050-11-16 11:00:00,0.8184
2050-11-16 12:00:00,0.8026
2050-11-16 13:00:00,0.7931
2050-11-16 14:00:00,0.7832
2050-11-16 15:00:00,0.7782
2050-11-16 16:00:00,0.7702
2050-11-16 17:00:00,0.7616
2050-11-16 18:00:00,0.752
2050-11-16 19:00:00,0.7412
2050-11-16 20:00:00,0.7358
2050-11-16 21:00:00,0.7432
2050-11-16 22:00:00,0.763
2050-11-16 23:00:00,0.7789
2050-11-17 00:00:00,0.794
2050-11-17 01:00:00,0.8143
2050-11-17 02:00:00,0.8457
2050-11-17 03:00:00,0.8708
2050-11-17 04:00:00,0.8823
2050-11-17 05:00:00,0.888
2050-11-17 06:00:00,0.8904
2050-11-17 07:00:00,0.8895
2050-11-17 08:00:00,0.8854
2050-11-17 09:00:00,0.8793
2050-11-17 10:00:00,0.8748
2050-11-17 11:00:00,0.8713
2050-11-17 12:00:00,0.868
2050-11-17 13:00:00,0.8627
2050-11-17 14:00:00,0.856
2050-11-17 15:00:00,0.8448
2050-11-17 16:00:00,0.8261
2050-11-17 17:00:00,0.806
2050-11-17 18:00:00,0.7866
2050-11-17 19:00:00,0.7775
2050-11-17 20:00:00,0.7725
2050-11-17 21:00:00,0.779
2050-11-17 22:00:00,0.8019
2050-11-17 23:00:00,0.8191
2050-11-18 00:00:00,0.8285
2050-11-18 01:00:00,0.8321
2050-11-18 02:00:00,0.8365
2050-11-18 03:00:00,0.8389
2050-11-18 04:00:00,0.8382
2050-11-18 05:00:00,0.8377
2050-11-18 06:00:00,0.8326
2050-11-18 07:00:00,0.8192
2050-11-18 08:00:00,0.7943
2050-11-18 09:00:00,0.7649
2050-11-18 10:00:00,0.7423
2050-11-18 11:00:00,0.7255
2050-11-18 12:00:00,0.7082
2050-11-18 13:00:00,0.6792
2050-11-18 14:00:00,0.6446
2050-11-18 15:00:00,0.6035
2050-11-18 16:00:00,0.5371
2050-11-18 17:00:00,0.4365
2050-11-18 18:00:00,0.3207
2050-11-18 19:00:00,0.2226
2050-11-18 20:00:00,0.1478
2050-11-18 21:00:00,0.0998
2050-11-18 22:00:00,0.081
2050-11-18 23:00:00,0.0695
2050-11-19 00:00:00,0.0827
2050-11-19 01:00:00,0.1231
2050-11-19 02:00:00,0.1662
2050-11-19 03:00:00,0.2097
2050-11-19 04:00:00,0.2577
2050-11-19 05:00:00,0.3176
2050-11-19 06:00:00,0.3856
2050-11-19 07:00:00,0.4636
2050-11-19 08:00:00,0.5334
2050-11-19 09:00:00,0.5687
2050-11-19 10:00:00,0.6098
2050-11-19 11:00:00,0.6547
2050-11-19 12:00:00,0.6969
2050-11-19 13:00:00,0.7296
2050-11-19 14:00:00,0.755
2050-11-19 15:00:00,0.7699
2050-11-19 16:00:00,0.7742
2050-11-19 17:00:00,0.7763
2050-11-19 18:00:00,0.7852
2050-11-19 19:00:00,0.7925
2050-11-19 20:00:00,0.7902
2050-11-19 21:00:00,0.7681
2050-11-19 22:00:00,0.7329
2050-11-19 23:00:00,0.6872
2050-11-20 00:00:00,0.6492
2050-11-20 01:00:00,0.6591
2050-11-20 02:00:00,0.6883
2050-11-20 03:00:00,0.7304
2050-11-20 04:00:00,0.7779
2050-11-20 05:00:00,0.8062
2050-11-20 06:00:00,0.8198
2050-11-20 07:00:00,0.824
2050-11-20 08:00:00,0.809
2050-11-20 09:00:00,0.7802
2050-11-20 10:00:00,0.7532
2050-11-20 11:00:00,0.7368
2050-11-20 12:00:00,0.7396
2050-11-20 13:00:00,0.7496
2050-11-20 14:00:00,0.7779
2050-11-20 15:00:00,0.812
2050-11-20 16:00:00,0.8161
2050-11-20 17:00:00,0.803
2050-11-20 18:00:00,0.7813
2050-11-20 19:00:00,0.7614
2050-11-20 20:00:00,0.757
2050-11-20 21:00:00,0.7583
2050-11-20 22:00:00,0.7854
2050-11-20 23:00:00,0.8183
2050-11-21 00:00:00,0.839
2050-11-21 01:00:00,0.8481
2050-11-21 02:00:00,0.8578
2050-11-21 03:00:00,0.8612
2050-11-21 04:00:00,0.8562
2050-11-21 05:00:00,0.8492
2050-11-21 06:00:00,0.8456
2050-11-21 07:00:00,0.8438
2050-11-21 08:00:00,0.8245
2050-11-21 09:00:00,0.7907
2050-11-21 10:00:00,0.7509
2050-11-21 11:00:00,0.7099
2050-11-21 12:00:00,0.6724
2050-11-21 13:00:00,0.642
2050-11-21 14:00:00,0.6364
2050-11-21 15:00:00,0.656
2050-11-21 16:00:00,0.6748
2050-11-21 17:00:00,0.6801
2050-11-21 18:00:00,0.6715
2050-11-21 19:00:00,0.6414
2050-11-21 20:00:00,0.6013
2050-11-21 21:00:00,0.5733
2050-11-21 22:00:00,0.5764
2050-11-21 23:00:00,0.6068
2050-11-22 00:00:00,0.6637
2050-11-22 01:00:00,0.7327
2050-11-22 02:00:00,0.7903
2050-11-22 03:00:00,0.8293
2050-11-22 04:00:00,0.8519
2050-11-22 05:00:00,0.8665
2050-11-22 06:00:00,0.8738
2050-11-22 07:00:00,0.8671
2050-11-22 08:00:00,0.8501
2050-11-22 09:00:00,0.8263
2050-11-22 10:00:00,0.8216
2050-11-22 11:00:00,0.8825
2050-11-22 12:00:00,0.909
2050-11-22 13:00:00,0.9077
2050-11-22 14:00:00,0.8939
2050-11-22 15:00:00,0.8487
2050-11-22 16:00:00,0.7449
2050-11-22 17:00:00,0.6115
2050-11-22 18:00:00,0.5471
2050-11-22 19:00:00,0.5935
2050-11-22 20:00:00,0.6683
2050-11-22 21:00:00,0.6975
2050-11-22 22:00:00,0.6881
2050-11-22 23:00:00,0.6597
2050-11-23 00:00:00,0.6374
2050-11-23 01:00:00,0.6136
2050-11-23 02:00:00,0.5777
2050-11-23 03:00:00,0.5513
2050-11-23 04:00:00,0.5527
2050-11-23 05:00:00,0.562
2050-11-23 06:00:00,0.605
2050-11-23 07:00:00,0.6604
2050-11-23 08:00:00,0.7272
2050-11-23 09:00:00,0.7913
2050-11-23 10:00:00,0.8471
2050-11-23 11:00:00,0.8849
2050-11-23 12:00:00,0.8928
2050-11-23 13:00:00,0.8697
2050-11-23 14:00:00,0.8274
2050-11-23 15:00:00,0.8077
2050-11-23 16:00:00,0.7807
2050-11-23 17:00:00,0.7432
2050-11-23 18:00:00,0.7567
2050-11-23 19:00:00,0.7995
2050-11-23 20:00:00,0.8585
2050-11-23 21:00:00,0.867
2050-11-23 22:00:00,0.8719
2050-11-23 23:00:00,0.8732
2050-11-24 00:00:00,0.8771
2050-11-24 01:00:00,0.8849
2050-11-24 02:00:00,0.884
2050-11-24 03:00:00,0.8771
2050-11-24 04:00:00,0.8666
2050-11-24 05:00:00,0.8531
2050-11-24 06:00:00,0.8356
2050-11-24 07:00:00,0.7869
2050-11-24 08:00:00,0.7613
2050-11-24 09:00:00,0.7603
2050-11-24 10:00:00,0.7431
2050-11-24 11:00:00,0.6748
2050-11-24 12:00:00,0.6226
2050-11-24 13:00:00,0.6318
2050-11-24 14:00:00,0.6864
2050-11-24 15:00:00,0.7492
2050-11-24 16:00:00,0.7337
2050-11-24 17:00:00,0.6956
2050-11-24 18:00:00,0.6779
2050-11-24 19:00:00,0.6819
2050-11-24 20:00:00,0.6811
2050-11-24 21:00:00,0.68
2050-11-24 22:00:00,0.6719
2050-11-24 23:00:00,0.6726
2050-11-25 00:00:00,0.7146
2050-11-25 01:00:00,0.7952
2050-11-25 02:00:00,0.8598
2050-11-25 03:00:00,0.8956
2050-11-25 04:00:00,0.9027
2050-11-25 05:00:00,0.9033
2050-11-25 06:00:00,0.9018
2050-11-25 07:00:00,0.8985
2050-11-25 08:00:00,0.891
2050-11-25 09:00:00,0.8891
2050-11-25 10:00:00,0.8884
2050-11-25 11:00:00,0.8911
2050-11-25 12:00:00,0.8912
2050-11-25 13:00:00,0.8897
2050-11-25 14:00:00,0.8873
2050-11-25 15:00:00,0.8906
2050-11-25 16:00:00,0.8985
2050-11-25 17:00:00,0.9045
2050-11-25 18:00:00,0.9076
2050-11-25 19:00:00,0.9093
2050-11-25 20:00:00,0.9091
2050-11-25 21:00:00,0.9074
2050-11-25 22:00:00,0.9038
2050-11-25 23:00:00,0.9009
2050-11-26 00:00:00,0.8999
2050-11-26 01:00:00,0.9007
2050-11-26 02:00:00,0.9023
2050-11-26 03:00:00,0.9022
2050-11-26 04:00:00,0.9011
2050-11-26 05:00:00,0.8978
2050-11-26 06:00:00,0.8915
2050-11-26 07:00:00,0.8815
2050-11-26 08:00:00,0.8677
2050-11-26 09:00:00,0.8522
2050-11-26 10:00:00,0.8401
2050-11-26 11:00:00,0.8298
2050-11-26 12:00:00,0.8205
2050-11-26 13:00:00,0.8148
2050-11-26 14:00:00,0.7999
2050-11-26 15:00:00,0.7806
2050-11-26 16:00:00,0.7504
2050-11-26 17:00:00,0.716
2050-11-26 18:00:00,0.6791
2050-11-26 19:00:00,0.6451
2050-11-26 20:00:00,0.6007
2050-11-26 21:00:00,0.546
2050-11-26 22:00:00,0.4644
2050-11-26 23:00:00,0.3679
2050-11-27 00:00:00,0.273
2050-11-27 01:00:00,0.1885
2050-11-27 02:00:00,0.1285
2050-11-27 03:00:00,0.1213
2050-11-27 04:00:00,0.1558
2050-11-27 05:00:00,0.2319
2050-11-27 06:00:00,0.3157
2050-11-27 07:00:00,0.3882
2050-11-27 08:00:00,0.506
2050-11-27 09:00:00,0.6813
2050-11-27 10:00:00,0.8109
2050-11-27 11:00:00,0.8711
2050-11-27 12:00:00,0.8944
2050-11-27 13:00:00,0.8899
2050-11-27 14:00:00,0.884
2050-11-27 15:00:00,0.8896
2050-11-27 16:00:00,0.831
2050-11-27 17:00:00,0.7729
2050-11-27 18:00:00,0.8547
2050-11-27 19:00:00,0.8851
2050-11-27 20:00:00,0.8357
2050-11-27 21:00:00,0.7852
2050-11-27 22:00:00,0.838
2050-11-27 23:00:00,0.8876
2050-11-28 00:00:00,0.8981
2050-11-28 01:00:00,0.8975
2050-11-28 02:00:00,0.8943
2050-11-28 03:00:00,0.8887
2050-11-28 04:00:00,0.8794
2050-11-28 05:00:00,0.8682
2050-11-28 06:00:00,0.8534
2050-11-28 07:00:00,0.8322
2050-11-28 08:00:00,0.8053
2050-11-28 09:00:00,0.7786
2050-11-28 10:00:00,0.7529
2050-11-28 11:00:00,0.7211
2050-11-28 12:00:00,0.6723
2050-11-28 13:00:00,0.5945
2050-11-28 14:00:00,0.5004
2050-11-28 15:00:00,0.4164
2050-11-28 16:00:00,0.3437
2050-11-28 17:00:00,0.2634
2050-11-28 18:00:00,0.1735
2050-11-28 19:00:00,0.1052
2050-11-28 20:00:00,0.0581
2050-11-28 21:00:00,0.0215
2050-11-28 22:00:00,0.0139
2050-11-28 23:00:00,0.048
2050-11-29 00:00:00,0.114
2050-11-29 01:00:00,0.1869
2050-11-29 02:00:00,0.2695
2050-11-29 03:00:00,0.3477
2050-11-29 04:00:00,0.4196
2050-11-29 05:00:00,0.4836
2050-11-29 06:00:00,0.5399
2050-11-29 07:00:00,0.5926
2050-11-29 08:00:00,0.6446
2050-11-29 09:00:00,0.6887
2050-11-29 10:00:00,0.7199
2050-11-29 11:00:00,0.7405
2050-11-29 12:00:00,0.7517
2050-11-29 13:00:00,0.7586
2050-11-29 14:00:00,0.7662
2050-11-29 15:00:00,0.7823
2050-11-29 16:00:00,0.81
2050-11-29 17:00:00,0.8389
2050-11-29 18:00:00,0.8604
2050-11-29 19:00:00,0.8729
2050-11-29 20:00:00,0.8791
2050-11-29 21:00:00,0.8815
2050-11-29 22:00:00,0.8817
2050-11-29 23:00:00,0.8792
2050-11-30 00:00:00,0.8744
2050-11-30 01:00:00,0.8685
2050-11-30 02:00:00,0.8617
2050-11-30 03:00:00,0.8537
2050-11-30 04:00:00,0.8438
2050-11-30 05:00:00,0.8333
2050-11-30 06:00:00,0.8213
2050-11-30 07:00:00,0.8103
2050-11-30 08:00:00,0.8003
2050-11-30 09:00:00,0.7849
2050-11-30 10:00:00,0.7649
2050-11-30 11:00:00,0.7364
2050-11-30 12:00:00,0.7038
2050-11-30 13:00:00,0.6801
2050-11-30 14:00:00,0.6635
2050-11-30 15:00:00,0.6627
2050-11-30 16:00:00,0.6725
2050-11-30 17:00:00,0.6862
2050-11-30 18:00:00,0.7004
2050-11-30 19:00:00,0.7199
2050-11-30 20:00:00,0.7328
2050-11-30 21:00:00,0.7307
2050-11-30 22:00:00,0.725
2050-11-30 23:00:00,0.7245
2050-12-01 00:00:00,0.7258
2050-12-01 01:00:00,0.7283
2050-12-01 02:00:00,0.7317
2050-12-01 03:00:00,0.7376
2050-12-01 04:00:00,0.7553
2050-12-01 05:00:00,0.7804
2050-12-01 06:00:00,0.8055
2050-12-01 07:00:00,0.8287
2050-12-01 08:00:00,0.8435
2050-12-01 09:00:00,0.8394
2050-12-01 10:00:00,0.828
2050-12-01 11:00:00,0.8209
2050-12-01 12:00:00,0.8217
2050-12-01 13:00:00,0.8364
2050-12-01 14:00:00,0.855
2050-12-01 15:00:00,0.87
2050-12-01 16:00:00,0.8794
2050-12-01 17:00:00,0.8803
2050-12-01 18:00:00,0.8814
2050-12-01 19:00:00,0.8785
2050-12-01 20:00:00,0.879
2050-12-01 21:00:00,0.8735
2050-12-01 22:00:00,0.8688
2050-12-01 23:00:00,0.8628
2050-12-02 00:00:00,0.8521
2050-12-02 01:00:00,0.8373
2050-12-02 02:00:00,0.8297
2050-12-02 03:00:00,0.8435
2050-12-02 04:00:00,0.8412
2050-12-02 05:00:00,0.8429
2050-12-02 06:00:00,0.8298
2050-12-02 07:00:00,0.812
2050-12-02 08:00:00,0.793
2050-12-02 09:00:00,0.7834
2050-12-02 10:00:00,0.7739
2050-12-02 11:00:00,0.754
2050-12-02 12:00:00,0.722
2050-12-02 13:00:00,0.6832
2050-12-02 14:00:00,0.645
2050-12-02 15:00:00,0.605
2050-12-02 16:00:00,0.5664
2050-12-02 17:00:00,0.5403
2050-12-02 18:00:00,0.5665
2050-12-02 19:00:00,0.6308
2050-12-02 20:00:00,0.7124
2050-12-02 21:00:00,0.8201
2050-12-02 22:00:00,0.8837
2050-12-02 23:00:00,0.8996
2050-12-03 00:00:00,0.899
2050-12-03 01:00:00,0.8903
2050-12-03 02:00:00,0.8769
2050-12-03 03:00:00,0.8618
2050-12-03 04:00:00,0.8515
2050-12-03 05:00:00,0.8485
2050-12-03 06:00:00,0.8457
2050-12-03 07:00:00,0.8382
2050-12-03 08:00:00,0.8212
2050-12-03 09:00:00,0.7949
2050-12-03 10:00:00,0.7606
2050-12-03 11:00:00,0.72
2050-12-03 12:00:00,0.6764
2050-12-03 13:00:00,0.6363
2050-12-03 14:00:00,0.6156
2050-12-03 15:00:00,0.6146
2050-12-03 16:00:00,0.6256
2050-12-03 17:00:00,0.6241
2050-12-03 18:00:00,0.5893
2050-12-03 19:00:00,0.5176
2050-12-03 20:00:00,0.432
2050-12-03 21:00:00,0.3842
2050-12-03 22:00:00,0.3728
2050-12-03 23:00:00,0.3172
2050-12-04 00:00:00,0.2099
2050-12-04 01:00:00,0.1336
2050-12-04 02:00:00,0.144
2050-12-04 03:00:00,0.1917
2050-12-04 04:00:00,0.2065
2050-12-04 05:00:00,0.2095
2050-12-04 06:00:00,0.2035
2050-12-04 07:00:00,0.1984
2050-12-04 08:00:00,0.2161
2050-12-04 09:00:00,0.2206
2050-12-04 10:00:00,0.1907
2050-12-04 11:00:00,0.1371
2050-12-04 12:00:00,0.1019
2050-12-04 13:00:00,0.101
2050-12-04 14:00:00,0.092
2050-12-04 15:00:00,0.1099
2050-12-04 16:00:00,0.1836
2050-12-04 17:00:00,0.2967
2050-12-04 18:00:00,0.4534
2050-12-04 19:00:00,0.6214
2050-12-04 20:00:00,0.7323
2050-12-04 21:00:00,0.7934
2050-12-04 22:00:00,0.8223
2050-12-04 23:00:00,0.8412
2050-12-05 00:00:00,0.8617
2050-12-05 01:00:00,0.8816
2050-12-05 02:00:00,0.8949
2050-12-05 03:00:00,0.9018
2050-12-05 04:00:00,0.9042
2050-12-05 05:00:00,0.9033
2050-12-05 06:00:00,0.9049
2050-12-05 07:00:00,0.9056
2050-12-05 08:00:00,0.9051
2050-12-05 09:00:00,0.907
2050-12-05 10:00:00,0.909
2050-12-05 11:00:00,0.9037
2050-12-05 12:00:00,0.8873
2050-12-05 13:00:00,0.8663
2050-12-05 14:00:00,0.8462
2050-12-05 15:00:00,0.8149
2050-12-05 16:00:00,0.8018
2050-12-05 17:00:00,0.8309
2050-12-05 18:00:00,0.8654
2050-12-05 19:00:00,0.8819
2050-12-05 20:00:00,0.8938
2050-12-05 21:00:00,0.9052
2050-12-05 22:00:00,0.8914
2050-12-05 23:00:00,0.8858
2050-12-06 00:00:00,0.8702
2050-12-06 01:00:00,0.8414
2050-12-06 02:00:00,0.7417
2050-12-06 03:00:00,0.6012
2050-12-06 04:00:00,0.4618
2050-12-06 05:00:00,0.5097
2050-12-06 06:00:00,0.6212
2050-12-06 07:00:00,0.7159
2050-12-06 08:00:00,0.7978
2050-12-06 09:00:00,0.8409
2050-12-06 10:00:00,0.8602
2050-12-06 11:00:00,0.8874
2050-12-06 12:00:00,0.9094
2050-12-06 13:00:00,0.8995
2050-12-06 14:00:00,0.8478
2050-12-06 15:00:00,0.7577
2050-12-06 16:00:00,0.6354
2050-12-06 17:00:00,0.4758
2050-12-06 18:00:00,0.3394
2050-12-06 19:00:00,0.3478
2050-12-06 20:00:00,0.4881
2050-12-06 21:00:00,0.6526
2050-12-06 22:00:00,0.7689
2050-12-06 23:00:00,0.8411
2050-12-07 00:00:00,0.8815
2050-12-07 01:00:00,0.8944
2050-12-07 02:00:00,0.887
2050-12-07 03:00:00,0.8889
2050-12-07 04:00:00,0.8982
2050-12-07 05:00:00,0.9053
2050-12-07 06:00:00,0.9066
2050-12-07 07:00:00,0.9069
2050-12-07 08:00:00,0.9064
2050-12-07 09:00:00,0.9018
2050-12-07 10:00:00,0.887
2050-12-07 11:00:00,0.8608
2050-12-07 12:00:00,0.8245
2050-12-07 13:00:00,0.7806
2050-12-07 14:00:00,0.7031
2050-12-07 15:00:00,0.5487
2050-12-07 16:00:00,0.4335
2050-12-07 17:00:00,0.4089
2050-12-07 18:00:00,0.4489
2050-12-07 19:00:00,0.5357
2050-12-07 20:00:00,0.6382
2050-12-07 21:00:00,0.7167
2050-12-07 22:00:00,0.7547
2050-12-07 23:00:00,0.7723
2050-12-08 00:00:00,0.788
2050-12-08 01:00:00,0.8077
2050-12-08 02:00:00,0.8319
2050-12-08 03:00:00,0.8593
2050-12-08 04:00:00,0.8803
2050-12-08 05:00:00,0.8908
2050-12-08 06:00:00,0.895
2050-12-08 07:00:00,0.8937
2050-12-08 08:00:00,0.8907
2050-12-08 09:00:00,0.8882
2050-12-08 10:00:00,0.8878
2050-12-08 11:00:00,0.889
2050-12-08 12:00:00,0.8918
2050-12-08 13:00:00,0.8965
2050-12-08 14:00:00,0.9009
2050-12-08 15:00:00,0.9034
2050-12-08 16:00:00,0.9031
2050-12-08 17:00:00,0.9015
2050-12-08 18:00:00,0.9014
2050-12-08 19:00:00,0.9033
2050-12-08 20:00:00,0.9047
2050-12-08 21:00:00,0.9047
2050-12-08 22:00:00,0.9029
2050-12-08 23:00:00,0.901
2050-12-09 00:00:00,0.9001
2050-12-09 01:00:00,0.9006
2050-12-09 02:00:00,0.9014
2050-12-09 03:00:00,0.9032
2050-12-09 04:00:00,0.9051
2050-12-09 05:00:00,0.9066
2050-12-09 06:00:00,0.9073
2050-12-09 07:00:00,0.9081
2050-12-09 08:00:00,0.9091
2050-12-09 09:00:00,0.9098
2050-12-09 10:00:00,0.9105
2050-12-09 11:00:00,0.9106
2050-12-09 12:00:00,0.9102
2050-12-09 13:00:00,0.9097
2050-12-09 14:00:00,0.9091
2050-12-09 15:00:00,0.9084
2050-12-09 16:00:00,0.9071
2050-12-09 17:00:00,0.9056
2050-12-09 18:00:00,0.9041
2050-12-09 19:00:00,0.9018
2050-12-09 20:00:00,0.8984
2050-12-09 21:00:00,0.8934
2050-12-09 22:00:00,0.8861
2050-12-09 23:00:00,0.8746
2050-12-10 00:00:00,0.8593
2050-12-10 01:00:00,0.8454
2050-12-10 02:00:00,0.8375
2050-12-10 03:00:00,0.8383
2050-12-10 04:00:00,0.8401
2050-12-10 05:00:00,0.8374
2050-12-10 06:00:00,0.8297
2050-12-10 07:00:00,0.8182
2050-12-10 08:00:00,0.803
2050-12-10 09:00:00,0.7852
2050-12-10 10:00:00,0.7649
2050-12-10 11:00:00,0.7445
2050-12-10 12:00:00,0.7348
2050-12-10 13:00:00,0.7371
2050-12-10 14:00:00,0.746
2050-12-10 15:00:00,0.755
2050-12-10 16:00:00,0.755
2050-12-10 17:00:00,0.7367
2050-12-10 18:00:00,0.7014
2050-12-10 19:00:00,0.6531
2050-12-10 20:00:00,0.6028
2050-12-10 21:00:00,0.5503
2050-12-10 22:00:00,0.506
2050-12-10 23:00:00,0.4647
2050-12-11 00:00:00,0.4223
2050-12-11 01:00:00,0.38
2050-12-11 02:00:00,0.3421
2050-12-11 03:00:00,0.3267
2050-12-11 04:00:00,0.3339
2050-12-11 05:00:00,0.3494
2050-12-11 06:00:00,0.3549
2050-12-11 07:00:00,0.3359
2050-12-11 08:00:00,0.2994
2050-12-11 09:00:00,0.2724
2050-12-11 10:00:00,0.2463
2050-12-11 11:00:00,0.2298
2050-12-11 12:00:00,0.2453
2050-12-11 13:00:00,0.2935
2050-12-11 14:00:00,0.3629
2050-12-11 15:00:00,0.4301
2050-12-11 16:00:00,0.4785
2050-12-11 17:00:00,0.5092
2050-12-11 18:00:00,0.5198
2050-12-11 19:00:00,0.5144
2050-12-11 20:00:00,0.4981
2050-12-11 21:00:00,0.4731
2050-12-11 22:00:00,0.4444
2050-12-11 23:00:00,0.4135
2050-12-12 00:00:00,0.3894
2050-12-12 01:00:00,0.3751
2050-12-12 02:00:00,0.3625
2050-12-12 03:00:00,0.3453
2050-12-12 04:00:00,0.3234
2050-12-12 05:00:00,0.3082
2050-12-12 06:00:00,0.3034
2050-12-12 07:00:00,0.3059
2050-12-12 08:00:00,0.3123
2050-12-12 09:00:00,0.313
2050-12-12 10:00:00,0.3005
2050-12-12 11:00:00,0.2827
2050-12-12 12:00:00,0.2706
2050-12-12 13:00:00,0.2659
2050-12-12 14:00:00,0.2696
2050-12-12 15:00:00,0.2919
2050-12-12 16:00:00,0.323
2050-12-12 17:00:00,0.3499
2050-12-12 18:00:00,0.3663
2050-12-12 19:00:00,0.368
2050-12-12 20:00:00,0.3565
2050-12-12 21:00:00,0.3348
2050-12-12 22:00:00,0.3147
2050-12-12 23:00:00,0.3023
2050-12-13 00:00:00,0.3018
2050-12-13 01:00:00,0.3109
2050-12-13 02:00:00,0.3279
2050-12-13 03:00:00,0.3475
2050-12-13 04:00:00,0.3605
2050-12-13 05:00:00,0.3617
2050-12-13 06:00:00,0.3507
2050-12-13 07:00:00,0.3299
2050-12-13 08:00:00,0.3016
2050-12-13 09:00:00,0.2731
2050-12-13 10:00:00,0.2539
2050-12-13 11:00:00,0.24
2050-12-13 12:00:00,0.2266
2050-12-13 13:00:00,0.2059
2050-12-13 14:00:00,0.1803
2050-12-13 15:00:00,0.1641
2050-12-13 16:00:00,0.1606
2050-12-13 17:00:00,0.1684
2050-12-13 18:00:00,0.2098
2050-12-13 19:00:00,0.2731
2050-12-13 20:00:00,0.3458
2050-12-13 21:00:00,0.3972
2050-12-13 22:00:00,0.4228
2050-12-13 23:00:00,0.4291
2050-12-14 00:00:00,0.4294
2050-12-14 01:00:00,0.4398
2050-12-14 02:00:00,0.4893
2050-12-14 03:00:00,0.581
2050-12-14 04:00:00,0.6367
2050-12-14 05:00:00,0.6422
2050-12-14 06:00:00,0.6411
2050-12-14 07:00:00,0.6391
2050-12-14 08:00:00,0.6414
2050-12-14 09:00:00,0.6684
2050-12-14 10:00:00,0.6916
2050-12-14 11:00:00,0.7193
2050-12-14 12:00:00,0.7635
2050-12-14 13:00:00,0.7918
2050-12-14 14:00:00,0.7914
2050-12-14 15:00:00,0.8017
2050-12-14 16:00:00,0.814
2050-12-14 17:00:00,0.8048
2050-12-14 18:00:00,0.7852
2050-12-14 19:00:00,0.7747
2050-12-14 20:00:00,0.786
2050-12-14 21:00:00,0.7951
2050-12-14 22:00:00,0.795
2050-12-14 23:00:00,0.7902
2050-12-15 00:00:00,0.7794
2050-12-15 01:00:00,0.775
2050-12-15 02:00:00,0.7856
2050-12-15 03:00:00,0.7829
2050-12-15 04:00:00,0.7768
2050-12-15 05:00:00,0.7941
2050-12-15 06:00:00,0.82
2050-12-15 07:00:00,0.8376
2050-12-15 08:00:00,0.8395
2050-12-15 09:00:00,0.8342
2050-12-15 10:00:00,0.8345
2050-12-15 11:00:00,0.8516
2050-12-15 12:00:00,0.8626
2050-12-15 13:00:00,0.8665
2050-12-15 14:00:00,0.8642
2050-12-15 15:00:00,0.8667
2050-12-15 16:00:00,0.8706
2050-12-15 17:00:00,0.8775
2050-12-15 18:00:00,0.8894
2050-12-15 19:00:00,0.8972
2050-12-15 20:00:00,0.9014
2050-12-15 21:00:00,0.9048
2050-12-15 22:00:00,0.9058
2050-12-15 23:00:00,0.9014
2050-12-16 00:00:00,0.901
2050-12-16 01:00:00,0.901
2050-12-16 02:00:00,0.9021
2050-12-16 03:00:00,0.9029
2050-12-16 04:00:00,0.9039
2050-12-16 05:00:00,0.9042
2050-12-16 06:00:00,0.9033
2050-12-16 07:00:00,0.9019
2050-12-16 08:00:00,0.9006
2050-12-16 09:00:00,0.9009
2050-12-16 10:00:00,0.9016
2050-12-16 11:00:00,0.9021
2050-12-16 12:00:00,0.9027
2050-12-16 13:00:00,0.9038
2050-12-16 14:00:00,0.9026
2050-12-16 15:00:00,0.901
2050-12-16 16:00:00,0.8971
2050-12-16 17:00:00,0.901
2050-12-16 18:00:00,0.9015
2050-12-16 19:00:00,0.9019
2050-12-16 20:00:00,0.9021
2050-12-16 21:00:00,0.9019
2050-12-16 22:00:00,0.9005
2050-12-16 23:00:00,0.8972
2050-12-17 00:00:00,0.8952
2050-12-17 01:00:00,0.8917
2050-12-17 02:00:00,0.8788
2050-12-17 03:00:00,0.8591
2050-12-17 04:00:00,0.8325
2050-12-17 05:00:00,0.8112
2050-12-17 06:00:00,0.804
2050-12-17 07:00:00,0.8028
2050-12-17 08:00:00,0.7908
2050-12-17 09:00:00,0.7596
2050-12-17 10:00:00,0.723
2050-12-17 11:00:00,0.6935
2050-12-17 12:00:00,0.6669
2050-12-17 13:00:00,0.6434
2050-12-17 14:00:00,0.6287
2050-12-17 15:00:00,0.6541
2050-12-17 16:00:00,0.722
2050-12-17 17:00:00,0.8049
2050-12-17 18:00:00,0.857
2050-12-17 19:00:00,0.8855
2050-12-17 20:00:00,0.8976
2050-12-17 21:00:00,0.9033
2050-12-17 22:00:00,0.9078
2050-12-17 23:00:00,0.9095
2050-12-18 00:00:00,0.9096
2050-12-18 01:00:00,0.9094
2050-12-18 02:00:00,0.9097
2050-12-18 03:00:00,0.9082
2050-12-18 04:00:00,0.9062
2050-12-18 05:00:00,0.9041
2050-12-18 06:00:00,0.8998
2050-12-18 07:00:00,0.8921
2050-12-18 08:00:00,0.8728
2050-12-18 09:00:00,0.8378
2050-12-18 10:00:00,0.8082
2050-12-18 11:00:00,0.7915
2050-12-18 12:00:00,0.8074
2050-12-18 13:00:00,0.837
2050-12-18 14:00:00,0.8665
2050-12-18 15:00:00,0.897
2050-12-18 16:00:00,0.906
2050-12-18 17:00:00,0.9
2050-12-18 18:00:00,0.8898
2050-12-18 19:00:00,0.8721
2050-12-18 20:00:00,0.845
2050-12-18 21:00:00,0.7944
2050-12-18 22:00:00,0.6874
2050-12-18 23:00:00,0.6047
2050-12-19 00:00:00,0.6099
2050-12-19 01:00:00,0.6682
2050-12-19 02:00:00,0.7625
2050-12-19 03:00:00,0.8586
2050-12-19 04:00:00,0.8872
2050-12-19 05:00:00,0.8752
2050-12-19 06:00:00,0.8831
2050-12-19 07:00:00,0.8856
2050-12-19 08:00:00,0.8842
2050-12-19 09:00:00,0.8801
2050-12-19 10:00:00,0.8815
2050-12-19 11:00:00,0.8869
2050-12-19 12:00:00,0.8933
2050-12-19 13:00:00,0.9
2050-12-19 14:00:00,0.9065
2050-12-19 15:00:00,0.9098
2050-12-19 16:00:00,0.9099
2050-12-19 17:00:00,0.9046
2050-12-19 18:00:00,0.8943
2050-12-19 19:00:00,0.8893
2050-12-19 20:00:00,0.8885
2050-12-19 21:00:00,0.8969
2050-12-19 22:00:00,0.9056
2050-12-19 23:00:00,0.9078
2050-12-20 00:00:00,0.9077
2050-12-20 01:00:00,0.9068
2050-12-20 02:00:00,0.9049
2050-12-20 03:00:00,0.8963
2050-12-20 04:00:00,0.8801
2050-12-20 05:00:00,0.8624
2050-12-20 06:00:00,0.8498
2050-12-20 07:00:00,0.8316
2050-12-20 08:00:00,0.812
2050-12-20 09:00:00,0.8077
2050-12-20 10:00:00,0.8165
2050-12-20 11:00:00,0.8363
2050-12-20 12:00:00,0.8514
2050-12-20 13:00:00,0.8592
2050-12-20 14:00:00,0.8635
2050-12-20 15:00:00,0.8728
2050-12-20 16:00:00,0.8815
2050-12-20 17:00:00,0.8866
2050-12-20 18:00:00,0.8908
2050-12-20 19:00:00,0.8961
2050-12-20 20:00:00,0.8953
2050-12-20 21:00:00,0.8861
2050-12-20 22:00:00,0.864
2050-12-20 23:00:00,0.8366
2050-12-21 00:00:00,0.8105
2050-12-21 01:00:00,0.786
2050-12-21 02:00:00,0.7632
2050-12-21 03:00:00,0.7476
2050-12-21 04:00:00,0.7567
2050-12-21 05:00:00,0.8034
2050-12-21 06:00:00,0.842
2050-12-21 07:00:00,0.8681
2050-12-21 08:00:00,0.8918
2050-12-21 09:00:00,0.9052
2050-12-21 10:00:00,0.9062
2050-12-21 11:00:00,0.8889
2050-12-21 12:00:00,0.8757
2050-12-21 13:00:00,0.8938
2050-12-21 14:00:00,0.9072
2050-12-21 15:00:00,0.9111
2050-12-21 16:00:00,0.9094
2050-12-21 17:00:00,0.9076
2050-12-21 18:00:00,0.9071
2050-12-21 19:00:00,0.9079
2050-12-21 20:00:00,0.9089
2050-12-21 21:00:00,0.9099
2050-12-21 22:00:00,0.909
2050-12-21 23:00:00,0.9077
2050-12-22 00:00:00,0.9095
2050-12-22 01:00:00,0.9094
2050-12-22 02:00:00,0.9079
2050-12-22 03:00:00,0.9087
2050-12-22 04:00:00,0.9076
2050-12-22 05:00:00,0.9067
2050-12-22 06:00:00,0.906
2050-12-22 07:00:00,0.9059
2050-12-22 08:00:00,0.9062
2050-12-22 09:00:00,0.9054
2050-12-22 10:00:00,0.9037
2050-12-22 11:00:00,0.902
2050-12-22 12:00:00,0.8995
2050-12-22 13:00:00,0.8935
2050-12-22 14:00:00,0.8928
2050-12-22 15:00:00,0.8958
2050-12-22 16:00:00,0.8947
2050-12-22 17:00:00,0.8895
2050-12-22 18:00:00,0.8802
2050-12-22 19:00:00,0.8708
2050-12-22 20:00:00,0.8657
2050-12-22 21:00:00,0.8766
2050-12-22 22:00:00,0.8813
2050-12-22 23:00:00,0.8621
2050-12-23 00:00:00,0.8356
2050-12-23 01:00:00,0.8226
2050-12-23 02:00:00,0.8253
2050-12-23 03:00:00,0.8416
2050-12-23 04:00:00,0.8647
2050-12-23 05:00:00,0.8815
2050-12-23 06:00:00,0.891
2050-12-23 07:00:00,0.8987
2050-12-23 08:00:00,0.9054
2050-12-23 09:00:00,0.9071
2050-12-23 10:00:00,0.9068
2050-12-23 11:00:00,0.9041
2050-12-23 12:00:00,0.8992
2050-12-23 13:00:00,0.8922
2050-12-23 14:00:00,0.8812
2050-12-23 15:00:00,0.8667
2050-12-23 16:00:00,0.8517
2050-12-23 17:00:00,0.8276
2050-12-23 18:00:00,0.7874
2050-12-23 19:00:00,0.7252
2050-12-23 20:00:00,0.6522
2050-12-23 21:00:00,0.5738
2050-12-23 22:00:00,0.4786
2050-12-23 23:00:00,0.3867
2050-12-24 00:00:00,0.3352
2050-12-24 01:00:00,0.3801
2050-12-24 02:00:00,0.4949
2050-12-24 03:00:00,0.5875
2050-12-24 04:00:00,0.6152
2050-12-24 05:00:00,0.6124
2050-12-24 06:00:00,0.6633
2050-12-24 07:00:00,0.7115
2050-12-24 08:00:00,0.74
2050-12-24 09:00:00,0.7361
2050-12-24 10:00:00,0.7298
2050-12-24 11:00:00,0.7463
2050-12-24 12:00:00,0.7534
2050-12-24 13:00:00,0.7262
2050-12-24 14:00:00,0.6693
2050-12-24 15:00:00,0.6235
2050-12-24 16:00:00,0.5985
2050-12-24 17:00:00,0.5859
2050-12-24 18:00:00,0.5901
2050-12-24 19:00:00,0.5971
2050-12-24 20:00:00,0.582
2050-12-24 21:00:00,0.5581
2050-12-24 22:00:00,0.5452
2050-12-24 23:00:00,0.5391
2050-12-25 00:00:00,0.5378
2050-12-25 01:00:00,0.5366
2050-12-25 02:00:00,0.5316
2050-12-25 03:00:00,0.5033
2050-12-25 04:00:00,0.4547
2050-12-25 05:00:00,0.4189
2050-12-25 06:00:00,0.4189
2050-12-25 07:00:00,0.4426
2050-12-25 08:00:00,0.4583
2050-12-25 09:00:00,0.4548
2050-12-25 10:00:00,0.4347
2050-12-25 11:00:00,0.403
2050-12-25 12:00:00,0.3508
2050-12-25 13:00:00,0.2942
2050-12-25 14:00:00,0.2529
2050-12-25 15:00:00,0.25
2050-12-25 16:00:00,0.2697
2050-12-25 17:00:00,0.2934
2050-12-25 18:00:00,0.3126
2050-12-25 19:00:00,0.3223
2050-12-25 20:00:00,0.3214
2050-12-25 21:00:00,0.3053
2050-12-25 22:00:00,0.2838
2050-12-25 23:00:00,0.2616
2050-12-26 00:00:00,0.2389
2050-12-26 01:00:00,0.2256
2050-12-26 02:00:00,0.2297
2050-12-26 03:00:00,0.2276
2050-12-26 04:00:00,0.2131
2050-12-26 05:00:00,0.1949
2050-12-26 06:00:00,0.1834
2050-12-26 07:00:00,0.1718
2050-12-26 08:00:00,0.1523
2050-12-26 09:00:00,0.1329
2050-12-26 10:00:00,0.1172
2050-12-26 11:00:00,0.1075
2050-12-26 12:00:00,0.1104
2050-12-26 13:00:00,0.126
2050-12-26 14:00:00,0.1435
2050-12-26 15:00:00,0.1472
2050-12-26 16:00:00,0.1356
2050-12-26 17:00:00,0.124
2050-12-26 18:00:00,0.1171
2050-12-26 19:00:00,0.1136
2050-12-26 20:00:00,0.1145
2050-12-26 21:00:00,0.1273
2050-12-26 22:00:00,0.1492
2050-12-26 23:00:00,0.1628
2050-12-27 00:00:00,0.1596
2050-12-27 01:00:00,0.1487
2050-12-27 02:00:00,0.1461
2050-12-27 03:00:00,0.1524
2050-12-27 04:00:00,0.1558
2050-12-27 05:00:00,0.153
2050-12-27 06:00:00,0.1431
2050-12-27 07:00:00,0.1363
2050-12-27 08:00:00,0.134
2050-12-27 09:00:00,0.1363
2050-12-27 10:00:00,0.1432
2050-12-27 11:00:00,0.1474
2050-12-27 12:00:00,0.1421
2050-12-27 13:00:00,0.1312
2050-12-27 14:00:00,0.1195
2050-12-27 15:00:00,0.1066
2050-12-27 16:00:00,0.0936
2050-12-27 17:00:00,0.0823
2050-12-27 18:00:00,0.0767
2050-12-27 19:00:00,0.0769
2050-12-27 20:00:00,0.0831
2050-12-27 21:00:00,0.0907
2050-12-27 22:00:00,0.0964
2050-12-27 23:00:00,0.0997
2050-12-28 00:00:00,0.1024
2050-12-28 01:00:00,0.1029
2050-12-28 02:00:00,0.1039
2050-12-28 03:00:00,0.1064
2050-12-28 04:00:00,0.1098
2050-12-28 05:00:00,0.1157
2050-12-28 06:00:00,0.13
2050-12-28 07:00:00,0.15
2050-12-28 08:00:00,0.168
2050-12-28 09:00:00,0.1942
2050-12-28 10:00:00,0.2302
2050-12-28 11:00:00,0.2723
2050-12-28 12:00:00,0.3088
2050-12-28 13:00:00,0.3346
2050-12-28 14:00:00,0.3463
2050-12-28 15:00:00,0.3612
2050-12-28 16:00:00,0.3844
2050-12-28 17:00:00,0.4054
2050-12-28 18:00:00,0.4268
2050-12-28 19:00:00,0.4433
2050-12-28 20:00:00,0.4561
2050-12-28 21:00:00,0.4596
2050-12-28 22:00:00,0.4486
2050-12-28 23:00:00,0.4349
2050-12-29 00:00:00,0.4284
2050-12-29 01:00:00,0.4213
2050-12-29 02:00:00,0.4248
2050-12-29 03:00:00,0.4539
2050-12-29 04:00:00,0.5112
2050-12-29 05:00:00,0.573
2050-12-29 06:00:00,0.6111
2050-12-29 07:00:00,0.6507
2050-12-29 08:00:00,0.6898
2050-12-29 09:00:00,0.7217
2050-12-29 10:00:00,0.7458
2050-12-29 11:00:00,0.7754
2050-12-29 12:00:00,0.7998
2050-12-29 13:00:00,0.814
2050-12-29 14:00:00,0.8271
2050-12-29 15:00:00,0.8403
2050-12-29 16:00:00,0.8518
2050-12-29 17:00:00,0.8625
2050-12-29 18:00:00,0.8723
2050-12-29 19:00:00,0.877
2050-12-29 20:00:00,0.8782
2050-12-29 21:00:00,0.8838
2050-12-29 22:00:00,0.8906
2050-12-29 23:00:00,0.8936
2050-12-30 00:00:00,0.8957
2050-12-30 01:00:00,0.8946
2050-12-30 02:00:00,0.8952
2050-12-30 03:00:00,0.8935
2050-12-30 04:00:00,0.8887
2050-12-30 05:00:00,0.8876
2050-12-30 06:00:00,0.886
2050-12-30 07:00:00,0.8868
2050-12-30 08:00:00,0.8924
2050-12-30 09:00:00,0.898
2050-12-30 10:00:00,0.9025
2050-12-30 11:00:00,0.9056
2050-12-30 12:00:00,0.907
2050-12-30 13:00:00,0.9074
2050-12-30 14:00:00,0.9075
2050-12-30 15:00:00,0.9071
2050-12-30 16:00:00,0.9068
2050-12-30 17:00:00,0.9066
2050-12-30 18:00:00,0.9047
2050-12-30 19:00:00,0.9006
2050-12-30 20:00:00,0.896
2050-12-30 21:00:00,0.8905
2050-12-30 22:00:00,0.8838
2050-12-30 23:00:00,0.8769
2050-12-31 00:00:00,0.8742
2050-12-31 01:00:00,0.878
2050-12-31 02:00:00,0.888
2050-12-31 03:00:00,0.8953
2050-12-31 04:00:00,0.8997
2050-12-31 05:00:00,0.9007
2050-12-31 06:00:00,0.902
2050-12-31 07:00:00,0.9056
2050-12-31 08:00:00,0.9082
2050-12-31 09:00:00,0.9101
2050-12-31 10:00:00,0.9103
2050-12-31 11:00:00,0.9095
2050-12-31 12:00:00,0.9056
2050-12-31 13:00:00,0.9025
2050-12-31 14:00:00,0.8946
2050-12-31 15:00:00,0.8798
2050-12-31 16:00:00,0.8585
2050-12-31 17:00:00,0.841
2050-12-31 18:00:00,0.8181
2050-12-31 19:00:00,0.7857
2050-12-31 20:00:00,0.7602
2050-12-31 21:00:00,0.7344
2050-12-31 22:00:00,0.6892
2050-12-31 23:00:00,0.6548
