nodes,NLD
techs,demand_power
2050-01-01 00:00:00,31418.4175
2050-01-01 01:00:00,29843.6525
2050-01-01 02:00:00,29749.025
2050-01-01 03:00:00,29232.4025
2050-01-01 04:00:00,28347.2625
2050-01-01 05:00:00,29061.17
2050-01-01 06:00:00,30184.24
2050-01-01 07:00:00,28660.315
2050-01-01 08:00:00,28383.105
2050-01-01 09:00:00,28621.19
2050-01-01 10:00:00,27847.945
2050-01-01 11:00:00,27773.2575
2050-01-01 12:00:00,27704.845
2050-01-01 13:00:00,28706.785
2050-01-01 14:00:00,31098.34
2050-01-01 15:00:00,35270.3975
2050-01-01 16:00:00,36504.3975
2050-01-01 17:00:00,34321.135
2050-01-01 18:00:00,33246.8825
2050-01-01 19:00:00,32328.0225
2050-01-01 20:00:00,32504.82
2050-01-01 21:00:00,32946.5925
2050-01-01 22:00:00,32795.1575
2050-01-01 23:00:00,31795.1525
2050-01-02 00:00:00,30350.855
2050-01-02 01:00:00,24904.93
2050-01-02 02:00:00,22391.6925
2050-01-02 03:00:00,22722.625
2050-01-02 04:00:00,24393.205
2050-01-02 05:00:00,27846.3275
2050-01-02 06:00:00,31191.0825
2050-01-02 07:00:00,32992.2925
2050-01-02 08:00:00,35585.7775
2050-01-02 09:00:00,40925.1625
2050-01-02 10:00:00,47058.985
2050-01-02 11:00:00,52769.655
2050-01-02 12:00:00,53534.27
2050-01-02 13:00:00,51734.86
2050-01-02 14:00:00,46518.9525
2050-01-02 15:00:00,43141.315
2050-01-02 16:00:00,42571.39
2050-01-02 17:00:00,42996.055
2050-01-02 18:00:00,41066.4825
2050-01-02 19:00:00,40195.9025
2050-01-02 20:00:00,37126.45
2050-01-02 21:00:00,34242.04
2050-01-02 22:00:00,30366.8225
2050-01-02 23:00:00,27208.8425
2050-01-03 00:00:00,26907.5125
2050-01-03 01:00:00,26960.855
2050-01-03 02:00:00,26580.16
2050-01-03 03:00:00,27149.4025
2050-01-03 04:00:00,29864.14
2050-01-03 05:00:00,33629.165
2050-01-03 06:00:00,37155.285
2050-01-03 07:00:00,39547.41
2050-01-03 08:00:00,42073.9925
2050-01-03 09:00:00,46962.9175
2050-01-03 10:00:00,49338.165
2050-01-03 11:00:00,47508.61
2050-01-03 12:00:00,44228.96
2050-01-03 13:00:00,45525.2225
2050-01-03 14:00:00,46306.1475
2050-01-03 15:00:00,43985.76
2050-01-03 16:00:00,42996.3925
2050-01-03 17:00:00,41394.805
2050-01-03 18:00:00,39615.86
2050-01-03 19:00:00,37361.48
2050-01-03 20:00:00,35953.97
2050-01-03 21:00:00,32921.555
2050-01-03 22:00:00,29465.4425
2050-01-03 23:00:00,27805.205
2050-01-04 00:00:00,27527.6825
2050-01-04 01:00:00,25689.745
2050-01-04 02:00:00,23537.38
2050-01-04 03:00:00,23873.3925
2050-01-04 04:00:00,24581.8875
2050-01-04 05:00:00,26636.92
2050-01-04 06:00:00,28137.9525
2050-01-04 07:00:00,31924.25
2050-01-04 08:00:00,35006.7475
2050-01-04 09:00:00,38957.3575
2050-01-04 10:00:00,40856.675
2050-01-04 11:00:00,44036.23
2050-01-04 12:00:00,44963.87
2050-01-04 13:00:00,42871.3175
2050-01-04 14:00:00,40872.1575
2050-01-04 15:00:00,37004.0875
2050-01-04 16:00:00,35775.285
2050-01-04 17:00:00,35481.23
2050-01-04 18:00:00,35451.2975
2050-01-04 19:00:00,34984.2525
2050-01-04 20:00:00,33306.71
2050-01-04 21:00:00,32730.44
2050-01-04 22:00:00,31607.7475
2050-01-04 23:00:00,25942.3275
2050-01-05 00:00:00,23183.8175
2050-01-05 01:00:00,21871.37
2050-01-05 02:00:00,23653.765
2050-01-05 03:00:00,24469.775
2050-01-05 04:00:00,27327.15
2050-01-05 05:00:00,29880.86
2050-01-05 06:00:00,31985.3625
2050-01-05 07:00:00,34873.295
2050-01-05 08:00:00,35084.0325
2050-01-05 09:00:00,35856.25
2050-01-05 10:00:00,37996.425
2050-01-05 11:00:00,38444.3875
2050-01-05 12:00:00,35107.505
2050-01-05 13:00:00,34116.91
2050-01-05 14:00:00,33322.2375
2050-01-05 15:00:00,32890.335
2050-01-05 16:00:00,32992.9375
2050-01-05 17:00:00,33279.7625
2050-01-05 18:00:00,32853.88
2050-01-05 19:00:00,32653.8075
2050-01-05 20:00:00,33570.2975
2050-01-05 21:00:00,34412.685
2050-01-05 22:00:00,34422.74
2050-01-05 23:00:00,34009.3
2050-01-06 00:00:00,34067.2
2050-01-06 01:00:00,34183.9175
2050-01-06 02:00:00,34166.6625
2050-01-06 03:00:00,34276.7225
2050-01-06 04:00:00,34743.5075
2050-01-06 05:00:00,35240.185
2050-01-06 06:00:00,36370.1825
2050-01-06 07:00:00,37412.1575
2050-01-06 08:00:00,37770.86
2050-01-06 09:00:00,38473.855
2050-01-06 10:00:00,40050.6025
2050-01-06 11:00:00,40954.2775
2050-01-06 12:00:00,39269.4275
2050-01-06 13:00:00,34728.8375
2050-01-06 14:00:00,32359.1375
2050-01-06 15:00:00,33268.7575
2050-01-06 16:00:00,35086.965
2050-01-06 17:00:00,37794.86
2050-01-06 18:00:00,38145.1775
2050-01-06 19:00:00,36744.3025
2050-01-06 20:00:00,35882.63
2050-01-06 21:00:00,34776.7575
2050-01-06 22:00:00,33658.9725
2050-01-06 23:00:00,32766.7325
2050-01-07 00:00:00,32682.135
2050-01-07 01:00:00,32205.865
2050-01-07 02:00:00,31934.8175
2050-01-07 03:00:00,31893.15
2050-01-07 04:00:00,32766.1425
2050-01-07 05:00:00,34679.91
2050-01-07 06:00:00,38186.59
2050-01-07 07:00:00,41165.7725
2050-01-07 08:00:00,41267.7225
2050-01-07 09:00:00,43057.3925
2050-01-07 10:00:00,45254.3125
2050-01-07 11:00:00,46640.1925
2050-01-07 12:00:00,47735.1175
2050-01-07 13:00:00,45111.5275
2050-01-07 14:00:00,43672.9075
2050-01-07 15:00:00,44331.0575
2050-01-07 16:00:00,43669.605
2050-01-07 17:00:00,43444.6575
2050-01-07 18:00:00,41865.0975
2050-01-07 19:00:00,40193.15
2050-01-07 20:00:00,37943.5325
2050-01-07 21:00:00,35542.2
2050-01-07 22:00:00,33599.98
2050-01-07 23:00:00,32113.0525
2050-01-08 00:00:00,30996.265
2050-01-08 01:00:00,30561.915
2050-01-08 02:00:00,31051.3325
2050-01-08 03:00:00,30419.35
2050-01-08 04:00:00,31429.85
2050-01-08 05:00:00,32351.2
2050-01-08 06:00:00,36891.08
2050-01-08 07:00:00,40062.7375
2050-01-08 08:00:00,41513.71
2050-01-08 09:00:00,46052.1
2050-01-08 10:00:00,48868.3075
2050-01-08 11:00:00,49326.9875
2050-01-08 12:00:00,48473.6425
2050-01-08 13:00:00,43536.1925
2050-01-08 14:00:00,41112.325
2050-01-08 15:00:00,39706.2525
2050-01-08 16:00:00,39740.28
2050-01-08 17:00:00,39601.555
2050-01-08 18:00:00,39703.5275
2050-01-08 19:00:00,38054.4175
2050-01-08 20:00:00,34122.555
2050-01-08 21:00:00,30807.3575
2050-01-08 22:00:00,26630.8775
2050-01-08 23:00:00,24711.875
2050-01-09 00:00:00,23107.5225
2050-01-09 01:00:00,22235.33
2050-01-09 02:00:00,21628.2025
2050-01-09 03:00:00,22540.915
2050-01-09 04:00:00,24823.41
2050-01-09 05:00:00,33321.5575
2050-01-09 06:00:00,40749.33
2050-01-09 07:00:00,41621.84
2050-01-09 08:00:00,41573.86
2050-01-09 09:00:00,43113.6775
2050-01-09 10:00:00,46461.6325
2050-01-09 11:00:00,54542.545
2050-01-09 12:00:00,60895.1625
2050-01-09 13:00:00,61400.125
2050-01-09 14:00:00,60770.795
2050-01-09 15:00:00,55177.47
2050-01-09 16:00:00,55378.285
2050-01-09 17:00:00,54855.4175
2050-01-09 18:00:00,52994.6725
2050-01-09 19:00:00,47348.4475
2050-01-09 20:00:00,44378.4975
2050-01-09 21:00:00,39600.78
2050-01-09 22:00:00,35919.8675
2050-01-09 23:00:00,34175.745
2050-01-10 00:00:00,31641.975
2050-01-10 01:00:00,29830.5625
2050-01-10 02:00:00,28297.635
2050-01-10 03:00:00,27808.875
2050-01-10 04:00:00,29834.045
2050-01-10 05:00:00,36064.825
2050-01-10 06:00:00,44776.35
2050-01-10 07:00:00,50480.0875
2050-01-10 08:00:00,51656.775
2050-01-10 09:00:00,58515.815
2050-01-10 10:00:00,63268.28
2050-01-10 11:00:00,64488.9875
2050-01-10 12:00:00,64137.3925
2050-01-10 13:00:00,59421.2525
2050-01-10 14:00:00,54395.695
2050-01-10 15:00:00,46462.26
2050-01-10 16:00:00,44994.26
2050-01-10 17:00:00,43531.52
2050-01-10 18:00:00,41892.6725
2050-01-10 19:00:00,41785.27
2050-01-10 20:00:00,38983.4825
2050-01-10 21:00:00,35848.08
2050-01-10 22:00:00,31176.0825
2050-01-10 23:00:00,29011.7525
2050-01-11 00:00:00,27542.56
2050-01-11 01:00:00,27106.2225
2050-01-11 02:00:00,27518.4025
2050-01-11 03:00:00,26594.8525
2050-01-11 04:00:00,27321.955
2050-01-11 05:00:00,29683.925
2050-01-11 06:00:00,32465.745
2050-01-11 07:00:00,34013.1
2050-01-11 08:00:00,38813.9275
2050-01-11 09:00:00,46656.9025
2050-01-11 10:00:00,47599.39
2050-01-11 11:00:00,45356.635
2050-01-11 12:00:00,46071.6
2050-01-11 13:00:00,45047.46
2050-01-11 14:00:00,43785.7975
2050-01-11 15:00:00,39393.2625
2050-01-11 16:00:00,38154.7525
2050-01-11 17:00:00,37376.92
2050-01-11 18:00:00,36655.7525
2050-01-11 19:00:00,36146.595
2050-01-11 20:00:00,34704.915
2050-01-11 21:00:00,32862.3775
2050-01-11 22:00:00,29254.495
2050-01-11 23:00:00,27849.9775
2050-01-12 00:00:00,25291.165
2050-01-12 01:00:00,23776.1375
2050-01-12 02:00:00,23739.2075
2050-01-12 03:00:00,24375.1175
2050-01-12 04:00:00,24247.4575
2050-01-12 05:00:00,24581.725
2050-01-12 06:00:00,25962.04
2050-01-12 07:00:00,27298.2825
2050-01-12 08:00:00,28483.7475
2050-01-12 09:00:00,31515.3025
2050-01-12 10:00:00,34105.73
2050-01-12 11:00:00,37653.655
2050-01-12 12:00:00,35467.7875
2050-01-12 13:00:00,36949.4475
2050-01-12 14:00:00,38808.9325
2050-01-12 15:00:00,37977.5625
2050-01-12 16:00:00,35101.865
2050-01-12 17:00:00,36315.275
2050-01-12 18:00:00,34981.3975
2050-01-12 19:00:00,35524.985
2050-01-12 20:00:00,36223.255
2050-01-12 21:00:00,36102.0275
2050-01-12 22:00:00,31907.235
2050-01-12 23:00:00,30296.8
2050-01-13 00:00:00,30281.1825
2050-01-13 01:00:00,30883.7975
2050-01-13 02:00:00,30987.0025
2050-01-13 03:00:00,31954.6925
2050-01-13 04:00:00,35533.8
2050-01-13 05:00:00,43268.1575
2050-01-13 06:00:00,46173.8175
2050-01-13 07:00:00,48084.405
2050-01-13 08:00:00,50352.21
2050-01-13 09:00:00,60958.18
2050-01-13 10:00:00,62650.755
2050-01-13 11:00:00,64967.6825
2050-01-13 12:00:00,64920.05
2050-01-13 13:00:00,64588.43
2050-01-13 14:00:00,61962.16
2050-01-13 15:00:00,51818.0575
2050-01-13 16:00:00,48515.72
2050-01-13 17:00:00,46782.465
2050-01-13 18:00:00,47820.08
2050-01-13 19:00:00,44962.1175
2050-01-13 20:00:00,38718.2975
2050-01-13 21:00:00,33508.1925
2050-01-13 22:00:00,30761.92
2050-01-13 23:00:00,30030.785
2050-01-14 00:00:00,29946.965
2050-01-14 01:00:00,30054.5675
2050-01-14 02:00:00,31794.25
2050-01-14 03:00:00,32856.765
2050-01-14 04:00:00,34257.7725
2050-01-14 05:00:00,37766.9325
2050-01-14 06:00:00,44042.3975
2050-01-14 07:00:00,45044.6925
2050-01-14 08:00:00,44629.93
2050-01-14 09:00:00,45049.625
2050-01-14 10:00:00,45984.3025
2050-01-14 11:00:00,47407.6425
2050-01-14 12:00:00,47959.11
2050-01-14 13:00:00,47013.73
2050-01-14 14:00:00,42144.0625
2050-01-14 15:00:00,42622.6225
2050-01-14 16:00:00,41835.0625
2050-01-14 17:00:00,38964.1525
2050-01-14 18:00:00,37871.63
2050-01-14 19:00:00,35570.0175
2050-01-14 20:00:00,33751.3175
2050-01-14 21:00:00,32122.4225
2050-01-14 22:00:00,28955.2675
2050-01-14 23:00:00,26807.5075
2050-01-15 00:00:00,26110.2775
2050-01-15 01:00:00,26023.5975
2050-01-15 02:00:00,25940.405
2050-01-15 03:00:00,27214.735
2050-01-15 04:00:00,31717.8875
2050-01-15 05:00:00,39975.1575
2050-01-15 06:00:00,43473.6975
2050-01-15 07:00:00,44831.4675
2050-01-15 08:00:00,45338.7975
2050-01-15 09:00:00,46703.8675
2050-01-15 10:00:00,47456.565
2050-01-15 11:00:00,48585.2225
2050-01-15 12:00:00,48491.705
2050-01-15 13:00:00,47771.765
2050-01-15 14:00:00,45911.045
2050-01-15 15:00:00,43471.4375
2050-01-15 16:00:00,43424.6375
2050-01-15 17:00:00,42839.9925
2050-01-15 18:00:00,42723.7425
2050-01-15 19:00:00,42694.9525
2050-01-15 20:00:00,42195.355
2050-01-15 21:00:00,41620.82
2050-01-15 22:00:00,39432.7975
2050-01-15 23:00:00,40663.6
2050-01-16 00:00:00,40490.165
2050-01-16 01:00:00,39804.6975
2050-01-16 02:00:00,38717.4025
2050-01-16 03:00:00,37511.5325
2050-01-16 04:00:00,40090.17
2050-01-16 05:00:00,42130.2225
2050-01-16 06:00:00,43185.69
2050-01-16 07:00:00,44638.805
2050-01-16 08:00:00,45742.625
2050-01-16 09:00:00,48241.215
2050-01-16 10:00:00,49677.875
2050-01-16 11:00:00,50974.34
2050-01-16 12:00:00,51515.9725
2050-01-16 13:00:00,50350.105
2050-01-16 14:00:00,48919.6125
2050-01-16 15:00:00,47322.7075
2050-01-16 16:00:00,47460.1625
2050-01-16 17:00:00,46681.535
2050-01-16 18:00:00,46769.9725
2050-01-16 19:00:00,46721.1125
2050-01-16 20:00:00,45637.2375
2050-01-16 21:00:00,45774.565
2050-01-16 22:00:00,45029.6375
2050-01-16 23:00:00,41772.6475
2050-01-17 00:00:00,42215.945
2050-01-17 01:00:00,41652.5375
2050-01-17 02:00:00,41407.3325
2050-01-17 03:00:00,40891.7275
2050-01-17 04:00:00,41775.99
2050-01-17 05:00:00,44726.745
2050-01-17 06:00:00,46690.4175
2050-01-17 07:00:00,47147.0175
2050-01-17 08:00:00,47390.925
2050-01-17 09:00:00,47365.85
2050-01-17 10:00:00,48783.34
2050-01-17 11:00:00,51025.3425
2050-01-17 12:00:00,51125.4325
2050-01-17 13:00:00,50168.8525
2050-01-17 14:00:00,48372.82
2050-01-17 15:00:00,45972.6725
2050-01-17 16:00:00,46556.225
2050-01-17 17:00:00,46309.0525
2050-01-17 18:00:00,45373.8
2050-01-17 19:00:00,44751.7825
2050-01-17 20:00:00,43741.41
2050-01-17 21:00:00,42493.4875
2050-01-17 22:00:00,42248.5875
2050-01-17 23:00:00,41522.7425
2050-01-18 00:00:00,40849.0425
2050-01-18 01:00:00,40745.395
2050-01-18 02:00:00,39780.62
2050-01-18 03:00:00,39235.1625
2050-01-18 04:00:00,39737.93
2050-01-18 05:00:00,40883.6975
2050-01-18 06:00:00,42728.455
2050-01-18 07:00:00,44550.9
2050-01-18 08:00:00,45534.115
2050-01-18 09:00:00,46420.3225
2050-01-18 10:00:00,47296.525
2050-01-18 11:00:00,50233.6925
2050-01-18 12:00:00,50085.7325
2050-01-18 13:00:00,49100.035
2050-01-18 14:00:00,47119.425
2050-01-18 15:00:00,45600.91
2050-01-18 16:00:00,45450.4325
2050-01-18 17:00:00,46003.9775
2050-01-18 18:00:00,46500.5075
2050-01-18 19:00:00,46121.695
2050-01-18 20:00:00,44865.9325
2050-01-18 21:00:00,44180.765
2050-01-18 22:00:00,43317.4525
2050-01-18 23:00:00,41524.4225
2050-01-19 00:00:00,40203.6175
2050-01-19 01:00:00,38881.8025
2050-01-19 02:00:00,39258.5075
2050-01-19 03:00:00,39165.6225
2050-01-19 04:00:00,39117.87
2050-01-19 05:00:00,38481.23
2050-01-19 06:00:00,39506.0975
2050-01-19 07:00:00,40126.2925
2050-01-19 08:00:00,40844.9175
2050-01-19 09:00:00,42368.73
2050-01-19 10:00:00,44223.4425
2050-01-19 11:00:00,46161.005
2050-01-19 12:00:00,46048.6625
2050-01-19 13:00:00,45124.36
2050-01-19 14:00:00,44050.2525
2050-01-19 15:00:00,44077.42
2050-01-19 16:00:00,43798.69
2050-01-19 17:00:00,45071.555
2050-01-19 18:00:00,44146.245
2050-01-19 19:00:00,43569.4325
2050-01-19 20:00:00,42609.8
2050-01-19 21:00:00,41709.3525
2050-01-19 22:00:00,40659.325
2050-01-19 23:00:00,41425.56
2050-01-20 00:00:00,40916.3275
2050-01-20 01:00:00,41261.7225
2050-01-20 02:00:00,41532.63
2050-01-20 03:00:00,41732.375
2050-01-20 04:00:00,42843.1825
2050-01-20 05:00:00,44504.6475
2050-01-20 06:00:00,46660.3575
2050-01-20 07:00:00,48377.4475
2050-01-20 08:00:00,48991.7025
2050-01-20 09:00:00,50139.9575
2050-01-20 10:00:00,50631.2575
2050-01-20 11:00:00,51631.2075
2050-01-20 12:00:00,52846.2175
2050-01-20 13:00:00,53242.8525
2050-01-20 14:00:00,52742.3675
2050-01-20 15:00:00,51953.3675
2050-01-20 16:00:00,52155.6275
2050-01-20 17:00:00,51984.8975
2050-01-20 18:00:00,52607.01
2050-01-20 19:00:00,53027.6975
2050-01-20 20:00:00,52925.7725
2050-01-20 21:00:00,52402.23
2050-01-20 22:00:00,49912.2675
2050-01-20 23:00:00,48703.44
2050-01-21 00:00:00,47110.95
2050-01-21 01:00:00,46944.8075
2050-01-21 02:00:00,47816.0125
2050-01-21 03:00:00,48980.7225
2050-01-21 04:00:00,51144.4975
2050-01-21 05:00:00,53150.0375
2050-01-21 06:00:00,53937.4425
2050-01-21 07:00:00,54092.355
2050-01-21 08:00:00,54408.84
2050-01-21 09:00:00,56141.27
2050-01-21 10:00:00,57016.575
2050-01-21 11:00:00,56934.3975
2050-01-21 12:00:00,56018.7075
2050-01-21 13:00:00,54811.2325
2050-01-21 14:00:00,53286.96
2050-01-21 15:00:00,50467.575
2050-01-21 16:00:00,48888.3525
2050-01-21 17:00:00,49402.0575
2050-01-21 18:00:00,49671.8525
2050-01-21 19:00:00,49351.745
2050-01-21 20:00:00,48761.66
2050-01-21 21:00:00,47738.5075
2050-01-21 22:00:00,45473.9225
2050-01-21 23:00:00,42774.3375
2050-01-22 00:00:00,41352.4625
2050-01-22 01:00:00,40679.71
2050-01-22 02:00:00,39799.65
2050-01-22 03:00:00,40424.5975
2050-01-22 04:00:00,42007.83
2050-01-22 05:00:00,44241.2125
2050-01-22 06:00:00,45536.18
2050-01-22 07:00:00,45491.52
2050-01-22 08:00:00,45657.6125
2050-01-22 09:00:00,48000.35
2050-01-22 10:00:00,49324.75
2050-01-22 11:00:00,48896.0425
2050-01-22 12:00:00,48636.7
2050-01-22 13:00:00,47064.4675
2050-01-22 14:00:00,45238.1525
2050-01-22 15:00:00,43360.9
2050-01-22 16:00:00,42406.9725
2050-01-22 17:00:00,41805.82
2050-01-22 18:00:00,41819.02
2050-01-22 19:00:00,39875.385
2050-01-22 20:00:00,36366.3725
2050-01-22 21:00:00,34972.5025
2050-01-22 22:00:00,30735.0925
2050-01-22 23:00:00,29110.435
2050-01-23 00:00:00,27004.095
2050-01-23 01:00:00,27667.7775
2050-01-23 02:00:00,27603.2425
2050-01-23 03:00:00,29329.7525
2050-01-23 04:00:00,32601.555
2050-01-23 05:00:00,36343.285
2050-01-23 06:00:00,42381.1425
2050-01-23 07:00:00,43626.56
2050-01-23 08:00:00,44309.8275
2050-01-23 09:00:00,46294.7875
2050-01-23 10:00:00,47397.6125
2050-01-23 11:00:00,48164.495
2050-01-23 12:00:00,47731.07
2050-01-23 13:00:00,48044.2825
2050-01-23 14:00:00,45896.285
2050-01-23 15:00:00,45304.9825
2050-01-23 16:00:00,46058.7275
2050-01-23 17:00:00,44212.035
2050-01-23 18:00:00,42985.535
2050-01-23 19:00:00,41648.25
2050-01-23 20:00:00,39882.425
2050-01-23 21:00:00,38496.42
2050-01-23 22:00:00,36931.31
2050-01-23 23:00:00,34725.005
2050-01-24 00:00:00,32347.11
2050-01-24 01:00:00,30842.8775
2050-01-24 02:00:00,31141.1275
2050-01-24 03:00:00,31186.3075
2050-01-24 04:00:00,32354.4125
2050-01-24 05:00:00,35787.625
2050-01-24 06:00:00,39717.045
2050-01-24 07:00:00,41958.8875
2050-01-24 08:00:00,42625.96
2050-01-24 09:00:00,43315.9825
2050-01-24 10:00:00,43240.4275
2050-01-24 11:00:00,42642.0025
2050-01-24 12:00:00,42435.73
2050-01-24 13:00:00,42211.15
2050-01-24 14:00:00,42248.8075
2050-01-24 15:00:00,41626.4675
2050-01-24 16:00:00,41526.305
2050-01-24 17:00:00,41243.32
2050-01-24 18:00:00,39786.19
2050-01-24 19:00:00,35584.555
2050-01-24 20:00:00,32128.3275
2050-01-24 21:00:00,29062.115
2050-01-24 22:00:00,26501.85
2050-01-24 23:00:00,22607.71
2050-01-25 00:00:00,20728.3125
2050-01-25 01:00:00,18734.39
2050-01-25 02:00:00,18514.985
2050-01-25 03:00:00,16979.595
2050-01-25 04:00:00,17396.0875
2050-01-25 05:00:00,17668.765
2050-01-25 06:00:00,18160.2975
2050-01-25 07:00:00,19419.7225
2050-01-25 08:00:00,22161.24
2050-01-25 09:00:00,24822.9225
2050-01-25 10:00:00,27234.7625
2050-01-25 11:00:00,30505.5625
2050-01-25 12:00:00,31190.43
2050-01-25 13:00:00,33922.89
2050-01-25 14:00:00,34963.0675
2050-01-25 15:00:00,31263.8775
2050-01-25 16:00:00,29530.92
2050-01-25 17:00:00,29410.465
2050-01-25 18:00:00,28946.675
2050-01-25 19:00:00,28080.3075
2050-01-25 20:00:00,27674.66
2050-01-25 21:00:00,27181.195
2050-01-25 22:00:00,25912.47
2050-01-25 23:00:00,22909.9725
2050-01-26 00:00:00,21196.45
2050-01-26 01:00:00,20360.3025
2050-01-26 02:00:00,19773.7175
2050-01-26 03:00:00,19080.4325
2050-01-26 04:00:00,18876.3
2050-01-26 05:00:00,20189.3075
2050-01-26 06:00:00,23282.375
2050-01-26 07:00:00,25969.5325
2050-01-26 08:00:00,29088.1875
2050-01-26 09:00:00,37102.465
2050-01-26 10:00:00,45314.36
2050-01-26 11:00:00,51240.5075
2050-01-26 12:00:00,51430.8875
2050-01-26 13:00:00,46498.4425
2050-01-26 14:00:00,42869.005
2050-01-26 15:00:00,41675.6675
2050-01-26 16:00:00,41429.7825
2050-01-26 17:00:00,42030.5275
2050-01-26 18:00:00,40692.4075
2050-01-26 19:00:00,39196.705
2050-01-26 20:00:00,38073.6125
2050-01-26 21:00:00,37321.395
2050-01-26 22:00:00,35925.0175
2050-01-26 23:00:00,33855.1175
2050-01-27 00:00:00,32610.24
2050-01-27 01:00:00,33686.9325
2050-01-27 02:00:00,34557.0425
2050-01-27 03:00:00,35761.5775
2050-01-27 04:00:00,37696.84
2050-01-27 05:00:00,39162.58
2050-01-27 06:00:00,39796.595
2050-01-27 07:00:00,39947.1325
2050-01-27 08:00:00,41440.11
2050-01-27 09:00:00,48108.3375
2050-01-27 10:00:00,53127.4825
2050-01-27 11:00:00,55938.0375
2050-01-27 12:00:00,56444.735
2050-01-27 13:00:00,53142.7625
2050-01-27 14:00:00,52379.265
2050-01-27 15:00:00,46657.1775
2050-01-27 16:00:00,39174.4975
2050-01-27 17:00:00,37719.3675
2050-01-27 18:00:00,37259.4125
2050-01-27 19:00:00,35932.475
2050-01-27 20:00:00,35006.8925
2050-01-27 21:00:00,34183.8125
2050-01-27 22:00:00,32562.3575
2050-01-27 23:00:00,32427.2675
2050-01-28 00:00:00,33480.7275
2050-01-28 01:00:00,34543.5425
2050-01-28 02:00:00,33661.1375
2050-01-28 03:00:00,31916.3575
2050-01-28 04:00:00,32187.78
2050-01-28 05:00:00,35075.8725
2050-01-28 06:00:00,40428.945
2050-01-28 07:00:00,41995.765
2050-01-28 08:00:00,43618.19
2050-01-28 09:00:00,48555.915
2050-01-28 10:00:00,52615.2375
2050-01-28 11:00:00,52173.865
2050-01-28 12:00:00,49673.5575
2050-01-28 13:00:00,46754.035
2050-01-28 14:00:00,44669.36
2050-01-28 15:00:00,43335.635
2050-01-28 16:00:00,42685.6225
2050-01-28 17:00:00,43244.9175
2050-01-28 18:00:00,42635.3025
2050-01-28 19:00:00,40973.2325
2050-01-28 20:00:00,38331.5075
2050-01-28 21:00:00,35202.41
2050-01-28 22:00:00,33503.7625
2050-01-28 23:00:00,32239.9225
2050-01-29 00:00:00,31899.895
2050-01-29 01:00:00,32449.5025
2050-01-29 02:00:00,32096.9375
2050-01-29 03:00:00,33548.4425
2050-01-29 04:00:00,35068.9875
2050-01-29 05:00:00,38181.9775
2050-01-29 06:00:00,42493.0675
2050-01-29 07:00:00,44190.665
2050-01-29 08:00:00,44212.47
2050-01-29 09:00:00,45278.56
2050-01-29 10:00:00,45826.345
2050-01-29 11:00:00,46060.3325
2050-01-29 12:00:00,44056.075
2050-01-29 13:00:00,45088.3275
2050-01-29 14:00:00,44611.9675
2050-01-29 15:00:00,43634.2225
2050-01-29 16:00:00,40140.46
2050-01-29 17:00:00,37601.18
2050-01-29 18:00:00,36735.5575
2050-01-29 19:00:00,34857.7325
2050-01-29 20:00:00,31000.985
2050-01-29 21:00:00,28404.765
2050-01-29 22:00:00,24675.375
2050-01-29 23:00:00,25383.4775
2050-01-30 00:00:00,25141.915
2050-01-30 01:00:00,25113.935
2050-01-30 02:00:00,25074.38
2050-01-30 03:00:00,26211.07
2050-01-30 04:00:00,29388.5975
2050-01-30 05:00:00,34300.755
2050-01-30 06:00:00,41639.295
2050-01-30 07:00:00,44352.235
2050-01-30 08:00:00,44059.6225
2050-01-30 09:00:00,45437.9475
2050-01-30 10:00:00,47569.7
2050-01-30 11:00:00,49991.46
2050-01-30 12:00:00,50699.4875
2050-01-30 13:00:00,50567.705
2050-01-30 14:00:00,51158.935
2050-01-30 15:00:00,50697.1325
2050-01-30 16:00:00,47257.6775
2050-01-30 17:00:00,46875.99
2050-01-30 18:00:00,45677.4075
2050-01-30 19:00:00,45931.89
2050-01-30 20:00:00,43787.745
2050-01-30 21:00:00,39215.8075
2050-01-30 22:00:00,35219.155
2050-01-30 23:00:00,34346.275
2050-01-31 00:00:00,34651.1675
2050-01-31 01:00:00,33857.1275
2050-01-31 02:00:00,32944.955
2050-01-31 03:00:00,33631.1475
2050-01-31 04:00:00,35765.075
2050-01-31 05:00:00,39957.035
2050-01-31 06:00:00,45036.2725
2050-01-31 07:00:00,45826.69
2050-01-31 08:00:00,48100.365
2050-01-31 09:00:00,51560.09
2050-01-31 10:00:00,56001.4125
2050-01-31 11:00:00,56705.0425
2050-01-31 12:00:00,57416.1475
2050-01-31 13:00:00,56767.58
2050-01-31 14:00:00,56667.6
2050-01-31 15:00:00,47307.5175
2050-01-31 16:00:00,42863.48
2050-01-31 17:00:00,42578.065
2050-01-31 18:00:00,42252.415
2050-01-31 19:00:00,41613.1125
2050-01-31 20:00:00,41171.9175
2050-01-31 21:00:00,40139.61
2050-01-31 22:00:00,36473.3375
2050-01-31 23:00:00,33962.7275
2050-02-01 00:00:00,32374.355
2050-02-01 01:00:00,32180
2050-02-01 02:00:00,31917.5825
2050-02-01 03:00:00,31621.8775
2050-02-01 04:00:00,31760.9325
2050-02-01 05:00:00,32589.1975
2050-02-01 06:00:00,35530.8325
2050-02-01 07:00:00,37019.915
2050-02-01 08:00:00,43293.0325
2050-02-01 09:00:00,52891.6475
2050-02-01 10:00:00,52966.3875
2050-02-01 11:00:00,54589.695
2050-02-01 12:00:00,54385.975
2050-02-01 13:00:00,53504.1425
2050-02-01 14:00:00,51444.615
2050-02-01 15:00:00,48082.16
2050-02-01 16:00:00,39388.9475
2050-02-01 17:00:00,39712.2225
2050-02-01 18:00:00,39554.45
2050-02-01 19:00:00,39933.1325
2050-02-01 20:00:00,39330.68
2050-02-01 21:00:00,37718.555
2050-02-01 22:00:00,34899.2325
2050-02-01 23:00:00,35030.8325
2050-02-02 00:00:00,32619.1075
2050-02-02 01:00:00,31053.6775
2050-02-02 02:00:00,29820.9175
2050-02-02 03:00:00,29528.66
2050-02-02 04:00:00,30081.7425
2050-02-02 05:00:00,31224.045
2050-02-02 06:00:00,32561.06
2050-02-02 07:00:00,33843.76
2050-02-02 08:00:00,46265.705
2050-02-02 09:00:00,55945.155
2050-02-02 10:00:00,61667.7125
2050-02-02 11:00:00,59435.7125
2050-02-02 12:00:00,56390.82
2050-02-02 13:00:00,53514.6325
2050-02-02 14:00:00,50381.05
2050-02-02 15:00:00,47010.0375
2050-02-02 16:00:00,41209.1775
2050-02-02 17:00:00,41856.71
2050-02-02 18:00:00,42438.0875
2050-02-02 19:00:00,42302.3825
2050-02-02 20:00:00,42079.8875
2050-02-02 21:00:00,41827.0025
2050-02-02 22:00:00,36053.09
2050-02-02 23:00:00,34383.8475
2050-02-03 00:00:00,34738.955
2050-02-03 01:00:00,35610.395
2050-02-03 02:00:00,35901.685
2050-02-03 03:00:00,35590.5575
2050-02-03 04:00:00,37957.495
2050-02-03 05:00:00,43360.81
2050-02-03 06:00:00,44990.4975
2050-02-03 07:00:00,45952.585
2050-02-03 08:00:00,55533.3525
2050-02-03 09:00:00,63449.7225
2050-02-03 10:00:00,66306.885
2050-02-03 11:00:00,64155.43
2050-02-03 12:00:00,63576.89
2050-02-03 13:00:00,62236.6625
2050-02-03 14:00:00,60203.22
2050-02-03 15:00:00,55467.1275
2050-02-03 16:00:00,47588.9125
2050-02-03 17:00:00,48016.2775
2050-02-03 18:00:00,47888.075
2050-02-03 19:00:00,47725.4075
2050-02-03 20:00:00,47688.78
2050-02-03 21:00:00,46230.9925
2050-02-03 22:00:00,41761.7825
2050-02-03 23:00:00,39990.65
2050-02-04 00:00:00,37140.985
2050-02-04 01:00:00,36989.755
2050-02-04 02:00:00,37823.3425
2050-02-04 03:00:00,39702.6175
2050-02-04 04:00:00,43072.6925
2050-02-04 05:00:00,48784.905
2050-02-04 06:00:00,50872.93
2050-02-04 07:00:00,53083.73
2050-02-04 08:00:00,54616.785
2050-02-04 09:00:00,55475.18
2050-02-04 10:00:00,54891.6275
2050-02-04 11:00:00,55549.8325
2050-02-04 12:00:00,56068.8525
2050-02-04 13:00:00,57495.6975
2050-02-04 14:00:00,56307.0425
2050-02-04 15:00:00,56423.6525
2050-02-04 16:00:00,55906.215
2050-02-04 17:00:00,55232.9575
2050-02-04 18:00:00,55500.4425
2050-02-04 19:00:00,53172.4975
2050-02-04 20:00:00,48247.26
2050-02-04 21:00:00,44788.975
2050-02-04 22:00:00,42482.3025
2050-02-04 23:00:00,40233.45
2050-02-05 00:00:00,39069.79
2050-02-05 01:00:00,37658.325
2050-02-05 02:00:00,35406.6325
2050-02-05 03:00:00,35007.0075
2050-02-05 04:00:00,36144.93
2050-02-05 05:00:00,39810.8
2050-02-05 06:00:00,44484.375
2050-02-05 07:00:00,43949.9225
2050-02-05 08:00:00,44980.8475
2050-02-05 09:00:00,48660.315
2050-02-05 10:00:00,52429.145
2050-02-05 11:00:00,55195.2425
2050-02-05 12:00:00,57620.48
2050-02-05 13:00:00,55937.33
2050-02-05 14:00:00,52691.495
2050-02-05 15:00:00,48427.28
2050-02-05 16:00:00,44098.5675
2050-02-05 17:00:00,42903.06
2050-02-05 18:00:00,42453.69
2050-02-05 19:00:00,42129.3275
2050-02-05 20:00:00,41750.445
2050-02-05 21:00:00,40641.4
2050-02-05 22:00:00,38757.8125
2050-02-05 23:00:00,38603.5625
2050-02-06 00:00:00,38482.8825
2050-02-06 01:00:00,38518.935
2050-02-06 02:00:00,39195.2075
2050-02-06 03:00:00,40014.8125
2050-02-06 04:00:00,40706.8525
2050-02-06 05:00:00,43041.9225
2050-02-06 06:00:00,44426.8475
2050-02-06 07:00:00,45617.295
2050-02-06 08:00:00,47508.03
2050-02-06 09:00:00,51396.985
2050-02-06 10:00:00,55233.225
2050-02-06 11:00:00,60064.205
2050-02-06 12:00:00,61512.2125
2050-02-06 13:00:00,61037.7975
2050-02-06 14:00:00,63630.67
2050-02-06 15:00:00,59705.245
2050-02-06 16:00:00,53227.7475
2050-02-06 17:00:00,52705.5725
2050-02-06 18:00:00,53549.4775
2050-02-06 19:00:00,53727.2375
2050-02-06 20:00:00,49851.885
2050-02-06 21:00:00,46007.8425
2050-02-06 22:00:00,41138.475
2050-02-06 23:00:00,36490.3525
2050-02-07 00:00:00,35704.9425
2050-02-07 01:00:00,38202.04
2050-02-07 02:00:00,40294.205
2050-02-07 03:00:00,41073.815
2050-02-07 04:00:00,43028.26
2050-02-07 05:00:00,46456.01
2050-02-07 06:00:00,49299.7825
2050-02-07 07:00:00,50330.3925
2050-02-07 08:00:00,52701.0125
2050-02-07 09:00:00,54454.375
2050-02-07 10:00:00,55756.27
2050-02-07 11:00:00,58368.445
2050-02-07 12:00:00,58671.1425
2050-02-07 13:00:00,55824.785
2050-02-07 14:00:00,54829.83
2050-02-07 15:00:00,52960.845
2050-02-07 16:00:00,51874.395
2050-02-07 17:00:00,50777.1375
2050-02-07 18:00:00,49657.0925
2050-02-07 19:00:00,47253.305
2050-02-07 20:00:00,44893.07
2050-02-07 21:00:00,43529.6725
2050-02-07 22:00:00,41360.62
2050-02-07 23:00:00,38967.415
2050-02-08 00:00:00,36633.385
2050-02-08 01:00:00,35298.8925
2050-02-08 02:00:00,35047.2925
2050-02-08 03:00:00,34996.045
2050-02-08 04:00:00,36272.39
2050-02-08 05:00:00,37223.3875
2050-02-08 06:00:00,39413.3125
2050-02-08 07:00:00,40363.2025
2050-02-08 08:00:00,42326.4825
2050-02-08 09:00:00,42340.49
2050-02-08 10:00:00,43324.865
2050-02-08 11:00:00,44079.515
2050-02-08 12:00:00,43619.6625
2050-02-08 13:00:00,41957.495
2050-02-08 14:00:00,41849.4125
2050-02-08 15:00:00,42240.5875
2050-02-08 16:00:00,41154.0625
2050-02-08 17:00:00,40431.8425
2050-02-08 18:00:00,39591.3675
2050-02-08 19:00:00,39252.85
2050-02-08 20:00:00,38150.795
2050-02-08 21:00:00,37736.535
2050-02-08 22:00:00,36069.0275
2050-02-08 23:00:00,30169.38
2050-02-09 00:00:00,27498.9325
2050-02-09 01:00:00,26317.555
2050-02-09 02:00:00,24640.06
2050-02-09 03:00:00,23861.31
2050-02-09 04:00:00,24396.015
2050-02-09 05:00:00,24799.22
2050-02-09 06:00:00,26566.3575
2050-02-09 07:00:00,27752.7875
2050-02-09 08:00:00,30702.39
2050-02-09 09:00:00,35724.625
2050-02-09 10:00:00,40656.9925
2050-02-09 11:00:00,42598.255
2050-02-09 12:00:00,45388.32
2050-02-09 13:00:00,44568.54
2050-02-09 14:00:00,43194.085
2050-02-09 15:00:00,43337.495
2050-02-09 16:00:00,39722.7775
2050-02-09 17:00:00,40314.57
2050-02-09 18:00:00,39639.475
2050-02-09 19:00:00,39665.565
2050-02-09 20:00:00,39498.285
2050-02-09 21:00:00,39303.98
2050-02-09 22:00:00,37784.54
2050-02-09 23:00:00,35536.03
2050-02-10 00:00:00,34859.4625
2050-02-10 01:00:00,34127.955
2050-02-10 02:00:00,34828.6
2050-02-10 03:00:00,36548.925
2050-02-10 04:00:00,40115.8075
2050-02-10 05:00:00,44180.5
2050-02-10 06:00:00,48426.3375
2050-02-10 07:00:00,49572.4125
2050-02-10 08:00:00,51167.9375
2050-02-10 09:00:00,53139.5625
2050-02-10 10:00:00,54117.7075
2050-02-10 11:00:00,54131.9675
2050-02-10 12:00:00,53282.495
2050-02-10 13:00:00,52968.8925
2050-02-10 14:00:00,51080.6425
2050-02-10 15:00:00,49397.8825
2050-02-10 16:00:00,47732.485
2050-02-10 17:00:00,47426.54
2050-02-10 18:00:00,46400.1275
2050-02-10 19:00:00,45141.2175
2050-02-10 20:00:00,43475.48
2050-02-10 21:00:00,40383.13
2050-02-10 22:00:00,38448.1625
2050-02-10 23:00:00,37521.255
2050-02-11 00:00:00,36424.8025
2050-02-11 01:00:00,35349.1725
2050-02-11 02:00:00,34856.5575
2050-02-11 03:00:00,34841.1475
2050-02-11 04:00:00,36122.585
2050-02-11 05:00:00,39089.4975
2050-02-11 06:00:00,45163.395
2050-02-11 07:00:00,48157.135
2050-02-11 08:00:00,50406.4225
2050-02-11 09:00:00,50357.8075
2050-02-11 10:00:00,50374.19
2050-02-11 11:00:00,50464.715
2050-02-11 12:00:00,49799.61
2050-02-11 13:00:00,48698.3725
2050-02-11 14:00:00,47628.0575
2050-02-11 15:00:00,45855.7875
2050-02-11 16:00:00,44923.8575
2050-02-11 17:00:00,43823.9875
2050-02-11 18:00:00,42920.86
2050-02-11 19:00:00,40856.3575
2050-02-11 20:00:00,39160.65
2050-02-11 21:00:00,35197.41
2050-02-11 22:00:00,31350.4025
2050-02-11 23:00:00,30418.3425
2050-02-12 00:00:00,29834.95
2050-02-12 01:00:00,28483.645
2050-02-12 02:00:00,27950.085
2050-02-12 03:00:00,28267.3325
2050-02-12 04:00:00,30585.3
2050-02-12 05:00:00,35626.4125
2050-02-12 06:00:00,38887.8425
2050-02-12 07:00:00,39942.0225
2050-02-12 08:00:00,40549.725
2050-02-12 09:00:00,43459.345
2050-02-12 10:00:00,45283.2225
2050-02-12 11:00:00,46658.0925
2050-02-12 12:00:00,47344.3475
2050-02-12 13:00:00,45561.925
2050-02-12 14:00:00,44043.35
2050-02-12 15:00:00,42862.02
2050-02-12 16:00:00,41691.2825
2050-02-12 17:00:00,41734.3725
2050-02-12 18:00:00,40936.7775
2050-02-12 19:00:00,40730.2275
2050-02-12 20:00:00,40791.885
2050-02-12 21:00:00,40329.2175
2050-02-12 22:00:00,39198.3025
2050-02-12 23:00:00,37670.3125
2050-02-13 00:00:00,38202.785
2050-02-13 01:00:00,39283.3425
2050-02-13 02:00:00,40176.44
2050-02-13 03:00:00,40909.59
2050-02-13 04:00:00,42119.16
2050-02-13 05:00:00,46571.305
2050-02-13 06:00:00,49749.8475
2050-02-13 07:00:00,50143.12
2050-02-13 08:00:00,50787.78
2050-02-13 09:00:00,51431.53
2050-02-13 10:00:00,53576.255
2050-02-13 11:00:00,55885.955
2050-02-13 12:00:00,54379.995
2050-02-13 13:00:00,53111.06
2050-02-13 14:00:00,53174.0575
2050-02-13 15:00:00,50281.6975
2050-02-13 16:00:00,46728.3225
2050-02-13 17:00:00,44543.6375
2050-02-13 18:00:00,43005.2525
2050-02-13 19:00:00,41103.6425
2050-02-13 20:00:00,39706.0825
2050-02-13 21:00:00,38599.9975
2050-02-13 22:00:00,36144.7475
2050-02-13 23:00:00,35484.76
2050-02-14 00:00:00,35406.1325
2050-02-14 01:00:00,35053.68
2050-02-14 02:00:00,34880.06
2050-02-14 03:00:00,35416.04
2050-02-14 04:00:00,36283.6425
2050-02-14 05:00:00,38905.455
2050-02-14 06:00:00,40386.0175
2050-02-14 07:00:00,41233.755
2050-02-14 08:00:00,44897.8575
2050-02-14 09:00:00,50795.37
2050-02-14 10:00:00,53665.865
2050-02-14 11:00:00,54904.7225
2050-02-14 12:00:00,51715.7975
2050-02-14 13:00:00,48286.665
2050-02-14 14:00:00,45705.495
2050-02-14 15:00:00,43947.575
2050-02-14 16:00:00,40824.5975
2050-02-14 17:00:00,40603.055
2050-02-14 18:00:00,41176.3725
2050-02-14 19:00:00,40610.1975
2050-02-14 20:00:00,39755.66
2050-02-14 21:00:00,39701.4375
2050-02-14 22:00:00,39025.735
2050-02-14 23:00:00,37586.46
2050-02-15 00:00:00,35927.225
2050-02-15 01:00:00,35097.1925
2050-02-15 02:00:00,35325.4875
2050-02-15 03:00:00,35191.5025
2050-02-15 04:00:00,35361.31
2050-02-15 05:00:00,36236.165
2050-02-15 06:00:00,37908.03
2050-02-15 07:00:00,40147.375
2050-02-15 08:00:00,43565.4275
2050-02-15 09:00:00,46999.285
2050-02-15 10:00:00,50136.065
2050-02-15 11:00:00,50887.39
2050-02-15 12:00:00,49388.39
2050-02-15 13:00:00,47281.1925
2050-02-15 14:00:00,44747.8475
2050-02-15 15:00:00,42963.49
2050-02-15 16:00:00,40896.61
2050-02-15 17:00:00,40605.85
2050-02-15 18:00:00,40716.3075
2050-02-15 19:00:00,40464.7675
2050-02-15 20:00:00,39413.6275
2050-02-15 21:00:00,38016.3525
2050-02-15 22:00:00,36485.155
2050-02-15 23:00:00,36521.4375
2050-02-16 00:00:00,35105.765
2050-02-16 01:00:00,33484.05
2050-02-16 02:00:00,32625.68
2050-02-16 03:00:00,33323.0775
2050-02-16 04:00:00,32788.4825
2050-02-16 05:00:00,34064.755
2050-02-16 06:00:00,36635.6825
2050-02-16 07:00:00,39576.635
2050-02-16 08:00:00,46622.18
2050-02-16 09:00:00,54080.365
2050-02-16 10:00:00,60026.485
2050-02-16 11:00:00,65443.26
2050-02-16 12:00:00,67696.525
2050-02-16 13:00:00,66472.34
2050-02-16 14:00:00,64504.385
2050-02-16 15:00:00,61628.3425
2050-02-16 16:00:00,53859.65
2050-02-16 17:00:00,49219.89
2050-02-16 18:00:00,49103.6025
2050-02-16 19:00:00,48435.5275
2050-02-16 20:00:00,48206.725
2050-02-16 21:00:00,46405.355
2050-02-16 22:00:00,41948.695
2050-02-16 23:00:00,38776.515
2050-02-17 00:00:00,38015.78
2050-02-17 01:00:00,37659.475
2050-02-17 02:00:00,37264.045
2050-02-17 03:00:00,38243.36
2050-02-17 04:00:00,39011.76
2050-02-17 05:00:00,42186.2575
2050-02-17 06:00:00,43170.1825
2050-02-17 07:00:00,46021.285
2050-02-17 08:00:00,59695.5825
2050-02-17 09:00:00,66916.305
2050-02-17 10:00:00,69739.7875
2050-02-17 11:00:00,70424.545
2050-02-17 12:00:00,68382.86
2050-02-17 13:00:00,66562.0275
2050-02-17 14:00:00,63197.93
2050-02-17 15:00:00,56881.25
2050-02-17 16:00:00,47540.1775
2050-02-17 17:00:00,43322.005
2050-02-17 18:00:00,43549.8675
2050-02-17 19:00:00,44356.065
2050-02-17 20:00:00,44900.8425
2050-02-17 21:00:00,44253.2975
2050-02-17 22:00:00,43502.445
2050-02-17 23:00:00,42174.9975
2050-02-18 00:00:00,39613.825
2050-02-18 01:00:00,39642.6925
2050-02-18 02:00:00,39401.1975
2050-02-18 03:00:00,41197.1075
2050-02-18 04:00:00,43488.895
2050-02-18 05:00:00,46549.31
2050-02-18 06:00:00,47727.05
2050-02-18 07:00:00,49876.2925
2050-02-18 08:00:00,59133.235
2050-02-18 09:00:00,63079.8275
2050-02-18 10:00:00,63546.3975
2050-02-18 11:00:00,65732.195
2050-02-18 12:00:00,66461.005
2050-02-18 13:00:00,65925.56
2050-02-18 14:00:00,65523.915
2050-02-18 15:00:00,62537.4175
2050-02-18 16:00:00,58902.0625
2050-02-18 17:00:00,54946.2375
2050-02-18 18:00:00,54435.0475
2050-02-18 19:00:00,53642.7025
2050-02-18 20:00:00,49318.6375
2050-02-18 21:00:00,43019.94
2050-02-18 22:00:00,38235.2625
2050-02-18 23:00:00,36792.675
2050-02-19 00:00:00,36535.3025
2050-02-19 01:00:00,37289.93
2050-02-19 02:00:00,37810.9825
2050-02-19 03:00:00,37935.7825
2050-02-19 04:00:00,38996.5575
2050-02-19 05:00:00,43125.345
2050-02-19 06:00:00,47071.785
2050-02-19 07:00:00,50366.76
2050-02-19 08:00:00,57441.6825
2050-02-19 09:00:00,58555.2725
2050-02-19 10:00:00,61479.565
2050-02-19 11:00:00,59355.5975
2050-02-19 12:00:00,58312.2225
2050-02-19 13:00:00,59889.0075
2050-02-19 14:00:00,53430.1125
2050-02-19 15:00:00,47634.0475
2050-02-19 16:00:00,43729.215
2050-02-19 17:00:00,39919.0425
2050-02-19 18:00:00,40519.57
2050-02-19 19:00:00,39214.765
2050-02-19 20:00:00,35126.19
2050-02-19 21:00:00,32596.19
2050-02-19 22:00:00,29410.995
2050-02-19 23:00:00,26344.095
2050-02-20 00:00:00,24249.8875
2050-02-20 01:00:00,23212.42
2050-02-20 02:00:00,22265.2775
2050-02-20 03:00:00,22034.945
2050-02-20 04:00:00,24535.4675
2050-02-20 05:00:00,28305.395
2050-02-20 06:00:00,31973.1
2050-02-20 07:00:00,33333.0225
2050-02-20 08:00:00,36905.54
2050-02-20 09:00:00,39915.9325
2050-02-20 10:00:00,43435.47
2050-02-20 11:00:00,48203.1475
2050-02-20 12:00:00,47847.805
2050-02-20 13:00:00,44469.67
2050-02-20 14:00:00,41122.545
2050-02-20 15:00:00,39606.5225
2050-02-20 16:00:00,38984.0125
2050-02-20 17:00:00,38226.87
2050-02-20 18:00:00,38555.325
2050-02-20 19:00:00,37621.515
2050-02-20 20:00:00,35576.8425
2050-02-20 21:00:00,34979.345
2050-02-20 22:00:00,32982.315
2050-02-20 23:00:00,31633.0375
2050-02-21 00:00:00,29423.52
2050-02-21 01:00:00,26457.25
2050-02-21 02:00:00,24825.9325
2050-02-21 03:00:00,24113.4925
2050-02-21 04:00:00,25221.0575
2050-02-21 05:00:00,27938.14
2050-02-21 06:00:00,29774.3975
2050-02-21 07:00:00,31228.095
2050-02-21 08:00:00,37313.2425
2050-02-21 09:00:00,46037.5475
2050-02-21 10:00:00,52897.45
2050-02-21 11:00:00,58629.935
2050-02-21 12:00:00,58757.1875
2050-02-21 13:00:00,54190.325
2050-02-21 14:00:00,46368.6725
2050-02-21 15:00:00,40405.14
2050-02-21 16:00:00,35523.285
2050-02-21 17:00:00,33338.5125
2050-02-21 18:00:00,31985.8
2050-02-21 19:00:00,31792.49
2050-02-21 20:00:00,30460.14
2050-02-21 21:00:00,28068.775
2050-02-21 22:00:00,26200
2050-02-21 23:00:00,23539.5175
2050-02-22 00:00:00,22551.35
2050-02-22 01:00:00,22751.0475
2050-02-22 02:00:00,23390.0025
2050-02-22 03:00:00,23570.4575
2050-02-22 04:00:00,23710.43
2050-02-22 05:00:00,24386.18
2050-02-22 06:00:00,25469.09
2050-02-22 07:00:00,26720.7925
2050-02-22 08:00:00,29837.4875
2050-02-22 09:00:00,31979.58
2050-02-22 10:00:00,33033.47
2050-02-22 11:00:00,33292.415
2050-02-22 12:00:00,32858.0225
2050-02-22 13:00:00,30126.5325
2050-02-22 14:00:00,26911.525
2050-02-22 15:00:00,27799.64
2050-02-22 16:00:00,27901.855
2050-02-22 17:00:00,28698.4375
2050-02-22 18:00:00,29568.4225
2050-02-22 19:00:00,29114.3125
2050-02-22 20:00:00,27788.16
2050-02-22 21:00:00,27434.98
2050-02-22 22:00:00,24765.02
2050-02-22 23:00:00,21804.79
2050-02-23 00:00:00,20893.15
2050-02-23 01:00:00,20352.03
2050-02-23 02:00:00,20393.97
2050-02-23 03:00:00,19565.29
2050-02-23 04:00:00,19545.04
2050-02-23 05:00:00,20310.2575
2050-02-23 06:00:00,22990.06
2050-02-23 07:00:00,24762.355
2050-02-23 08:00:00,27784.81
2050-02-23 09:00:00,33795.815
2050-02-23 10:00:00,43957.3075
2050-02-23 11:00:00,55039.5675
2050-02-23 12:00:00,60413.8125
2050-02-23 13:00:00,59348.37
2050-02-23 14:00:00,52169.1975
2050-02-23 15:00:00,43804.44
2050-02-23 16:00:00,36672
2050-02-23 17:00:00,32510.1625
2050-02-23 18:00:00,32088.335
2050-02-23 19:00:00,32223.3
2050-02-23 20:00:00,32061.48
2050-02-23 21:00:00,32465.4325
2050-02-23 22:00:00,32311.89
2050-02-23 23:00:00,31315.9075
2050-02-24 00:00:00,31462.7725
2050-02-24 01:00:00,31943.93
2050-02-24 02:00:00,31847.945
2050-02-24 03:00:00,32118.22
2050-02-24 04:00:00,32513.58
2050-02-24 05:00:00,33872.6625
2050-02-24 06:00:00,36288.9225
2050-02-24 07:00:00,38862.4875
2050-02-24 08:00:00,41653.4775
2050-02-24 09:00:00,43401.75
2050-02-24 10:00:00,45552.1025
2050-02-24 11:00:00,45342.7175
2050-02-24 12:00:00,44229.5075
2050-02-24 13:00:00,41989.39
2050-02-24 14:00:00,42903.9075
2050-02-24 15:00:00,42626.9525
2050-02-24 16:00:00,42884.9925
2050-02-24 17:00:00,41992.7875
2050-02-24 18:00:00,40610.9275
2050-02-24 19:00:00,39410.325
2050-02-24 20:00:00,37473.4625
2050-02-24 21:00:00,34773.1775
2050-02-24 22:00:00,31686.2675
2050-02-24 23:00:00,28999.9175
2050-02-25 00:00:00,27507.805
2050-02-25 01:00:00,26386.7625
2050-02-25 02:00:00,25701.525
2050-02-25 03:00:00,25236.755
2050-02-25 04:00:00,28169
2050-02-25 05:00:00,35084.8275
2050-02-25 06:00:00,37187.425
2050-02-25 07:00:00,38513.9075
2050-02-25 08:00:00,40599.2825
2050-02-25 09:00:00,45404.47
2050-02-25 10:00:00,47148.815
2050-02-25 11:00:00,46798.0775
2050-02-25 12:00:00,46717.2675
2050-02-25 13:00:00,44746.3525
2050-02-25 14:00:00,41863.6775
2050-02-25 15:00:00,39989.125
2050-02-25 16:00:00,37751.015
2050-02-25 17:00:00,37025.135
2050-02-25 18:00:00,36728.0625
2050-02-25 19:00:00,36680.365
2050-02-25 20:00:00,36653.795
2050-02-25 21:00:00,35831.5225
2050-02-25 22:00:00,34872.63
2050-02-25 23:00:00,34263.2275
2050-02-26 00:00:00,34122.45
2050-02-26 01:00:00,34530.3525
2050-02-26 02:00:00,35290.7275
2050-02-26 03:00:00,35159.54
2050-02-26 04:00:00,34668.2575
2050-02-26 05:00:00,35355.3775
2050-02-26 06:00:00,36201.615
2050-02-26 07:00:00,38069.13
2050-02-26 08:00:00,44906.67
2050-02-26 09:00:00,51858.365
2050-02-26 10:00:00,58090.69
2050-02-26 11:00:00,62047.94
2050-02-26 12:00:00,61066.16
2050-02-26 13:00:00,58084.5275
2050-02-26 14:00:00,57871.835
2050-02-26 15:00:00,53054.5075
2050-02-26 16:00:00,49656.605
2050-02-26 17:00:00,47837.78
2050-02-26 18:00:00,47944.1575
2050-02-26 19:00:00,48944.27
2050-02-26 20:00:00,47075.09
2050-02-26 21:00:00,43575.855
2050-02-26 22:00:00,40659.355
2050-02-26 23:00:00,39213.33
2050-02-27 00:00:00,36907.7325
2050-02-27 01:00:00,35557.31
2050-02-27 02:00:00,34012.44
2050-02-27 03:00:00,33029.81
2050-02-27 04:00:00,33602.4425
2050-02-27 05:00:00,36647.41
2050-02-27 06:00:00,37945.12
2050-02-27 07:00:00,39770.51
2050-02-27 08:00:00,42850.77
2050-02-27 09:00:00,47222.5575
2050-02-27 10:00:00,51579.9725
2050-02-27 11:00:00,54693.35
2050-02-27 12:00:00,53075.4
2050-02-27 13:00:00,55354.44
2050-02-27 14:00:00,53157.235
2050-02-27 15:00:00,49723.745
2050-02-27 16:00:00,46974.47
2050-02-27 17:00:00,46319.285
2050-02-27 18:00:00,46397.8725
2050-02-27 19:00:00,48502.1225
2050-02-27 20:00:00,48210.01
2050-02-27 21:00:00,48472.695
2050-02-27 22:00:00,47678.905
2050-02-27 23:00:00,43546.255
2050-02-28 00:00:00,42100.03
2050-02-28 01:00:00,41288.4825
2050-02-28 02:00:00,40369.53
2050-02-28 03:00:00,38094.0425
2050-02-28 04:00:00,38391.65
2050-02-28 05:00:00,39983.9675
2050-02-28 06:00:00,41116.8825
2050-02-28 07:00:00,43754.7225
2050-02-28 08:00:00,47410.895
2050-02-28 09:00:00,53714.2875
2050-02-28 10:00:00,54704.795
2050-02-28 11:00:00,56884.9675
2050-02-28 12:00:00,58159.29
2050-02-28 13:00:00,54913.04
2050-02-28 14:00:00,53461.145
2050-02-28 15:00:00,50579.3675
2050-02-28 16:00:00,45233.2
2050-02-28 17:00:00,40411.98
2050-02-28 18:00:00,39092.97
2050-02-28 19:00:00,37889.6075
2050-02-28 20:00:00,37238.2
2050-02-28 21:00:00,36749.0925
2050-02-28 22:00:00,34334.87
2050-02-28 23:00:00,34598.03
2050-03-01 00:00:00,33653.935
2050-03-01 01:00:00,33865.655
2050-03-01 02:00:00,33724.335
2050-03-01 03:00:00,33885.2475
2050-03-01 04:00:00,33808.7925
2050-03-01 05:00:00,33261.8225
2050-03-01 06:00:00,34154.1975
2050-03-01 07:00:00,36456.2125
2050-03-01 08:00:00,40262.6
2050-03-01 09:00:00,43464.1725
2050-03-01 10:00:00,43548.3575
2050-03-01 11:00:00,46357.7625
2050-03-01 12:00:00,45976.5825
2050-03-01 13:00:00,43946.4125
2050-03-01 14:00:00,40945.295
2050-03-01 15:00:00,41044.9775
2050-03-01 16:00:00,40065.4425
2050-03-01 17:00:00,35899.215
2050-03-01 18:00:00,35351.3775
2050-03-01 19:00:00,34244.64
2050-03-01 20:00:00,34061.485
2050-03-01 21:00:00,33023.2875
2050-03-01 22:00:00,28225.8825
2050-03-01 23:00:00,24769.7525
2050-03-02 00:00:00,23984.5375
2050-03-02 01:00:00,22555.8425
2050-03-02 02:00:00,22873.485
2050-03-02 03:00:00,22702.8625
2050-03-02 04:00:00,22659.545
2050-03-02 05:00:00,23568.895
2050-03-02 06:00:00,24720.1575
2050-03-02 07:00:00,27583.6775
2050-03-02 08:00:00,32147.9725
2050-03-02 09:00:00,36259.8175
2050-03-02 10:00:00,42791.45
2050-03-02 11:00:00,49131.735
2050-03-02 12:00:00,47764.67
2050-03-02 13:00:00,43883.475
2050-03-02 14:00:00,41104.625
2050-03-02 15:00:00,35205.065
2050-03-02 16:00:00,34034.975
2050-03-02 17:00:00,29305.895
2050-03-02 18:00:00,29059.48
2050-03-02 19:00:00,29323.5525
2050-03-02 20:00:00,29323.5775
2050-03-02 21:00:00,28914.6275
2050-03-02 22:00:00,27243.2925
2050-03-02 23:00:00,26448.7275
2050-03-03 00:00:00,26894.665
2050-03-03 01:00:00,26451.7325
2050-03-03 02:00:00,26543.06
2050-03-03 03:00:00,27265.475
2050-03-03 04:00:00,29631.4775
2050-03-03 05:00:00,33188.95
2050-03-03 06:00:00,34506.4675
2050-03-03 07:00:00,42306.5075
2050-03-03 08:00:00,48187.1
2050-03-03 09:00:00,45354.4475
2050-03-03 10:00:00,49269.2225
2050-03-03 11:00:00,53217.4275
2050-03-03 12:00:00,49478.23
2050-03-03 13:00:00,51158.095
2050-03-03 14:00:00,47509.7425
2050-03-03 15:00:00,44032.8475
2050-03-03 16:00:00,41402.955
2050-03-03 17:00:00,35045.9725
2050-03-03 18:00:00,34562.415
2050-03-03 19:00:00,33779.1075
2050-03-03 20:00:00,33474.5725
2050-03-03 21:00:00,31610.45
2050-03-03 22:00:00,29227.87
2050-03-03 23:00:00,29592.11
2050-03-04 00:00:00,29206.73
2050-03-04 01:00:00,28882.9675
2050-03-04 02:00:00,29265.0975
2050-03-04 03:00:00,30463.14
2050-03-04 04:00:00,31920.65
2050-03-04 05:00:00,34601.2525
2050-03-04 06:00:00,35115.02
2050-03-04 07:00:00,37876.985
2050-03-04 08:00:00,41860.765
2050-03-04 09:00:00,43772.33
2050-03-04 10:00:00,49518.015
2050-03-04 11:00:00,50035.9
2050-03-04 12:00:00,54300.4625
2050-03-04 13:00:00,51196.6875
2050-03-04 14:00:00,46006.7475
2050-03-04 15:00:00,42019.2975
2050-03-04 16:00:00,42834.675
2050-03-04 17:00:00,36339.39
2050-03-04 18:00:00,36198.5225
2050-03-04 19:00:00,35088.9575
2050-03-04 20:00:00,32642.6475
2050-03-04 21:00:00,27862.5775
2050-03-04 22:00:00,25268.2425
2050-03-04 23:00:00,22831.035
2050-03-05 00:00:00,22545.7775
2050-03-05 01:00:00,22520.6275
2050-03-05 02:00:00,22009.2075
2050-03-05 03:00:00,23422.73
2050-03-05 04:00:00,26208.66
2050-03-05 05:00:00,29396.0875
2050-03-05 06:00:00,29423.235
2050-03-05 07:00:00,36107.515
2050-03-05 08:00:00,42255.5275
2050-03-05 09:00:00,43293.0725
2050-03-05 10:00:00,39660.805
2050-03-05 11:00:00,37730.4975
2050-03-05 12:00:00,35763.165
2050-03-05 13:00:00,35198.2275
2050-03-05 14:00:00,38606.7875
2050-03-05 15:00:00,44510.1525
2050-03-05 16:00:00,58393.11
2050-03-05 17:00:00,53343.905
2050-03-05 18:00:00,48927.085
2050-03-05 19:00:00,42355.4775
2050-03-05 20:00:00,35813.68
2050-03-05 21:00:00,27738.975
2050-03-05 22:00:00,24645.5525
2050-03-05 23:00:00,23617.665
2050-03-06 00:00:00,22412.7475
2050-03-06 01:00:00,22486.6875
2050-03-06 02:00:00,22408.11
2050-03-06 03:00:00,23099.6725
2050-03-06 04:00:00,25418.0575
2050-03-06 05:00:00,29718.1225
2050-03-06 06:00:00,30883.1
2050-03-06 07:00:00,34366.0375
2050-03-06 08:00:00,38387.41
2050-03-06 09:00:00,44332.25
2050-03-06 10:00:00,48861.455
2050-03-06 11:00:00,47368.985
2050-03-06 12:00:00,49164.13
2050-03-06 13:00:00,51105.3575
2050-03-06 14:00:00,47747.345
2050-03-06 15:00:00,47097.3725
2050-03-06 16:00:00,45275.39
2050-03-06 17:00:00,38380.1275
2050-03-06 18:00:00,37174.0975
2050-03-06 19:00:00,36068.82
2050-03-06 20:00:00,33947.8675
2050-03-06 21:00:00,31644.2525
2050-03-06 22:00:00,27663.28
2050-03-06 23:00:00,25510.0325
2050-03-07 00:00:00,25733.545
2050-03-07 01:00:00,24788.8975
2050-03-07 02:00:00,24642.7175
2050-03-07 03:00:00,25447.885
2050-03-07 04:00:00,27730.9975
2050-03-07 05:00:00,31705.625
2050-03-07 06:00:00,32910.6525
2050-03-07 07:00:00,35674.38
2050-03-07 08:00:00,40543.2575
2050-03-07 09:00:00,46043.8975
2050-03-07 10:00:00,51123.62
2050-03-07 11:00:00,53551.33
2050-03-07 12:00:00,53233.715
2050-03-07 13:00:00,51173.4275
2050-03-07 14:00:00,48706.4075
2050-03-07 15:00:00,45830.5675
2050-03-07 16:00:00,41130.64
2050-03-07 17:00:00,35192.8275
2050-03-07 18:00:00,34378.13
2050-03-07 19:00:00,34147.2475
2050-03-07 20:00:00,35222.6375
2050-03-07 21:00:00,33337.3425
2050-03-07 22:00:00,30229.75
2050-03-07 23:00:00,31336.47
2050-03-08 00:00:00,32635.1375
2050-03-08 01:00:00,32751.7
2050-03-08 02:00:00,32131.165
2050-03-08 03:00:00,31855.78
2050-03-08 04:00:00,31514.2825
2050-03-08 05:00:00,29736.13
2050-03-08 06:00:00,28573.315
2050-03-08 07:00:00,28708.9725
2050-03-08 08:00:00,34844.7125
2050-03-08 09:00:00,42424.1175
2050-03-08 10:00:00,48773.8075
2050-03-08 11:00:00,48053.7375
2050-03-08 12:00:00,48585.37
2050-03-08 13:00:00,51036.2825
2050-03-08 14:00:00,47372.255
2050-03-08 15:00:00,43191.3075
2050-03-08 16:00:00,41686.53
2050-03-08 17:00:00,34516.07
2050-03-08 18:00:00,32320.3425
2050-03-08 19:00:00,27610.26
2050-03-08 20:00:00,26183.465
2050-03-08 21:00:00,27070.36
2050-03-08 22:00:00,25649.5625
2050-03-08 23:00:00,23739.6825
2050-03-09 00:00:00,22786.4575
2050-03-09 01:00:00,21785.36
2050-03-09 02:00:00,21768.2025
2050-03-09 03:00:00,21847.2225
2050-03-09 04:00:00,22586.3325
2050-03-09 05:00:00,21082.9475
2050-03-09 06:00:00,19151.0825
2050-03-09 07:00:00,23712.595
2050-03-09 08:00:00,33529.5475
2050-03-09 09:00:00,42774.56
2050-03-09 10:00:00,44672.1925
2050-03-09 11:00:00,46999.475
2050-03-09 12:00:00,47100.3875
2050-03-09 13:00:00,44344.8225
2050-03-09 14:00:00,41693.9625
2050-03-09 15:00:00,36584.3375
2050-03-09 16:00:00,35672.065
2050-03-09 17:00:00,34612.5875
2050-03-09 18:00:00,35950.7575
2050-03-09 19:00:00,36044.605
2050-03-09 20:00:00,36048.49
2050-03-09 21:00:00,34671.585
2050-03-09 22:00:00,32735.22
2050-03-09 23:00:00,30078.815
2050-03-10 00:00:00,28535.54
2050-03-10 01:00:00,28270.515
2050-03-10 02:00:00,28591.1025
2050-03-10 03:00:00,29689.6125
2050-03-10 04:00:00,32784.805
2050-03-10 05:00:00,34939.7175
2050-03-10 06:00:00,36367.2
2050-03-10 07:00:00,42779.5475
2050-03-10 08:00:00,47976.81
2050-03-10 09:00:00,51568.7275
2050-03-10 10:00:00,54890.485
2050-03-10 11:00:00,57339.875
2050-03-10 12:00:00,57797.7075
2050-03-10 13:00:00,56856.33
2050-03-10 14:00:00,54326.61
2050-03-10 15:00:00,51195.285
2050-03-10 16:00:00,47069.685
2050-03-10 17:00:00,40604.125
2050-03-10 18:00:00,40006.3325
2050-03-10 19:00:00,39815.25
2050-03-10 20:00:00,38573.96
2050-03-10 21:00:00,36957.8775
2050-03-10 22:00:00,34320.6675
2050-03-10 23:00:00,35388.6875
2050-03-11 00:00:00,35097.76
2050-03-11 01:00:00,35321.5025
2050-03-11 02:00:00,36466.435
2050-03-11 03:00:00,38262.705
2050-03-11 04:00:00,38542.735
2050-03-11 05:00:00,42606.9975
2050-03-11 06:00:00,45019.0875
2050-03-11 07:00:00,46555.29
2050-03-11 08:00:00,48660.655
2050-03-11 09:00:00,48762.66
2050-03-11 10:00:00,50656.495
2050-03-11 11:00:00,53483.7225
2050-03-11 12:00:00,59844.5375
2050-03-11 13:00:00,57691.045
2050-03-11 14:00:00,55669.54
2050-03-11 15:00:00,57638.115
2050-03-11 16:00:00,53225.0625
2050-03-11 17:00:00,48884.8625
2050-03-11 18:00:00,45766.7875
2050-03-11 19:00:00,43805.8825
2050-03-11 20:00:00,42037.5025
2050-03-11 21:00:00,39196.1275
2050-03-11 22:00:00,37082.34
2050-03-11 23:00:00,34872.23
2050-03-12 00:00:00,34410.6075
2050-03-12 01:00:00,34643.345
2050-03-12 02:00:00,34796.705
2050-03-12 03:00:00,35556.5775
2050-03-12 04:00:00,37455.0225
2050-03-12 05:00:00,39604.2475
2050-03-12 06:00:00,41052.17
2050-03-12 07:00:00,45749.545
2050-03-12 08:00:00,53420.295
2050-03-12 09:00:00,59060.33
2050-03-12 10:00:00,61780.445
2050-03-12 11:00:00,62889.3075
2050-03-12 12:00:00,60629.9925
2050-03-12 13:00:00,59224.15
2050-03-12 14:00:00,55249.2325
2050-03-12 15:00:00,52394.9825
2050-03-12 16:00:00,48973.255
2050-03-12 17:00:00,41190.89
2050-03-12 18:00:00,38862.145
2050-03-12 19:00:00,38549.0125
2050-03-12 20:00:00,38230.1225
2050-03-12 21:00:00,37363.4125
2050-03-12 22:00:00,36778.1925
2050-03-12 23:00:00,35455.0325
2050-03-13 00:00:00,34766.17
2050-03-13 01:00:00,34583.165
2050-03-13 02:00:00,34763.19
2050-03-13 03:00:00,34915.835
2050-03-13 04:00:00,36159.1325
2050-03-13 05:00:00,39157.34
2050-03-13 06:00:00,41006.985
2050-03-13 07:00:00,47531.525
2050-03-13 08:00:00,52355.73
2050-03-13 09:00:00,57406.9325
2050-03-13 10:00:00,58243.6025
2050-03-13 11:00:00,58547.515
2050-03-13 12:00:00,58291.12
2050-03-13 13:00:00,58996.9975
2050-03-13 14:00:00,56789.9625
2050-03-13 15:00:00,58104.255
2050-03-13 16:00:00,53907.3275
2050-03-13 17:00:00,47646.885
2050-03-13 18:00:00,44726.3125
2050-03-13 19:00:00,42283.72
2050-03-13 20:00:00,41271.4875
2050-03-13 21:00:00,38974.22
2050-03-13 22:00:00,38265.425
2050-03-13 23:00:00,37425.2425
2050-03-14 00:00:00,37086.335
2050-03-14 01:00:00,36940.6
2050-03-14 02:00:00,37299.1525
2050-03-14 03:00:00,37644.9425
2050-03-14 04:00:00,38004.9825
2050-03-14 05:00:00,39405.0475
2050-03-14 06:00:00,41179.1825
2050-03-14 07:00:00,49589.6075
2050-03-14 08:00:00,55157.5875
2050-03-14 09:00:00,58521.195
2050-03-14 10:00:00,60109.5375
2050-03-14 11:00:00,59654.24
2050-03-14 12:00:00,61093.535
2050-03-14 13:00:00,58951.305
2050-03-14 14:00:00,58366.2775
2050-03-14 15:00:00,57774.855
2050-03-14 16:00:00,56059.9125
2050-03-14 17:00:00,51709.295
2050-03-14 18:00:00,48238.4575
2050-03-14 19:00:00,47986.7825
2050-03-14 20:00:00,43696.89
2050-03-14 21:00:00,40740.9
2050-03-14 22:00:00,36650.1725
2050-03-14 23:00:00,33586.1675
2050-03-15 00:00:00,29084.56
2050-03-15 01:00:00,28838.8275
2050-03-15 02:00:00,28527.795
2050-03-15 03:00:00,29963.16
2050-03-15 04:00:00,30795.87
2050-03-15 05:00:00,32544.81
2050-03-15 06:00:00,34621.615
2050-03-15 07:00:00,41388.8
2050-03-15 08:00:00,50992.2375
2050-03-15 09:00:00,57817.0075
2050-03-15 10:00:00,62217.94
2050-03-15 11:00:00,60854.6125
2050-03-15 12:00:00,58153.35
2050-03-15 13:00:00,53638.1775
2050-03-15 14:00:00,54757.43
2050-03-15 15:00:00,53342.4625
2050-03-15 16:00:00,54580.6475
2050-03-15 17:00:00,52202.0575
2050-03-15 18:00:00,47577.135
2050-03-15 19:00:00,43923.2025
2050-03-15 20:00:00,40027.9125
2050-03-15 21:00:00,37110.9975
2050-03-15 22:00:00,32496.8725
2050-03-15 23:00:00,28916.665
2050-03-16 00:00:00,25754.6825
2050-03-16 01:00:00,23767.585
2050-03-16 02:00:00,22464.49
2050-03-16 03:00:00,22728.315
2050-03-16 04:00:00,23434.12
2050-03-16 05:00:00,23659.6925
2050-03-16 06:00:00,23887.73
2050-03-16 07:00:00,32841.815
2050-03-16 08:00:00,39644.0375
2050-03-16 09:00:00,45875.56
2050-03-16 10:00:00,49122.22
2050-03-16 11:00:00,48985.74
2050-03-16 12:00:00,48340.455
2050-03-16 13:00:00,49290.2325
2050-03-16 14:00:00,46952.7775
2050-03-16 15:00:00,41755.6575
2050-03-16 16:00:00,42368.48
2050-03-16 17:00:00,40259.2075
2050-03-16 18:00:00,37127.8825
2050-03-16 19:00:00,34268.025
2050-03-16 20:00:00,30241.1725
2050-03-16 21:00:00,28252.7325
2050-03-16 22:00:00,26616.8725
2050-03-16 23:00:00,26599.1875
2050-03-17 00:00:00,25376.005
2050-03-17 01:00:00,23651.2175
2050-03-17 02:00:00,23526.6825
2050-03-17 03:00:00,26915.13
2050-03-17 04:00:00,32232.4825
2050-03-17 05:00:00,38741.44
2050-03-17 06:00:00,41357.1925
2050-03-17 07:00:00,47415.235
2050-03-17 08:00:00,50464.135
2050-03-17 09:00:00,58435.1225
2050-03-17 10:00:00,62307.03
2050-03-17 11:00:00,62834.81
2050-03-17 12:00:00,64255.335
2050-03-17 13:00:00,65567.1825
2050-03-17 14:00:00,59834.995
2050-03-17 15:00:00,59656.56
2050-03-17 16:00:00,59255.0675
2050-03-17 17:00:00,51378.47
2050-03-17 18:00:00,46485.05
2050-03-17 19:00:00,45332.1075
2050-03-17 20:00:00,43618.5325
2050-03-17 21:00:00,38657.4175
2050-03-17 22:00:00,35600.69
2050-03-17 23:00:00,34709.6175
2050-03-18 00:00:00,33022.335
2050-03-18 01:00:00,32170.895
2050-03-18 02:00:00,30573.235
2050-03-18 03:00:00,30434.285
2050-03-18 04:00:00,31949.81
2050-03-18 05:00:00,34871.9775
2050-03-18 06:00:00,37247.8075
2050-03-18 07:00:00,43486.8675
2050-03-18 08:00:00,47062.1425
2050-03-18 09:00:00,53813.3475
2050-03-18 10:00:00,55637.5875
2050-03-18 11:00:00,59797.5975
2050-03-18 12:00:00,61656.455
2050-03-18 13:00:00,63807.1875
2050-03-18 14:00:00,60825.435
2050-03-18 15:00:00,58171.585
2050-03-18 16:00:00,58107.7375
2050-03-18 17:00:00,49921.82
2050-03-18 18:00:00,45198.3775
2050-03-18 19:00:00,43673.7475
2050-03-18 20:00:00,40896.845
2050-03-18 21:00:00,37743.0725
2050-03-18 22:00:00,34682.6625
2050-03-18 23:00:00,32888.9725
2050-03-19 00:00:00,31482.55
2050-03-19 01:00:00,31013.17
2050-03-19 02:00:00,30326.64
2050-03-19 03:00:00,31910.04
2050-03-19 04:00:00,35062.27
2050-03-19 05:00:00,36717.2075
2050-03-19 06:00:00,39018.4675
2050-03-19 07:00:00,42922.915
2050-03-19 08:00:00,44000.8625
2050-03-19 09:00:00,48523.3575
2050-03-19 10:00:00,53316.965
2050-03-19 11:00:00,51362.2325
2050-03-19 12:00:00,51480.9925
2050-03-19 13:00:00,52447.5475
2050-03-19 14:00:00,48152.96
2050-03-19 15:00:00,45806.3475
2050-03-19 16:00:00,45456.8025
2050-03-19 17:00:00,39059.6325
2050-03-19 18:00:00,36945.705
2050-03-19 19:00:00,36392.885
2050-03-19 20:00:00,36531.39
2050-03-19 21:00:00,35807.865
2050-03-19 22:00:00,31940.4975
2050-03-19 23:00:00,28852.3375
2050-03-20 00:00:00,27417.4525
2050-03-20 01:00:00,27130.47
2050-03-20 02:00:00,27735.0075
2050-03-20 03:00:00,28880.8
2050-03-20 04:00:00,31963.49
2050-03-20 05:00:00,34283.46
2050-03-20 06:00:00,36185.82
2050-03-20 07:00:00,38000.1125
2050-03-20 08:00:00,37664.62
2050-03-20 09:00:00,43284.9225
2050-03-20 10:00:00,48240.0725
2050-03-20 11:00:00,50527.08
2050-03-20 12:00:00,50807.4525
2050-03-20 13:00:00,48002.645
2050-03-20 14:00:00,44301.3925
2050-03-20 15:00:00,44902.9275
2050-03-20 16:00:00,41855.525
2050-03-20 17:00:00,39235.8275
2050-03-20 18:00:00,37802.4325
2050-03-20 19:00:00,38107.255
2050-03-20 20:00:00,38080.2575
2050-03-20 21:00:00,35601.4925
2050-03-20 22:00:00,32830.0825
2050-03-20 23:00:00,30421.1475
2050-03-21 00:00:00,28912.6925
2050-03-21 01:00:00,27995.4525
2050-03-21 02:00:00,28161.1225
2050-03-21 03:00:00,29160.9325
2050-03-21 04:00:00,30974.0275
2050-03-21 05:00:00,31784.2525
2050-03-21 06:00:00,34648.3625
2050-03-21 07:00:00,40382.3475
2050-03-21 08:00:00,46070.8025
2050-03-21 09:00:00,52912.465
2050-03-21 10:00:00,60925.7225
2050-03-21 11:00:00,61916.135
2050-03-21 12:00:00,63205.7825
2050-03-21 13:00:00,60698.0375
2050-03-21 14:00:00,58142.7275
2050-03-21 15:00:00,48768.8225
2050-03-21 16:00:00,40477.555
2050-03-21 17:00:00,31947.585
2050-03-21 18:00:00,28759.305
2050-03-21 19:00:00,29146.235
2050-03-21 20:00:00,29363.9225
2050-03-21 21:00:00,28688.9575
2050-03-21 22:00:00,28226.0175
2050-03-21 23:00:00,26787.6325
2050-03-22 00:00:00,25895.5575
2050-03-22 01:00:00,24691.0825
2050-03-22 02:00:00,23896.1125
2050-03-22 03:00:00,23409.36
2050-03-22 04:00:00,22436.675
2050-03-22 05:00:00,21238.335
2050-03-22 06:00:00,24600.4575
2050-03-22 07:00:00,32607.8775
2050-03-22 08:00:00,38214.87
2050-03-22 09:00:00,44351.25
2050-03-22 10:00:00,49180.07
2050-03-22 11:00:00,53623.96
2050-03-22 12:00:00,51384.38
2050-03-22 13:00:00,44039.39
2050-03-22 14:00:00,38185.805
2050-03-22 15:00:00,34858.6025
2050-03-22 16:00:00,29645.3875
2050-03-22 17:00:00,26678.6575
2050-03-22 18:00:00,25977.85
2050-03-22 19:00:00,24868.3875
2050-03-22 20:00:00,24166.425
2050-03-22 21:00:00,22270.5775
2050-03-22 22:00:00,23146.4425
2050-03-22 23:00:00,20371.23
2050-03-23 00:00:00,18582.87
2050-03-23 01:00:00,18016.0375
2050-03-23 02:00:00,17458.5475
2050-03-23 03:00:00,16801.8025
2050-03-23 04:00:00,15188.4925
2050-03-23 05:00:00,14905.0325
2050-03-23 06:00:00,15845.4725
2050-03-23 07:00:00,19846.615
2050-03-23 08:00:00,25802.3075
2050-03-23 09:00:00,31382.8925
2050-03-23 10:00:00,33128.325
2050-03-23 11:00:00,38258.8875
2050-03-23 12:00:00,40035.5325
2050-03-23 13:00:00,36418.485
2050-03-23 14:00:00,32521.265
2050-03-23 15:00:00,29063.3425
2050-03-23 16:00:00,27487.975
2050-03-23 17:00:00,26774.795
2050-03-23 18:00:00,26246.365
2050-03-23 19:00:00,25558.9175
2050-03-23 20:00:00,25240.24
2050-03-23 21:00:00,25758.47
2050-03-23 22:00:00,25212.46
2050-03-23 23:00:00,25610.7375
2050-03-24 00:00:00,26090.12
2050-03-24 01:00:00,26470.705
2050-03-24 02:00:00,27275.2825
2050-03-24 03:00:00,28346.525
2050-03-24 04:00:00,29262.2675
2050-03-24 05:00:00,31193.78
2050-03-24 06:00:00,33893.22
2050-03-24 07:00:00,37411.855
2050-03-24 08:00:00,41113.4475
2050-03-24 09:00:00,48988.2375
2050-03-24 10:00:00,58151.3025
2050-03-24 11:00:00,58920.25
2050-03-24 12:00:00,58100.435
2050-03-24 13:00:00,56281.7875
2050-03-24 14:00:00,54706.8275
2050-03-24 15:00:00,49958.465
2050-03-24 16:00:00,44256.7275
2050-03-24 17:00:00,40676.1425
2050-03-24 18:00:00,37293.7925
2050-03-24 19:00:00,35431.335
2050-03-24 20:00:00,33488.3725
2050-03-24 21:00:00,32374.8
2050-03-24 22:00:00,31052.585
2050-03-24 23:00:00,30031.65
2050-03-25 00:00:00,29370.3675
2050-03-25 01:00:00,29662.6925
2050-03-25 02:00:00,30410.935
2050-03-25 03:00:00,31071.725
2050-03-25 04:00:00,31789.3625
2050-03-25 05:00:00,35037.4725
2050-03-25 06:00:00,37786.5475
2050-03-25 07:00:00,42448.3325
2050-03-25 08:00:00,45491.7825
2050-03-25 09:00:00,48441.89
2050-03-25 10:00:00,53458.2675
2050-03-25 11:00:00,56804.95
2050-03-25 12:00:00,55007.0925
2050-03-25 13:00:00,49102.3325
2050-03-25 14:00:00,43562.005
2050-03-25 15:00:00,39766.1575
2050-03-25 16:00:00,37923.0375
2050-03-25 17:00:00,36986.3125
2050-03-25 18:00:00,37388.1575
2050-03-25 19:00:00,37219.6
2050-03-25 20:00:00,36813.2325
2050-03-25 21:00:00,33715.7925
2050-03-25 22:00:00,28362.73
2050-03-25 23:00:00,26585.68
2050-03-26 00:00:00,26023.765
2050-03-26 01:00:00,25797.2525
2050-03-26 02:00:00,25496.6125
2050-03-26 03:00:00,25723.52
2050-03-26 04:00:00,26920.8825
2050-03-26 05:00:00,29937.54
2050-03-26 06:00:00,33053.325
2050-03-26 07:00:00,36369.1025
2050-03-26 08:00:00,38779.93
2050-03-26 09:00:00,41882.8075
2050-03-26 10:00:00,43109.88
2050-03-26 11:00:00,44054.83
2050-03-26 12:00:00,45771.9625
2050-03-26 13:00:00,43261.1
2050-03-26 14:00:00,41130.3625
2050-03-26 15:00:00,40018.3075
2050-03-26 16:00:00,38070.355
2050-03-26 17:00:00,35739.7575
2050-03-26 18:00:00,32055.9875
2050-03-26 19:00:00,31716.2175
2050-03-26 20:00:00,31235.1125
2050-03-26 21:00:00,30366.6725
2050-03-26 22:00:00,27249.3125
2050-03-26 23:00:00,26132.745
2050-03-27 00:00:00,26062.605
2050-03-27 01:00:00,25843.8
2050-03-27 02:00:00,26357.73
2050-03-27 03:00:00,26043.54
2050-03-27 04:00:00,27706.5875
2050-03-27 05:00:00,30192.4875
2050-03-27 06:00:00,35155.5125
2050-03-27 07:00:00,41623.1125
2050-03-27 08:00:00,45470.26
2050-03-27 09:00:00,51119.2175
2050-03-27 10:00:00,56626.4575
2050-03-27 11:00:00,58810.035
2050-03-27 12:00:00,58405.2725
2050-03-27 13:00:00,54730.2525
2050-03-27 14:00:00,48523.7775
2050-03-27 15:00:00,43079.1575
2050-03-27 16:00:00,41739.58
2050-03-27 17:00:00,36561.34
2050-03-27 18:00:00,33975.675
2050-03-27 19:00:00,33994.895
2050-03-27 20:00:00,32584.405
2050-03-27 21:00:00,30862.03
2050-03-27 22:00:00,26720.685
2050-03-27 23:00:00,24362.245
2050-03-28 00:00:00,22215.9
2050-03-28 01:00:00,20314.2575
2050-03-28 02:00:00,19646.995
2050-03-28 03:00:00,21248.835
2050-03-28 04:00:00,25103.6175
2050-03-28 05:00:00,28276.6525
2050-03-28 06:00:00,31981.0175
2050-03-28 07:00:00,37399.8625
2050-03-28 08:00:00,41841.3925
2050-03-28 09:00:00,45057.2825
2050-03-28 10:00:00,45626.1225
2050-03-28 11:00:00,48764.515
2050-03-28 12:00:00,49738.5
2050-03-28 13:00:00,48539.5775
2050-03-28 14:00:00,42486.505
2050-03-28 15:00:00,36761.09
2050-03-28 16:00:00,34120.785
2050-03-28 17:00:00,32890.3375
2050-03-28 18:00:00,31255.2675
2050-03-28 19:00:00,30732.5
2050-03-28 20:00:00,30869.4275
2050-03-28 21:00:00,29592.635
2050-03-28 22:00:00,25614.2375
2050-03-28 23:00:00,21510.33
2050-03-29 00:00:00,21267.115
2050-03-29 01:00:00,20669.8625
2050-03-29 02:00:00,20340.465
2050-03-29 03:00:00,19960.9925
2050-03-29 04:00:00,18979.9275
2050-03-29 05:00:00,18639.9075
2050-03-29 06:00:00,21531.0625
2050-03-29 07:00:00,30390.12
2050-03-29 08:00:00,41631.015
2050-03-29 09:00:00,48715.6475
2050-03-29 10:00:00,52251.055
2050-03-29 11:00:00,47719.5
2050-03-29 12:00:00,56755.335
2050-03-29 13:00:00,55769.9225
2050-03-29 14:00:00,48454.66
2050-03-29 15:00:00,39278.725
2050-03-29 16:00:00,32455.51
2050-03-29 17:00:00,28758.985
2050-03-29 18:00:00,26363.03
2050-03-29 19:00:00,28135.395
2050-03-29 20:00:00,27158.5475
2050-03-29 21:00:00,26517.9575
2050-03-29 22:00:00,27866.1275
2050-03-29 23:00:00,28702.4925
2050-03-30 00:00:00,31062.9575
2050-03-30 01:00:00,28953.3975
2050-03-30 02:00:00,32410.5175
2050-03-30 03:00:00,32126.3
2050-03-30 04:00:00,31399.985
2050-03-30 05:00:00,31946.7575
2050-03-30 06:00:00,33845.125
2050-03-30 07:00:00,38597.63
2050-03-30 08:00:00,45568.3475
2050-03-30 09:00:00,52559.84
2050-03-30 10:00:00,56371.1675
2050-03-30 11:00:00,58725.6325
2050-03-30 12:00:00,59748.205
2050-03-30 13:00:00,56306.8125
2050-03-30 14:00:00,52194.205
2050-03-30 15:00:00,48624.7625
2050-03-30 16:00:00,40799.98
2050-03-30 17:00:00,34982.0625
2050-03-30 18:00:00,31691.625
2050-03-30 19:00:00,32007.6175
2050-03-30 20:00:00,31225.465
2050-03-30 21:00:00,30931.0275
2050-03-30 22:00:00,29085.8075
2050-03-30 23:00:00,26419.5775
2050-03-31 00:00:00,24220.38
2050-03-31 01:00:00,23861.79
2050-03-31 02:00:00,22700.62
2050-03-31 03:00:00,25028.9475
2050-03-31 04:00:00,29457.765
2050-03-31 05:00:00,32644.91
2050-03-31 06:00:00,34546.9875
2050-03-31 07:00:00,40049.5925
2050-03-31 08:00:00,44136.7075
2050-03-31 09:00:00,50194.48
2050-03-31 10:00:00,53822.3975
2050-03-31 11:00:00,58542.4925
2050-03-31 12:00:00,58919.4325
2050-03-31 13:00:00,58136.3325
2050-03-31 14:00:00,53843.0625
2050-03-31 15:00:00,49834.985
2050-03-31 16:00:00,47136.475
2050-03-31 17:00:00,40694.525
2050-03-31 18:00:00,34964.4525
2050-03-31 19:00:00,32906.7275
2050-03-31 20:00:00,31026.9525
2050-03-31 21:00:00,26781.2525
2050-03-31 22:00:00,23612.0775
2050-03-31 23:00:00,23656.67
2050-04-01 00:00:00,23526.305
2050-04-01 01:00:00,22735.2775
2050-04-01 02:00:00,23652.1475
2050-04-01 03:00:00,25529.5475
2050-04-01 04:00:00,31636.8675
2050-04-01 05:00:00,33860.545
2050-04-01 06:00:00,38414.3
2050-04-01 07:00:00,41962.2625
2050-04-01 08:00:00,42817.4625
2050-04-01 09:00:00,51609.5025
2050-04-01 10:00:00,58520.55
2050-04-01 11:00:00,59383.1825
2050-04-01 12:00:00,61865.985
2050-04-01 13:00:00,59688.4525
2050-04-01 14:00:00,59393.77
2050-04-01 15:00:00,53915.625
2050-04-01 16:00:00,50568.1675
2050-04-01 17:00:00,46305.925
2050-04-01 18:00:00,39111.405
2050-04-01 19:00:00,32821.5925
2050-04-01 20:00:00,25980.78
2050-04-01 21:00:00,22783.85
2050-04-01 22:00:00,20642.2875
2050-04-01 23:00:00,18268.8025
2050-04-02 00:00:00,15484.76
2050-04-02 01:00:00,14785.5975
2050-04-02 02:00:00,14997
2050-04-02 03:00:00,17143.2725
2050-04-02 04:00:00,23376.5225
2050-04-02 05:00:00,27218.38
2050-04-02 06:00:00,33123.8275
2050-04-02 07:00:00,42038.0975
2050-04-02 08:00:00,53788.27
2050-04-02 09:00:00,60622.23
2050-04-02 10:00:00,66131.0775
2050-04-02 11:00:00,68449.64
2050-04-02 12:00:00,68737.6675
2050-04-02 13:00:00,66236.6225
2050-04-02 14:00:00,60557.9375
2050-04-02 15:00:00,53806.8875
2050-04-02 16:00:00,46078.545
2050-04-02 17:00:00,38400.5975
2050-04-02 18:00:00,31169.1575
2050-04-02 19:00:00,29287.33
2050-04-02 20:00:00,27324.585
2050-04-02 21:00:00,25563.7375
2050-04-02 22:00:00,25552.53
2050-04-02 23:00:00,24226.5725
2050-04-03 00:00:00,23062.8475
2050-04-03 01:00:00,22845.1
2050-04-03 02:00:00,22692.595
2050-04-03 03:00:00,23586.16
2050-04-03 04:00:00,28819.165
2050-04-03 05:00:00,30603.2425
2050-04-03 06:00:00,35706.7325
2050-04-03 07:00:00,42009.955
2050-04-03 08:00:00,50721.065
2050-04-03 09:00:00,54130.1475
2050-04-03 10:00:00,57820.21
2050-04-03 11:00:00,60350.37
2050-04-03 12:00:00,60901.29
2050-04-03 13:00:00,59064.515
2050-04-03 14:00:00,57127.8275
2050-04-03 15:00:00,50894.1875
2050-04-03 16:00:00,45520.9525
2050-04-03 17:00:00,36037.3475
2050-04-03 18:00:00,28268.2625
2050-04-03 19:00:00,27371.275
2050-04-03 20:00:00,25393.175
2050-04-03 21:00:00,22546.1225
2050-04-03 22:00:00,23970.915
2050-04-03 23:00:00,23778.8525
2050-04-04 00:00:00,22157.3525
2050-04-04 01:00:00,21595
2050-04-04 02:00:00,21518.99
2050-04-04 03:00:00,22977.9125
2050-04-04 04:00:00,25732.9425
2050-04-04 05:00:00,27266.5475
2050-04-04 06:00:00,32230.2175
2050-04-04 07:00:00,33895.7575
2050-04-04 08:00:00,40813.6325
2050-04-04 09:00:00,48866.405
2050-04-04 10:00:00,54716.975
2050-04-04 11:00:00,58559.1525
2050-04-04 12:00:00,57958.6575
2050-04-04 13:00:00,56228.92
2050-04-04 14:00:00,53314.1925
2050-04-04 15:00:00,47924.275
2050-04-04 16:00:00,45582.0525
2050-04-04 17:00:00,39499.0375
2050-04-04 18:00:00,33621.97
2050-04-04 19:00:00,30552.4025
2050-04-04 20:00:00,27551.715
2050-04-04 21:00:00,24148.35
2050-04-04 22:00:00,22401.21
2050-04-04 23:00:00,20697.9975
2050-04-05 00:00:00,17962.25
2050-04-05 01:00:00,15715.355
2050-04-05 02:00:00,15629.235
2050-04-05 03:00:00,17043.1425
2050-04-05 04:00:00,18389.845
2050-04-05 05:00:00,19615.38
2050-04-05 06:00:00,26805.8775
2050-04-05 07:00:00,39911.4375
2050-04-05 08:00:00,51204.3675
2050-04-05 09:00:00,59599.455
2050-04-05 10:00:00,64140.9525
2050-04-05 11:00:00,66930.9975
2050-04-05 12:00:00,66927.9375
2050-04-05 13:00:00,63932.0875
2050-04-05 14:00:00,59339.2625
2050-04-05 15:00:00,54616.5525
2050-04-05 16:00:00,46516.325
2050-04-05 17:00:00,37808.7125
2050-04-05 18:00:00,30694.375
2050-04-05 19:00:00,27834.0625
2050-04-05 20:00:00,25418.0425
2050-04-05 21:00:00,24881.3825
2050-04-05 22:00:00,24322.6875
2050-04-05 23:00:00,23463.0075
2050-04-06 00:00:00,22075.26
2050-04-06 01:00:00,21114.82
2050-04-06 02:00:00,20718.5825
2050-04-06 03:00:00,21598.3425
2050-04-06 04:00:00,21752.7525
2050-04-06 05:00:00,21653.685
2050-04-06 06:00:00,27969.085
2050-04-06 07:00:00,40559.9375
2050-04-06 08:00:00,48039.79
2050-04-06 09:00:00,54579.005
2050-04-06 10:00:00,59013.4825
2050-04-06 11:00:00,61139.725
2050-04-06 12:00:00,60520.59
2050-04-06 13:00:00,56768.9725
2050-04-06 14:00:00,50423.7425
2050-04-06 15:00:00,48377.595
2050-04-06 16:00:00,41657.4
2050-04-06 17:00:00,37846.2775
2050-04-06 18:00:00,32338.4975
2050-04-06 19:00:00,29822.7525
2050-04-06 20:00:00,28787.5575
2050-04-06 21:00:00,25205.5475
2050-04-06 22:00:00,22656.9325
2050-04-06 23:00:00,21589.645
2050-04-07 00:00:00,20902.6275
2050-04-07 01:00:00,20625.8375
2050-04-07 02:00:00,20884.4925
2050-04-07 03:00:00,24279.765
2050-04-07 04:00:00,28932.3425
2050-04-07 05:00:00,31853.86
2050-04-07 06:00:00,37788.41
2050-04-07 07:00:00,42156.32
2050-04-07 08:00:00,45022.2625
2050-04-07 09:00:00,49899.9325
2050-04-07 10:00:00,55483.43
2050-04-07 11:00:00,57792.95
2050-04-07 12:00:00,57857.72
2050-04-07 13:00:00,55397.085
2050-04-07 14:00:00,52315.5075
2050-04-07 15:00:00,52777.6225
2050-04-07 16:00:00,52464.0975
2050-04-07 17:00:00,45788.6225
2050-04-07 18:00:00,41094.585
2050-04-07 19:00:00,39058.4625
2050-04-07 20:00:00,35524.485
2050-04-07 21:00:00,33954.96
2050-04-07 22:00:00,31414.765
2050-04-07 23:00:00,30697.18
2050-04-08 00:00:00,29622.6175
2050-04-08 01:00:00,28901.0775
2050-04-08 02:00:00,29659.4875
2050-04-08 03:00:00,31311.1
2050-04-08 04:00:00,32684.095
2050-04-08 05:00:00,33907.67
2050-04-08 06:00:00,39655.3075
2050-04-08 07:00:00,45302.2925
2050-04-08 08:00:00,46558.14
2050-04-08 09:00:00,49677.175
2050-04-08 10:00:00,54137.5925
2050-04-08 11:00:00,55517.97
2050-04-08 12:00:00,55842.3125
2050-04-08 13:00:00,52773.0325
2050-04-08 14:00:00,50750.8975
2050-04-08 15:00:00,50110.3275
2050-04-08 16:00:00,49946.1775
2050-04-08 17:00:00,43671.39
2050-04-08 18:00:00,39038.37
2050-04-08 19:00:00,37026.7275
2050-04-08 20:00:00,36289.8375
2050-04-08 21:00:00,33796.0525
2050-04-08 22:00:00,30595.8825
2050-04-08 23:00:00,28898.515
2050-04-09 00:00:00,28446.6425
2050-04-09 01:00:00,27940.92
2050-04-09 02:00:00,27687.2825
2050-04-09 03:00:00,29549.5675
2050-04-09 04:00:00,33186.865
2050-04-09 05:00:00,35867.3675
2050-04-09 06:00:00,38622.2625
2050-04-09 07:00:00,42175.6525
2050-04-09 08:00:00,42677.82
2050-04-09 09:00:00,47245.58
2050-04-09 10:00:00,53574.5075
2050-04-09 11:00:00,53884.905
2050-04-09 12:00:00,55233.77
2050-04-09 13:00:00,58302.01
2050-04-09 14:00:00,55030.7175
2050-04-09 15:00:00,49259.905
2050-04-09 16:00:00,48273.6
2050-04-09 17:00:00,47346.0275
2050-04-09 18:00:00,43417.595
2050-04-09 19:00:00,39248.8475
2050-04-09 20:00:00,36198.245
2050-04-09 21:00:00,32356.845
2050-04-09 22:00:00,31169.81
2050-04-09 23:00:00,30047.79
2050-04-10 00:00:00,29827
2050-04-10 01:00:00,29841.68
2050-04-10 02:00:00,30894.3525
2050-04-10 03:00:00,31441.5375
2050-04-10 04:00:00,35229.2725
2050-04-10 05:00:00,37183.0775
2050-04-10 06:00:00,38982.765
2050-04-10 07:00:00,40472.62
2050-04-10 08:00:00,41074.2625
2050-04-10 09:00:00,41568.035
2050-04-10 10:00:00,44788.2675
2050-04-10 11:00:00,47595.5825
2050-04-10 12:00:00,51072.36
2050-04-10 13:00:00,51893.3525
2050-04-10 14:00:00,51353.8525
2050-04-10 15:00:00,44755.3325
2050-04-10 16:00:00,41303.39
2050-04-10 17:00:00,36495.345
2050-04-10 18:00:00,30761.25
2050-04-10 19:00:00,28437.8025
2050-04-10 20:00:00,26147.5625
2050-04-10 21:00:00,24187.665
2050-04-10 22:00:00,23893.545
2050-04-10 23:00:00,23538.1425
2050-04-11 00:00:00,23251.2275
2050-04-11 01:00:00,23011.75
2050-04-11 02:00:00,23578.845
2050-04-11 03:00:00,23176.1525
2050-04-11 04:00:00,23822.6875
2050-04-11 05:00:00,26336.425
2050-04-11 06:00:00,31218.83
2050-04-11 07:00:00,35834.6
2050-04-11 08:00:00,43098.53
2050-04-11 09:00:00,47728.0125
2050-04-11 10:00:00,53430.6175
2050-04-11 11:00:00,55723.85
2050-04-11 12:00:00,54749.98
2050-04-11 13:00:00,50534.6325
2050-04-11 14:00:00,43141.5575
2050-04-11 15:00:00,38677.8125
2050-04-11 16:00:00,34161.8075
2050-04-11 17:00:00,29407.9675
2050-04-11 18:00:00,24204.9575
2050-04-11 19:00:00,22776.9525
2050-04-11 20:00:00,22284.1825
2050-04-11 21:00:00,21067.9225
2050-04-11 22:00:00,21238.4575
2050-04-11 23:00:00,21106.955
2050-04-12 00:00:00,20953.605
2050-04-12 01:00:00,21206.1975
2050-04-12 02:00:00,21052.2825
2050-04-12 03:00:00,21947.5675
2050-04-12 04:00:00,22588.1575
2050-04-12 05:00:00,23953.3325
2050-04-12 06:00:00,28159.46
2050-04-12 07:00:00,32564.3425
2050-04-12 08:00:00,41386.3925
2050-04-12 09:00:00,45982.6225
2050-04-12 10:00:00,51301.5825
2050-04-12 11:00:00,54619.28
2050-04-12 12:00:00,56042.675
2050-04-12 13:00:00,54218.2925
2050-04-12 14:00:00,49422.2625
2050-04-12 15:00:00,48030.5
2050-04-12 16:00:00,43625.465
2050-04-12 17:00:00,37102.8175
2050-04-12 18:00:00,29566.2575
2050-04-12 19:00:00,26807.5025
2050-04-12 20:00:00,24267.8475
2050-04-12 21:00:00,22227.025
2050-04-12 22:00:00,20772.9975
2050-04-12 23:00:00,20005.625
2050-04-13 00:00:00,18554.4475
2050-04-13 01:00:00,18004.6425
2050-04-13 02:00:00,17263.9725
2050-04-13 03:00:00,17941.13
2050-04-13 04:00:00,17565.8
2050-04-13 05:00:00,19011.665
2050-04-13 06:00:00,22997.5625
2050-04-13 07:00:00,29402.175
2050-04-13 08:00:00,35891.01
2050-04-13 09:00:00,44070.7325
2050-04-13 10:00:00,46659.88
2050-04-13 11:00:00,50174.7575
2050-04-13 12:00:00,52784.3325
2050-04-13 13:00:00,52172.98
2050-04-13 14:00:00,47405.3325
2050-04-13 15:00:00,43096.0725
2050-04-13 16:00:00,39677.99
2050-04-13 17:00:00,36305.7975
2050-04-13 18:00:00,32748.8725
2050-04-13 19:00:00,31589.3225
2050-04-13 20:00:00,29344.9225
2050-04-13 21:00:00,27630.6825
2050-04-13 22:00:00,28461.1275
2050-04-13 23:00:00,27284.405
2050-04-14 00:00:00,26362.9575
2050-04-14 01:00:00,25141.9375
2050-04-14 02:00:00,24520.4525
2050-04-14 03:00:00,25577.2675
2050-04-14 04:00:00,27165.1625
2050-04-14 05:00:00,29486.23
2050-04-14 06:00:00,33108.2075
2050-04-14 07:00:00,37191.0825
2050-04-14 08:00:00,42595.2325
2050-04-14 09:00:00,48239.9875
2050-04-14 10:00:00,51323.92
2050-04-14 11:00:00,50800.36
2050-04-14 12:00:00,51082.9525
2050-04-14 13:00:00,46957.705
2050-04-14 14:00:00,42927.805
2050-04-14 15:00:00,41235.3825
2050-04-14 16:00:00,36956.32
2050-04-14 17:00:00,31425.7525
2050-04-14 18:00:00,27929.1775
2050-04-14 19:00:00,27834.375
2050-04-14 20:00:00,25837.6075
2050-04-14 21:00:00,23971.3025
2050-04-14 22:00:00,22215.56
2050-04-14 23:00:00,21137.835
2050-04-15 00:00:00,20417.77
2050-04-15 01:00:00,20297.6175
2050-04-15 02:00:00,20696.415
2050-04-15 03:00:00,22884.235
2050-04-15 04:00:00,25936.485
2050-04-15 05:00:00,29656.695
2050-04-15 06:00:00,35103.0325
2050-04-15 07:00:00,40019.74
2050-04-15 08:00:00,45240.8425
2050-04-15 09:00:00,47968.36
2050-04-15 10:00:00,52279.7325
2050-04-15 11:00:00,44600.0475
2050-04-15 12:00:00,44815.4575
2050-04-15 13:00:00,37945.745
2050-04-15 14:00:00,35939.19
2050-04-15 15:00:00,35694.465
2050-04-15 16:00:00,31650.395
2050-04-15 17:00:00,28837.8875
2050-04-15 18:00:00,25565.1225
2050-04-15 19:00:00,24700.2125
2050-04-15 20:00:00,22896.5975
2050-04-15 21:00:00,21497.9725
2050-04-15 22:00:00,20795.275
2050-04-15 23:00:00,20825.0575
2050-04-16 00:00:00,22620.575
2050-04-16 01:00:00,23356.89
2050-04-16 02:00:00,25075.78
2050-04-16 03:00:00,26887.83
2050-04-16 04:00:00,29708.505
2050-04-16 05:00:00,32614.27
2050-04-16 06:00:00,33323.6725
2050-04-16 07:00:00,32618.0275
2050-04-16 08:00:00,32859.085
2050-04-16 09:00:00,32847.97
2050-04-16 10:00:00,35437.84
2050-04-16 11:00:00,35578.1525
2050-04-16 12:00:00,35630.83
2050-04-16 13:00:00,33539.1875
2050-04-16 14:00:00,32596.8675
2050-04-16 15:00:00,32613.705
2050-04-16 16:00:00,32670.1375
2050-04-16 17:00:00,29707.21
2050-04-16 18:00:00,27535.25
2050-04-16 19:00:00,27282.5375
2050-04-16 20:00:00,26152.9725
2050-04-16 21:00:00,23527.3225
2050-04-16 22:00:00,19563.055
2050-04-16 23:00:00,19056.9375
2050-04-17 00:00:00,18711.4025
2050-04-17 01:00:00,17910.885
2050-04-17 02:00:00,19087.94
2050-04-17 03:00:00,20824.995
2050-04-17 04:00:00,23058.315
2050-04-17 05:00:00,24791.725
2050-04-17 06:00:00,26474.5875
2050-04-17 07:00:00,28286.8275
2050-04-17 08:00:00,30638.38
2050-04-17 09:00:00,32178.47
2050-04-17 10:00:00,33709.2825
2050-04-17 11:00:00,35041.96
2050-04-17 12:00:00,36422.9675
2050-04-17 13:00:00,34545.805
2050-04-17 14:00:00,31269.73
2050-04-17 15:00:00,30907.6525
2050-04-17 16:00:00,29298.3525
2050-04-17 17:00:00,27897.23
2050-04-17 18:00:00,26929.16
2050-04-17 19:00:00,25795.605
2050-04-17 20:00:00,23809.75
2050-04-17 21:00:00,23169.3875
2050-04-17 22:00:00,23183.0375
2050-04-17 23:00:00,22021.0775
2050-04-18 00:00:00,20773.895
2050-04-18 01:00:00,20552.555
2050-04-18 02:00:00,20524.0725
2050-04-18 03:00:00,21059.4675
2050-04-18 04:00:00,22006.0775
2050-04-18 05:00:00,23667.4225
2050-04-18 06:00:00,26880.0375
2050-04-18 07:00:00,29954.8175
2050-04-18 08:00:00,32527.0025
2050-04-18 09:00:00,34359.1275
2050-04-18 10:00:00,36787.79
2050-04-18 11:00:00,42701.605
2050-04-18 12:00:00,46261.4825
2050-04-18 13:00:00,46535.645
2050-04-18 14:00:00,44135.0425
2050-04-18 15:00:00,43520.2575
2050-04-18 16:00:00,41521.915
2050-04-18 17:00:00,36584.2375
2050-04-18 18:00:00,32450.125
2050-04-18 19:00:00,31633.255
2050-04-18 20:00:00,29057.835
2050-04-18 21:00:00,25631.4925
2050-04-18 22:00:00,21506.9475
2050-04-18 23:00:00,18760.035
2050-04-19 00:00:00,17275.84
2050-04-19 01:00:00,16635.9575
2050-04-19 02:00:00,16847.8075
2050-04-19 03:00:00,17265.67
2050-04-19 04:00:00,18666.025
2050-04-19 05:00:00,20765.795
2050-04-19 06:00:00,26577.015
2050-04-19 07:00:00,33579.95
2050-04-19 08:00:00,41183.0175
2050-04-19 09:00:00,46900.0075
2050-04-19 10:00:00,48760.6
2050-04-19 11:00:00,53447.98
2050-04-19 12:00:00,56163.415
2050-04-19 13:00:00,54918.3275
2050-04-19 14:00:00,55971.6
2050-04-19 15:00:00,49360.3225
2050-04-19 16:00:00,43541.205
2050-04-19 17:00:00,37732.88
2050-04-19 18:00:00,31079.8275
2050-04-19 19:00:00,27945.27
2050-04-19 20:00:00,26164.6475
2050-04-19 21:00:00,24847.81
2050-04-19 22:00:00,23711.9225
2050-04-19 23:00:00,22379.635
2050-04-20 00:00:00,21619.8825
2050-04-20 01:00:00,21461.94
2050-04-20 02:00:00,21045.595
2050-04-20 03:00:00,21025.8525
2050-04-20 04:00:00,21105.98
2050-04-20 05:00:00,21631.3875
2050-04-20 06:00:00,23859.88
2050-04-20 07:00:00,27482.3225
2050-04-20 08:00:00,32653.82
2050-04-20 09:00:00,38926.27
2050-04-20 10:00:00,43206.0075
2050-04-20 11:00:00,47270.325
2050-04-20 12:00:00,46714.795
2050-04-20 13:00:00,42906.5425
2050-04-20 14:00:00,34915.025
2050-04-20 15:00:00,34929.52
2050-04-20 16:00:00,32079.41
2050-04-20 17:00:00,29652.035
2050-04-20 18:00:00,26088.7125
2050-04-20 19:00:00,24312.2625
2050-04-20 20:00:00,22871.6225
2050-04-20 21:00:00,21582.5575
2050-04-20 22:00:00,21086.015
2050-04-20 23:00:00,21014.8
2050-04-21 00:00:00,20062.8625
2050-04-21 01:00:00,18895.97
2050-04-21 02:00:00,18821.3525
2050-04-21 03:00:00,19017.38
2050-04-21 04:00:00,19160.435
2050-04-21 05:00:00,19551.9175
2050-04-21 06:00:00,21244.0725
2050-04-21 07:00:00,22926.025
2050-04-21 08:00:00,24859.525
2050-04-21 09:00:00,28926.21
2050-04-21 10:00:00,30762.2125
2050-04-21 11:00:00,27655.7725
2050-04-21 12:00:00,26719.2325
2050-04-21 13:00:00,24609.9875
2050-04-21 14:00:00,24752.9225
2050-04-21 15:00:00,29438.025
2050-04-21 16:00:00,30615.675
2050-04-21 17:00:00,26970.635
2050-04-21 18:00:00,25088.2
2050-04-21 19:00:00,25407.2025
2050-04-21 20:00:00,26280.365
2050-04-21 21:00:00,25354.33
2050-04-21 22:00:00,23028.9375
2050-04-21 23:00:00,22994.9975
2050-04-22 00:00:00,22998.655
2050-04-22 01:00:00,23140.4825
2050-04-22 02:00:00,23356.3975
2050-04-22 03:00:00,25044.755
2050-04-22 04:00:00,28212.4975
2050-04-22 05:00:00,29345.325
2050-04-22 06:00:00,31690.8925
2050-04-22 07:00:00,35434.38
2050-04-22 08:00:00,36291.1575
2050-04-22 09:00:00,38354.2675
2050-04-22 10:00:00,43314.6875
2050-04-22 11:00:00,45946.8925
2050-04-22 12:00:00,50490.285
2050-04-22 13:00:00,50125.5475
2050-04-22 14:00:00,47780.055
2050-04-22 15:00:00,45101.76
2050-04-22 16:00:00,39371.1675
2050-04-22 17:00:00,33311.62
2050-04-22 18:00:00,28145.285
2050-04-22 19:00:00,27641.1525
2050-04-22 20:00:00,28004.4875
2050-04-22 21:00:00,26920.605
2050-04-22 22:00:00,25709.3275
2050-04-22 23:00:00,25021.8325
2050-04-23 00:00:00,24657.425
2050-04-23 01:00:00,24477.04
2050-04-23 02:00:00,24417.98
2050-04-23 03:00:00,25225.6925
2050-04-23 04:00:00,26622.48
2050-04-23 05:00:00,28209.8475
2050-04-23 06:00:00,31788.6575
2050-04-23 07:00:00,36003
2050-04-23 08:00:00,37559.8475
2050-04-23 09:00:00,37709.41
2050-04-23 10:00:00,38351.93
2050-04-23 11:00:00,37521.3425
2050-04-23 12:00:00,37248.9425
2050-04-23 13:00:00,38796.1375
2050-04-23 14:00:00,36769.2775
2050-04-23 15:00:00,37538.065
2050-04-23 16:00:00,34480.13
2050-04-23 17:00:00,33281.835
2050-04-23 18:00:00,31072.0625
2050-04-23 19:00:00,30653.325
2050-04-23 20:00:00,30684.3075
2050-04-23 21:00:00,28817.765
2050-04-23 22:00:00,28198.01
2050-04-23 23:00:00,27657.6575
2050-04-24 00:00:00,27571.8125
2050-04-24 01:00:00,28394.155
2050-04-24 02:00:00,29390.515
2050-04-24 03:00:00,31209.6075
2050-04-24 04:00:00,36545.1575
2050-04-24 05:00:00,38894.3975
2050-04-24 06:00:00,40613.8825
2050-04-24 07:00:00,41548.125
2050-04-24 08:00:00,40925.025
2050-04-24 09:00:00,41924.0375
2050-04-24 10:00:00,42701.7425
2050-04-24 11:00:00,41610.135
2050-04-24 12:00:00,42900.2225
2050-04-24 13:00:00,44477.5725
2050-04-24 14:00:00,44795.2875
2050-04-24 15:00:00,43677.14
2050-04-24 16:00:00,44643.8425
2050-04-24 17:00:00,41786.42
2050-04-24 18:00:00,38104.5925
2050-04-24 19:00:00,36429.5625
2050-04-24 20:00:00,34204.3775
2050-04-24 21:00:00,30164.755
2050-04-24 22:00:00,28335.5
2050-04-24 23:00:00,26177.65
2050-04-25 00:00:00,24800.18
2050-04-25 01:00:00,24073.995
2050-04-25 02:00:00,24790.115
2050-04-25 03:00:00,26363.0425
2050-04-25 04:00:00,31154.745
2050-04-25 05:00:00,33811.4375
2050-04-25 06:00:00,37023.9975
2050-04-25 07:00:00,40346.5025
2050-04-25 08:00:00,41134.025
2050-04-25 09:00:00,42844.9825
2050-04-25 10:00:00,43568.155
2050-04-25 11:00:00,45936.295
2050-04-25 12:00:00,46393.0875
2050-04-25 13:00:00,43568.9375
2050-04-25 14:00:00,41473.0775
2050-04-25 15:00:00,40956.2775
2050-04-25 16:00:00,42777.09
2050-04-25 17:00:00,37803.255
2050-04-25 18:00:00,31509.015
2050-04-25 19:00:00,29212
2050-04-25 20:00:00,28175.57
2050-04-25 21:00:00,25609.44
2050-04-25 22:00:00,23173.4225
2050-04-25 23:00:00,21947.825
2050-04-26 00:00:00,20975.2925
2050-04-26 01:00:00,20646.7375
2050-04-26 02:00:00,20839.91
2050-04-26 03:00:00,20339.795
2050-04-26 04:00:00,20609.345
2050-04-26 05:00:00,22904.87
2050-04-26 06:00:00,26199.6225
2050-04-26 07:00:00,29406.7725
2050-04-26 08:00:00,37281.195
2050-04-26 09:00:00,42162.31
2050-04-26 10:00:00,48248.5925
2050-04-26 11:00:00,51020.3825
2050-04-26 12:00:00,48740.95
2050-04-26 13:00:00,45705.875
2050-04-26 14:00:00,41756.93
2050-04-26 15:00:00,38662.1525
2050-04-26 16:00:00,32738.93
2050-04-26 17:00:00,28685.3275
2050-04-26 18:00:00,22834.425
2050-04-26 19:00:00,19942.6425
2050-04-26 20:00:00,19072.235
2050-04-26 21:00:00,17623.45
2050-04-26 22:00:00,16041.0475
2050-04-26 23:00:00,15064.84
2050-04-27 00:00:00,13150.4025
2050-04-27 01:00:00,11670.41
2050-04-27 02:00:00,11475.1825
2050-04-27 03:00:00,11069.7475
2050-04-27 04:00:00,11298.2775
2050-04-27 05:00:00,13881.26
2050-04-27 06:00:00,21161.39
2050-04-27 07:00:00,31026.0525
2050-04-27 08:00:00,40351.1225
2050-04-27 09:00:00,47747.4675
2050-04-27 10:00:00,52270.655
2050-04-27 11:00:00,54203.7125
2050-04-27 12:00:00,52822.195
2050-04-27 13:00:00,49881.8875
2050-04-27 14:00:00,44927.9275
2050-04-27 15:00:00,37364.405
2050-04-27 16:00:00,31711.3975
2050-04-27 17:00:00,29549.2975
2050-04-27 18:00:00,24014.975
2050-04-27 19:00:00,21198.2625
2050-04-27 20:00:00,19930.035
2050-04-27 21:00:00,18473.7675
2050-04-27 22:00:00,16319.1725
2050-04-27 23:00:00,15897.4825
2050-04-28 00:00:00,16145.04
2050-04-28 01:00:00,16321.7175
2050-04-28 02:00:00,17544.595
2050-04-28 03:00:00,20513.5
2050-04-28 04:00:00,23053.865
2050-04-28 05:00:00,27066.435
2050-04-28 06:00:00,34099
2050-04-28 07:00:00,34005.285
2050-04-28 08:00:00,39080.895
2050-04-28 09:00:00,42150.84
2050-04-28 10:00:00,46478.3475
2050-04-28 11:00:00,48727.0725
2050-04-28 12:00:00,48615.645
2050-04-28 13:00:00,45857.96
2050-04-28 14:00:00,44584.39
2050-04-28 15:00:00,39783.0775
2050-04-28 16:00:00,37662.7675
2050-04-28 17:00:00,31713.7825
2050-04-28 18:00:00,26199.01
2050-04-28 19:00:00,23086.995
2050-04-28 20:00:00,22044.5075
2050-04-28 21:00:00,21501.57
2050-04-28 22:00:00,20558.12
2050-04-28 23:00:00,18501.94
2050-04-29 00:00:00,18248.0125
2050-04-29 01:00:00,18469.6375
2050-04-29 02:00:00,18734.605
2050-04-29 03:00:00,19165.39
2050-04-29 04:00:00,21939.3775
2050-04-29 05:00:00,26401.795
2050-04-29 06:00:00,32923.3375
2050-04-29 07:00:00,35402.32
2050-04-29 08:00:00,40407.3425
2050-04-29 09:00:00,42465.7525
2050-04-29 10:00:00,47200.2175
2050-04-29 11:00:00,49302.39
2050-04-29 12:00:00,49118.82
2050-04-29 13:00:00,47109.12
2050-04-29 14:00:00,46353.1925
2050-04-29 15:00:00,42168.71
2050-04-29 16:00:00,42090.485
2050-04-29 17:00:00,35599.865
2050-04-29 18:00:00,28992.73
2050-04-29 19:00:00,26774.2975
2050-04-29 20:00:00,26200.785
2050-04-29 21:00:00,25564.1775
2050-04-29 22:00:00,24527.6975
2050-04-29 23:00:00,23730.63
2050-04-30 00:00:00,23641.6575
2050-04-30 01:00:00,22449.5
2050-04-30 02:00:00,22018.695
2050-04-30 03:00:00,22418.77
2050-04-30 04:00:00,23141.3375
2050-04-30 05:00:00,27225
2050-04-30 06:00:00,33646.5525
2050-04-30 07:00:00,34157.65
2050-04-30 08:00:00,39322.5525
2050-04-30 09:00:00,42927.1525
2050-04-30 10:00:00,47161.6375
2050-04-30 11:00:00,49199.0625
2050-04-30 12:00:00,48232.03
2050-04-30 13:00:00,46459.97
2050-04-30 14:00:00,46351.66
2050-04-30 15:00:00,41075.595
2050-04-30 16:00:00,39296.8875
2050-04-30 17:00:00,33320.0625
2050-04-30 18:00:00,26935.065
2050-04-30 19:00:00,24163.85
2050-04-30 20:00:00,23310.645
2050-04-30 21:00:00,22622.17
2050-04-30 22:00:00,20817.6175
2050-04-30 23:00:00,19100.5475
2050-05-01 00:00:00,18310.835
2050-05-01 01:00:00,17959.3975
2050-05-01 02:00:00,17552.16
2050-05-01 03:00:00,17412.5575
2050-05-01 04:00:00,17839.955
2050-05-01 05:00:00,21177.58
2050-05-01 06:00:00,24106.2625
2050-05-01 07:00:00,28509.645
2050-05-01 08:00:00,36469.19
2050-05-01 09:00:00,42683.9675
2050-05-01 10:00:00,46533.05
2050-05-01 11:00:00,48071.8675
2050-05-01 12:00:00,47480.3925
2050-05-01 13:00:00,44379.2075
2050-05-01 14:00:00,38436.56
2050-05-01 15:00:00,35086.5325
2050-05-01 16:00:00,30489.0375
2050-05-01 17:00:00,26524.23
2050-05-01 18:00:00,21149.5725
2050-05-01 19:00:00,19418.05
2050-05-01 20:00:00,18916.1325
2050-05-01 21:00:00,17776.66
2050-05-01 22:00:00,14805.7625
2050-05-01 23:00:00,12567.6025
2050-05-02 00:00:00,12047.7775
2050-05-02 01:00:00,11351.405
2050-05-02 02:00:00,12028.9575
2050-05-02 03:00:00,13534.07
2050-05-02 04:00:00,14092.1525
2050-05-02 05:00:00,18467.38
2050-05-02 06:00:00,24388.905
2050-05-02 07:00:00,27061.3925
2050-05-02 08:00:00,32364.83
2050-05-02 09:00:00,34400.7625
2050-05-02 10:00:00,32906.3075
2050-05-02 11:00:00,35156.985
2050-05-02 12:00:00,42856.405
2050-05-02 13:00:00,47392.1475
2050-05-02 14:00:00,47994.56
2050-05-02 15:00:00,41274.6
2050-05-02 16:00:00,38501.4375
2050-05-02 17:00:00,33349.5575
2050-05-02 18:00:00,27788.615
2050-05-02 19:00:00,25142.955
2050-05-02 20:00:00,24639.13
2050-05-02 21:00:00,23729.5625
2050-05-02 22:00:00,19380.8275
2050-05-02 23:00:00,17708.77
2050-05-03 00:00:00,16788.16
2050-05-03 01:00:00,16358.905
2050-05-03 02:00:00,16041.5325
2050-05-03 03:00:00,16006.2625
2050-05-03 04:00:00,15285.415
2050-05-03 05:00:00,18708.175
2050-05-03 06:00:00,22210.995
2050-05-03 07:00:00,29065.07
2050-05-03 08:00:00,37021.2325
2050-05-03 09:00:00,43271.6925
2050-05-03 10:00:00,45086.5725
2050-05-03 11:00:00,46376.1075
2050-05-03 12:00:00,47533.075
2050-05-03 13:00:00,42236.895
2050-05-03 14:00:00,39758.325
2050-05-03 15:00:00,42810.1475
2050-05-03 16:00:00,40837.7275
2050-05-03 17:00:00,36195.4525
2050-05-03 18:00:00,32521.6825
2050-05-03 19:00:00,28257.9825
2050-05-03 20:00:00,26084.17
2050-05-03 21:00:00,24162.4025
2050-05-03 22:00:00,20649.12
2050-05-03 23:00:00,17985.675
2050-05-04 00:00:00,17395.6825
2050-05-04 01:00:00,17287.83
2050-05-04 02:00:00,17494.645
2050-05-04 03:00:00,20495.67
2050-05-04 04:00:00,19372.2925
2050-05-04 05:00:00,21559.2775
2050-05-04 06:00:00,27955.97
2050-05-04 07:00:00,33231.0825
2050-05-04 08:00:00,37730.885
2050-05-04 09:00:00,45405.5525
2050-05-04 10:00:00,48445.225
2050-05-04 11:00:00,53845.455
2050-05-04 12:00:00,48562.1175
2050-05-04 13:00:00,50513.345
2050-05-04 14:00:00,49300.565
2050-05-04 15:00:00,42968.7525
2050-05-04 16:00:00,38214.3675
2050-05-04 17:00:00,35130.91
2050-05-04 18:00:00,28917.735
2050-05-04 19:00:00,24220.6725
2050-05-04 20:00:00,21534.375
2050-05-04 21:00:00,19209.49
2050-05-04 22:00:00,17754.14
2050-05-04 23:00:00,16486.535
2050-05-05 00:00:00,15882.8275
2050-05-05 01:00:00,15302.965
2050-05-05 02:00:00,15196.145
2050-05-05 03:00:00,17315.8425
2050-05-05 04:00:00,20630.5225
2050-05-05 05:00:00,25506.03
2050-05-05 06:00:00,32359.1175
2050-05-05 07:00:00,43699.5575
2050-05-05 08:00:00,55179.5175
2050-05-05 09:00:00,57683.4725
2050-05-05 10:00:00,60771.4975
2050-05-05 11:00:00,62949.095
2050-05-05 12:00:00,61429.5675
2050-05-05 13:00:00,61495.1175
2050-05-05 14:00:00,58245.18
2050-05-05 15:00:00,54156.5225
2050-05-05 16:00:00,51486.9875
2050-05-05 17:00:00,44374.695
2050-05-05 18:00:00,38263.415
2050-05-05 19:00:00,32695.6625
2050-05-05 20:00:00,28975.455
2050-05-05 21:00:00,26520.415
2050-05-05 22:00:00,24269.405
2050-05-05 23:00:00,22552.665
2050-05-06 00:00:00,21259.3425
2050-05-06 01:00:00,21511.34
2050-05-06 02:00:00,23078.975
2050-05-06 03:00:00,24068.1325
2050-05-06 04:00:00,25545.935
2050-05-06 05:00:00,30340.64
2050-05-06 06:00:00,36000.985
2050-05-06 07:00:00,38607.5025
2050-05-06 08:00:00,42466.385
2050-05-06 09:00:00,45744.9725
2050-05-06 10:00:00,45945.6975
2050-05-06 11:00:00,45210.19
2050-05-06 12:00:00,46417.4525
2050-05-06 13:00:00,45389.89
2050-05-06 14:00:00,42720.135
2050-05-06 15:00:00,41407.32
2050-05-06 16:00:00,41498.8025
2050-05-06 17:00:00,41123.52
2050-05-06 18:00:00,36714.1225
2050-05-06 19:00:00,33381.3575
2050-05-06 20:00:00,30783.195
2050-05-06 21:00:00,28884.32
2050-05-06 22:00:00,27414.8125
2050-05-06 23:00:00,24729.27
2050-05-07 00:00:00,23020.275
2050-05-07 01:00:00,22364.55
2050-05-07 02:00:00,22204.6725
2050-05-07 03:00:00,22976.505
2050-05-07 04:00:00,24753.4025
2050-05-07 05:00:00,28356.08
2050-05-07 06:00:00,34852.2825
2050-05-07 07:00:00,40969.14
2050-05-07 08:00:00,41661.2325
2050-05-07 09:00:00,43443.56
2050-05-07 10:00:00,46288.9725
2050-05-07 11:00:00,52466.605
2050-05-07 12:00:00,52493.8575
2050-05-07 13:00:00,50530.64
2050-05-07 14:00:00,50033.1775
2050-05-07 15:00:00,46843.6725
2050-05-07 16:00:00,47481.5325
2050-05-07 17:00:00,42114.8275
2050-05-07 18:00:00,35802.97
2050-05-07 19:00:00,30817.7975
2050-05-07 20:00:00,29412.17
2050-05-07 21:00:00,29009.63
2050-05-07 22:00:00,26984.675
2050-05-07 23:00:00,25515.475
2050-05-08 00:00:00,24052.3025
2050-05-08 01:00:00,23178.6525
2050-05-08 02:00:00,22692.845
2050-05-08 03:00:00,22920.5975
2050-05-08 04:00:00,24956.9575
2050-05-08 05:00:00,30183.1875
2050-05-08 06:00:00,35972.065
2050-05-08 07:00:00,41344.715
2050-05-08 08:00:00,44844.8875
2050-05-08 09:00:00,51701.0075
2050-05-08 10:00:00,56459.1875
2050-05-08 11:00:00,56358.845
2050-05-08 12:00:00,54646.45
2050-05-08 13:00:00,49384.07
2050-05-08 14:00:00,46058.0075
2050-05-08 15:00:00,43396.0875
2050-05-08 16:00:00,42302.315
2050-05-08 17:00:00,38222.5175
2050-05-08 18:00:00,33150.095
2050-05-08 19:00:00,28146.545
2050-05-08 20:00:00,25476.735
2050-05-08 21:00:00,24773.96
2050-05-08 22:00:00,23401.9425
2050-05-08 23:00:00,22606.07
2050-05-09 00:00:00,21479.4175
2050-05-09 01:00:00,20998.1525
2050-05-09 02:00:00,20750.9825
2050-05-09 03:00:00,21157.5175
2050-05-09 04:00:00,21861.7525
2050-05-09 05:00:00,27293.2475
2050-05-09 06:00:00,33297.5975
2050-05-09 07:00:00,35798.6525
2050-05-09 08:00:00,44894.755
2050-05-09 09:00:00,52845.6925
2050-05-09 10:00:00,53346.19
2050-05-09 11:00:00,55828.9425
2050-05-09 12:00:00,53127.105
2050-05-09 13:00:00,49059.0525
2050-05-09 14:00:00,50998.265
2050-05-09 15:00:00,48984.0725
2050-05-09 16:00:00,47997.915
2050-05-09 17:00:00,43358.545
2050-05-09 18:00:00,37126.505
2050-05-09 19:00:00,30783.0325
2050-05-09 20:00:00,28236.125
2050-05-09 21:00:00,26005.6175
2050-05-09 22:00:00,22905.0625
2050-05-09 23:00:00,20241.21
2050-05-10 00:00:00,19298.5775
2050-05-10 01:00:00,17650.0525
2050-05-10 02:00:00,16259.0525
2050-05-10 03:00:00,15558
2050-05-10 04:00:00,16340.525
2050-05-10 05:00:00,19960.0025
2050-05-10 06:00:00,25819.3875
2050-05-10 07:00:00,33484.6875
2050-05-10 08:00:00,38755.2625
2050-05-10 09:00:00,45769.3375
2050-05-10 10:00:00,50866.45
2050-05-10 11:00:00,53685.2375
2050-05-10 12:00:00,53676.19
2050-05-10 13:00:00,51754.5125
2050-05-10 14:00:00,47141.415
2050-05-10 15:00:00,45371.8925
2050-05-10 16:00:00,42835.7625
2050-05-10 17:00:00,39781.66
2050-05-10 18:00:00,35209.4975
2050-05-10 19:00:00,29221.4925
2050-05-10 20:00:00,25608.275
2050-05-10 21:00:00,22276.465
2050-05-10 22:00:00,20591.485
2050-05-10 23:00:00,20259.465
2050-05-11 00:00:00,17830.81
2050-05-11 01:00:00,16295.25
2050-05-11 02:00:00,14759.12
2050-05-11 03:00:00,13713.7325
2050-05-11 04:00:00,12714.9925
2050-05-11 05:00:00,17431.4925
2050-05-11 06:00:00,26622.9525
2050-05-11 07:00:00,34222.35
2050-05-11 08:00:00,41983.8925
2050-05-11 09:00:00,49420.53
2050-05-11 10:00:00,55268.935
2050-05-11 11:00:00,57526.5825
2050-05-11 12:00:00,55952.49
2050-05-11 13:00:00,51850.16
2050-05-11 14:00:00,44968.3275
2050-05-11 15:00:00,38390.505
2050-05-11 16:00:00,34453.32
2050-05-11 17:00:00,31545.6475
2050-05-11 18:00:00,26139.2625
2050-05-11 19:00:00,21562.6025
2050-05-11 20:00:00,21575.8175
2050-05-11 21:00:00,21936.9975
2050-05-11 22:00:00,20263.8825
2050-05-11 23:00:00,20714.22
2050-05-12 00:00:00,19667.89
2050-05-12 01:00:00,19440.295
2050-05-12 02:00:00,18961.475
2050-05-12 03:00:00,19306.44
2050-05-12 04:00:00,23104.7
2050-05-12 05:00:00,29862.8225
2050-05-12 06:00:00,37036.92
2050-05-12 07:00:00,42278.605
2050-05-12 08:00:00,45681.105
2050-05-12 09:00:00,52717.8275
2050-05-12 10:00:00,58055.305
2050-05-12 11:00:00,61068.5475
2050-05-12 12:00:00,61088.3425
2050-05-12 13:00:00,58049.9275
2050-05-12 14:00:00,52906.8575
2050-05-12 15:00:00,53383.22
2050-05-12 16:00:00,49451.5875
2050-05-12 17:00:00,45391.33
2050-05-12 18:00:00,38800.7975
2050-05-12 19:00:00,31002.735
2050-05-12 20:00:00,26785.4375
2050-05-12 21:00:00,22326.4725
2050-05-12 22:00:00,20748.5025
2050-05-12 23:00:00,19973.01
2050-05-13 00:00:00,19086.305
2050-05-13 01:00:00,19517.2775
2050-05-13 02:00:00,21640.5725
2050-05-13 03:00:00,24744.475
2050-05-13 04:00:00,28572.5025
2050-05-13 05:00:00,34147.5775
2050-05-13 06:00:00,37678.45
2050-05-13 07:00:00,40795.18
2050-05-13 08:00:00,48355.5
2050-05-13 09:00:00,51589.565
2050-05-13 10:00:00,57182.2125
2050-05-13 11:00:00,58725.105
2050-05-13 12:00:00,57733.435
2050-05-13 13:00:00,54759.5125
2050-05-13 14:00:00,55070.235
2050-05-13 15:00:00,48968.96
2050-05-13 16:00:00,44902.385
2050-05-13 17:00:00,42183.4225
2050-05-13 18:00:00,38309.1125
2050-05-13 19:00:00,33698.655
2050-05-13 20:00:00,31056.675
2050-05-13 21:00:00,28106.6625
2050-05-13 22:00:00,26641.1425
2050-05-13 23:00:00,24749.7375
2050-05-14 00:00:00,22918.5625
2050-05-14 01:00:00,21690.38
2050-05-14 02:00:00,20804.1575
2050-05-14 03:00:00,20700.935
2050-05-14 04:00:00,22867.6675
2050-05-14 05:00:00,28362.35
2050-05-14 06:00:00,32013.2575
2050-05-14 07:00:00,34925.0325
2050-05-14 08:00:00,42845.7875
2050-05-14 09:00:00,46981.8525
2050-05-14 10:00:00,53889.8675
2050-05-14 11:00:00,57972.9075
2050-05-14 12:00:00,57946.67
2050-05-14 13:00:00,58645.9325
2050-05-14 14:00:00,57218.9525
2050-05-14 15:00:00,53114.9275
2050-05-14 16:00:00,48066.93
2050-05-14 17:00:00,45514.33
2050-05-14 18:00:00,39507.865
2050-05-14 19:00:00,34365.41
2050-05-14 20:00:00,32895.16
2050-05-14 21:00:00,28039.5475
2050-05-14 22:00:00,24845.7375
2050-05-14 23:00:00,23270.8525
2050-05-15 00:00:00,22639.3975
2050-05-15 01:00:00,21779.7975
2050-05-15 02:00:00,22800.7425
2050-05-15 03:00:00,23363.9675
2050-05-15 04:00:00,25217.91
2050-05-15 05:00:00,29606.0675
2050-05-15 06:00:00,34112.3575
2050-05-15 07:00:00,37605.6375
2050-05-15 08:00:00,44982.6625
2050-05-15 09:00:00,49127.145
2050-05-15 10:00:00,55821.3075
2050-05-15 11:00:00,61279.275
2050-05-15 12:00:00,62533.4425
2050-05-15 13:00:00,61652.11
2050-05-15 14:00:00,58451.295
2050-05-15 15:00:00,53711.6125
2050-05-15 16:00:00,49824.3875
2050-05-15 17:00:00,45542.345
2050-05-15 18:00:00,42701.01
2050-05-15 19:00:00,35774.445
2050-05-15 20:00:00,31370.2225
2050-05-15 21:00:00,27761.49
2050-05-15 22:00:00,24607.4425
2050-05-15 23:00:00,21880.575
2050-05-16 00:00:00,19357.085
2050-05-16 01:00:00,17417.5025
2050-05-16 02:00:00,16825.5275
2050-05-16 03:00:00,17534.8
2050-05-16 04:00:00,19944.4275
2050-05-16 05:00:00,25967.4175
2050-05-16 06:00:00,33098.5
2050-05-16 07:00:00,40410.72
2050-05-16 08:00:00,46031.4725
2050-05-16 09:00:00,49289.42
2050-05-16 10:00:00,53849.605
2050-05-16 11:00:00,56311.7725
2050-05-16 12:00:00,55425.1675
2050-05-16 13:00:00,52026.215
2050-05-16 14:00:00,47440.5475
2050-05-16 15:00:00,44734.9225
2050-05-16 16:00:00,41100.79
2050-05-16 17:00:00,38294.4775
2050-05-16 18:00:00,34809.725
2050-05-16 19:00:00,30946.035
2050-05-16 20:00:00,28248.805
2050-05-16 21:00:00,25131.5575
2050-05-16 22:00:00,20485.2925
2050-05-16 23:00:00,18710.4925
2050-05-17 00:00:00,16790.2425
2050-05-17 01:00:00,15979.2825
2050-05-17 02:00:00,15662.595
2050-05-17 03:00:00,15325.8575
2050-05-17 04:00:00,16236.875
2050-05-17 05:00:00,19967.005
2050-05-17 06:00:00,29741.1875
2050-05-17 07:00:00,40562.715
2050-05-17 08:00:00,47529.82
2050-05-17 09:00:00,51206.625
2050-05-17 10:00:00,54324.3925
2050-05-17 11:00:00,58290.5725
2050-05-17 12:00:00,58440.52
2050-05-17 13:00:00,56826.2125
2050-05-17 14:00:00,52552.9125
2050-05-17 15:00:00,48781.0525
2050-05-17 16:00:00,40148.6925
2050-05-17 17:00:00,34765.595
2050-05-17 18:00:00,29838.9975
2050-05-17 19:00:00,25745.4875
2050-05-17 20:00:00,25155.9625
2050-05-17 21:00:00,22739.8025
2050-05-17 22:00:00,20611.855
2050-05-17 23:00:00,19215.16
2050-05-18 00:00:00,18499.2225
2050-05-18 01:00:00,17184.205
2050-05-18 02:00:00,16393.1125
2050-05-18 03:00:00,15215.8625
2050-05-18 04:00:00,13793.82
2050-05-18 05:00:00,14967.735
2050-05-18 06:00:00,19293.2775
2050-05-18 07:00:00,24609.705
2050-05-18 08:00:00,30297.0625
2050-05-18 09:00:00,33848.92
2050-05-18 10:00:00,34882.125
2050-05-18 11:00:00,34188.77
2050-05-18 12:00:00,37225.2725
2050-05-18 13:00:00,42512.1875
2050-05-18 14:00:00,36509.4
2050-05-18 15:00:00,39818.7475
2050-05-18 16:00:00,35944.66
2050-05-18 17:00:00,32114.34
2050-05-18 18:00:00,27446.7125
2050-05-18 19:00:00,22110.44
2050-05-18 20:00:00,20817.095
2050-05-18 21:00:00,19625.9425
2050-05-18 22:00:00,17817.8525
2050-05-18 23:00:00,17104.4975
2050-05-19 00:00:00,16666.495
2050-05-19 01:00:00,16779.1525
2050-05-19 02:00:00,17455.965
2050-05-19 03:00:00,18135.045
2050-05-19 04:00:00,20479.06
2050-05-19 05:00:00,26604.5925
2050-05-19 06:00:00,34598.7775
2050-05-19 07:00:00,39625.875
2050-05-19 08:00:00,44794.735
2050-05-19 09:00:00,51115.6925
2050-05-19 10:00:00,56595.275
2050-05-19 11:00:00,58396.925
2050-05-19 12:00:00,58121.1125
2050-05-19 13:00:00,56708.82
2050-05-19 14:00:00,54529.395
2050-05-19 15:00:00,52721.5775
2050-05-19 16:00:00,47524.625
2050-05-19 17:00:00,42093.735
2050-05-19 18:00:00,36457.0125
2050-05-19 19:00:00,30881.875
2050-05-19 20:00:00,26538.7375
2050-05-19 21:00:00,22681.34
2050-05-19 22:00:00,21207.2725
2050-05-19 23:00:00,20662.9575
2050-05-20 00:00:00,20185.1
2050-05-20 01:00:00,19384.6675
2050-05-20 02:00:00,18860.37
2050-05-20 03:00:00,19212.54
2050-05-20 04:00:00,21408.96
2050-05-20 05:00:00,27480.9675
2050-05-20 06:00:00,33659.57
2050-05-20 07:00:00,38112.945
2050-05-20 08:00:00,45269.7125
2050-05-20 09:00:00,53054.81
2050-05-20 10:00:00,49746.29
2050-05-20 11:00:00,51718.3975
2050-05-20 12:00:00,52826.895
2050-05-20 13:00:00,58547.4975
2050-05-20 14:00:00,55018.735
2050-05-20 15:00:00,53002.5175
2050-05-20 16:00:00,46759.58
2050-05-20 17:00:00,40720.835
2050-05-20 18:00:00,32995.5975
2050-05-20 19:00:00,27032.6725
2050-05-20 20:00:00,23341.2975
2050-05-20 21:00:00,21325.3725
2050-05-20 22:00:00,20512.41
2050-05-20 23:00:00,18875.23
2050-05-21 00:00:00,18042.73
2050-05-21 01:00:00,18344.37
2050-05-21 02:00:00,19095.375
2050-05-21 03:00:00,20026.3525
2050-05-21 04:00:00,22856.625
2050-05-21 05:00:00,28314.3575
2050-05-21 06:00:00,34589.1275
2050-05-21 07:00:00,39903.03
2050-05-21 08:00:00,44386.61
2050-05-21 09:00:00,48906.605
2050-05-21 10:00:00,45942.3875
2050-05-21 11:00:00,49603.2925
2050-05-21 12:00:00,49352.8475
2050-05-21 13:00:00,48455.795
2050-05-21 14:00:00,46302.77
2050-05-21 15:00:00,49633.3375
2050-05-21 16:00:00,44203.4425
2050-05-21 17:00:00,40567.2075
2050-05-21 18:00:00,36578.405
2050-05-21 19:00:00,31342.355
2050-05-21 20:00:00,28513.4725
2050-05-21 21:00:00,26267.08
2050-05-21 22:00:00,25550.0975
2050-05-21 23:00:00,24419.3725
2050-05-22 00:00:00,23397.1575
2050-05-22 01:00:00,21097.7475
2050-05-22 02:00:00,21136.1925
2050-05-22 03:00:00,23130.5175
2050-05-22 04:00:00,24565.1175
2050-05-22 05:00:00,30549.4125
2050-05-22 06:00:00,37012.3875
2050-05-22 07:00:00,45025.0025
2050-05-22 08:00:00,49439.14
2050-05-22 09:00:00,54507.045
2050-05-22 10:00:00,61274.7525
2050-05-22 11:00:00,65454.67
2050-05-22 12:00:00,64787.2675
2050-05-22 13:00:00,62183.9175
2050-05-22 14:00:00,56544.3725
2050-05-22 15:00:00,52005.6825
2050-05-22 16:00:00,46607.7875
2050-05-22 17:00:00,41147.18
2050-05-22 18:00:00,37270.515
2050-05-22 19:00:00,31154.5325
2050-05-22 20:00:00,29269.2925
2050-05-22 21:00:00,27797.0075
2050-05-22 22:00:00,26123.95
2050-05-22 23:00:00,22243.2025
2050-05-23 00:00:00,22410.92
2050-05-23 01:00:00,23053.0525
2050-05-23 02:00:00,23287.5525
2050-05-23 03:00:00,25312.2625
2050-05-23 04:00:00,27880.6975
2050-05-23 05:00:00,33881.47
2050-05-23 06:00:00,40577.3125
2050-05-23 07:00:00,46640.7625
2050-05-23 08:00:00,49465.88
2050-05-23 09:00:00,50769.3275
2050-05-23 10:00:00,56797.2
2050-05-23 11:00:00,54133.425
2050-05-23 12:00:00,56258.6975
2050-05-23 13:00:00,52298.425
2050-05-23 14:00:00,54695.55
2050-05-23 15:00:00,48063.0175
2050-05-23 16:00:00,44913.395
2050-05-23 17:00:00,38388.0575
2050-05-23 18:00:00,30759.8775
2050-05-23 19:00:00,24399.165
2050-05-23 20:00:00,22686.1375
2050-05-23 21:00:00,22692.2475
2050-05-23 22:00:00,20616.8825
2050-05-23 23:00:00,18817.19
2050-05-24 00:00:00,18701.425
2050-05-24 01:00:00,18541.17
2050-05-24 02:00:00,18766.1125
2050-05-24 03:00:00,19127.2675
2050-05-24 04:00:00,21156.16
2050-05-24 05:00:00,26046.6825
2050-05-24 06:00:00,31496.1425
2050-05-24 07:00:00,35740.3975
2050-05-24 08:00:00,38262.975
2050-05-24 09:00:00,38316.115
2050-05-24 10:00:00,38841.8925
2050-05-24 11:00:00,37017.6525
2050-05-24 12:00:00,35565.215
2050-05-24 13:00:00,32269.945
2050-05-24 14:00:00,31838.4975
2050-05-24 15:00:00,32055.74
2050-05-24 16:00:00,32579.6125
2050-05-24 17:00:00,29435.335
2050-05-24 18:00:00,27295.9575
2050-05-24 19:00:00,25716.9625
2050-05-24 20:00:00,25337.41
2050-05-24 21:00:00,25592.18
2050-05-24 22:00:00,25663.9825
2050-05-24 23:00:00,25935.34
2050-05-25 00:00:00,26269.9725
2050-05-25 01:00:00,26785.4725
2050-05-25 02:00:00,26605.2175
2050-05-25 03:00:00,27212.3775
2050-05-25 04:00:00,27296.965
2050-05-25 05:00:00,29796.815
2050-05-25 06:00:00,33020.275
2050-05-25 07:00:00,34698.06
2050-05-25 08:00:00,37367.1475
2050-05-25 09:00:00,41535.4625
2050-05-25 10:00:00,51706.8925
2050-05-25 11:00:00,53015.5225
2050-05-25 12:00:00,51256.23
2050-05-25 13:00:00,48889.7475
2050-05-25 14:00:00,42687.9975
2050-05-25 15:00:00,38032.695
2050-05-25 16:00:00,32710.845
2050-05-25 17:00:00,26830.315
2050-05-25 18:00:00,22907.3025
2050-05-25 19:00:00,20054.765
2050-05-25 20:00:00,19277.45
2050-05-25 21:00:00,17831.7725
2050-05-25 22:00:00,17127.2575
2050-05-25 23:00:00,16138.005
2050-05-26 00:00:00,17543.0625
2050-05-26 01:00:00,18626.7125
2050-05-26 02:00:00,18403.47
2050-05-26 03:00:00,17615.1725
2050-05-26 04:00:00,21670.475
2050-05-26 05:00:00,27870.4325
2050-05-26 06:00:00,34947.6725
2050-05-26 07:00:00,43761.075
2050-05-26 08:00:00,48878.18
2050-05-26 09:00:00,53032.97
2050-05-26 10:00:00,57253.885
2050-05-26 11:00:00,62495.6025
2050-05-26 12:00:00,62518.5475
2050-05-26 13:00:00,62960.8375
2050-05-26 14:00:00,56088.0975
2050-05-26 15:00:00,53540.31
2050-05-26 16:00:00,48754.2375
2050-05-26 17:00:00,45741.255
2050-05-26 18:00:00,39115.4475
2050-05-26 19:00:00,35495.7975
2050-05-26 20:00:00,33164.5725
2050-05-26 21:00:00,29568.085
2050-05-26 22:00:00,27980.345
2050-05-26 23:00:00,27393.18
2050-05-27 00:00:00,27988.2675
2050-05-27 01:00:00,28769.85
2050-05-27 02:00:00,29773.73
2050-05-27 03:00:00,31103.27
2050-05-27 04:00:00,32284.5225
2050-05-27 05:00:00,35175.69
2050-05-27 06:00:00,36907.7375
2050-05-27 07:00:00,38931.0725
2050-05-27 08:00:00,40519.5275
2050-05-27 09:00:00,43435.5525
2050-05-27 10:00:00,46954.6975
2050-05-27 11:00:00,50666.8225
2050-05-27 12:00:00,52030.07
2050-05-27 13:00:00,53707.76
2050-05-27 14:00:00,43749.995
2050-05-27 15:00:00,34244.145
2050-05-27 16:00:00,33188.8975
2050-05-27 17:00:00,32453.5725
2050-05-27 18:00:00,32352.9
2050-05-27 19:00:00,32055.045
2050-05-27 20:00:00,30309.4475
2050-05-27 21:00:00,30173.36
2050-05-27 22:00:00,29485.14
2050-05-27 23:00:00,30391.9325
2050-05-28 00:00:00,30097.96
2050-05-28 01:00:00,30360.5475
2050-05-28 02:00:00,29713.9575
2050-05-28 03:00:00,30143.7125
2050-05-28 04:00:00,30993.82
2050-05-28 05:00:00,31908.5025
2050-05-28 06:00:00,34950.1975
2050-05-28 07:00:00,36850.705
2050-05-28 08:00:00,37616.0425
2050-05-28 09:00:00,41388.8075
2050-05-28 10:00:00,43144.8925
2050-05-28 11:00:00,46391.0775
2050-05-28 12:00:00,44539.3575
2050-05-28 13:00:00,48230.525
2050-05-28 14:00:00,46760.025
2050-05-28 15:00:00,47665.4325
2050-05-28 16:00:00,41409.7375
2050-05-28 17:00:00,34401.755
2050-05-28 18:00:00,28423.47
2050-05-28 19:00:00,22428.0775
2050-05-28 20:00:00,20203.4575
2050-05-28 21:00:00,18782.9175
2050-05-28 22:00:00,18303.2025
2050-05-28 23:00:00,15760.12
2050-05-29 00:00:00,14594.1375
2050-05-29 01:00:00,15084.59
2050-05-29 02:00:00,15114.36
2050-05-29 03:00:00,14901.265
2050-05-29 04:00:00,16158.8675
2050-05-29 05:00:00,17964.16
2050-05-29 06:00:00,19065.7875
2050-05-29 07:00:00,23159.7
2050-05-29 08:00:00,27606.06
2050-05-29 09:00:00,33909.9
2050-05-29 10:00:00,37958.2275
2050-05-29 11:00:00,36193.65
2050-05-29 12:00:00,37423.855
2050-05-29 13:00:00,41427.89
2050-05-29 14:00:00,43044.285
2050-05-29 15:00:00,41501.585
2050-05-29 16:00:00,41741.62
2050-05-29 17:00:00,36317.7575
2050-05-29 18:00:00,32948.5375
2050-05-29 19:00:00,30035.8225
2050-05-29 20:00:00,29205.07
2050-05-29 21:00:00,28476.27
2050-05-29 22:00:00,27936.33
2050-05-29 23:00:00,27011.6825
2050-05-30 00:00:00,25115.725
2050-05-30 01:00:00,22971.07
2050-05-30 02:00:00,20985.8825
2050-05-30 03:00:00,20500.87
2050-05-30 04:00:00,22497.3325
2050-05-30 05:00:00,27270.11
2050-05-30 06:00:00,34070.835
2050-05-30 07:00:00,39241.9025
2050-05-30 08:00:00,43125.24
2050-05-30 09:00:00,47545.22
2050-05-30 10:00:00,53225.665
2050-05-30 11:00:00,56857.6225
2050-05-30 12:00:00,57251.8575
2050-05-30 13:00:00,57109.4825
2050-05-30 14:00:00,50113.1
2050-05-30 15:00:00,45693.14
2050-05-30 16:00:00,40579.0175
2050-05-30 17:00:00,34821.17
2050-05-30 18:00:00,27829.6125
2050-05-30 19:00:00,22702.3075
2050-05-30 20:00:00,20832.615
2050-05-30 21:00:00,19581.9425
2050-05-30 22:00:00,19311.7525
2050-05-30 23:00:00,18532.5175
2050-05-31 00:00:00,16576.305
2050-05-31 01:00:00,15559.63
2050-05-31 02:00:00,15808.5375
2050-05-31 03:00:00,15412.155
2050-05-31 04:00:00,16236.855
2050-05-31 05:00:00,17981.9825
2050-05-31 06:00:00,22416.585
2050-05-31 07:00:00,30258.3575
2050-05-31 08:00:00,34004.0275
2050-05-31 09:00:00,36473.87
2050-05-31 10:00:00,37294.315
2050-05-31 11:00:00,38402.215
2050-05-31 12:00:00,42100.7825
2050-05-31 13:00:00,42211.325
2050-05-31 14:00:00,38684.815
2050-05-31 15:00:00,34259.26
2050-05-31 16:00:00,31377.69
2050-05-31 17:00:00,28182.475
2050-05-31 18:00:00,24564.785
2050-05-31 19:00:00,22317.04
2050-05-31 20:00:00,22720.72
2050-05-31 21:00:00,21157.25
2050-05-31 22:00:00,19258.48
2050-05-31 23:00:00,16258.29
2050-06-01 00:00:00,15441.785
2050-06-01 01:00:00,16144.8225
2050-06-01 02:00:00,15510.57
2050-06-01 03:00:00,14448.035
2050-06-01 04:00:00,16182.8775
2050-06-01 05:00:00,21579.3675
2050-06-01 06:00:00,27476.0975
2050-06-01 07:00:00,31261.23
2050-06-01 08:00:00,36909.5675
2050-06-01 09:00:00,39145.1675
2050-06-01 10:00:00,43527.42
2050-06-01 11:00:00,43691.09
2050-06-01 12:00:00,43792.41
2050-06-01 13:00:00,43505.79
2050-06-01 14:00:00,47160.7325
2050-06-01 15:00:00,47241.9
2050-06-01 16:00:00,45254.945
2050-06-01 17:00:00,37177.295
2050-06-01 18:00:00,31236.7425
2050-06-01 19:00:00,26242.2625
2050-06-01 20:00:00,23697.1675
2050-06-01 21:00:00,22169.6725
2050-06-01 22:00:00,21233.485
2050-06-01 23:00:00,19078.6225
2050-06-02 00:00:00,17098.8275
2050-06-02 01:00:00,15598.9025
2050-06-02 02:00:00,14825.0725
2050-06-02 03:00:00,16025.6975
2050-06-02 04:00:00,19057.1675
2050-06-02 05:00:00,24397.6425
2050-06-02 06:00:00,31146.6575
2050-06-02 07:00:00,35542.605
2050-06-02 08:00:00,42923.195
2050-06-02 09:00:00,46061.36
2050-06-02 10:00:00,51377.855
2050-06-02 11:00:00,51887.255
2050-06-02 12:00:00,52188.6575
2050-06-02 13:00:00,53874.06
2050-06-02 14:00:00,52057.86
2050-06-02 15:00:00,48789.1725
2050-06-02 16:00:00,43329.295
2050-06-02 17:00:00,37607.99
2050-06-02 18:00:00,29892.7475
2050-06-02 19:00:00,25959.3275
2050-06-02 20:00:00,24651.8375
2050-06-02 21:00:00,24096.21
2050-06-02 22:00:00,22653.25
2050-06-02 23:00:00,20565.0575
2050-06-03 00:00:00,21080.255
2050-06-03 01:00:00,20264.17
2050-06-03 02:00:00,21814.76
2050-06-03 03:00:00,23921.495
2050-06-03 04:00:00,28732.45
2050-06-03 05:00:00,34109.0125
2050-06-03 06:00:00,40062.31
2050-06-03 07:00:00,46368.68
2050-06-03 08:00:00,53742.865
2050-06-03 09:00:00,59997.615
2050-06-03 10:00:00,62888.5275
2050-06-03 11:00:00,66013.7525
2050-06-03 12:00:00,65626.4275
2050-06-03 13:00:00,60539.7025
2050-06-03 14:00:00,53917.7125
2050-06-03 15:00:00,47360.335
2050-06-03 16:00:00,43598.6125
2050-06-03 17:00:00,41946.3175
2050-06-03 18:00:00,37895.805
2050-06-03 19:00:00,34705.9175
2050-06-03 20:00:00,32696.005
2050-06-03 21:00:00,27800.135
2050-06-03 22:00:00,24781.5175
2050-06-03 23:00:00,23026.9625
2050-06-04 00:00:00,22462.5075
2050-06-04 01:00:00,21413.8925
2050-06-04 02:00:00,19397.33
2050-06-04 03:00:00,20451.79
2050-06-04 04:00:00,21698.7625
2050-06-04 05:00:00,24860.495
2050-06-04 06:00:00,29046.195
2050-06-04 07:00:00,32865.885
2050-06-04 08:00:00,37466.3025
2050-06-04 09:00:00,39563.57
2050-06-04 10:00:00,44657.825
2050-06-04 11:00:00,46068.5375
2050-06-04 12:00:00,49120.265
2050-06-04 13:00:00,54184.4725
2050-06-04 14:00:00,51871.455
2050-06-04 15:00:00,45367.7525
2050-06-04 16:00:00,44147.05
2050-06-04 17:00:00,39236.45
2050-06-04 18:00:00,34741.4
2050-06-04 19:00:00,29891.8475
2050-06-04 20:00:00,27844.3975
2050-06-04 21:00:00,24173.0475
2050-06-04 22:00:00,21489.275
2050-06-04 23:00:00,20964.6375
2050-06-05 00:00:00,20903.0675
2050-06-05 01:00:00,21072.22
2050-06-05 02:00:00,21525.2425
2050-06-05 03:00:00,21889.7175
2050-06-05 04:00:00,24669.3925
2050-06-05 05:00:00,29809.6775
2050-06-05 06:00:00,36229.58
2050-06-05 07:00:00,41329.255
2050-06-05 08:00:00,46633.015
2050-06-05 09:00:00,47010.9775
2050-06-05 10:00:00,42919.31
2050-06-05 11:00:00,41290.5425
2050-06-05 12:00:00,44248.0275
2050-06-05 13:00:00,50082.3275
2050-06-05 14:00:00,49714.48
2050-06-05 15:00:00,43281.54
2050-06-05 16:00:00,39200.8975
2050-06-05 17:00:00,35459.8325
2050-06-05 18:00:00,33346.07
2050-06-05 19:00:00,31591.625
2050-06-05 20:00:00,31343.51
2050-06-05 21:00:00,26657.795
2050-06-05 22:00:00,26435.3925
2050-06-05 23:00:00,25445.8925
2050-06-06 00:00:00,25836.23
2050-06-06 01:00:00,26097.11
2050-06-06 02:00:00,26099.91
2050-06-06 03:00:00,26655.4525
2050-06-06 04:00:00,29467.445
2050-06-06 05:00:00,34458.66
2050-06-06 06:00:00,40380.3375
2050-06-06 07:00:00,47826.2
2050-06-06 08:00:00,52873.9125
2050-06-06 09:00:00,56310.35
2050-06-06 10:00:00,60138.095
2050-06-06 11:00:00,59961.4
2050-06-06 12:00:00,60383.9625
2050-06-06 13:00:00,54145.35
2050-06-06 14:00:00,49950.6375
2050-06-06 15:00:00,46995.595
2050-06-06 16:00:00,42431.01
2050-06-06 17:00:00,37577.535
2050-06-06 18:00:00,31245.19
2050-06-06 19:00:00,25616.6625
2050-06-06 20:00:00,22760.3275
2050-06-06 21:00:00,22049.5325
2050-06-06 22:00:00,19976.5625
2050-06-06 23:00:00,19182.3925
2050-06-07 00:00:00,17686.0525
2050-06-07 01:00:00,18243.29
2050-06-07 02:00:00,17935.28
2050-06-07 03:00:00,18259.5375
2050-06-07 04:00:00,17477.6325
2050-06-07 05:00:00,19546.735
2050-06-07 06:00:00,23212.465
2050-06-07 07:00:00,28399.335
2050-06-07 08:00:00,30605.18
2050-06-07 09:00:00,36493.6675
2050-06-07 10:00:00,39811.065
2050-06-07 11:00:00,41271.2975
2050-06-07 12:00:00,45312.1425
2050-06-07 13:00:00,47903.83
2050-06-07 14:00:00,42490.1225
2050-06-07 15:00:00,43141.0275
2050-06-07 16:00:00,38776.185
2050-06-07 17:00:00,36649.49
2050-06-07 18:00:00,29789.61
2050-06-07 19:00:00,23699.1825
2050-06-07 20:00:00,21387.78
2050-06-07 21:00:00,17734.4375
2050-06-07 22:00:00,13404.715
2050-06-07 23:00:00,14158.1025
2050-06-08 00:00:00,17073.8725
2050-06-08 01:00:00,19602.5375
2050-06-08 02:00:00,22723.595
2050-06-08 03:00:00,22054.66
2050-06-08 04:00:00,21009.8825
2050-06-08 05:00:00,22060.1
2050-06-08 06:00:00,26673.675
2050-06-08 07:00:00,32460.885
2050-06-08 08:00:00,36075.8475
2050-06-08 09:00:00,41587.21
2050-06-08 10:00:00,46223.67
2050-06-08 11:00:00,46666.2375
2050-06-08 12:00:00,48263.6125
2050-06-08 13:00:00,48777.7225
2050-06-08 14:00:00,46384.4425
2050-06-08 15:00:00,42665.8625
2050-06-08 16:00:00,42266.095
2050-06-08 17:00:00,35662.7675
2050-06-08 18:00:00,27224.32
2050-06-08 19:00:00,19896.9175
2050-06-08 20:00:00,17252.8425
2050-06-08 21:00:00,16880.7225
2050-06-08 22:00:00,15942.785
2050-06-08 23:00:00,15742.4225
2050-06-09 00:00:00,14346.59
2050-06-09 01:00:00,13213.325
2050-06-09 02:00:00,12335.5825
2050-06-09 03:00:00,11740.3825
2050-06-09 04:00:00,12637.4075
2050-06-09 05:00:00,17327.8225
2050-06-09 06:00:00,24879.695
2050-06-09 07:00:00,31276.71
2050-06-09 08:00:00,38405.4625
2050-06-09 09:00:00,43405.65
2050-06-09 10:00:00,43297.6775
2050-06-09 11:00:00,45585.6625
2050-06-09 12:00:00,42950.7625
2050-06-09 13:00:00,43241.715
2050-06-09 14:00:00,42313.6875
2050-06-09 15:00:00,41456.345
2050-06-09 16:00:00,38513.3175
2050-06-09 17:00:00,33587.9675
2050-06-09 18:00:00,30120.97
2050-06-09 19:00:00,26397.485
2050-06-09 20:00:00,25650.77
2050-06-09 21:00:00,25149.8075
2050-06-09 22:00:00,23028.81
2050-06-09 23:00:00,20989.3025
2050-06-10 00:00:00,21896.7875
2050-06-10 01:00:00,22971.8725
2050-06-10 02:00:00,23323.6875
2050-06-10 03:00:00,24760.7575
2050-06-10 04:00:00,27166.2675
2050-06-10 05:00:00,30559.7675
2050-06-10 06:00:00,34827.6625
2050-06-10 07:00:00,37920.9075
2050-06-10 08:00:00,39741.0775
2050-06-10 09:00:00,39186.0025
2050-06-10 10:00:00,41117.5625
2050-06-10 11:00:00,42537.6925
2050-06-10 12:00:00,44627.6575
2050-06-10 13:00:00,47938.0525
2050-06-10 14:00:00,47493
2050-06-10 15:00:00,46712.3725
2050-06-10 16:00:00,44241.645
2050-06-10 17:00:00,37635.9475
2050-06-10 18:00:00,31927.1875
2050-06-10 19:00:00,25045.055
2050-06-10 20:00:00,20379.2425
2050-06-10 21:00:00,17942.1425
2050-06-10 22:00:00,16770.65
2050-06-10 23:00:00,15753.505
2050-06-11 00:00:00,15139.725
2050-06-11 01:00:00,14827.735
2050-06-11 02:00:00,14662.125
2050-06-11 03:00:00,15431.98
2050-06-11 04:00:00,18582.3675
2050-06-11 05:00:00,24013.7425
2050-06-11 06:00:00,30032.8425
2050-06-11 07:00:00,31184.4
2050-06-11 08:00:00,35318.0975
2050-06-11 09:00:00,37874.2925
2050-06-11 10:00:00,38900.1025
2050-06-11 11:00:00,42991.615
2050-06-11 12:00:00,46620.515
2050-06-11 13:00:00,46751.8725
2050-06-11 14:00:00,47238.64
2050-06-11 15:00:00,42896.8275
2050-06-11 16:00:00,41432.7025
2050-06-11 17:00:00,38953.5475
2050-06-11 18:00:00,35037.35
2050-06-11 19:00:00,30540.3075
2050-06-11 20:00:00,29215.0425
2050-06-11 21:00:00,27599.33
2050-06-11 22:00:00,23028.315
2050-06-11 23:00:00,22473.605
2050-06-12 00:00:00,22146.05
2050-06-12 01:00:00,22632.3775
2050-06-12 02:00:00,22548.17
2050-06-12 03:00:00,22852.9225
2050-06-12 04:00:00,26652.535
2050-06-12 05:00:00,32965.3625
2050-06-12 06:00:00,40386.235
2050-06-12 07:00:00,48861.4125
2050-06-12 08:00:00,56230.26
2050-06-12 09:00:00,63252.37
2050-06-12 10:00:00,69400.735
2050-06-12 11:00:00,72195.02
2050-06-12 12:00:00,71684.355
2050-06-12 13:00:00,67737.0925
2050-06-12 14:00:00,62679.3175
2050-06-12 15:00:00,56617.0225
2050-06-12 16:00:00,48724.485
2050-06-12 17:00:00,41584.655
2050-06-12 18:00:00,35045.36
2050-06-12 19:00:00,27898.755
2050-06-12 20:00:00,24249.905
2050-06-12 21:00:00,19509.4325
2050-06-12 22:00:00,17748.925
2050-06-12 23:00:00,16983.6225
2050-06-13 00:00:00,16684.79
2050-06-13 01:00:00,16372.5075
2050-06-13 02:00:00,16187.415
2050-06-13 03:00:00,16390.7775
2050-06-13 04:00:00,18729.7625
2050-06-13 05:00:00,24241.13
2050-06-13 06:00:00,31218.7575
2050-06-13 07:00:00,36087.3225
2050-06-13 08:00:00,40058.79
2050-06-13 09:00:00,45162.3
2050-06-13 10:00:00,45927.5625
2050-06-13 11:00:00,47550.84
2050-06-13 12:00:00,48427.75
2050-06-13 13:00:00,46427.545
2050-06-13 14:00:00,45281.435
2050-06-13 15:00:00,41086.6525
2050-06-13 16:00:00,36912.7
2050-06-13 17:00:00,33090.2175
2050-06-13 18:00:00,28147.3975
2050-06-13 19:00:00,24397.8925
2050-06-13 20:00:00,24154.98
2050-06-13 21:00:00,22274.9325
2050-06-13 22:00:00,21188.795
2050-06-13 23:00:00,20047.3625
2050-06-14 00:00:00,20101.8475
2050-06-14 01:00:00,18515.4775
2050-06-14 02:00:00,16005.9075
2050-06-14 03:00:00,14201.9275
2050-06-14 04:00:00,13699.78
2050-06-14 05:00:00,17592.9175
2050-06-14 06:00:00,24933.74
2050-06-14 07:00:00,30393.51
2050-06-14 08:00:00,38556.3425
2050-06-14 09:00:00,41515.065
2050-06-14 10:00:00,40590.4825
2050-06-14 11:00:00,39032.25
2050-06-14 12:00:00,34088.31
2050-06-14 13:00:00,31083.32
2050-06-14 14:00:00,30512.1475
2050-06-14 15:00:00,35804.995
2050-06-14 16:00:00,36339.3425
2050-06-14 17:00:00,36381.82
2050-06-14 18:00:00,33279.86
2050-06-14 19:00:00,29179.4375
2050-06-14 20:00:00,26221.8725
2050-06-14 21:00:00,22804.805
2050-06-14 22:00:00,21382.7475
2050-06-14 23:00:00,18955.27
2050-06-15 00:00:00,17982.595
2050-06-15 01:00:00,17218.485
2050-06-15 02:00:00,15927.495
2050-06-15 03:00:00,15005.24
2050-06-15 04:00:00,14807.345
2050-06-15 05:00:00,16557.145
2050-06-15 06:00:00,23495.825
2050-06-15 07:00:00,31201.8225
2050-06-15 08:00:00,34743.2925
2050-06-15 09:00:00,41701.5175
2050-06-15 10:00:00,48910.39
2050-06-15 11:00:00,51813.5675
2050-06-15 12:00:00,53673.7275
2050-06-15 13:00:00,49599.9375
2050-06-15 14:00:00,47334.1025
2050-06-15 15:00:00,48572.655
2050-06-15 16:00:00,42364.0925
2050-06-15 17:00:00,37689.4775
2050-06-15 18:00:00,31621.035
2050-06-15 19:00:00,25794.5875
2050-06-15 20:00:00,22285.2575
2050-06-15 21:00:00,19375.6125
2050-06-15 22:00:00,16397.9725
2050-06-15 23:00:00,13813.395
2050-06-16 00:00:00,12249.3225
2050-06-16 01:00:00,11288.5725
2050-06-16 02:00:00,12310.805
2050-06-16 03:00:00,13661.185
2050-06-16 04:00:00,16654.765
2050-06-16 05:00:00,22575.73
2050-06-16 06:00:00,30069.205
2050-06-16 07:00:00,35147.7725
2050-06-16 08:00:00,37547.0475
2050-06-16 09:00:00,42226.3225
2050-06-16 10:00:00,45175.0175
2050-06-16 11:00:00,46050.465
2050-06-16 12:00:00,51784.8275
2050-06-16 13:00:00,52383.7625
2050-06-16 14:00:00,49458.8475
2050-06-16 15:00:00,43591.935
2050-06-16 16:00:00,39683.235
2050-06-16 17:00:00,33638.845
2050-06-16 18:00:00,27121.745
2050-06-16 19:00:00,22598.3975
2050-06-16 20:00:00,20138.44
2050-06-16 21:00:00,18282.8625
2050-06-16 22:00:00,17965.8175
2050-06-16 23:00:00,16397.13
2050-06-17 00:00:00,16447.7
2050-06-17 01:00:00,16316.755
2050-06-17 02:00:00,16457.905
2050-06-17 03:00:00,16977.8025
2050-06-17 04:00:00,20405.6975
2050-06-17 05:00:00,27236.1975
2050-06-17 06:00:00,33188.6125
2050-06-17 07:00:00,39574.0775
2050-06-17 08:00:00,46892.925
2050-06-17 09:00:00,50154.13
2050-06-17 10:00:00,54424.6825
2050-06-17 11:00:00,56180.425
2050-06-17 12:00:00,54032.2575
2050-06-17 13:00:00,48545.055
2050-06-17 14:00:00,46132.255
2050-06-17 15:00:00,41166.0225
2050-06-17 16:00:00,37205.9575
2050-06-17 17:00:00,33586.8075
2050-06-17 18:00:00,28151.1675
2050-06-17 19:00:00,24699.935
2050-06-17 20:00:00,22519.83
2050-06-17 21:00:00,21964.47
2050-06-17 22:00:00,21822.8475
2050-06-17 23:00:00,19358.18
2050-06-18 00:00:00,17949.7825
2050-06-18 01:00:00,17718.5725
2050-06-18 02:00:00,17822.3725
2050-06-18 03:00:00,17974.1075
2050-06-18 04:00:00,20616.4575
2050-06-18 05:00:00,26314.8525
2050-06-18 06:00:00,31495.5375
2050-06-18 07:00:00,33883.66
2050-06-18 08:00:00,41031.76
2050-06-18 09:00:00,47750.1875
2050-06-18 10:00:00,46878.9675
2050-06-18 11:00:00,48348.7
2050-06-18 12:00:00,47203.0075
2050-06-18 13:00:00,48152.82
2050-06-18 14:00:00,47987.5975
2050-06-18 15:00:00,43568.0225
2050-06-18 16:00:00,41490.64
2050-06-18 17:00:00,38020.4875
2050-06-18 18:00:00,31123.975
2050-06-18 19:00:00,24947.1225
2050-06-18 20:00:00,21764.315
2050-06-18 21:00:00,21005.9975
2050-06-18 22:00:00,20310.845
2050-06-18 23:00:00,19035.055
2050-06-19 00:00:00,17471.83
2050-06-19 01:00:00,16492.355
2050-06-19 02:00:00,16172.8025
2050-06-19 03:00:00,16545.9775
2050-06-19 04:00:00,19505.035
2050-06-19 05:00:00,22739.99
2050-06-19 06:00:00,25698.7875
2050-06-19 07:00:00,32890.365
2050-06-19 08:00:00,37031.7575
2050-06-19 09:00:00,42284.7675
2050-06-19 10:00:00,43632.9725
2050-06-19 11:00:00,46218.8675
2050-06-19 12:00:00,46247.195
2050-06-19 13:00:00,42188.295
2050-06-19 14:00:00,40616.425
2050-06-19 15:00:00,39353.7
2050-06-19 16:00:00,34677.6775
2050-06-19 17:00:00,31881.615
2050-06-19 18:00:00,29871.1375
2050-06-19 19:00:00,26653.2575
2050-06-19 20:00:00,23917.61
2050-06-19 21:00:00,22364.48
2050-06-19 22:00:00,21188.8475
2050-06-19 23:00:00,20178.2575
2050-06-20 00:00:00,19885.6875
2050-06-20 01:00:00,19953.135
2050-06-20 02:00:00,20189.1475
2050-06-20 03:00:00,20524.17
2050-06-20 04:00:00,23462.36
2050-06-20 05:00:00,28699.0025
2050-06-20 06:00:00,34161.56
2050-06-20 07:00:00,37558.075
2050-06-20 08:00:00,43575.8675
2050-06-20 09:00:00,49488.87
2050-06-20 10:00:00,53928.505
2050-06-20 11:00:00,50261.055
2050-06-20 12:00:00,51393.885
2050-06-20 13:00:00,53191.61
2050-06-20 14:00:00,49619.465
2050-06-20 15:00:00,45762.3075
2050-06-20 16:00:00,41115.0625
2050-06-20 17:00:00,35923.6625
2050-06-20 18:00:00,30700.0775
2050-06-20 19:00:00,25294.175
2050-06-20 20:00:00,23424.595
2050-06-20 21:00:00,23239.105
2050-06-20 22:00:00,23978.48
2050-06-20 23:00:00,23238.8225
2050-06-21 00:00:00,20582.7225
2050-06-21 01:00:00,19132.8
2050-06-21 02:00:00,17985.1
2050-06-21 03:00:00,17305.3775
2050-06-21 04:00:00,17519.71
2050-06-21 05:00:00,20923.03
2050-06-21 06:00:00,26187.465
2050-06-21 07:00:00,35140.6125
2050-06-21 08:00:00,43061.0325
2050-06-21 09:00:00,45510.745
2050-06-21 10:00:00,50223.22
2050-06-21 11:00:00,52171.085
2050-06-21 12:00:00,51499.115
2050-06-21 13:00:00,48190.235
2050-06-21 14:00:00,46995.5475
2050-06-21 15:00:00,39961.6375
2050-06-21 16:00:00,35166.9425
2050-06-21 17:00:00,30939.0475
2050-06-21 18:00:00,26249.315
2050-06-21 19:00:00,22873.2025
2050-06-21 20:00:00,22690.17
2050-06-21 21:00:00,22045.305
2050-06-21 22:00:00,20666.8275
2050-06-21 23:00:00,17837.4225
2050-06-22 00:00:00,14962.16
2050-06-22 01:00:00,14564.7075
2050-06-22 02:00:00,14792.01
2050-06-22 03:00:00,15589.22
2050-06-22 04:00:00,18955.2225
2050-06-22 05:00:00,22958.2625
2050-06-22 06:00:00,28301.235
2050-06-22 07:00:00,36060.1
2050-06-22 08:00:00,41972.6725
2050-06-22 09:00:00,39324.115
2050-06-22 10:00:00,34207.63
2050-06-22 11:00:00,30285.17
2050-06-22 12:00:00,29264.635
2050-06-22 13:00:00,33729.3
2050-06-22 14:00:00,43765.5525
2050-06-22 15:00:00,47973.745
2050-06-22 16:00:00,43188.3
2050-06-22 17:00:00,36862.36
2050-06-22 18:00:00,32705.6575
2050-06-22 19:00:00,29181.3825
2050-06-22 20:00:00,28339.1925
2050-06-22 21:00:00,27365.42
2050-06-22 22:00:00,26671.2575
2050-06-22 23:00:00,26950.1875
2050-06-23 00:00:00,27563.3225
2050-06-23 01:00:00,26248.6325
2050-06-23 02:00:00,26308.3625
2050-06-23 03:00:00,26468.2325
2050-06-23 04:00:00,28262.4225
2050-06-23 05:00:00,32909.0725
2050-06-23 06:00:00,35206.765
2050-06-23 07:00:00,40745.245
2050-06-23 08:00:00,45439.83
2050-06-23 09:00:00,48266.0175
2050-06-23 10:00:00,56147.3775
2050-06-23 11:00:00,62979.6725
2050-06-23 12:00:00,64822.93
2050-06-23 13:00:00,63698.995
2050-06-23 14:00:00,57798.85
2050-06-23 15:00:00,50882.15
2050-06-23 16:00:00,46659.8775
2050-06-23 17:00:00,38200.4125
2050-06-23 18:00:00,31899.5525
2050-06-23 19:00:00,26085.62
2050-06-23 20:00:00,22634.58
2050-06-23 21:00:00,20029.2925
2050-06-23 22:00:00,17803.06
2050-06-23 23:00:00,16535.525
2050-06-24 00:00:00,15814.6425
2050-06-24 01:00:00,14915.4325
2050-06-24 02:00:00,14971.695
2050-06-24 03:00:00,15953.48
2050-06-24 04:00:00,18753.75
2050-06-24 05:00:00,25190.175
2050-06-24 06:00:00,31228.405
2050-06-24 07:00:00,38933.3625
2050-06-24 08:00:00,42968.6825
2050-06-24 09:00:00,49106.8475
2050-06-24 10:00:00,49407.57
2050-06-24 11:00:00,45936.9625
2050-06-24 12:00:00,41080.4825
2050-06-24 13:00:00,40049.2625
2050-06-24 14:00:00,40778.655
2050-06-24 15:00:00,41965.9675
2050-06-24 16:00:00,42816.1725
2050-06-24 17:00:00,40966.145
2050-06-24 18:00:00,36770.885
2050-06-24 19:00:00,32607.585
2050-06-24 20:00:00,29827.5825
2050-06-24 21:00:00,27679.1575
2050-06-24 22:00:00,25163.405
2050-06-24 23:00:00,23092.2225
2050-06-25 00:00:00,21947.78
2050-06-25 01:00:00,19862.2825
2050-06-25 02:00:00,19049.465
2050-06-25 03:00:00,18490.185
2050-06-25 04:00:00,20884.455
2050-06-25 05:00:00,25550.5875
2050-06-25 06:00:00,31501.0425
2050-06-25 07:00:00,34309.1
2050-06-25 08:00:00,34608.755
2050-06-25 09:00:00,35406.035
2050-06-25 10:00:00,39205.45
2050-06-25 11:00:00,43937.765
2050-06-25 12:00:00,46316.095
2050-06-25 13:00:00,46915.9775
2050-06-25 14:00:00,45106.585
2050-06-25 15:00:00,41825.7725
2050-06-25 16:00:00,35741.845
2050-06-25 17:00:00,32605.355
2050-06-25 18:00:00,28873.345
2050-06-25 19:00:00,25266.36
2050-06-25 20:00:00,23804.6975
2050-06-25 21:00:00,23169.515
2050-06-25 22:00:00,23928.9425
2050-06-25 23:00:00,24432.0225
2050-06-26 00:00:00,24791.1175
2050-06-26 01:00:00,24314.3075
2050-06-26 02:00:00,23597.8975
2050-06-26 03:00:00,24193.05
2050-06-26 04:00:00,26007.01
2050-06-26 05:00:00,28080.5225
2050-06-26 06:00:00,29714.0625
2050-06-26 07:00:00,30455.375
2050-06-26 08:00:00,31674.235
2050-06-26 09:00:00,32873.2875
2050-06-26 10:00:00,38610.8875
2050-06-26 11:00:00,45098.0525
2050-06-26 12:00:00,47450.8825
2050-06-26 13:00:00,47257.725
2050-06-26 14:00:00,49181.355
2050-06-26 15:00:00,46889.13
2050-06-26 16:00:00,42030.5125
2050-06-26 17:00:00,38749.5875
2050-06-26 18:00:00,37974.84
2050-06-26 19:00:00,33774.9975
2050-06-26 20:00:00,29254.9575
2050-06-26 21:00:00,25937.2625
2050-06-26 22:00:00,20996.46
2050-06-26 23:00:00,17940.7975
2050-06-27 00:00:00,16014.7525
2050-06-27 01:00:00,15109.455
2050-06-27 02:00:00,15679.075
2050-06-27 03:00:00,16962.1
2050-06-27 04:00:00,18671.4425
2050-06-27 05:00:00,20242.1075
2050-06-27 06:00:00,23879.0075
2050-06-27 07:00:00,29904.48
2050-06-27 08:00:00,35621.28
2050-06-27 09:00:00,41412.0575
2050-06-27 10:00:00,39981.775
2050-06-27 11:00:00,43701.9025
2050-06-27 12:00:00,46400.9225
2050-06-27 13:00:00,45267.7425
2050-06-27 14:00:00,45692.3275
2050-06-27 15:00:00,48922.81
2050-06-27 16:00:00,45711.08
2050-06-27 17:00:00,42148.705
2050-06-27 18:00:00,38290.9875
2050-06-27 19:00:00,34954.59
2050-06-27 20:00:00,33038.465
2050-06-27 21:00:00,31585.1
2050-06-27 22:00:00,29639.8775
2050-06-27 23:00:00,25661.435
2050-06-28 00:00:00,23011.485
2050-06-28 01:00:00,21441.2675
2050-06-28 02:00:00,20620.6
2050-06-28 03:00:00,20197.8
2050-06-28 04:00:00,22478.11
2050-06-28 05:00:00,28554.6475
2050-06-28 06:00:00,36780.8525
2050-06-28 07:00:00,44031.405
2050-06-28 08:00:00,47337.74
2050-06-28 09:00:00,46672.725
2050-06-28 10:00:00,45445.1925
2050-06-28 11:00:00,46274.195
2050-06-28 12:00:00,47653.2575
2050-06-28 13:00:00,46955.5175
2050-06-28 14:00:00,44832.8575
2050-06-28 15:00:00,43845.2175
2050-06-28 16:00:00,43157.4875
2050-06-28 17:00:00,40355.79
2050-06-28 18:00:00,38118.585
2050-06-28 19:00:00,32900.405
2050-06-28 20:00:00,30463.1275
2050-06-28 21:00:00,27924.7925
2050-06-28 22:00:00,25792.43
2050-06-28 23:00:00,24678.1375
2050-06-29 00:00:00,22538.415
2050-06-29 01:00:00,19214.8
2050-06-29 02:00:00,17192.31
2050-06-29 03:00:00,15850.7675
2050-06-29 04:00:00,16704.635
2050-06-29 05:00:00,19246
2050-06-29 06:00:00,25161.185
2050-06-29 07:00:00,33655.42
2050-06-29 08:00:00,36639.9575
2050-06-29 09:00:00,43213.145
2050-06-29 10:00:00,45588.81
2050-06-29 11:00:00,47429.34
2050-06-29 12:00:00,48020.92
2050-06-29 13:00:00,46766.3575
2050-06-29 14:00:00,44939.525
2050-06-29 15:00:00,43311.425
2050-06-29 16:00:00,37897.3225
2050-06-29 17:00:00,33988.54
2050-06-29 18:00:00,28910.355
2050-06-29 19:00:00,24075.9025
2050-06-29 20:00:00,21813.55
2050-06-29 21:00:00,21421.5325
2050-06-29 22:00:00,20780.0475
2050-06-29 23:00:00,20551.31
2050-06-30 00:00:00,20739.6575
2050-06-30 01:00:00,20593.0625
2050-06-30 02:00:00,20767.7025
2050-06-30 03:00:00,21474.525
2050-06-30 04:00:00,25342.17
2050-06-30 05:00:00,31158.4075
2050-06-30 06:00:00,39360.77
2050-06-30 07:00:00,43773.195
2050-06-30 08:00:00,45598.75
2050-06-30 09:00:00,51234.2575
2050-06-30 10:00:00,56618.095
2050-06-30 11:00:00,53892.1875
2050-06-30 12:00:00,57725.895
2050-06-30 13:00:00,55106.8625
2050-06-30 14:00:00,51806.785
2050-06-30 15:00:00,50919.39
2050-06-30 16:00:00,47555.8925
2050-06-30 17:00:00,40382.65
2050-06-30 18:00:00,33149.1275
2050-06-30 19:00:00,29290.7675
2050-06-30 20:00:00,27863.825
2050-06-30 21:00:00,26741.15
2050-06-30 22:00:00,26809.3325
2050-06-30 23:00:00,26610.7325
2050-07-01 00:00:00,26958.585
2050-07-01 01:00:00,26776.6975
2050-07-01 02:00:00,25846.7975
2050-07-01 03:00:00,24747.87
2050-07-01 04:00:00,26139.6175
2050-07-01 05:00:00,30713.625
2050-07-01 06:00:00,38009.2275
2050-07-01 07:00:00,44745.915
2050-07-01 08:00:00,46441.8325
2050-07-01 09:00:00,47123.6725
2050-07-01 10:00:00,50919.26
2050-07-01 11:00:00,53114.4
2050-07-01 12:00:00,52141.1225
2050-07-01 13:00:00,50372.19
2050-07-01 14:00:00,48543.115
2050-07-01 15:00:00,47177.0675
2050-07-01 16:00:00,41010.97
2050-07-01 17:00:00,33267.105
2050-07-01 18:00:00,28138.0125
2050-07-01 19:00:00,24201.925
2050-07-01 20:00:00,23356.605
2050-07-01 21:00:00,21681.2275
2050-07-01 22:00:00,20051.0275
2050-07-01 23:00:00,18635.41
2050-07-02 00:00:00,17717.4625
2050-07-02 01:00:00,17597.53
2050-07-02 02:00:00,18148.41
2050-07-02 03:00:00,18071.6625
2050-07-02 04:00:00,21592.2575
2050-07-02 05:00:00,26181.5725
2050-07-02 06:00:00,31994.62
2050-07-02 07:00:00,38163.22
2050-07-02 08:00:00,43041.8675
2050-07-02 09:00:00,46203.39
2050-07-02 10:00:00,52028.61
2050-07-02 11:00:00,55609.47
2050-07-02 12:00:00,54719.81
2050-07-02 13:00:00,53529.9475
2050-07-02 14:00:00,49583.9925
2050-07-02 15:00:00,47650.2
2050-07-02 16:00:00,39125.325
2050-07-02 17:00:00,34762.005
2050-07-02 18:00:00,33230.1975
2050-07-02 19:00:00,29845.7525
2050-07-02 20:00:00,28419.0475
2050-07-02 21:00:00,28078.96
2050-07-02 22:00:00,29591.335
2050-07-02 23:00:00,28876.495
2050-07-03 00:00:00,28584.345
2050-07-03 01:00:00,27342.595
2050-07-03 02:00:00,26477.3125
2050-07-03 03:00:00,25570.6175
2050-07-03 04:00:00,28643.6
2050-07-03 05:00:00,34271.525
2050-07-03 06:00:00,39973.99
2050-07-03 07:00:00,44700.1025
2050-07-03 08:00:00,48434.4975
2050-07-03 09:00:00,50827.7275
2050-07-03 10:00:00,53484.735
2050-07-03 11:00:00,55876.4925
2050-07-03 12:00:00,55398.2775
2050-07-03 13:00:00,55968.435
2050-07-03 14:00:00,51377.03
2050-07-03 15:00:00,44549.13
2050-07-03 16:00:00,41832.805
2050-07-03 17:00:00,36581.26
2050-07-03 18:00:00,29239.7825
2050-07-03 19:00:00,23086.43
2050-07-03 20:00:00,20819.995
2050-07-03 21:00:00,20333.13
2050-07-03 22:00:00,20326.2
2050-07-03 23:00:00,19811.88
2050-07-04 00:00:00,20135.39
2050-07-04 01:00:00,20404.7975
2050-07-04 02:00:00,20683.43
2050-07-04 03:00:00,22056.995
2050-07-04 04:00:00,25625.525
2050-07-04 05:00:00,31956.115
2050-07-04 06:00:00,39774.7675
2050-07-04 07:00:00,44190.6075
2050-07-04 08:00:00,49385.5225
2050-07-04 09:00:00,56199.15
2050-07-04 10:00:00,56472.9
2050-07-04 11:00:00,54985.1925
2050-07-04 12:00:00,53333.1725
2050-07-04 13:00:00,50296.88
2050-07-04 14:00:00,50767.365
2050-07-04 15:00:00,47640.645
2050-07-04 16:00:00,46887.375
2050-07-04 17:00:00,43947.315
2050-07-04 18:00:00,39252.4275
2050-07-04 19:00:00,33627.6
2050-07-04 20:00:00,31964.775
2050-07-04 21:00:00,31838.3775
2050-07-04 22:00:00,27961.9875
2050-07-04 23:00:00,25397.9125
2050-07-05 00:00:00,23557.96
2050-07-05 01:00:00,22078.805
2050-07-05 02:00:00,21457.525
2050-07-05 03:00:00,21288.325
2050-07-05 04:00:00,21456.7925
2050-07-05 05:00:00,26742.755
2050-07-05 06:00:00,30557.48
2050-07-05 07:00:00,32124.6275
2050-07-05 08:00:00,36138.165
2050-07-05 09:00:00,45699.1725
2050-07-05 10:00:00,49338.68
2050-07-05 11:00:00,45107.5025
2050-07-05 12:00:00,44298.715
2050-07-05 13:00:00,47459.4325
2050-07-05 14:00:00,42341.345
2050-07-05 15:00:00,42398.7
2050-07-05 16:00:00,38630.8725
2050-07-05 17:00:00,35654.17
2050-07-05 18:00:00,35577.0075
2050-07-05 19:00:00,33508.8625
2050-07-05 20:00:00,33050.805
2050-07-05 21:00:00,32632.11
2050-07-05 22:00:00,32392.115
2050-07-05 23:00:00,30842.9575
2050-07-06 00:00:00,29566.145
2050-07-06 01:00:00,28188.2
2050-07-06 02:00:00,25512.97
2050-07-06 03:00:00,22331.98
2050-07-06 04:00:00,19231.585
2050-07-06 05:00:00,19608.08
2050-07-06 06:00:00,22340.495
2050-07-06 07:00:00,25481.8175
2050-07-06 08:00:00,27296.525
2050-07-06 09:00:00,27775.96
2050-07-06 10:00:00,27777.245
2050-07-06 11:00:00,23653.3425
2050-07-06 12:00:00,24064.6575
2050-07-06 13:00:00,24942.405
2050-07-06 14:00:00,27065.2275
2050-07-06 15:00:00,31138.4175
2050-07-06 16:00:00,30475.1375
2050-07-06 17:00:00,26849.67
2050-07-06 18:00:00,23872.92
2050-07-06 19:00:00,21894.2775
2050-07-06 20:00:00,21308.83
2050-07-06 21:00:00,21263.1975
2050-07-06 22:00:00,19405.195
2050-07-06 23:00:00,19746.5825
2050-07-07 00:00:00,19991.8725
2050-07-07 01:00:00,20977.3725
2050-07-07 02:00:00,22238.445
2050-07-07 03:00:00,24156.8925
2050-07-07 04:00:00,27260.3375
2050-07-07 05:00:00,32862.46
2050-07-07 06:00:00,37189.6675
2050-07-07 07:00:00,43831.155
2050-07-07 08:00:00,48306.1675
2050-07-07 09:00:00,48412.16
2050-07-07 10:00:00,49306.965
2050-07-07 11:00:00,55462.9875
2050-07-07 12:00:00,58405.1925
2050-07-07 13:00:00,59665.205
2050-07-07 14:00:00,56840.29
2050-07-07 15:00:00,53108.7825
2050-07-07 16:00:00,49844.39
2050-07-07 17:00:00,44770.425
2050-07-07 18:00:00,38460.275
2050-07-07 19:00:00,31542.135
2050-07-07 20:00:00,26137.275
2050-07-07 21:00:00,21825.1125
2050-07-07 22:00:00,21189.4675
2050-07-07 23:00:00,21565.225
2050-07-08 00:00:00,22556.815
2050-07-08 01:00:00,21671.565
2050-07-08 02:00:00,21501.9625
2050-07-08 03:00:00,21866.6175
2050-07-08 04:00:00,24849.885
2050-07-08 05:00:00,29439.685
2050-07-08 06:00:00,34291.3225
2050-07-08 07:00:00,40366.6225
2050-07-08 08:00:00,42838.36
2050-07-08 09:00:00,51367.615
2050-07-08 10:00:00,53718.2175
2050-07-08 11:00:00,55389.4425
2050-07-08 12:00:00,58504.47
2050-07-08 13:00:00,51301.48
2050-07-08 14:00:00,47919.785
2050-07-08 15:00:00,45964.1125
2050-07-08 16:00:00,42142.0875
2050-07-08 17:00:00,38039.025
2050-07-08 18:00:00,32084.165
2050-07-08 19:00:00,27160.6825
2050-07-08 20:00:00,24090.555
2050-07-08 21:00:00,22118.615
2050-07-08 22:00:00,21086.4525
2050-07-08 23:00:00,19805.1225
2050-07-09 00:00:00,19853.5375
2050-07-09 01:00:00,19549.5175
2050-07-09 02:00:00,19148.8675
2050-07-09 03:00:00,19088.9325
2050-07-09 04:00:00,21328.5875
2050-07-09 05:00:00,25519.6175
2050-07-09 06:00:00,29255.8025
2050-07-09 07:00:00,39091.06
2050-07-09 08:00:00,41791.9225
2050-07-09 09:00:00,42510.84
2050-07-09 10:00:00,48212.065
2050-07-09 11:00:00,50252.725
2050-07-09 12:00:00,55071.21
2050-07-09 13:00:00,53982.5575
2050-07-09 14:00:00,50052.6725
2050-07-09 15:00:00,46501.57
2050-07-09 16:00:00,41978.36
2050-07-09 17:00:00,35983.52
2050-07-09 18:00:00,28486.2075
2050-07-09 19:00:00,23348.775
2050-07-09 20:00:00,21136.935
2050-07-09 21:00:00,20216.36
2050-07-09 22:00:00,20725.485
2050-07-09 23:00:00,21170.865
2050-07-10 00:00:00,21056.6175
2050-07-10 01:00:00,21568.365
2050-07-10 02:00:00,21894.5425
2050-07-10 03:00:00,21800.7825
2050-07-10 04:00:00,23975.81
2050-07-10 05:00:00,27418.6375
2050-07-10 06:00:00,30677.895
2050-07-10 07:00:00,33183.3075
2050-07-10 08:00:00,32568.1575
2050-07-10 09:00:00,35725.86
2050-07-10 10:00:00,43245.83
2050-07-10 11:00:00,42051.0125
2050-07-10 12:00:00,42877.195
2050-07-10 13:00:00,46565.38
2050-07-10 14:00:00,46568.78
2050-07-10 15:00:00,46706.6475
2050-07-10 16:00:00,44256.7125
2050-07-10 17:00:00,38231.225
2050-07-10 18:00:00,31068.8225
2050-07-10 19:00:00,25922.165
2050-07-10 20:00:00,23172.4925
2050-07-10 21:00:00,22112.1225
2050-07-10 22:00:00,20161.3925
2050-07-10 23:00:00,20324.2475
2050-07-11 00:00:00,20019.8925
2050-07-11 01:00:00,20040.9525
2050-07-11 02:00:00,20239.8375
2050-07-11 03:00:00,20750.1375
2050-07-11 04:00:00,22801.3575
2050-07-11 05:00:00,25599.84
2050-07-11 06:00:00,28990.315
2050-07-11 07:00:00,33838.64
2050-07-11 08:00:00,35021.4375
2050-07-11 09:00:00,35855.9775
2050-07-11 10:00:00,37902.8525
2050-07-11 11:00:00,42000.965
2050-07-11 12:00:00,44625.805
2050-07-11 13:00:00,44608.59
2050-07-11 14:00:00,43893.245
2050-07-11 15:00:00,42176.0375
2050-07-11 16:00:00,39324.4125
2050-07-11 17:00:00,36699.3875
2050-07-11 18:00:00,31505.1425
2050-07-11 19:00:00,26216.31
2050-07-11 20:00:00,23701.64
2050-07-11 21:00:00,22698.03
2050-07-11 22:00:00,22666.48
2050-07-11 23:00:00,21950.235
2050-07-12 00:00:00,21500.67
2050-07-12 01:00:00,21764.8975
2050-07-12 02:00:00,21733.3325
2050-07-12 03:00:00,20377.8125
2050-07-12 04:00:00,18855.6825
2050-07-12 05:00:00,19908.8975
2050-07-12 06:00:00,23089.47
2050-07-12 07:00:00,30587.025
2050-07-12 08:00:00,40067.2125
2050-07-12 09:00:00,50715.765
2050-07-12 10:00:00,57559.435
2050-07-12 11:00:00,60194.57
2050-07-12 12:00:00,59033.8275
2050-07-12 13:00:00,58241.2525
2050-07-12 14:00:00,52571.2425
2050-07-12 15:00:00,47479.2125
2050-07-12 16:00:00,44347.7775
2050-07-12 17:00:00,38328.5675
2050-07-12 18:00:00,33697.455
2050-07-12 19:00:00,29095.03
2050-07-12 20:00:00,27320.175
2050-07-12 21:00:00,26808.62
2050-07-12 22:00:00,26173.205
2050-07-12 23:00:00,25427.775
2050-07-13 00:00:00,24473.3
2050-07-13 01:00:00,23829.2225
2050-07-13 02:00:00,23287.0925
2050-07-13 03:00:00,21748.23
2050-07-13 04:00:00,21897.3675
2050-07-13 05:00:00,22189.9925
2050-07-13 06:00:00,20535.715
2050-07-13 07:00:00,22882.675
2050-07-13 08:00:00,25293.6525
2050-07-13 09:00:00,31447.7075
2050-07-13 10:00:00,35120.57
2050-07-13 11:00:00,35199.4775
2050-07-13 12:00:00,40155.285
2050-07-13 13:00:00,40383.345
2050-07-13 14:00:00,37463.5175
2050-07-13 15:00:00,33477.28
2050-07-13 16:00:00,34217.8475
2050-07-13 17:00:00,33724.41
2050-07-13 18:00:00,29773.92
2050-07-13 19:00:00,26153.5875
2050-07-13 20:00:00,24525.96
2050-07-13 21:00:00,24301.14
2050-07-13 22:00:00,23783.57
2050-07-13 23:00:00,23460.76
2050-07-14 00:00:00,23189.645
2050-07-14 01:00:00,23093.2475
2050-07-14 02:00:00,23424.215
2050-07-14 03:00:00,24001.7575
2050-07-14 04:00:00,26291.68
2050-07-14 05:00:00,30654.4325
2050-07-14 06:00:00,35933.985
2050-07-14 07:00:00,39488.7225
2050-07-14 08:00:00,39528.51
2050-07-14 09:00:00,41796.24
2050-07-14 10:00:00,42402.415
2050-07-14 11:00:00,44925.2275
2050-07-14 12:00:00,43351.025
2050-07-14 13:00:00,47120.9775
2050-07-14 14:00:00,47729.83
2050-07-14 15:00:00,48597.4975
2050-07-14 16:00:00,50770.8975
2050-07-14 17:00:00,47883.6075
2050-07-14 18:00:00,45846.48
2050-07-14 19:00:00,42444.775
2050-07-14 20:00:00,39877.9175
2050-07-14 21:00:00,38922.2
2050-07-14 22:00:00,38073.19
2050-07-14 23:00:00,35203.095
2050-07-15 00:00:00,34558.2075
2050-07-15 01:00:00,33407.2025
2050-07-15 02:00:00,32320.6775
2050-07-15 03:00:00,29089.3925
2050-07-15 04:00:00,28615.28
2050-07-15 05:00:00,32407.86
2050-07-15 06:00:00,39624.725
2050-07-15 07:00:00,44536.2625
2050-07-15 08:00:00,47287.685
2050-07-15 09:00:00,52141.205
2050-07-15 10:00:00,53156.385
2050-07-15 11:00:00,52898.8
2050-07-15 12:00:00,59528.2675
2050-07-15 13:00:00,60003.845
2050-07-15 14:00:00,51741.3925
2050-07-15 15:00:00,47456.62
2050-07-15 16:00:00,48490.01
2050-07-15 17:00:00,49169.585
2050-07-15 18:00:00,43535.9375
2050-07-15 19:00:00,39797.14
2050-07-15 20:00:00,37514.9975
2050-07-15 21:00:00,35890.0075
2050-07-15 22:00:00,34804.9375
2050-07-15 23:00:00,29483.015
2050-07-16 00:00:00,26174.17
2050-07-16 01:00:00,23014.9025
2050-07-16 02:00:00,21761.0475
2050-07-16 03:00:00,23984.2975
2050-07-16 04:00:00,25327.825
2050-07-16 05:00:00,28975.2475
2050-07-16 06:00:00,33991.4275
2050-07-16 07:00:00,39277.6375
2050-07-16 08:00:00,39560.2075
2050-07-16 09:00:00,39224.045
2050-07-16 10:00:00,40173.34
2050-07-16 11:00:00,44410.9875
2050-07-16 12:00:00,46108.33
2050-07-16 13:00:00,44045.1375
2050-07-16 14:00:00,45511.015
2050-07-16 15:00:00,44735.815
2050-07-16 16:00:00,45019.26
2050-07-16 17:00:00,41733.4075
2050-07-16 18:00:00,35080.7875
2050-07-16 19:00:00,29525.49
2050-07-16 20:00:00,26803.7125
2050-07-16 21:00:00,26432.59
2050-07-16 22:00:00,25616.325
2050-07-16 23:00:00,24090.73
2050-07-17 00:00:00,22025.8075
2050-07-17 01:00:00,21686.2975
2050-07-17 02:00:00,21687.93
2050-07-17 03:00:00,22230.07
2050-07-17 04:00:00,24739.0625
2050-07-17 05:00:00,30039.53
2050-07-17 06:00:00,36128.3475
2050-07-17 07:00:00,37759.6575
2050-07-17 08:00:00,40078.0275
2050-07-17 09:00:00,45133.3925
2050-07-17 10:00:00,47018.7425
2050-07-17 11:00:00,52053.2425
2050-07-17 12:00:00,48706.6625
2050-07-17 13:00:00,47116.8975
2050-07-17 14:00:00,45755.085
2050-07-17 15:00:00,43002.59
2050-07-17 16:00:00,41867.9975
2050-07-17 17:00:00,38423.8625
2050-07-17 18:00:00,32357.9225
2050-07-17 19:00:00,28082.6475
2050-07-17 20:00:00,27259.2475
2050-07-17 21:00:00,27149.3025
2050-07-17 22:00:00,26684.91
2050-07-17 23:00:00,25855.0575
2050-07-18 00:00:00,25788.12
2050-07-18 01:00:00,25491.0975
2050-07-18 02:00:00,25758.9175
2050-07-18 03:00:00,26073.085
2050-07-18 04:00:00,27637.19
2050-07-18 05:00:00,31636.545
2050-07-18 06:00:00,36597.805
2050-07-18 07:00:00,38760.485
2050-07-18 08:00:00,36683.77
2050-07-18 09:00:00,40639.075
2050-07-18 10:00:00,45703.785
2050-07-18 11:00:00,48287.3875
2050-07-18 12:00:00,45843.99
2050-07-18 13:00:00,41023.1525
2050-07-18 14:00:00,42410.7725
2050-07-18 15:00:00,41897.8225
2050-07-18 16:00:00,42174.6075
2050-07-18 17:00:00,38348.5
2050-07-18 18:00:00,33023.385
2050-07-18 19:00:00,29992.7475
2050-07-18 20:00:00,29786.4775
2050-07-18 21:00:00,30858.85
2050-07-18 22:00:00,31929.265
2050-07-18 23:00:00,31216.185
2050-07-19 00:00:00,31274.03
2050-07-19 01:00:00,31105.03
2050-07-19 02:00:00,31014.775
2050-07-19 03:00:00,30640.2775
2050-07-19 04:00:00,29734.3375
2050-07-19 05:00:00,29864.5875
2050-07-19 06:00:00,29746.54
2050-07-19 07:00:00,34917.475
2050-07-19 08:00:00,40830.425
2050-07-19 09:00:00,49994.2775
2050-07-19 10:00:00,51314.7825
2050-07-19 11:00:00,53280.1125
2050-07-19 12:00:00,53280.41
2050-07-19 13:00:00,53169.5225
2050-07-19 14:00:00,43028.0325
2050-07-19 15:00:00,39158.2075
2050-07-19 16:00:00,39876.1525
2050-07-19 17:00:00,37497.1075
2050-07-19 18:00:00,33234.6025
2050-07-19 19:00:00,32094.285
2050-07-19 20:00:00,29818.1875
2050-07-19 21:00:00,27272.985
2050-07-19 22:00:00,27437.6725
2050-07-19 23:00:00,27006.5225
2050-07-20 00:00:00,26097.3575
2050-07-20 01:00:00,25530.82
2050-07-20 02:00:00,25312.165
2050-07-20 03:00:00,24762.21
2050-07-20 04:00:00,24324.23
2050-07-20 05:00:00,21770.2775
2050-07-20 06:00:00,19267.7875
2050-07-20 07:00:00,21466.5225
2050-07-20 08:00:00,31748.7225
2050-07-20 09:00:00,39723.395
2050-07-20 10:00:00,41419.6425
2050-07-20 11:00:00,42287.3625
2050-07-20 12:00:00,36095.385
2050-07-20 13:00:00,34814.61
2050-07-20 14:00:00,30889.9525
2050-07-20 15:00:00,30379.0075
2050-07-20 16:00:00,36765.8125
2050-07-20 17:00:00,31759.88
2050-07-20 18:00:00,28946.5625
2050-07-20 19:00:00,26368.6275
2050-07-20 20:00:00,25801.375
2050-07-20 21:00:00,25362.35
2050-07-20 22:00:00,24462.3075
2050-07-20 23:00:00,20960.915
2050-07-21 00:00:00,20696.255
2050-07-21 01:00:00,21554.8675
2050-07-21 02:00:00,23145.4475
2050-07-21 03:00:00,23945.02
2050-07-21 04:00:00,25337.8075
2050-07-21 05:00:00,31087.9725
2050-07-21 06:00:00,38877.805
2050-07-21 07:00:00,47981.43
2050-07-21 08:00:00,52310.88
2050-07-21 09:00:00,52992.165
2050-07-21 10:00:00,52285.07
2050-07-21 11:00:00,52347.6325
2050-07-21 12:00:00,50091.0775
2050-07-21 13:00:00,47140.855
2050-07-21 14:00:00,50162.3
2050-07-21 15:00:00,42291.85
2050-07-21 16:00:00,44854.105
2050-07-21 17:00:00,39444.0475
2050-07-21 18:00:00,33286.19
2050-07-21 19:00:00,31207.7125
2050-07-21 20:00:00,30218.29
2050-07-21 21:00:00,29624.6125
2050-07-21 22:00:00,28205.935
2050-07-21 23:00:00,27001.3375
2050-07-22 00:00:00,26587.3175
2050-07-22 01:00:00,26923.0925
2050-07-22 02:00:00,27283.645
2050-07-22 03:00:00,29113.6275
2050-07-22 04:00:00,29792.26
2050-07-22 05:00:00,32788.545
2050-07-22 06:00:00,36195.2075
2050-07-22 07:00:00,40213.8125
2050-07-22 08:00:00,41734.605
2050-07-22 09:00:00,45096.5225
2050-07-22 10:00:00,49118.645
2050-07-22 11:00:00,50802.2825
2050-07-22 12:00:00,44502.755
2050-07-22 13:00:00,47318.6025
2050-07-22 14:00:00,47721.4675
2050-07-22 15:00:00,48909.045
2050-07-22 16:00:00,48971.005
2050-07-22 17:00:00,47972.5925
2050-07-22 18:00:00,42712.825
2050-07-22 19:00:00,37274.075
2050-07-22 20:00:00,34426.8225
2050-07-22 21:00:00,29219.33
2050-07-22 22:00:00,21295.335
2050-07-22 23:00:00,18876.2025
2050-07-23 00:00:00,17927.5075
2050-07-23 01:00:00,17388.19
2050-07-23 02:00:00,17881.9125
2050-07-23 03:00:00,18191.7725
2050-07-23 04:00:00,18888.7025
2050-07-23 05:00:00,21648.8975
2050-07-23 06:00:00,26753.3175
2050-07-23 07:00:00,31464.37
2050-07-23 08:00:00,33479.0075
2050-07-23 09:00:00,37663.0625
2050-07-23 10:00:00,40420.4225
2050-07-23 11:00:00,43854.5525
2050-07-23 12:00:00,46194.31
2050-07-23 13:00:00,45539.71
2050-07-23 14:00:00,43765.9825
2050-07-23 15:00:00,41727.59
2050-07-23 16:00:00,43432.8575
2050-07-23 17:00:00,43074.4275
2050-07-23 18:00:00,36530.9925
2050-07-23 19:00:00,31727.79
2050-07-23 20:00:00,31106.3425
2050-07-23 21:00:00,30385.49
2050-07-23 22:00:00,29325.4175
2050-07-23 23:00:00,28289.8725
2050-07-24 00:00:00,27799.685
2050-07-24 01:00:00,27682.27
2050-07-24 02:00:00,26705.205
2050-07-24 03:00:00,26133.6875
2050-07-24 04:00:00,28184.58
2050-07-24 05:00:00,32180.6075
2050-07-24 06:00:00,37751.67
2050-07-24 07:00:00,42988.9925
2050-07-24 08:00:00,42491.3675
2050-07-24 09:00:00,44046.81
2050-07-24 10:00:00,50080.9675
2050-07-24 11:00:00,54131.3425
2050-07-24 12:00:00,52890.6025
2050-07-24 13:00:00,53372.7975
2050-07-24 14:00:00,47867.7475
2050-07-24 15:00:00,49022.9525
2050-07-24 16:00:00,47692.4175
2050-07-24 17:00:00,39754.2425
2050-07-24 18:00:00,34966.7375
2050-07-24 19:00:00,30606.21
2050-07-24 20:00:00,29588.5025
2050-07-24 21:00:00,29162.495
2050-07-24 22:00:00,28836.5925
2050-07-24 23:00:00,29516.4225
2050-07-25 00:00:00,29296.085
2050-07-25 01:00:00,29102.0525
2050-07-25 02:00:00,30068.2975
2050-07-25 03:00:00,30712.6325
2050-07-25 04:00:00,31541.65
2050-07-25 05:00:00,33447.0625
2050-07-25 06:00:00,36129.195
2050-07-25 07:00:00,37903.7025
2050-07-25 08:00:00,36078.1475
2050-07-25 09:00:00,33471.845
2050-07-25 10:00:00,33290.395
2050-07-25 11:00:00,34729.3825
2050-07-25 12:00:00,38524.995
2050-07-25 13:00:00,38855.2325
2050-07-25 14:00:00,39666.425
2050-07-25 15:00:00,38971.5875
2050-07-25 16:00:00,38766.3575
2050-07-25 17:00:00,39380.99
2050-07-25 18:00:00,33409.24
2050-07-25 19:00:00,29374.11
2050-07-25 20:00:00,28460.53
2050-07-25 21:00:00,28064.2
2050-07-25 22:00:00,27039.2925
2050-07-25 23:00:00,26435.5575
2050-07-26 00:00:00,26774.08
2050-07-26 01:00:00,27029.5525
2050-07-26 02:00:00,26139.375
2050-07-26 03:00:00,25534.89
2050-07-26 04:00:00,24093.485
2050-07-26 05:00:00,25912.74
2050-07-26 06:00:00,27079.5075
2050-07-26 07:00:00,33082.76
2050-07-26 08:00:00,40401.0625
2050-07-26 09:00:00,46191.42
2050-07-26 10:00:00,46332.0175
2050-07-26 11:00:00,47950.4375
2050-07-26 12:00:00,41170.9775
2050-07-26 13:00:00,38566.68
2050-07-26 14:00:00,31292.1
2050-07-26 15:00:00,30165.1625
2050-07-26 16:00:00,32706.605
2050-07-26 17:00:00,36634.9325
2050-07-26 18:00:00,33588.69
2050-07-26 19:00:00,29916.12
2050-07-26 20:00:00,28659.555
2050-07-26 21:00:00,28460.03
2050-07-26 22:00:00,28525.8025
2050-07-26 23:00:00,28328.8675
2050-07-27 00:00:00,26752.1725
2050-07-27 01:00:00,25049.19
2050-07-27 02:00:00,23877.765
2050-07-27 03:00:00,23055.8625
2050-07-27 04:00:00,21470.4925
2050-07-27 05:00:00,22483.545
2050-07-27 06:00:00,25967.75
2050-07-27 07:00:00,26888.485
2050-07-27 08:00:00,29860.21
2050-07-27 09:00:00,34651.815
2050-07-27 10:00:00,36177.6975
2050-07-27 11:00:00,37694.1075
2050-07-27 12:00:00,37544.5975
2050-07-27 13:00:00,36463.635
2050-07-27 14:00:00,38098.38
2050-07-27 15:00:00,35559.37
2050-07-27 16:00:00,42193.2575
2050-07-27 17:00:00,41416.07
2050-07-27 18:00:00,36064.84
2050-07-27 19:00:00,31964.1025
2050-07-27 20:00:00,29150.515
2050-07-27 21:00:00,29191.6875
2050-07-27 22:00:00,29151.7875
2050-07-27 23:00:00,28961.3475
2050-07-28 00:00:00,29542.0725
2050-07-28 01:00:00,28445.55
2050-07-28 02:00:00,28751.725
2050-07-28 03:00:00,29514.6925
2050-07-28 04:00:00,30397.005
2050-07-28 05:00:00,33186.7775
2050-07-28 06:00:00,36839.1675
2050-07-28 07:00:00,42520.1875
2050-07-28 08:00:00,44884.1875
2050-07-28 09:00:00,46060.255
2050-07-28 10:00:00,48395.525
2050-07-28 11:00:00,51013.505
2050-07-28 12:00:00,52247.79
2050-07-28 13:00:00,52021.26
2050-07-28 14:00:00,51573.0725
2050-07-28 15:00:00,45518.0925
2050-07-28 16:00:00,47139.3675
2050-07-28 17:00:00,45330.25
2050-07-28 18:00:00,38707.27
2050-07-28 19:00:00,31614.1825
2050-07-28 20:00:00,28347.445
2050-07-28 21:00:00,27730.115
2050-07-28 22:00:00,21784.0525
2050-07-28 23:00:00,18996.29
2050-07-29 00:00:00,18172.1625
2050-07-29 01:00:00,17859.3975
2050-07-29 02:00:00,18618.045
2050-07-29 03:00:00,18906.24
2050-07-29 04:00:00,19857.4925
2050-07-29 05:00:00,23014.4625
2050-07-29 06:00:00,28066.62
2050-07-29 07:00:00,34310.5625
2050-07-29 08:00:00,38122.4575
2050-07-29 09:00:00,42982.885
2050-07-29 10:00:00,46244.7875
2050-07-29 11:00:00,48963.72
2050-07-29 12:00:00,49379.89
2050-07-29 13:00:00,47089.465
2050-07-29 14:00:00,40283.75
2050-07-29 15:00:00,38346.57
2050-07-29 16:00:00,38803.645
2050-07-29 17:00:00,36844.57
2050-07-29 18:00:00,31483.45
2050-07-29 19:00:00,27258.1575
2050-07-29 20:00:00,25434.7825
2050-07-29 21:00:00,25052.5825
2050-07-29 22:00:00,22683.7975
2050-07-29 23:00:00,20370.1225
2050-07-30 00:00:00,19552.685
2050-07-30 01:00:00,20037.6
2050-07-30 02:00:00,20587.9475
2050-07-30 03:00:00,21238.45
2050-07-30 04:00:00,22376.59
2050-07-30 05:00:00,25950.51
2050-07-30 06:00:00,31559.5525
2050-07-30 07:00:00,34894.73
2050-07-30 08:00:00,38092.2075
2050-07-30 09:00:00,47056.83
2050-07-30 10:00:00,51605.135
2050-07-30 11:00:00,54165.24
2050-07-30 12:00:00,56081.37
2050-07-30 13:00:00,55687.3
2050-07-30 14:00:00,49141.165
2050-07-30 15:00:00,46363.45
2050-07-30 16:00:00,42018.74
2050-07-30 17:00:00,39677.48
2050-07-30 18:00:00,34253.5025
2050-07-30 19:00:00,31596.025
2050-07-30 20:00:00,30392.0525
2050-07-30 21:00:00,28773.9275
2050-07-30 22:00:00,24702.245
2050-07-30 23:00:00,23807.29
2050-07-31 00:00:00,22250.8225
2050-07-31 01:00:00,22132.475
2050-07-31 02:00:00,20921.5125
2050-07-31 03:00:00,20319.74
2050-07-31 04:00:00,20983.415
2050-07-31 05:00:00,22944.815
2050-07-31 06:00:00,27859.4425
2050-07-31 07:00:00,30114.31
2050-07-31 08:00:00,33339.2025
2050-07-31 09:00:00,37340.37
2050-07-31 10:00:00,45175.94
2050-07-31 11:00:00,43178.49
2050-07-31 12:00:00,41761.0825
2050-07-31 13:00:00,36678.8875
2050-07-31 14:00:00,31082.84
2050-07-31 15:00:00,31876.4825
2050-07-31 16:00:00,35198.3925
2050-07-31 17:00:00,34365.545
2050-07-31 18:00:00,30764.2875
2050-07-31 19:00:00,26700.68
2050-07-31 20:00:00,24394.0475
2050-07-31 21:00:00,22799.1125
2050-07-31 22:00:00,21841.5125
2050-07-31 23:00:00,21422.425
2050-08-01 00:00:00,21478.33
2050-08-01 01:00:00,21744.7625
2050-08-01 02:00:00,22283.12
2050-08-01 03:00:00,22635.3075
2050-08-01 04:00:00,24396.2475
2050-08-01 05:00:00,28008.715
2050-08-01 06:00:00,33597.84
2050-08-01 07:00:00,36044.08
2050-08-01 08:00:00,38913.15
2050-08-01 09:00:00,44180.22
2050-08-01 10:00:00,49258.3325
2050-08-01 11:00:00,50765.7025
2050-08-01 12:00:00,50609.6175
2050-08-01 13:00:00,53662.935
2050-08-01 14:00:00,52097.5025
2050-08-01 15:00:00,52518.0025
2050-08-01 16:00:00,48161.9475
2050-08-01 17:00:00,44681.9425
2050-08-01 18:00:00,38913.8825
2050-08-01 19:00:00,33472.4625
2050-08-01 20:00:00,31111.8475
2050-08-01 21:00:00,30357.305
2050-08-01 22:00:00,28890.3125
2050-08-01 23:00:00,25714.38
2050-08-02 00:00:00,23687.185
2050-08-02 01:00:00,23976.505
2050-08-02 02:00:00,24329.5425
2050-08-02 03:00:00,25233.515
2050-08-02 04:00:00,24623.94
2050-08-02 05:00:00,26965.02
2050-08-02 06:00:00,30479.66
2050-08-02 07:00:00,32097.93
2050-08-02 08:00:00,37284.92
2050-08-02 09:00:00,40306.1925
2050-08-02 10:00:00,45717.6775
2050-08-02 11:00:00,51116.65
2050-08-02 12:00:00,49091.3425
2050-08-02 13:00:00,44421.8325
2050-08-02 14:00:00,44475.17
2050-08-02 15:00:00,38341.12
2050-08-02 16:00:00,33916.5425
2050-08-02 17:00:00,31886.0325
2050-08-02 18:00:00,26187.1575
2050-08-02 19:00:00,20797.4275
2050-08-02 20:00:00,18516.845
2050-08-02 21:00:00,17925.3525
2050-08-02 22:00:00,14746.4725
2050-08-02 23:00:00,14579.7025
2050-08-03 00:00:00,15083.48
2050-08-03 01:00:00,16529.635
2050-08-03 02:00:00,17510.82
2050-08-03 03:00:00,17806.8225
2050-08-03 04:00:00,16465.9075
2050-08-03 05:00:00,17478.8
2050-08-03 06:00:00,22963.3425
2050-08-03 07:00:00,31779.495
2050-08-03 08:00:00,43227.495
2050-08-03 09:00:00,50817.5275
2050-08-03 10:00:00,55357.8675
2050-08-03 11:00:00,57488.9825
2050-08-03 12:00:00,57749.8775
2050-08-03 13:00:00,54038.535
2050-08-03 14:00:00,49543.715
2050-08-03 15:00:00,47655.8775
2050-08-03 16:00:00,40744.8375
2050-08-03 17:00:00,30939.85
2050-08-03 18:00:00,25945.35
2050-08-03 19:00:00,22309.6825
2050-08-03 20:00:00,19584.3425
2050-08-03 21:00:00,17618.14
2050-08-03 22:00:00,16460.8175
2050-08-03 23:00:00,14881.255
2050-08-04 00:00:00,13130.635
2050-08-04 01:00:00,11599.4975
2050-08-04 02:00:00,10394.295
2050-08-04 03:00:00,10660.575
2050-08-04 04:00:00,12312.3325
2050-08-04 05:00:00,15670.0725
2050-08-04 06:00:00,21913.76
2050-08-04 07:00:00,27913.2925
2050-08-04 08:00:00,34185.32
2050-08-04 09:00:00,40913.845
2050-08-04 10:00:00,46101.965
2050-08-04 11:00:00,52395.65
2050-08-04 12:00:00,51311.0675
2050-08-04 13:00:00,47628.3975
2050-08-04 14:00:00,42900.3825
2050-08-04 15:00:00,42701.755
2050-08-04 16:00:00,38184.38
2050-08-04 17:00:00,34187.3475
2050-08-04 18:00:00,31783.5525
2050-08-04 19:00:00,30775.5125
2050-08-04 20:00:00,29587.83
2050-08-04 21:00:00,25527.285
2050-08-04 22:00:00,19719.545
2050-08-04 23:00:00,18633.925
2050-08-05 00:00:00,17500.02
2050-08-05 01:00:00,17464.8
2050-08-05 02:00:00,17630.865
2050-08-05 03:00:00,17834.445
2050-08-05 04:00:00,18768.2075
2050-08-05 05:00:00,21744.735
2050-08-05 06:00:00,31272.28
2050-08-05 07:00:00,44821.245
2050-08-05 08:00:00,53916.625
2050-08-05 09:00:00,56094.1375
2050-08-05 10:00:00,58399.35
2050-08-05 11:00:00,58966.525
2050-08-05 12:00:00,56418.475
2050-08-05 13:00:00,51964.535
2050-08-05 14:00:00,51523.1775
2050-08-05 15:00:00,49489.87
2050-08-05 16:00:00,42988.2575
2050-08-05 17:00:00,34906.685
2050-08-05 18:00:00,26974.465
2050-08-05 19:00:00,22091.19
2050-08-05 20:00:00,20094.8025
2050-08-05 21:00:00,19827.6475
2050-08-05 22:00:00,18278.2775
2050-08-05 23:00:00,16454.72
2050-08-06 00:00:00,15903.755
2050-08-06 01:00:00,15460.86
2050-08-06 02:00:00,15248.835
2050-08-06 03:00:00,16000.175
2050-08-06 04:00:00,16011.86
2050-08-06 05:00:00,19586.22
2050-08-06 06:00:00,25884.9425
2050-08-06 07:00:00,33705.75
2050-08-06 08:00:00,40174.2025
2050-08-06 09:00:00,42808.83
2050-08-06 10:00:00,42542.3525
2050-08-06 11:00:00,46469.0825
2050-08-06 12:00:00,47651.4125
2050-08-06 13:00:00,47636.11
2050-08-06 14:00:00,49472.3775
2050-08-06 15:00:00,44753.1
2050-08-06 16:00:00,40223.785
2050-08-06 17:00:00,35490.5925
2050-08-06 18:00:00,30195.6825
2050-08-06 19:00:00,28489.8775
2050-08-06 20:00:00,28155.2575
2050-08-06 21:00:00,27916.8925
2050-08-06 22:00:00,26526.1675
2050-08-06 23:00:00,24260.9
2050-08-07 00:00:00,23539.9575
2050-08-07 01:00:00,23035.715
2050-08-07 02:00:00,22321.58
2050-08-07 03:00:00,22273.8575
2050-08-07 04:00:00,24395.9375
2050-08-07 05:00:00,27872.1475
2050-08-07 06:00:00,31155.0375
2050-08-07 07:00:00,32006.4125
2050-08-07 08:00:00,39851.725
2050-08-07 09:00:00,46404.6475
2050-08-07 10:00:00,50745.1975
2050-08-07 11:00:00,53669.7025
2050-08-07 12:00:00,49710.145
2050-08-07 13:00:00,47268.0425
2050-08-07 14:00:00,45347.685
2050-08-07 15:00:00,43256.845
2050-08-07 16:00:00,44307.9325
2050-08-07 17:00:00,42703.2825
2050-08-07 18:00:00,39952.14
2050-08-07 19:00:00,36868.7275
2050-08-07 20:00:00,34973.795
2050-08-07 21:00:00,32627.6975
2050-08-07 22:00:00,29083.11
2050-08-07 23:00:00,26322.6475
2050-08-08 00:00:00,25912.7575
2050-08-08 01:00:00,25458.4675
2050-08-08 02:00:00,25484.15
2050-08-08 03:00:00,25381.575
2050-08-08 04:00:00,25577.5625
2050-08-08 05:00:00,25978.8175
2050-08-08 06:00:00,30232.1975
2050-08-08 07:00:00,33141.755
2050-08-08 08:00:00,32670.445
2050-08-08 09:00:00,35025.3975
2050-08-08 10:00:00,38536.905
2050-08-08 11:00:00,41819.46
2050-08-08 12:00:00,40467.4975
2050-08-08 13:00:00,36136.1875
2050-08-08 14:00:00,35572.4125
2050-08-08 15:00:00,34634.0875
2050-08-08 16:00:00,37811.5425
2050-08-08 17:00:00,37754.4275
2050-08-08 18:00:00,33042.1575
2050-08-08 19:00:00,29462.705
2050-08-08 20:00:00,28950.4025
2050-08-08 21:00:00,28658.95
2050-08-08 22:00:00,27879.5075
2050-08-08 23:00:00,27051
2050-08-09 00:00:00,23747.98
2050-08-09 01:00:00,22617.0325
2050-08-09 02:00:00,22383.6625
2050-08-09 03:00:00,22028.255
2050-08-09 04:00:00,21711.4625
2050-08-09 05:00:00,21525.1475
2050-08-09 06:00:00,19233.26
2050-08-09 07:00:00,25723.2825
2050-08-09 08:00:00,36991.4525
2050-08-09 09:00:00,45152.765
2050-08-09 10:00:00,51328.0275
2050-08-09 11:00:00,53724.5975
2050-08-09 12:00:00,56376.7525
2050-08-09 13:00:00,52135.8875
2050-08-09 14:00:00,48353.9525
2050-08-09 15:00:00,45423.155
2050-08-09 16:00:00,40067.845
2050-08-09 17:00:00,35953.715
2050-08-09 18:00:00,28719.245
2050-08-09 19:00:00,23318.77
2050-08-09 20:00:00,22702.7575
2050-08-09 21:00:00,21484.5475
2050-08-09 22:00:00,20203.69
2050-08-09 23:00:00,17273.755
2050-08-10 00:00:00,15218.4925
2050-08-10 01:00:00,15027.06
2050-08-10 02:00:00,14782.8625
2050-08-10 03:00:00,14266.2075
2050-08-10 04:00:00,14182.2775
2050-08-10 05:00:00,14066.5975
2050-08-10 06:00:00,19207.0225
2050-08-10 07:00:00,26416.11
2050-08-10 08:00:00,34516.7875
2050-08-10 09:00:00,40475.625
2050-08-10 10:00:00,45542.355
2050-08-10 11:00:00,45181.0025
2050-08-10 12:00:00,45786.4125
2050-08-10 13:00:00,44121.535
2050-08-10 14:00:00,41594.7425
2050-08-10 15:00:00,38900.845
2050-08-10 16:00:00,36794.8075
2050-08-10 17:00:00,34412.8125
2050-08-10 18:00:00,29673.7325
2050-08-10 19:00:00,26572.1825
2050-08-10 20:00:00,26219.5
2050-08-10 21:00:00,25949.8275
2050-08-10 22:00:00,26459.8425
2050-08-10 23:00:00,26159.285
2050-08-11 00:00:00,26134.5625
2050-08-11 01:00:00,25944.9225
2050-08-11 02:00:00,26099.3275
2050-08-11 03:00:00,26009.88
2050-08-11 04:00:00,27703.22
2050-08-11 05:00:00,31369.495
2050-08-11 06:00:00,36852.1625
2050-08-11 07:00:00,35999.9775
2050-08-11 08:00:00,38388.445
2050-08-11 09:00:00,43845.4525
2050-08-11 10:00:00,49067.1025
2050-08-11 11:00:00,51108.835
2050-08-11 12:00:00,50478.3675
2050-08-11 13:00:00,49114.995
2050-08-11 14:00:00,47467.7875
2050-08-11 15:00:00,47455.3225
2050-08-11 16:00:00,47733.4725
2050-08-11 17:00:00,42082.995
2050-08-11 18:00:00,36354.525
2050-08-11 19:00:00,34336.0925
2050-08-11 20:00:00,33285.4525
2050-08-11 21:00:00,32531.3475
2050-08-11 22:00:00,30920.84
2050-08-11 23:00:00,30113.2325
2050-08-12 00:00:00,30460.59
2050-08-12 01:00:00,29832.415
2050-08-12 02:00:00,29174.3075
2050-08-12 03:00:00,28897.6
2050-08-12 04:00:00,28734.3925
2050-08-12 05:00:00,31097.6175
2050-08-12 06:00:00,35212.03
2050-08-12 07:00:00,33636.36
2050-08-12 08:00:00,34717.88
2050-08-12 09:00:00,37673.18
2050-08-12 10:00:00,42488.4975
2050-08-12 11:00:00,48501.1
2050-08-12 12:00:00,51413.18
2050-08-12 13:00:00,51016.56
2050-08-12 14:00:00,49397.925
2050-08-12 15:00:00,49518.6675
2050-08-12 16:00:00,48392.9625
2050-08-12 17:00:00,40645.9275
2050-08-12 18:00:00,33924.85
2050-08-12 19:00:00,32346.1925
2050-08-12 20:00:00,32957.065
2050-08-12 21:00:00,31686.3
2050-08-12 22:00:00,29654.515
2050-08-12 23:00:00,28980.915
2050-08-13 00:00:00,28534.3
2050-08-13 01:00:00,28192.975
2050-08-13 02:00:00,27765.4025
2050-08-13 03:00:00,28450.32
2050-08-13 04:00:00,29122.945
2050-08-13 05:00:00,32938.5525
2050-08-13 06:00:00,38853.475
2050-08-13 07:00:00,42705.6925
2050-08-13 08:00:00,42218.2925
2050-08-13 09:00:00,44317.44
2050-08-13 10:00:00,48009.465
2050-08-13 11:00:00,48706.9575
2050-08-13 12:00:00,48292.63
2050-08-13 13:00:00,46423.745
2050-08-13 14:00:00,44210.6325
2050-08-13 15:00:00,44623.5775
2050-08-13 16:00:00,41370.1125
2050-08-13 17:00:00,35661.405
2050-08-13 18:00:00,31542.1625
2050-08-13 19:00:00,29980.315
2050-08-13 20:00:00,29656.495
2050-08-13 21:00:00,29501.2925
2050-08-13 22:00:00,29486.6
2050-08-13 23:00:00,29818.8625
2050-08-14 00:00:00,30246.48
2050-08-14 01:00:00,30526.27
2050-08-14 02:00:00,30202.4925
2050-08-14 03:00:00,31118.0075
2050-08-14 04:00:00,30869.895
2050-08-14 05:00:00,32199.8225
2050-08-14 06:00:00,35519.2525
2050-08-14 07:00:00,35497.7325
2050-08-14 08:00:00,37475.615
2050-08-14 09:00:00,44392.38
2050-08-14 10:00:00,49003.24
2050-08-14 11:00:00,50696.3525
2050-08-14 12:00:00,51657.075
2050-08-14 13:00:00,52161.12
2050-08-14 14:00:00,52677.985
2050-08-14 15:00:00,53718.525
2050-08-14 16:00:00,52288.5325
2050-08-14 17:00:00,45127.57
2050-08-14 18:00:00,37802.56
2050-08-14 19:00:00,33238.5925
2050-08-14 20:00:00,31822.6125
2050-08-14 21:00:00,31331.9175
2050-08-14 22:00:00,30233.8425
2050-08-14 23:00:00,31128.84
2050-08-15 00:00:00,30833.825
2050-08-15 01:00:00,30362.475
2050-08-15 02:00:00,30025.895
2050-08-15 03:00:00,29948.005
2050-08-15 04:00:00,30376.135
2050-08-15 05:00:00,32899.43
2050-08-15 06:00:00,38591.76
2050-08-15 07:00:00,37824.76
2050-08-15 08:00:00,38945.7575
2050-08-15 09:00:00,44766.8225
2050-08-15 10:00:00,48449.3075
2050-08-15 11:00:00,48569.87
2050-08-15 12:00:00,49622.6425
2050-08-15 13:00:00,49107.8825
2050-08-15 14:00:00,49096.5425
2050-08-15 15:00:00,46958.07
2050-08-15 16:00:00,51669.67
2050-08-15 17:00:00,44396.4475
2050-08-15 18:00:00,35621.1
2050-08-15 19:00:00,31662.545
2050-08-15 20:00:00,31459.38
2050-08-15 21:00:00,32062.5175
2050-08-15 22:00:00,31817.0175
2050-08-15 23:00:00,31765.175
2050-08-16 00:00:00,28737.82
2050-08-16 01:00:00,27971.3625
2050-08-16 02:00:00,28160.5175
2050-08-16 03:00:00,28562.56
2050-08-16 04:00:00,28288.0325
2050-08-16 05:00:00,27078.475
2050-08-16 06:00:00,25424.685
2050-08-16 07:00:00,24725.1125
2050-08-16 08:00:00,27245.385
2050-08-16 09:00:00,30687.29
2050-08-16 10:00:00,33879.1775
2050-08-16 11:00:00,39560.315
2050-08-16 12:00:00,41505.445
2050-08-16 13:00:00,41707.6825
2050-08-16 14:00:00,40475.65
2050-08-16 15:00:00,39928.75
2050-08-16 16:00:00,38206.5625
2050-08-16 17:00:00,37679.7375
2050-08-16 18:00:00,32000.4325
2050-08-16 19:00:00,28176.4725
2050-08-16 20:00:00,25722.215
2050-08-16 21:00:00,24110.9625
2050-08-16 22:00:00,23421.07
2050-08-16 23:00:00,22920.3075
2050-08-17 00:00:00,23204.5675
2050-08-17 01:00:00,22725.5825
2050-08-17 02:00:00,23041.74
2050-08-17 03:00:00,23102.875
2050-08-17 04:00:00,22119.955
2050-08-17 05:00:00,22098.515
2050-08-17 06:00:00,20788.6775
2050-08-17 07:00:00,23839.595
2050-08-17 08:00:00,28645.435
2050-08-17 09:00:00,28009.0325
2050-08-17 10:00:00,30708.04
2050-08-17 11:00:00,32318.4825
2050-08-17 12:00:00,29058.715
2050-08-17 13:00:00,26871.195
2050-08-17 14:00:00,25462.545
2050-08-17 15:00:00,27067.8575
2050-08-17 16:00:00,33948.37
2050-08-17 17:00:00,35522.835
2050-08-17 18:00:00,32269.0375
2050-08-17 19:00:00,30847.885
2050-08-17 20:00:00,30247.7925
2050-08-17 21:00:00,29878.8525
2050-08-17 22:00:00,29541.71
2050-08-17 23:00:00,28895.305
2050-08-18 00:00:00,28478.2425
2050-08-18 01:00:00,28044.9775
2050-08-18 02:00:00,27102.335
2050-08-18 03:00:00,27262.89
2050-08-18 04:00:00,27900.5275
2050-08-18 05:00:00,30045.1625
2050-08-18 06:00:00,35484.4775
2050-08-18 07:00:00,38533.9525
2050-08-18 08:00:00,37888.245
2050-08-18 09:00:00,41585.355
2050-08-18 10:00:00,43353.1125
2050-08-18 11:00:00,46206.4925
2050-08-18 12:00:00,44479.2975
2050-08-18 13:00:00,47909.84
2050-08-18 14:00:00,49600.5325
2050-08-18 15:00:00,52729.6625
2050-08-18 16:00:00,52539.835
2050-08-18 17:00:00,47053.39
2050-08-18 18:00:00,40246.965
2050-08-18 19:00:00,37542.6025
2050-08-18 20:00:00,36174.725
2050-08-18 21:00:00,35143.8125
2050-08-18 22:00:00,34262.485
2050-08-18 23:00:00,33333.68
2050-08-19 00:00:00,31876.99
2050-08-19 01:00:00,30685.305
2050-08-19 02:00:00,29960.32
2050-08-19 03:00:00,30134.345
2050-08-19 04:00:00,31422.5175
2050-08-19 05:00:00,35633.475
2050-08-19 06:00:00,42649.9725
2050-08-19 07:00:00,44706.3375
2050-08-19 08:00:00,45482.6
2050-08-19 09:00:00,51642.415
2050-08-19 10:00:00,55199.22
2050-08-19 11:00:00,55655.3625
2050-08-19 12:00:00,58547.035
2050-08-19 13:00:00,59661.425
2050-08-19 14:00:00,57955.5825
2050-08-19 15:00:00,58061.8675
2050-08-19 16:00:00,58161.7425
2050-08-19 17:00:00,52726.53
2050-08-19 18:00:00,45763.635
2050-08-19 19:00:00,40931.135
2050-08-19 20:00:00,40258.05
2050-08-19 21:00:00,39603.3525
2050-08-19 22:00:00,38115.7525
2050-08-19 23:00:00,36481.7225
2050-08-20 00:00:00,34311.06
2050-08-20 01:00:00,32876.1925
2050-08-20 02:00:00,32669.745
2050-08-20 03:00:00,32596.58
2050-08-20 04:00:00,33602.645
2050-08-20 05:00:00,35702.665
2050-08-20 06:00:00,40488.185
2050-08-20 07:00:00,40693.99
2050-08-20 08:00:00,41564.2075
2050-08-20 09:00:00,44588.335
2050-08-20 10:00:00,51925.285
2050-08-20 11:00:00,55760.515
2050-08-20 12:00:00,55809.34
2050-08-20 13:00:00,56283.75
2050-08-20 14:00:00,54844.5425
2050-08-20 15:00:00,55746.8025
2050-08-20 16:00:00,56096.8
2050-08-20 17:00:00,52806.7025
2050-08-20 18:00:00,46239.825
2050-08-20 19:00:00,42298.7525
2050-08-20 20:00:00,40249.8225
2050-08-20 21:00:00,39593.415
2050-08-20 22:00:00,38012.3975
2050-08-20 23:00:00,36432.0675
2050-08-21 00:00:00,35618.415
2050-08-21 01:00:00,35601.79
2050-08-21 02:00:00,35565.2825
2050-08-21 03:00:00,35117.4375
2050-08-21 04:00:00,36099.0725
2050-08-21 05:00:00,38559.0625
2050-08-21 06:00:00,45119.35
2050-08-21 07:00:00,47731.6575
2050-08-21 08:00:00,55262.925
2050-08-21 09:00:00,57621.095
2050-08-21 10:00:00,64057.4625
2050-08-21 11:00:00,64017.2275
2050-08-21 12:00:00,63658.3975
2050-08-21 13:00:00,59785.66
2050-08-21 14:00:00,56435.94
2050-08-21 15:00:00,55206.0875
2050-08-21 16:00:00,57088.205
2050-08-21 17:00:00,52096.525
2050-08-21 18:00:00,44954.1725
2050-08-21 19:00:00,40738.99
2050-08-21 20:00:00,38012.66
2050-08-21 21:00:00,36225.5325
2050-08-21 22:00:00,33945.9675
2050-08-21 23:00:00,32100.8825
2050-08-22 00:00:00,30928.02
2050-08-22 01:00:00,29999.3175
2050-08-22 02:00:00,29700.4125
2050-08-22 03:00:00,29209.65
2050-08-22 04:00:00,29816.155
2050-08-22 05:00:00,31437.035
2050-08-22 06:00:00,34975.95
2050-08-22 07:00:00,36049.3875
2050-08-22 08:00:00,36229.1575
2050-08-22 09:00:00,34534.85
2050-08-22 10:00:00,32847.52
2050-08-22 11:00:00,36415.935
2050-08-22 12:00:00,36366.95
2050-08-22 13:00:00,35332.5925
2050-08-22 14:00:00,34632.9625
2050-08-22 15:00:00,36676.8425
2050-08-22 16:00:00,38881.3025
2050-08-22 17:00:00,37121.045
2050-08-22 18:00:00,33700.6725
2050-08-22 19:00:00,31527.645
2050-08-22 20:00:00,31554.0675
2050-08-22 21:00:00,31975.7825
2050-08-22 22:00:00,29733.7225
2050-08-22 23:00:00,24455.965
2050-08-23 00:00:00,21536.53
2050-08-23 01:00:00,18811.64
2050-08-23 02:00:00,19438.7125
2050-08-23 03:00:00,19171.79
2050-08-23 04:00:00,19184.195
2050-08-23 05:00:00,19952.015
2050-08-23 06:00:00,22764.67
2050-08-23 07:00:00,27843.7725
2050-08-23 08:00:00,33611.4225
2050-08-23 09:00:00,38502.04
2050-08-23 10:00:00,42702.9075
2050-08-23 11:00:00,43567.255
2050-08-23 12:00:00,44940.69
2050-08-23 13:00:00,41758.3875
2050-08-23 14:00:00,40134.43
2050-08-23 15:00:00,35846
2050-08-23 16:00:00,37220.835
2050-08-23 17:00:00,34946.5425
2050-08-23 18:00:00,27625.945
2050-08-23 19:00:00,25033.795
2050-08-23 20:00:00,24327.2
2050-08-23 21:00:00,23722.1825
2050-08-23 22:00:00,23771.3375
2050-08-23 23:00:00,21744.2825
2050-08-24 00:00:00,19594.6575
2050-08-24 01:00:00,19504.715
2050-08-24 02:00:00,18398.455
2050-08-24 03:00:00,18201.8725
2050-08-24 04:00:00,17818.215
2050-08-24 05:00:00,17228.6175
2050-08-24 06:00:00,19532.8475
2050-08-24 07:00:00,25252.7775
2050-08-24 08:00:00,30461.16
2050-08-24 09:00:00,36280.945
2050-08-24 10:00:00,38146.2725
2050-08-24 11:00:00,39743.7675
2050-08-24 12:00:00,37461.805
2050-08-24 13:00:00,40759.54
2050-08-24 14:00:00,35977.0625
2050-08-24 15:00:00,36679.3725
2050-08-24 16:00:00,37707.36
2050-08-24 17:00:00,35370.325
2050-08-24 18:00:00,30081.945
2050-08-24 19:00:00,28460.39
2050-08-24 20:00:00,28133.2775
2050-08-24 21:00:00,27897.8675
2050-08-24 22:00:00,27549.445
2050-08-24 23:00:00,27676.2475
2050-08-25 00:00:00,27915.66
2050-08-25 01:00:00,28156.4225
2050-08-25 02:00:00,28395.26
2050-08-25 03:00:00,28722.54
2050-08-25 04:00:00,29260.215
2050-08-25 05:00:00,31684.49
2050-08-25 06:00:00,37617.0525
2050-08-25 07:00:00,35889.1625
2050-08-25 08:00:00,38217.3225
2050-08-25 09:00:00,42875.725
2050-08-25 10:00:00,46469.625
2050-08-25 11:00:00,47121.415
2050-08-25 12:00:00,46798.7075
2050-08-25 13:00:00,45715.3
2050-08-25 14:00:00,41668.35
2050-08-25 15:00:00,40225.5625
2050-08-25 16:00:00,43711.4375
2050-08-25 17:00:00,37854.185
2050-08-25 18:00:00,32861.5025
2050-08-25 19:00:00,31941.6575
2050-08-25 20:00:00,31869.205
2050-08-25 21:00:00,32175.295
2050-08-25 22:00:00,32338.92
2050-08-25 23:00:00,32399.1025
2050-08-26 00:00:00,32967.2
2050-08-26 01:00:00,33652.555
2050-08-26 02:00:00,34061.8075
2050-08-26 03:00:00,34787.7075
2050-08-26 04:00:00,34668.1825
2050-08-26 05:00:00,36351.5025
2050-08-26 06:00:00,42653.9025
2050-08-26 07:00:00,42792.71
2050-08-26 08:00:00,44160.205
2050-08-26 09:00:00,49755.655
2050-08-26 10:00:00,53708.7575
2050-08-26 11:00:00,53423.81
2050-08-26 12:00:00,47329.3825
2050-08-26 13:00:00,42225.3625
2050-08-26 14:00:00,43788.4725
2050-08-26 15:00:00,50687.285
2050-08-26 16:00:00,53173.985
2050-08-26 17:00:00,48214.5525
2050-08-26 18:00:00,44068.83
2050-08-26 19:00:00,41043.46
2050-08-26 20:00:00,39156.825
2050-08-26 21:00:00,37714.3125
2050-08-26 22:00:00,34747.6125
2050-08-26 23:00:00,34070.0175
2050-08-27 00:00:00,33366.14
2050-08-27 01:00:00,33158.49
2050-08-27 02:00:00,33642.34
2050-08-27 03:00:00,34758.9
2050-08-27 04:00:00,35547.2925
2050-08-27 05:00:00,36870.24
2050-08-27 06:00:00,42480.7
2050-08-27 07:00:00,49537.0475
2050-08-27 08:00:00,52087.3225
2050-08-27 09:00:00,49795.125
2050-08-27 10:00:00,51966.11
2050-08-27 11:00:00,55945.5025
2050-08-27 12:00:00,51200.2025
2050-08-27 13:00:00,44516.3875
2050-08-27 14:00:00,45847.0025
2050-08-27 15:00:00,48682.1175
2050-08-27 16:00:00,45273.8
2050-08-27 17:00:00,39415.035
2050-08-27 18:00:00,34836.7325
2050-08-27 19:00:00,33507.49
2050-08-27 20:00:00,33120.4775
2050-08-27 21:00:00,33037.3325
2050-08-27 22:00:00,31735.02
2050-08-27 23:00:00,32300.9575
2050-08-28 00:00:00,31642.2975
2050-08-28 01:00:00,31957.6
2050-08-28 02:00:00,32091.4025
2050-08-28 03:00:00,32290.4175
2050-08-28 04:00:00,32201.6525
2050-08-28 05:00:00,33545.72
2050-08-28 06:00:00,37153.9425
2050-08-28 07:00:00,40712.48
2050-08-28 08:00:00,44844.3875
2050-08-28 09:00:00,49205.92
2050-08-28 10:00:00,55419.1025
2050-08-28 11:00:00,56495.44
2050-08-28 12:00:00,52835.285
2050-08-28 13:00:00,49105.885
2050-08-28 14:00:00,54280.0425
2050-08-28 15:00:00,55081.94
2050-08-28 16:00:00,53274.155
2050-08-28 17:00:00,48300.5125
2050-08-28 18:00:00,42715.3725
2050-08-28 19:00:00,40376.1775
2050-08-28 20:00:00,41143.9325
2050-08-28 21:00:00,39355.5375
2050-08-28 22:00:00,32877.215
2050-08-28 23:00:00,28420.905
2050-08-29 00:00:00,27613.12
2050-08-29 01:00:00,27370.5725
2050-08-29 02:00:00,26544.12
2050-08-29 03:00:00,28343.23
2050-08-29 04:00:00,29617.79
2050-08-29 05:00:00,31601.145
2050-08-29 06:00:00,37663.135
2050-08-29 07:00:00,44054.845
2050-08-29 08:00:00,50065.285
2050-08-29 09:00:00,59108.5575
2050-08-29 10:00:00,60564.8975
2050-08-29 11:00:00,59186.245
2050-08-29 12:00:00,51834.3575
2050-08-29 13:00:00,47494.8725
2050-08-29 14:00:00,45349.44
2050-08-29 15:00:00,48296.0125
2050-08-29 16:00:00,46209.975
2050-08-29 17:00:00,42483.43
2050-08-29 18:00:00,38637.1275
2050-08-29 19:00:00,36173.41
2050-08-29 20:00:00,35774.12
2050-08-29 21:00:00,33670.995
2050-08-29 22:00:00,31993.45
2050-08-29 23:00:00,28403.575
2050-08-30 00:00:00,27693.735
2050-08-30 01:00:00,25882.465
2050-08-30 02:00:00,25111.0825
2050-08-30 03:00:00,23844.7375
2050-08-30 04:00:00,23361.6775
2050-08-30 05:00:00,24456.9675
2050-08-30 06:00:00,30467.875
2050-08-30 07:00:00,36785.63
2050-08-30 08:00:00,41335.83
2050-08-30 09:00:00,48253.1825
2050-08-30 10:00:00,47884.2325
2050-08-30 11:00:00,50065.9775
2050-08-30 12:00:00,49975.7525
2050-08-30 13:00:00,48514.5475
2050-08-30 14:00:00,48559.5875
2050-08-30 15:00:00,42847.2725
2050-08-30 16:00:00,41130.8825
2050-08-30 17:00:00,37055
2050-08-30 18:00:00,32793.9325
2050-08-30 19:00:00,32404.57
2050-08-30 20:00:00,33846.9675
2050-08-30 21:00:00,28691.34
2050-08-30 22:00:00,27420.705
2050-08-30 23:00:00,25695.2525
2050-08-31 00:00:00,26279.805
2050-08-31 01:00:00,26701.605
2050-08-31 02:00:00,26324.2175
2050-08-31 03:00:00,25680.0325
2050-08-31 04:00:00,24105.0425
2050-08-31 05:00:00,22781.1325
2050-08-31 06:00:00,22345.6675
2050-08-31 07:00:00,24653.4075
2050-08-31 08:00:00,29326.2775
2050-08-31 09:00:00,36638.97
2050-08-31 10:00:00,39128.04
2050-08-31 11:00:00,38504.5425
2050-08-31 12:00:00,37839.81
2050-08-31 13:00:00,33909.7675
2050-08-31 14:00:00,29445.86
2050-08-31 15:00:00,29325.0825
2050-08-31 16:00:00,32017.895
2050-08-31 17:00:00,29507.695
2050-08-31 18:00:00,26986.08
2050-08-31 19:00:00,26930.0175
2050-08-31 20:00:00,26278.15
2050-08-31 21:00:00,22994.525
2050-08-31 22:00:00,16344.6175
2050-08-31 23:00:00,14374.53
2050-09-01 00:00:00,14391.8175
2050-09-01 01:00:00,14486.7925
2050-09-01 02:00:00,15495.2525
2050-09-01 03:00:00,16550.3275
2050-09-01 04:00:00,20460.81
2050-09-01 05:00:00,21991.4925
2050-09-01 06:00:00,25490.3575
2050-09-01 07:00:00,29823.78
2050-09-01 08:00:00,31859.79
2050-09-01 09:00:00,39414.1925
2050-09-01 10:00:00,45857.255
2050-09-01 11:00:00,52629.9225
2050-09-01 12:00:00,58018.065
2050-09-01 13:00:00,58911.025
2050-09-01 14:00:00,53923.03
2050-09-01 15:00:00,52927.225
2050-09-01 16:00:00,48259.6325
2050-09-01 17:00:00,39723.775
2050-09-01 18:00:00,34240.5875
2050-09-01 19:00:00,32501.3375
2050-09-01 20:00:00,32650.4025
2050-09-01 21:00:00,30326.4975
2050-09-01 22:00:00,31200.4425
2050-09-01 23:00:00,28120.095
2050-09-02 00:00:00,28094.025
2050-09-02 01:00:00,28120.355
2050-09-02 02:00:00,27842.8
2050-09-02 03:00:00,30272.85
2050-09-02 04:00:00,33829.4575
2050-09-02 05:00:00,36162.765
2050-09-02 06:00:00,41283.7675
2050-09-02 07:00:00,44066.8175
2050-09-02 08:00:00,49270.9625
2050-09-02 09:00:00,54573.35
2050-09-02 10:00:00,55375.71
2050-09-02 11:00:00,63203.995
2050-09-02 12:00:00,57636.64
2050-09-02 13:00:00,56418.945
2050-09-02 14:00:00,51918.7275
2050-09-02 15:00:00,49389.2975
2050-09-02 16:00:00,47701.7525
2050-09-02 17:00:00,42155.7575
2050-09-02 18:00:00,37509.46
2050-09-02 19:00:00,37504.1375
2050-09-02 20:00:00,37059.92
2050-09-02 21:00:00,32895.0625
2050-09-02 22:00:00,28474.815
2050-09-02 23:00:00,27297.4425
2050-09-03 00:00:00,26763.055
2050-09-03 01:00:00,27460.4575
2050-09-03 02:00:00,27994.9325
2050-09-03 03:00:00,28329.2725
2050-09-03 04:00:00,30577.7375
2050-09-03 05:00:00,31969.77
2050-09-03 06:00:00,36530.16
2050-09-03 07:00:00,38884.9175
2050-09-03 08:00:00,40226.86
2050-09-03 09:00:00,41910.38
2050-09-03 10:00:00,41514.0825
2050-09-03 11:00:00,45614.545
2050-09-03 12:00:00,44874.6825
2050-09-03 13:00:00,43378.7375
2050-09-03 14:00:00,45010.7275
2050-09-03 15:00:00,43669.4775
2050-09-03 16:00:00,43147.3675
2050-09-03 17:00:00,38583.825
2050-09-03 18:00:00,34417.1825
2050-09-03 19:00:00,32278.53
2050-09-03 20:00:00,31046.24
2050-09-03 21:00:00,29369.705
2050-09-03 22:00:00,27732.2
2050-09-03 23:00:00,28388.6675
2050-09-04 00:00:00,27950.8025
2050-09-04 01:00:00,27451.375
2050-09-04 02:00:00,26825.3
2050-09-04 03:00:00,27395.2725
2050-09-04 04:00:00,29912.04
2050-09-04 05:00:00,31843.1775
2050-09-04 06:00:00,37494.2825
2050-09-04 07:00:00,43588.1675
2050-09-04 08:00:00,52624.5525
2050-09-04 09:00:00,60224.475
2050-09-04 10:00:00,60907.6025
2050-09-04 11:00:00,62300.6525
2050-09-04 12:00:00,59996.325
2050-09-04 13:00:00,53207.8675
2050-09-04 14:00:00,52353.1375
2050-09-04 15:00:00,54259.5125
2050-09-04 16:00:00,49653.9
2050-09-04 17:00:00,43961.535
2050-09-04 18:00:00,41580.005
2050-09-04 19:00:00,41192.4775
2050-09-04 20:00:00,38807.8875
2050-09-04 21:00:00,37579.7525
2050-09-04 22:00:00,35967.1575
2050-09-04 23:00:00,34773.3525
2050-09-05 00:00:00,32286.8225
2050-09-05 01:00:00,30009.13
2050-09-05 02:00:00,29131.2475
2050-09-05 03:00:00,29157.4025
2050-09-05 04:00:00,29789.525
2050-09-05 05:00:00,31169.2525
2050-09-05 06:00:00,37660.1025
2050-09-05 07:00:00,46092.7525
2050-09-05 08:00:00,47011.52
2050-09-05 09:00:00,48950.1975
2050-09-05 10:00:00,48472.7925
2050-09-05 11:00:00,49092.255
2050-09-05 12:00:00,52203.0075
2050-09-05 13:00:00,47882.265
2050-09-05 14:00:00,45751.69
2050-09-05 15:00:00,42515.515
2050-09-05 16:00:00,43101.1425
2050-09-05 17:00:00,35189.4
2050-09-05 18:00:00,28420.085
2050-09-05 19:00:00,27164.835
2050-09-05 20:00:00,26538.15
2050-09-05 21:00:00,26443.7675
2050-09-05 22:00:00,24457
2050-09-05 23:00:00,22674.9575
2050-09-06 00:00:00,21498.3425
2050-09-06 01:00:00,21458.0175
2050-09-06 02:00:00,21543.2775
2050-09-06 03:00:00,20579.2275
2050-09-06 04:00:00,20355.07
2050-09-06 05:00:00,20767.6
2050-09-06 06:00:00,23945.9025
2050-09-06 07:00:00,27998.67
2050-09-06 08:00:00,36313.4675
2050-09-06 09:00:00,40070.18
2050-09-06 10:00:00,44697.815
2050-09-06 11:00:00,44137.8825
2050-09-06 12:00:00,41275.6775
2050-09-06 13:00:00,37131.875
2050-09-06 14:00:00,32509.5525
2050-09-06 15:00:00,29468.745
2050-09-06 16:00:00,33899.6225
2050-09-06 17:00:00,30921.3875
2050-09-06 18:00:00,28723.82
2050-09-06 19:00:00,27356.6875
2050-09-06 20:00:00,23457.5575
2050-09-06 21:00:00,20564.5325
2050-09-06 22:00:00,17420.7525
2050-09-06 23:00:00,17547.6925
2050-09-07 00:00:00,17060.78
2050-09-07 01:00:00,16740.3275
2050-09-07 02:00:00,17031.46
2050-09-07 03:00:00,17513.2325
2050-09-07 04:00:00,17831.3525
2050-09-07 05:00:00,18784.72
2050-09-07 06:00:00,25652.4375
2050-09-07 07:00:00,35797.27
2050-09-07 08:00:00,43769.745
2050-09-07 09:00:00,52915.94
2050-09-07 10:00:00,58712.13
2050-09-07 11:00:00,60961.6625
2050-09-07 12:00:00,60128.1875
2050-09-07 13:00:00,58067.7125
2050-09-07 14:00:00,53518.1925
2050-09-07 15:00:00,49244.2075
2050-09-07 16:00:00,39967.8125
2050-09-07 17:00:00,28409.065
2050-09-07 18:00:00,21259.3325
2050-09-07 19:00:00,20111.87
2050-09-07 20:00:00,19732.045
2050-09-07 21:00:00,17363.865
2050-09-07 22:00:00,15319.5275
2050-09-07 23:00:00,14318.0825
2050-09-08 00:00:00,14765.56
2050-09-08 01:00:00,14685.4175
2050-09-08 02:00:00,15656.0625
2050-09-08 03:00:00,17865.9275
2050-09-08 04:00:00,24321.8325
2050-09-08 05:00:00,26721.5375
2050-09-08 06:00:00,28681.24
2050-09-08 07:00:00,32105.6475
2050-09-08 08:00:00,31036.7075
2050-09-08 09:00:00,34532.25
2050-09-08 10:00:00,41427.3825
2050-09-08 11:00:00,47632.9975
2050-09-08 12:00:00,46255.1275
2050-09-08 13:00:00,47354.1475
2050-09-08 14:00:00,46380.5325
2050-09-08 15:00:00,41994.3625
2050-09-08 16:00:00,35460.905
2050-09-08 17:00:00,27852.7675
2050-09-08 18:00:00,25197.425
2050-09-08 19:00:00,25070.565
2050-09-08 20:00:00,24512.52
2050-09-08 21:00:00,24287.4975
2050-09-08 22:00:00,23248.805
2050-09-08 23:00:00,23153.5775
2050-09-09 00:00:00,23319.2525
2050-09-09 01:00:00,23211.765
2050-09-09 02:00:00,23321.465
2050-09-09 03:00:00,23562.1725
2050-09-09 04:00:00,24295.5275
2050-09-09 05:00:00,24048.975
2050-09-09 06:00:00,24927.185
2050-09-09 07:00:00,26054.0625
2050-09-09 08:00:00,26520.8475
2050-09-09 09:00:00,27431.7925
2050-09-09 10:00:00,28312.805
2050-09-09 11:00:00,29621.7575
2050-09-09 12:00:00,32304.67
2050-09-09 13:00:00,37670.0425
2050-09-09 14:00:00,39585.0975
2050-09-09 15:00:00,38849.0675
2050-09-09 16:00:00,35177.52
2050-09-09 17:00:00,29607.7
2050-09-09 18:00:00,26501.4275
2050-09-09 19:00:00,26998.74
2050-09-09 20:00:00,27597.905
2050-09-09 21:00:00,26918.435
2050-09-09 22:00:00,25892.0125
2050-09-09 23:00:00,24891.09
2050-09-10 00:00:00,24691.85
2050-09-10 01:00:00,24898.765
2050-09-10 02:00:00,24923.195
2050-09-10 03:00:00,26316.4775
2050-09-10 04:00:00,27369.915
2050-09-10 05:00:00,28069.155
2050-09-10 06:00:00,32851.3875
2050-09-10 07:00:00,38734.6275
2050-09-10 08:00:00,42344.4025
2050-09-10 09:00:00,44536.5325
2050-09-10 10:00:00,51566.4025
2050-09-10 11:00:00,56720.9075
2050-09-10 12:00:00,57557.4275
2050-09-10 13:00:00,54896.905
2050-09-10 14:00:00,49090.865
2050-09-10 15:00:00,42812.36
2050-09-10 16:00:00,38043.73
2050-09-10 17:00:00,33346.72
2050-09-10 18:00:00,31700.2525
2050-09-10 19:00:00,32057.1775
2050-09-10 20:00:00,30193.7425
2050-09-10 21:00:00,26686.1125
2050-09-10 22:00:00,24452.67
2050-09-10 23:00:00,23354.545
2050-09-11 00:00:00,23129.79
2050-09-11 01:00:00,24538.0425
2050-09-11 02:00:00,25498.2025
2050-09-11 03:00:00,26440.9125
2050-09-11 04:00:00,29104.4975
2050-09-11 05:00:00,27992.8575
2050-09-11 06:00:00,30148.19
2050-09-11 07:00:00,36437.9725
2050-09-11 08:00:00,42865.935
2050-09-11 09:00:00,52704.5175
2050-09-11 10:00:00,48342.1075
2050-09-11 11:00:00,45539.8125
2050-09-11 12:00:00,48022.5275
2050-09-11 13:00:00,43647.3775
2050-09-11 14:00:00,42897.8275
2050-09-11 15:00:00,41500.3125
2050-09-11 16:00:00,41699.865
2050-09-11 17:00:00,36184.615
2050-09-11 18:00:00,31099.935
2050-09-11 19:00:00,29481.945
2050-09-11 20:00:00,26287.61
2050-09-11 21:00:00,25706.775
2050-09-11 22:00:00,26567.1175
2050-09-11 23:00:00,24949.26
2050-09-12 00:00:00,25327.2875
2050-09-12 01:00:00,26020.23
2050-09-12 02:00:00,25640.44
2050-09-12 03:00:00,27015.3525
2050-09-12 04:00:00,27047.605
2050-09-12 05:00:00,27836.5925
2050-09-12 06:00:00,34585.155
2050-09-12 07:00:00,45167.2375
2050-09-12 08:00:00,52226.49
2050-09-12 09:00:00,56274.3925
2050-09-12 10:00:00,53217.4925
2050-09-12 11:00:00,49161.61
2050-09-12 12:00:00,53040.495
2050-09-12 13:00:00,54662.6325
2050-09-12 14:00:00,53702.4
2050-09-12 15:00:00,47306.66
2050-09-12 16:00:00,41042.1125
2050-09-12 17:00:00,38521.68
2050-09-12 18:00:00,34463.6475
2050-09-12 19:00:00,32593.45
2050-09-12 20:00:00,32567.655
2050-09-12 21:00:00,26726.62
2050-09-12 22:00:00,24143.6875
2050-09-12 23:00:00,24888.885
2050-09-13 00:00:00,24860.6525
2050-09-13 01:00:00,23288.17
2050-09-13 02:00:00,22861.9425
2050-09-13 03:00:00,23165.6375
2050-09-13 04:00:00,23539.92
2050-09-13 05:00:00,24666.425
2050-09-13 06:00:00,27900.46
2050-09-13 07:00:00,36311.5875
2050-09-13 08:00:00,46420.7
2050-09-13 09:00:00,49975.8825
2050-09-13 10:00:00,52427.57
2050-09-13 11:00:00,53317.26
2050-09-13 12:00:00,49111.3175
2050-09-13 13:00:00,45093.47
2050-09-13 14:00:00,41756.5275
2050-09-13 15:00:00,34840.97
2050-09-13 16:00:00,33138.205
2050-09-13 17:00:00,31089.48
2050-09-13 18:00:00,27347.63
2050-09-13 19:00:00,25647.4925
2050-09-13 20:00:00,22774.2825
2050-09-13 21:00:00,21862.3425
2050-09-13 22:00:00,20068.27
2050-09-13 23:00:00,19876.95
2050-09-14 00:00:00,20767
2050-09-14 01:00:00,19963.9325
2050-09-14 02:00:00,19760.6775
2050-09-14 03:00:00,18307.5725
2050-09-14 04:00:00,17004.025
2050-09-14 05:00:00,16747.595
2050-09-14 06:00:00,22774.0925
2050-09-14 07:00:00,32887.6375
2050-09-14 08:00:00,42012.395
2050-09-14 09:00:00,50947.36
2050-09-14 10:00:00,56306.98
2050-09-14 11:00:00,52838.995
2050-09-14 12:00:00,50438.06
2050-09-14 13:00:00,44485.0875
2050-09-14 14:00:00,39741.8375
2050-09-14 15:00:00,34544.5725
2050-09-14 16:00:00,29991.86
2050-09-14 17:00:00,28365.51
2050-09-14 18:00:00,29632.7025
2050-09-14 19:00:00,30559.43
2050-09-14 20:00:00,26934.105
2050-09-14 21:00:00,26745.7425
2050-09-14 22:00:00,25704.5275
2050-09-14 23:00:00,26105.2675
2050-09-15 00:00:00,26249.135
2050-09-15 01:00:00,27088.925
2050-09-15 02:00:00,27776.325
2050-09-15 03:00:00,27510.4175
2050-09-15 04:00:00,29557.8175
2050-09-15 05:00:00,30242.1175
2050-09-15 06:00:00,35472.5825
2050-09-15 07:00:00,44045.6225
2050-09-15 08:00:00,48506.735
2050-09-15 09:00:00,48705.1475
2050-09-15 10:00:00,50886.01
2050-09-15 11:00:00,52574.91
2050-09-15 12:00:00,51890.805
2050-09-15 13:00:00,52389.36
2050-09-15 14:00:00,46991.35
2050-09-15 15:00:00,45232.485
2050-09-15 16:00:00,40299.1975
2050-09-15 17:00:00,33899.5875
2050-09-15 18:00:00,32259.7225
2050-09-15 19:00:00,31712.6
2050-09-15 20:00:00,31430.625
2050-09-15 21:00:00,31231.0475
2050-09-15 22:00:00,30403.0325
2050-09-15 23:00:00,29058.8325
2050-09-16 00:00:00,28626.8475
2050-09-16 01:00:00,29409.8275
2050-09-16 02:00:00,29353.4125
2050-09-16 03:00:00,30762.7225
2050-09-16 04:00:00,30732.4775
2050-09-16 05:00:00,30358.7675
2050-09-16 06:00:00,32897.5375
2050-09-16 07:00:00,39168.34
2050-09-16 08:00:00,45061.5425
2050-09-16 09:00:00,51366.2575
2050-09-16 10:00:00,48072.2525
2050-09-16 11:00:00,49574.3125
2050-09-16 12:00:00,44615.705
2050-09-16 13:00:00,42347.3625
2050-09-16 14:00:00,41797.505
2050-09-16 15:00:00,40547.0125
2050-09-16 16:00:00,36504.4975
2050-09-16 17:00:00,31457.4475
2050-09-16 18:00:00,28643.1025
2050-09-16 19:00:00,27792.5975
2050-09-16 20:00:00,25500.035
2050-09-16 21:00:00,22233.89
2050-09-16 22:00:00,20749.195
2050-09-16 23:00:00,19452.5575
2050-09-17 00:00:00,18208.535
2050-09-17 01:00:00,17138.61
2050-09-17 02:00:00,16964.415
2050-09-17 03:00:00,19755.455
2050-09-17 04:00:00,23991.475
2050-09-17 05:00:00,26421.5125
2050-09-17 06:00:00,28707.3775
2050-09-17 07:00:00,30482.6675
2050-09-17 08:00:00,29461.9225
2050-09-17 09:00:00,32899.4625
2050-09-17 10:00:00,37478.7975
2050-09-17 11:00:00,39134.855
2050-09-17 12:00:00,39672.64
2050-09-17 13:00:00,38037.22
2050-09-17 14:00:00,37466.235
2050-09-17 15:00:00,41130.0675
2050-09-17 16:00:00,41427.6825
2050-09-17 17:00:00,40871.92
2050-09-17 18:00:00,39895.1975
2050-09-17 19:00:00,36954.525
2050-09-17 20:00:00,33252.78
2050-09-17 21:00:00,31015.1825
2050-09-17 22:00:00,29866.78
2050-09-17 23:00:00,29096.2775
2050-09-18 00:00:00,28527.77
2050-09-18 01:00:00,28299.5625
2050-09-18 02:00:00,27504.09
2050-09-18 03:00:00,27282.5525
2050-09-18 04:00:00,28944.6375
2050-09-18 05:00:00,30732.2275
2050-09-18 06:00:00,31269.6
2050-09-18 07:00:00,32766.7275
2050-09-18 08:00:00,34633.4025
2050-09-18 09:00:00,37433.17
2050-09-18 10:00:00,40198.3275
2050-09-18 11:00:00,39542.96
2050-09-18 12:00:00,39353.105
2050-09-18 13:00:00,40008.5975
2050-09-18 14:00:00,40492.36
2050-09-18 15:00:00,40561.8025
2050-09-18 16:00:00,44895.71
2050-09-18 17:00:00,44605.4125
2050-09-18 18:00:00,42319.9875
2050-09-18 19:00:00,39360.275
2050-09-18 20:00:00,35325.555
2050-09-18 21:00:00,30527.645
2050-09-18 22:00:00,27588.2225
2050-09-18 23:00:00,25194.3375
2050-09-19 00:00:00,24127.9525
2050-09-19 01:00:00,23000.725
2050-09-19 02:00:00,22429.2925
2050-09-19 03:00:00,23579.2775
2050-09-19 04:00:00,27368.0325
2050-09-19 05:00:00,28146.59
2050-09-19 06:00:00,30802.205
2050-09-19 07:00:00,34026.925
2050-09-19 08:00:00,37429.445
2050-09-19 09:00:00,45866.57
2050-09-19 10:00:00,51941.4025
2050-09-19 11:00:00,50588.2275
2050-09-19 12:00:00,49421.0075
2050-09-19 13:00:00,49439.935
2050-09-19 14:00:00,45509.97
2050-09-19 15:00:00,44286.3275
2050-09-19 16:00:00,36399.94
2050-09-19 17:00:00,27441.145
2050-09-19 18:00:00,26268.9825
2050-09-19 19:00:00,26376.4325
2050-09-19 20:00:00,23880.8775
2050-09-19 21:00:00,20389.9925
2050-09-19 22:00:00,18777.73
2050-09-19 23:00:00,16490.295
2050-09-20 00:00:00,15596.6925
2050-09-20 01:00:00,14048.6175
2050-09-20 02:00:00,14004.755
2050-09-20 03:00:00,14084.525
2050-09-20 04:00:00,14331.9025
2050-09-20 05:00:00,14257.8625
2050-09-20 06:00:00,15272.5575
2050-09-20 07:00:00,20004.6625
2050-09-20 08:00:00,30101.0425
2050-09-20 09:00:00,38095.27
2050-09-20 10:00:00,34603.3075
2050-09-20 11:00:00,27942.545
2050-09-20 12:00:00,22854.545
2050-09-20 13:00:00,23143.1875
2050-09-20 14:00:00,24206.7
2050-09-20 15:00:00,29584.9875
2050-09-20 16:00:00,32266.975
2050-09-20 17:00:00,29701.235
2050-09-20 18:00:00,28540.2
2050-09-20 19:00:00,28208.775
2050-09-20 20:00:00,25116.42
2050-09-20 21:00:00,25076.21
2050-09-20 22:00:00,26825.1175
2050-09-20 23:00:00,27074.0525
2050-09-21 00:00:00,28933.8025
2050-09-21 01:00:00,29892.7275
2050-09-21 02:00:00,30936.2025
2050-09-21 03:00:00,30799.775
2050-09-21 04:00:00,30242.5575
2050-09-21 05:00:00,29801.13
2050-09-21 06:00:00,32423.355
2050-09-21 07:00:00,33995.545
2050-09-21 08:00:00,36212.57
2050-09-21 09:00:00,37276.62
2050-09-21 10:00:00,35892.1075
2050-09-21 11:00:00,35352.005
2050-09-21 12:00:00,35955.2575
2050-09-21 13:00:00,33432.8675
2050-09-21 14:00:00,35597.2275
2050-09-21 15:00:00,39048.62
2050-09-21 16:00:00,36157.295
2050-09-21 17:00:00,27785.9275
2050-09-21 18:00:00,25222.1175
2050-09-21 19:00:00,23801.9325
2050-09-21 20:00:00,23532.2075
2050-09-21 21:00:00,21603.155
2050-09-21 22:00:00,19399.3
2050-09-21 23:00:00,18653.3475
2050-09-22 00:00:00,18104.1475
2050-09-22 01:00:00,18082.405
2050-09-22 02:00:00,17979.7625
2050-09-22 03:00:00,21113.6975
2050-09-22 04:00:00,25826.435
2050-09-22 05:00:00,27632.58
2050-09-22 06:00:00,30024.855
2050-09-22 07:00:00,36937.3275
2050-09-22 08:00:00,45644.1725
2050-09-22 09:00:00,56275.3225
2050-09-22 10:00:00,55518.87
2050-09-22 11:00:00,60272.515
2050-09-22 12:00:00,60274.43
2050-09-22 13:00:00,57783.0775
2050-09-22 14:00:00,52849.24
2050-09-22 15:00:00,48445.6875
2050-09-22 16:00:00,45235.3025
2050-09-22 17:00:00,36062.83
2050-09-22 18:00:00,33391.995
2050-09-22 19:00:00,31438.9875
2050-09-22 20:00:00,28566.09
2050-09-22 21:00:00,27481.515
2050-09-22 22:00:00,26221.0725
2050-09-22 23:00:00,25105.945
2050-09-23 00:00:00,24464.6075
2050-09-23 01:00:00,24828.675
2050-09-23 02:00:00,24545.955
2050-09-23 03:00:00,25185.515
2050-09-23 04:00:00,27202.7725
2050-09-23 05:00:00,27718.04
2050-09-23 06:00:00,31082.95
2050-09-23 07:00:00,38168.3625
2050-09-23 08:00:00,44803.74
2050-09-23 09:00:00,49141.5975
2050-09-23 10:00:00,50337.57
2050-09-23 11:00:00,49340.9375
2050-09-23 12:00:00,45079.35
2050-09-23 13:00:00,48347.4625
2050-09-23 14:00:00,52019.125
2050-09-23 15:00:00,49319.685
2050-09-23 16:00:00,45904.1025
2050-09-23 17:00:00,39366.6075
2050-09-23 18:00:00,35998.995
2050-09-23 19:00:00,34694.33
2050-09-23 20:00:00,34008.28
2050-09-23 21:00:00,29117.7325
2050-09-23 22:00:00,25726.7325
2050-09-23 23:00:00,23276.2075
2050-09-24 00:00:00,22809.6725
2050-09-24 01:00:00,22858.2725
2050-09-24 02:00:00,23549.6175
2050-09-24 03:00:00,24002.24
2050-09-24 04:00:00,27984.4025
2050-09-24 05:00:00,30357.945
2050-09-24 06:00:00,36288.6575
2050-09-24 07:00:00,44240.14
2050-09-24 08:00:00,48584.145
2050-09-24 09:00:00,56355.9925
2050-09-24 10:00:00,60029.0525
2050-09-24 11:00:00,58049.5925
2050-09-24 12:00:00,60348.135
2050-09-24 13:00:00,61005.5125
2050-09-24 14:00:00,55242.0175
2050-09-24 15:00:00,50781.9
2050-09-24 16:00:00,46067.005
2050-09-24 17:00:00,36594.815
2050-09-24 18:00:00,27353.745
2050-09-24 19:00:00,25793.0175
2050-09-24 20:00:00,23463.0725
2050-09-24 21:00:00,24168.54
2050-09-24 22:00:00,25011.42
2050-09-24 23:00:00,24614.6175
2050-09-25 00:00:00,25414.26
2050-09-25 01:00:00,25057.9425
2050-09-25 02:00:00,25875.2425
2050-09-25 03:00:00,28535.2625
2050-09-25 04:00:00,33088.9425
2050-09-25 05:00:00,35985.425
2050-09-25 06:00:00,39073.315
2050-09-25 07:00:00,47246.845
2050-09-25 08:00:00,50546.835
2050-09-25 09:00:00,53586.405
2050-09-25 10:00:00,55933.295
2050-09-25 11:00:00,60900.05
2050-09-25 12:00:00,60784.6925
2050-09-25 13:00:00,55670.0875
2050-09-25 14:00:00,49853.025
2050-09-25 15:00:00,44784.67
2050-09-25 16:00:00,38559.24
2050-09-25 17:00:00,34838.8275
2050-09-25 18:00:00,26475.58
2050-09-25 19:00:00,25463.1975
2050-09-25 20:00:00,24812.225
2050-09-25 21:00:00,28165.4625
2050-09-25 22:00:00,25927.085
2050-09-25 23:00:00,24385.5825
2050-09-26 00:00:00,25210.46
2050-09-26 01:00:00,25911.715
2050-09-26 02:00:00,25698.9575
2050-09-26 03:00:00,27998.435
2050-09-26 04:00:00,30651.8875
2050-09-26 05:00:00,32706.2225
2050-09-26 06:00:00,34050.945
2050-09-26 07:00:00,37499.44
2050-09-26 08:00:00,40639.3
2050-09-26 09:00:00,42036.86
2050-09-26 10:00:00,45368.1375
2050-09-26 11:00:00,44682.705
2050-09-26 12:00:00,41165.975
2050-09-26 13:00:00,40186.1425
2050-09-26 14:00:00,41712.5625
2050-09-26 15:00:00,37529.41
2050-09-26 16:00:00,32485.3625
2050-09-26 17:00:00,29198.32
2050-09-26 18:00:00,28248.3025
2050-09-26 19:00:00,26896.14
2050-09-26 20:00:00,24831.0575
2050-09-26 21:00:00,22946.1875
2050-09-26 22:00:00,20035.3225
2050-09-26 23:00:00,19247.5075
2050-09-27 00:00:00,19215.94
2050-09-27 01:00:00,19202.5375
2050-09-27 02:00:00,19913.49
2050-09-27 03:00:00,20264.13
2050-09-27 04:00:00,21046.04
2050-09-27 05:00:00,21612.32
2050-09-27 06:00:00,22994.825
2050-09-27 07:00:00,26851.68
2050-09-27 08:00:00,29513.38
2050-09-27 09:00:00,32079.1575
2050-09-27 10:00:00,34710.54
2050-09-27 11:00:00,35596.9375
2050-09-27 12:00:00,32544.0825
2050-09-27 13:00:00,31002.7625
2050-09-27 14:00:00,31109.77
2050-09-27 15:00:00,33245.1625
2050-09-27 16:00:00,28872.215
2050-09-27 17:00:00,26275.995
2050-09-27 18:00:00,25833.3025
2050-09-27 19:00:00,25610.4475
2050-09-27 20:00:00,25709.185
2050-09-27 21:00:00,25644.445
2050-09-27 22:00:00,24947.03
2050-09-27 23:00:00,23856.75
2050-09-28 00:00:00,22157.9075
2050-09-28 01:00:00,21763.24
2050-09-28 02:00:00,21997.21
2050-09-28 03:00:00,22294.9375
2050-09-28 04:00:00,22604.6125
2050-09-28 05:00:00,22748.0025
2050-09-28 06:00:00,25087.5775
2050-09-28 07:00:00,30602.1675
2050-09-28 08:00:00,34607.3175
2050-09-28 09:00:00,39658.0825
2050-09-28 10:00:00,44723.4625
2050-09-28 11:00:00,45945.025
2050-09-28 12:00:00,41580.8725
2050-09-28 13:00:00,37905.17
2050-09-28 14:00:00,33133.9
2050-09-28 15:00:00,35683.8075
2050-09-28 16:00:00,30140.5625
2050-09-28 17:00:00,25984.4825
2050-09-28 18:00:00,25452.21
2050-09-28 19:00:00,25372.775
2050-09-28 20:00:00,25486.1175
2050-09-28 21:00:00,24884.57
2050-09-28 22:00:00,23415.9975
2050-09-28 23:00:00,23255.9275
2050-09-29 00:00:00,23289.4725
2050-09-29 01:00:00,23348.255
2050-09-29 02:00:00,23814.84
2050-09-29 03:00:00,24693.4975
2050-09-29 04:00:00,25902.9325
2050-09-29 05:00:00,27222.6175
2050-09-29 06:00:00,28561.27
2050-09-29 07:00:00,33533.3325
2050-09-29 08:00:00,38452.2925
2050-09-29 09:00:00,40750.765
2050-09-29 10:00:00,44834.23
2050-09-29 11:00:00,44197.985
2050-09-29 12:00:00,44816.35
2050-09-29 13:00:00,42013.555
2050-09-29 14:00:00,43100.125
2050-09-29 15:00:00,39112.6975
2050-09-29 16:00:00,32822.535
2050-09-29 17:00:00,29166.18
2050-09-29 18:00:00,29052.9725
2050-09-29 19:00:00,28830.7225
2050-09-29 20:00:00,28318.31
2050-09-29 21:00:00,27413.965
2050-09-29 22:00:00,25725.92
2050-09-29 23:00:00,26074.0325
2050-09-30 00:00:00,25915.7725
2050-09-30 01:00:00,25603.115
2050-09-30 02:00:00,25943.79
2050-09-30 03:00:00,25522.11
2050-09-30 04:00:00,27217.965
2050-09-30 05:00:00,27921.975
2050-09-30 06:00:00,29162.0275
2050-09-30 07:00:00,33419.8725
2050-09-30 08:00:00,38969.24
2050-09-30 09:00:00,40281.3175
2050-09-30 10:00:00,44419.1775
2050-09-30 11:00:00,47359.285
2050-09-30 12:00:00,46459.5025
2050-09-30 13:00:00,45216.1025
2050-09-30 14:00:00,45362.7075
2050-09-30 15:00:00,40757.41
2050-09-30 16:00:00,31401.77
2050-09-30 17:00:00,27218.4625
2050-09-30 18:00:00,26478.5875
2050-09-30 19:00:00,26035.205
2050-09-30 20:00:00,25500.255
2050-09-30 21:00:00,24979.4875
2050-09-30 22:00:00,25567.225
2050-09-30 23:00:00,25594.12
2050-10-01 00:00:00,25017.1
2050-10-01 01:00:00,24823.01
2050-10-01 02:00:00,25711.69
2050-10-01 03:00:00,26076.9875
2050-10-01 04:00:00,27232.5975
2050-10-01 05:00:00,28480.0625
2050-10-01 06:00:00,29940.5425
2050-10-01 07:00:00,36867.72
2050-10-01 08:00:00,44776.675
2050-10-01 09:00:00,46323.95
2050-10-01 10:00:00,51299.3675
2050-10-01 11:00:00,53820.3775
2050-10-01 12:00:00,51750.5575
2050-10-01 13:00:00,48215.3575
2050-10-01 14:00:00,46034.0925
2050-10-01 15:00:00,40216.61
2050-10-01 16:00:00,31720.6975
2050-10-01 17:00:00,28645.4425
2050-10-01 18:00:00,28482.955
2050-10-01 19:00:00,29070.535
2050-10-01 20:00:00,28930.31
2050-10-01 21:00:00,26286.1
2050-10-01 22:00:00,26049.025
2050-10-01 23:00:00,25828.9675
2050-10-02 00:00:00,24506.5575
2050-10-02 01:00:00,23256.115
2050-10-02 02:00:00,23080.8175
2050-10-02 03:00:00,25904.2025
2050-10-02 04:00:00,28846.3875
2050-10-02 05:00:00,29839.8575
2050-10-02 06:00:00,32534.2975
2050-10-02 07:00:00,38119.77
2050-10-02 08:00:00,35866.68
2050-10-02 09:00:00,34289.2025
2050-10-02 10:00:00,39500.1275
2050-10-02 11:00:00,44090.63
2050-10-02 12:00:00,46621.83
2050-10-02 13:00:00,44969.0275
2050-10-02 14:00:00,42290.825
2050-10-02 15:00:00,44558.385
2050-10-02 16:00:00,37078.6775
2050-10-02 17:00:00,34089.495
2050-10-02 18:00:00,33113.7675
2050-10-02 19:00:00,30131.2975
2050-10-02 20:00:00,22915.0025
2050-10-02 21:00:00,21474.1575
2050-10-02 22:00:00,21273.3975
2050-10-02 23:00:00,21229.1725
2050-10-03 00:00:00,20798.27
2050-10-03 01:00:00,20537.005
2050-10-03 02:00:00,20312.6725
2050-10-03 03:00:00,21626.8975
2050-10-03 04:00:00,24092.26
2050-10-03 05:00:00,26540.4675
2050-10-03 06:00:00,27676.2325
2050-10-03 07:00:00,29777.935
2050-10-03 08:00:00,33599.9025
2050-10-03 09:00:00,36001.235
2050-10-03 10:00:00,37392.25
2050-10-03 11:00:00,38854.34
2050-10-03 12:00:00,37687.18
2050-10-03 13:00:00,35904.35
2050-10-03 14:00:00,35763.8175
2050-10-03 15:00:00,35692.4375
2050-10-03 16:00:00,33825.5725
2050-10-03 17:00:00,32757.7775
2050-10-03 18:00:00,32196.4975
2050-10-03 19:00:00,32678.6375
2050-10-03 20:00:00,31727.6925
2050-10-03 21:00:00,31934.68
2050-10-03 22:00:00,30926.05
2050-10-03 23:00:00,31545.5625
2050-10-04 00:00:00,31098.265
2050-10-04 01:00:00,29269.36
2050-10-04 02:00:00,29016.3575
2050-10-04 03:00:00,29390.3725
2050-10-04 04:00:00,29933.4425
2050-10-04 05:00:00,30790.3525
2050-10-04 06:00:00,28198.6075
2050-10-04 07:00:00,28978.7175
2050-10-04 08:00:00,33783.9525
2050-10-04 09:00:00,40451.9975
2050-10-04 10:00:00,54067.7675
2050-10-04 11:00:00,58578.2225
2050-10-04 12:00:00,52780.605
2050-10-04 13:00:00,48188.8875
2050-10-04 14:00:00,42492.5
2050-10-04 15:00:00,36194.1075
2050-10-04 16:00:00,32997.8425
2050-10-04 17:00:00,33070.855
2050-10-04 18:00:00,31831.2
2050-10-04 19:00:00,31756.3875
2050-10-04 20:00:00,31366.135
2050-10-04 21:00:00,31268.73
2050-10-04 22:00:00,30102.4775
2050-10-04 23:00:00,28790.5275
2050-10-05 00:00:00,28125.7225
2050-10-05 01:00:00,27458.175
2050-10-05 02:00:00,27139.63
2050-10-05 03:00:00,27032.8075
2050-10-05 04:00:00,26406.055
2050-10-05 05:00:00,27498.87
2050-10-05 06:00:00,29438.7775
2050-10-05 07:00:00,33544.3125
2050-10-05 08:00:00,38768.115
2050-10-05 09:00:00,42254.615
2050-10-05 10:00:00,40566.3425
2050-10-05 11:00:00,41079.16
2050-10-05 12:00:00,41583.06
2050-10-05 13:00:00,41266.6675
2050-10-05 14:00:00,38679.685
2050-10-05 15:00:00,37534.8575
2050-10-05 16:00:00,33887.65
2050-10-05 17:00:00,29456.9725
2050-10-05 18:00:00,26950.1
2050-10-05 19:00:00,24401.0175
2050-10-05 20:00:00,23630.9
2050-10-05 21:00:00,21885.5525
2050-10-05 22:00:00,20910.145
2050-10-05 23:00:00,20336.2275
2050-10-06 00:00:00,19955.6875
2050-10-06 01:00:00,20145.7975
2050-10-06 02:00:00,20529.7525
2050-10-06 03:00:00,21469.72
2050-10-06 04:00:00,24911.7525
2050-10-06 05:00:00,29471.855
2050-10-06 06:00:00,30670.89
2050-10-06 07:00:00,32441.71
2050-10-06 08:00:00,34720.2075
2050-10-06 09:00:00,37752.7975
2050-10-06 10:00:00,37934.4925
2050-10-06 11:00:00,38245.1975
2050-10-06 12:00:00,39613.4975
2050-10-06 13:00:00,39016.82
2050-10-06 14:00:00,38186.795
2050-10-06 15:00:00,37816.1275
2050-10-06 16:00:00,35091.6725
2050-10-06 17:00:00,32174.0575
2050-10-06 18:00:00,30890.165
2050-10-06 19:00:00,29495.58
2050-10-06 20:00:00,28575.1775
2050-10-06 21:00:00,27284.3925
2050-10-06 22:00:00,27187.8125
2050-10-06 23:00:00,27113.9675
2050-10-07 00:00:00,26837.7625
2050-10-07 01:00:00,26783.26
2050-10-07 02:00:00,27523.8275
2050-10-07 03:00:00,28221.835
2050-10-07 04:00:00,29323.7625
2050-10-07 05:00:00,30662.485
2050-10-07 06:00:00,31058.175
2050-10-07 07:00:00,34504.87
2050-10-07 08:00:00,39781.175
2050-10-07 09:00:00,44665.5425
2050-10-07 10:00:00,48984.75
2050-10-07 11:00:00,51631.295
2050-10-07 12:00:00,45657.7825
2050-10-07 13:00:00,42005.29
2050-10-07 14:00:00,40417.5075
2050-10-07 15:00:00,38644.5225
2050-10-07 16:00:00,35679.9175
2050-10-07 17:00:00,34546.885
2050-10-07 18:00:00,32606.305
2050-10-07 19:00:00,31260.45
2050-10-07 20:00:00,29264.3875
2050-10-07 21:00:00,27015.4525
2050-10-07 22:00:00,25332.2175
2050-10-07 23:00:00,24227.34
2050-10-08 00:00:00,24350.8875
2050-10-08 01:00:00,24113.2575
2050-10-08 02:00:00,24772.575
2050-10-08 03:00:00,26720.4125
2050-10-08 04:00:00,28277.785
2050-10-08 05:00:00,29168.7475
2050-10-08 06:00:00,29875.4975
2050-10-08 07:00:00,31484.62
2050-10-08 08:00:00,34089.11
2050-10-08 09:00:00,36488.5425
2050-10-08 10:00:00,37807.8425
2050-10-08 11:00:00,39291.255
2050-10-08 12:00:00,38835.3175
2050-10-08 13:00:00,36139.0725
2050-10-08 14:00:00,34259.555
2050-10-08 15:00:00,32527.075
2050-10-08 16:00:00,31351.215
2050-10-08 17:00:00,31709.665
2050-10-08 18:00:00,31954.425
2050-10-08 19:00:00,30945.9275
2050-10-08 20:00:00,29558.7675
2050-10-08 21:00:00,27216.04
2050-10-08 22:00:00,25255.6775
2050-10-08 23:00:00,24575.2975
2050-10-09 00:00:00,24109.0325
2050-10-09 01:00:00,24428.03
2050-10-09 02:00:00,24442.8775
2050-10-09 03:00:00,24759.835
2050-10-09 04:00:00,28175.715
2050-10-09 05:00:00,29389.92
2050-10-09 06:00:00,29945.69
2050-10-09 07:00:00,34357.675
2050-10-09 08:00:00,42471.5225
2050-10-09 09:00:00,44946.9375
2050-10-09 10:00:00,45959.1875
2050-10-09 11:00:00,45714.1175
2050-10-09 12:00:00,41981.17
2050-10-09 13:00:00,39779.4625
2050-10-09 14:00:00,37434.2825
2050-10-09 15:00:00,37959.2425
2050-10-09 16:00:00,33737.055
2050-10-09 17:00:00,32390.48
2050-10-09 18:00:00,31139.1275
2050-10-09 19:00:00,29331.22
2050-10-09 20:00:00,26804.795
2050-10-09 21:00:00,25768.2875
2050-10-09 22:00:00,24449.0575
2050-10-09 23:00:00,23309.3375
2050-10-10 00:00:00,22098.66
2050-10-10 01:00:00,21785.415
2050-10-10 02:00:00,21743.0925
2050-10-10 03:00:00,22835.9925
2050-10-10 04:00:00,27858.775
2050-10-10 05:00:00,29952.7
2050-10-10 06:00:00,31044.4325
2050-10-10 07:00:00,35699.85
2050-10-10 08:00:00,40662.74
2050-10-10 09:00:00,40561.0525
2050-10-10 10:00:00,41516.565
2050-10-10 11:00:00,37702.14
2050-10-10 12:00:00,36749.585
2050-10-10 13:00:00,33947.615
2050-10-10 14:00:00,32889.015
2050-10-10 15:00:00,32797.0925
2050-10-10 16:00:00,30470.5325
2050-10-10 17:00:00,29464.9475
2050-10-10 18:00:00,28043.495
2050-10-10 19:00:00,28096.955
2050-10-10 20:00:00,27836.77
2050-10-10 21:00:00,24081.1975
2050-10-10 22:00:00,23013.7175
2050-10-10 23:00:00,22357.335
2050-10-11 00:00:00,21729.0525
2050-10-11 01:00:00,20780.5575
2050-10-11 02:00:00,19902.4625
2050-10-11 03:00:00,20641.345
2050-10-11 04:00:00,21989.0125
2050-10-11 05:00:00,22918.4325
2050-10-11 06:00:00,23214.2625
2050-10-11 07:00:00,24584.13
2050-10-11 08:00:00,26189.9125
2050-10-11 09:00:00,28173.65
2050-10-11 10:00:00,29090.91
2050-10-11 11:00:00,28905.1275
2050-10-11 12:00:00,29253.4625
2050-10-11 13:00:00,29728.3925
2050-10-11 14:00:00,27565.135
2050-10-11 15:00:00,27242.46
2050-10-11 16:00:00,26727
2050-10-11 17:00:00,26054.46
2050-10-11 18:00:00,25624.2525
2050-10-11 19:00:00,25483.14
2050-10-11 20:00:00,25230.3225
2050-10-11 21:00:00,22643.3375
2050-10-11 22:00:00,21709.9
2050-10-11 23:00:00,20255.76
2050-10-12 00:00:00,19160.63
2050-10-12 01:00:00,19223.7525
2050-10-12 02:00:00,19418.8025
2050-10-12 03:00:00,19752.2725
2050-10-12 04:00:00,20108.95
2050-10-12 05:00:00,20479.3325
2050-10-12 06:00:00,21409.6825
2050-10-12 07:00:00,24048.4825
2050-10-12 08:00:00,28964.275
2050-10-12 09:00:00,32682.0425
2050-10-12 10:00:00,30739.4025
2050-10-12 11:00:00,28370.775
2050-10-12 12:00:00,31935.5025
2050-10-12 13:00:00,33311.55
2050-10-12 14:00:00,35488.1375
2050-10-12 15:00:00,35282.6325
2050-10-12 16:00:00,33508.9675
2050-10-12 17:00:00,32418.4525
2050-10-12 18:00:00,32024.0725
2050-10-12 19:00:00,31918.635
2050-10-12 20:00:00,31526.8575
2050-10-12 21:00:00,30509.22
2050-10-12 22:00:00,26850.76
2050-10-12 23:00:00,25670.7375
2050-10-13 00:00:00,25451.2925
2050-10-13 01:00:00,25511.6525
2050-10-13 02:00:00,25731.9725
2050-10-13 03:00:00,28142.025
2050-10-13 04:00:00,31537.7375
2050-10-13 05:00:00,33120.8275
2050-10-13 06:00:00,32294.4
2050-10-13 07:00:00,32721.1575
2050-10-13 08:00:00,36265.975
2050-10-13 09:00:00,39017.5225
2050-10-13 10:00:00,39766.39
2050-10-13 11:00:00,41314.3025
2050-10-13 12:00:00,42091.09
2050-10-13 13:00:00,40849.805
2050-10-13 14:00:00,41461.8125
2050-10-13 15:00:00,39300.6125
2050-10-13 16:00:00,33845.9575
2050-10-13 17:00:00,32220.3875
2050-10-13 18:00:00,31951.0875
2050-10-13 19:00:00,31247.695
2050-10-13 20:00:00,30856.7075
2050-10-13 21:00:00,30279.5225
2050-10-13 22:00:00,30554.6175
2050-10-13 23:00:00,30478.3275
2050-10-14 00:00:00,30392.0975
2050-10-14 01:00:00,30417.915
2050-10-14 02:00:00,30615.3775
2050-10-14 03:00:00,29954.6475
2050-10-14 04:00:00,30848.48
2050-10-14 05:00:00,32541.585
2050-10-14 06:00:00,31598.48
2050-10-14 07:00:00,31493.605
2050-10-14 08:00:00,34503.5425
2050-10-14 09:00:00,38320.3575
2050-10-14 10:00:00,42367.1225
2050-10-14 11:00:00,42803.36
2050-10-14 12:00:00,44781.79
2050-10-14 13:00:00,41785.6575
2050-10-14 14:00:00,42409.4575
2050-10-14 15:00:00,41670.725
2050-10-14 16:00:00,37586.65
2050-10-14 17:00:00,36736.72
2050-10-14 18:00:00,35548.3875
2050-10-14 19:00:00,34642.5825
2050-10-14 20:00:00,34244.2275
2050-10-14 21:00:00,33186.13
2050-10-14 22:00:00,33732.155
2050-10-14 23:00:00,33216.26
2050-10-15 00:00:00,32984.3875
2050-10-15 01:00:00,32894.6525
2050-10-15 02:00:00,32727.815
2050-10-15 03:00:00,33287.6
2050-10-15 04:00:00,34463.3225
2050-10-15 05:00:00,35244.99
2050-10-15 06:00:00,34899.4025
2050-10-15 07:00:00,34143.43
2050-10-15 08:00:00,36492.05
2050-10-15 09:00:00,38860.0475
2050-10-15 10:00:00,40576.4
2050-10-15 11:00:00,42102.5125
2050-10-15 12:00:00,41185.57
2050-10-15 13:00:00,38649.1225
2050-10-15 14:00:00,40039.02
2050-10-15 15:00:00,40760.095
2050-10-15 16:00:00,38698.475
2050-10-15 17:00:00,37251.91
2050-10-15 18:00:00,36759.0475
2050-10-15 19:00:00,35218.8775
2050-10-15 20:00:00,33272.0775
2050-10-15 21:00:00,30236.1275
2050-10-15 22:00:00,27639.8575
2050-10-15 23:00:00,26423.6725
2050-10-16 00:00:00,26993.585
2050-10-16 01:00:00,27024.2325
2050-10-16 02:00:00,26416.795
2050-10-16 03:00:00,27952.5775
2050-10-16 04:00:00,30738.4
2050-10-16 05:00:00,34439.88
2050-10-16 06:00:00,34906.1475
2050-10-16 07:00:00,37409.705
2050-10-16 08:00:00,41132.6375
2050-10-16 09:00:00,41924.5075
2050-10-16 10:00:00,42514.9225
2050-10-16 11:00:00,39868.72
2050-10-16 12:00:00,39823.31
2050-10-16 13:00:00,40737.1425
2050-10-16 14:00:00,42732.8725
2050-10-16 15:00:00,41046.5475
2050-10-16 16:00:00,36818.065
2050-10-16 17:00:00,36254.21
2050-10-16 18:00:00,35117.58
2050-10-16 19:00:00,34378.905
2050-10-16 20:00:00,33436.4275
2050-10-16 21:00:00,29920.51
2050-10-16 22:00:00,30275.86
2050-10-16 23:00:00,30714.6425
2050-10-17 00:00:00,30122.0575
2050-10-17 01:00:00,29677.755
2050-10-17 02:00:00,29127.86
2050-10-17 03:00:00,29878.7175
2050-10-17 04:00:00,33343.2975
2050-10-17 05:00:00,35975.83
2050-10-17 06:00:00,36513.8525
2050-10-17 07:00:00,38511.36
2050-10-17 08:00:00,39613.495
2050-10-17 09:00:00,40573.845
2050-10-17 10:00:00,43547.6
2050-10-17 11:00:00,44657.775
2050-10-17 12:00:00,43088.1275
2050-10-17 13:00:00,40205.3275
2050-10-17 14:00:00,37913.7125
2050-10-17 15:00:00,39405.695
2050-10-17 16:00:00,35972.4675
2050-10-17 17:00:00,34433.8475
2050-10-17 18:00:00,33748.4625
2050-10-17 19:00:00,32669.6775
2050-10-17 20:00:00,31691.4675
2050-10-17 21:00:00,29056.7525
2050-10-17 22:00:00,27348.96
2050-10-17 23:00:00,26302.825
2050-10-18 00:00:00,26044.385
2050-10-18 01:00:00,25876.6575
2050-10-18 02:00:00,26028.085
2050-10-18 03:00:00,26146.945
2050-10-18 04:00:00,26956.9225
2050-10-18 05:00:00,28054.8425
2050-10-18 06:00:00,29473.9
2050-10-18 07:00:00,33311.445
2050-10-18 08:00:00,34668.2725
2050-10-18 09:00:00,38237.5125
2050-10-18 10:00:00,43278.985
2050-10-18 11:00:00,41738.27
2050-10-18 12:00:00,41421.285
2050-10-18 13:00:00,37413.4425
2050-10-18 14:00:00,37181.4125
2050-10-18 15:00:00,38292.2125
2050-10-18 16:00:00,35205.735
2050-10-18 17:00:00,34793.67
2050-10-18 18:00:00,36316.7925
2050-10-18 19:00:00,35396.08
2050-10-18 20:00:00,33208.3325
2050-10-18 21:00:00,30641.7375
2050-10-18 22:00:00,25723.7725
2050-10-18 23:00:00,22803.48
2050-10-19 00:00:00,20148.115
2050-10-19 01:00:00,18193.0375
2050-10-19 02:00:00,17957.645
2050-10-19 03:00:00,19083.56
2050-10-19 04:00:00,20645.5
2050-10-19 05:00:00,20994.7525
2050-10-19 06:00:00,21480.5975
2050-10-19 07:00:00,23599.6875
2050-10-19 08:00:00,29230.605
2050-10-19 09:00:00,32650.5425
2050-10-19 10:00:00,35895.8
2050-10-19 11:00:00,39347.47
2050-10-19 12:00:00,43632.9175
2050-10-19 13:00:00,41164.75
2050-10-19 14:00:00,37042.4375
2050-10-19 15:00:00,31701.2325
2050-10-19 16:00:00,27825.1
2050-10-19 17:00:00,27026.4925
2050-10-19 18:00:00,27270.9475
2050-10-19 19:00:00,27391.9625
2050-10-19 20:00:00,27945.2925
2050-10-19 21:00:00,27209.2975
2050-10-19 22:00:00,26324.64
2050-10-19 23:00:00,26631.7625
2050-10-20 00:00:00,26711.67
2050-10-20 01:00:00,26682.42
2050-10-20 02:00:00,26041.05
2050-10-20 03:00:00,26551.91
2050-10-20 04:00:00,28662.85
2050-10-20 05:00:00,30020.74
2050-10-20 06:00:00,30377.8275
2050-10-20 07:00:00,31457.34
2050-10-20 08:00:00,34749.0025
2050-10-20 09:00:00,39413.585
2050-10-20 10:00:00,43580.975
2050-10-20 11:00:00,44510.3025
2050-10-20 12:00:00,46948.09
2050-10-20 13:00:00,44729.5925
2050-10-20 14:00:00,42933.765
2050-10-20 15:00:00,42881.385
2050-10-20 16:00:00,37912.595
2050-10-20 17:00:00,35504.65
2050-10-20 18:00:00,33995.02
2050-10-20 19:00:00,30685.15
2050-10-20 20:00:00,27661.66
2050-10-20 21:00:00,27179.385
2050-10-20 22:00:00,27426.4525
2050-10-20 23:00:00,27861.8825
2050-10-21 00:00:00,27579.9975
2050-10-21 01:00:00,27581.13
2050-10-21 02:00:00,27669.885
2050-10-21 03:00:00,30188.055
2050-10-21 04:00:00,33145.8325
2050-10-21 05:00:00,35373.975
2050-10-21 06:00:00,36084.4075
2050-10-21 07:00:00,35647.335
2050-10-21 08:00:00,37733.185
2050-10-21 09:00:00,39297.3775
2050-10-21 10:00:00,42888.72
2050-10-21 11:00:00,44962.0925
2050-10-21 12:00:00,46587.82
2050-10-21 13:00:00,44879.265
2050-10-21 14:00:00,43118.0525
2050-10-21 15:00:00,41574.17
2050-10-21 16:00:00,38088.355
2050-10-21 17:00:00,38034.3075
2050-10-21 18:00:00,37496.68
2050-10-21 19:00:00,33336.5475
2050-10-21 20:00:00,30145.9825
2050-10-21 21:00:00,27140.195
2050-10-21 22:00:00,25400.745
2050-10-21 23:00:00,24656.0825
2050-10-22 00:00:00,24250.5475
2050-10-22 01:00:00,23137.185
2050-10-22 02:00:00,22294.98
2050-10-22 03:00:00,22727.105
2050-10-22 04:00:00,27275.985
2050-10-22 05:00:00,31799.0475
2050-10-22 06:00:00,32510.03
2050-10-22 07:00:00,34460.98
2050-10-22 08:00:00,38152.815
2050-10-22 09:00:00,42673.4175
2050-10-22 10:00:00,46704.655
2050-10-22 11:00:00,47901.745
2050-10-22 12:00:00,46605.37
2050-10-22 13:00:00,41510.9075
2050-10-22 14:00:00,38386.59
2050-10-22 15:00:00,35486.7875
2050-10-22 16:00:00,30648.9525
2050-10-22 17:00:00,29725.57
2050-10-22 18:00:00,29559.0725
2050-10-22 19:00:00,29730.2725
2050-10-22 20:00:00,30371.5575
2050-10-22 21:00:00,27877.1075
2050-10-22 22:00:00,23801.5825
2050-10-22 23:00:00,21841.14
2050-10-23 00:00:00,23010.4325
2050-10-23 01:00:00,25906.665
2050-10-23 02:00:00,28922.225
2050-10-23 03:00:00,30997.34
2050-10-23 04:00:00,32747.7325
2050-10-23 05:00:00,33593.1075
2050-10-23 06:00:00,32697.4375
2050-10-23 07:00:00,34421.03
2050-10-23 08:00:00,40243.2825
2050-10-23 09:00:00,43587.0375
2050-10-23 10:00:00,45070.835
2050-10-23 11:00:00,40827.3975
2050-10-23 12:00:00,33993.1425
2050-10-23 13:00:00,31387.615
2050-10-23 14:00:00,32640.7075
2050-10-23 15:00:00,35772.27
2050-10-23 16:00:00,34900.09
2050-10-23 17:00:00,35506.1
2050-10-23 18:00:00,34234.305
2050-10-23 19:00:00,32677.51
2050-10-23 20:00:00,30172.0375
2050-10-23 21:00:00,32167.795
2050-10-23 22:00:00,29646.3825
2050-10-23 23:00:00,29182.865
2050-10-24 00:00:00,29387.57
2050-10-24 01:00:00,29816.0675
2050-10-24 02:00:00,30617.0325
2050-10-24 03:00:00,31025.98
2050-10-24 04:00:00,31491.0025
2050-10-24 05:00:00,32690.8725
2050-10-24 06:00:00,33217.95
2050-10-24 07:00:00,35041.755
2050-10-24 08:00:00,41211.8125
2050-10-24 09:00:00,45960.395
2050-10-24 10:00:00,49921.8475
2050-10-24 11:00:00,49619.535
2050-10-24 12:00:00,50618.31
2050-10-24 13:00:00,45686.1525
2050-10-24 14:00:00,46131.3725
2050-10-24 15:00:00,40204.3075
2050-10-24 16:00:00,34802.2975
2050-10-24 17:00:00,34172.08
2050-10-24 18:00:00,33656.8125
2050-10-24 19:00:00,33335.155
2050-10-24 20:00:00,32901.6625
2050-10-24 21:00:00,32505.1025
2050-10-24 22:00:00,32505.1275
2050-10-24 23:00:00,32127.22
2050-10-25 00:00:00,31143.75
2050-10-25 01:00:00,31171.8525
2050-10-25 02:00:00,31287.2375
2050-10-25 03:00:00,31595.3475
2050-10-25 04:00:00,32981.875
2050-10-25 05:00:00,33855.265
2050-10-25 06:00:00,33871.51
2050-10-25 07:00:00,34599.0775
2050-10-25 08:00:00,36909.39
2050-10-25 09:00:00,38129.95
2050-10-25 10:00:00,37737.1225
2050-10-25 11:00:00,39925.2575
2050-10-25 12:00:00,40609.0525
2050-10-25 13:00:00,42109.73
2050-10-25 14:00:00,39398.0075
2050-10-25 15:00:00,37065.245
2050-10-25 16:00:00,32795.77
2050-10-25 17:00:00,31332.685
2050-10-25 18:00:00,29637.9525
2050-10-25 19:00:00,27674.67
2050-10-25 20:00:00,26229.4875
2050-10-25 21:00:00,25527.17
2050-10-25 22:00:00,26102.525
2050-10-25 23:00:00,25850.32
2050-10-26 00:00:00,13985.7075
2050-10-26 01:00:00,29044.5475
2050-10-26 02:00:00,28645.1
2050-10-26 03:00:00,29964.2175
2050-10-26 04:00:00,31109.8375
2050-10-26 05:00:00,32245.59
2050-10-26 06:00:00,33077.9225
2050-10-26 07:00:00,36242.815
2050-10-26 08:00:00,40625.9075
2050-10-26 09:00:00,45027.865
2050-10-26 10:00:00,49520.1775
2050-10-26 11:00:00,50836.9
2050-10-26 12:00:00,53273.245
2050-10-26 13:00:00,46656.08
2050-10-26 14:00:00,43519.55
2050-10-26 15:00:00,37701.4275
2050-10-26 16:00:00,33839.65
2050-10-26 17:00:00,32270.535
2050-10-26 18:00:00,31231.36
2050-10-26 19:00:00,30696.7125
2050-10-26 20:00:00,29281.68
2050-10-26 21:00:00,29332.16
2050-10-26 22:00:00,29397.2975
2050-10-26 23:00:00,28967.2875
2050-10-27 00:00:00,28923.085
2050-10-27 01:00:00,26521.4025
2050-10-27 02:00:00,25756.6525
2050-10-27 03:00:00,26623.5225
2050-10-27 04:00:00,29220.6175
2050-10-27 05:00:00,32161.315
2050-10-27 06:00:00,33462.12
2050-10-27 07:00:00,35374.1125
2050-10-27 08:00:00,37533.5825
2050-10-27 09:00:00,40532.02
2050-10-27 10:00:00,43532.5625
2050-10-27 11:00:00,45579.135
2050-10-27 12:00:00,45857.1325
2050-10-27 13:00:00,46360.61
2050-10-27 14:00:00,44763.5275
2050-10-27 15:00:00,42362.0475
2050-10-27 16:00:00,37613.715
2050-10-27 17:00:00,35308.8375
2050-10-27 18:00:00,33889.1025
2050-10-27 19:00:00,31819.575
2050-10-27 20:00:00,28802.2475
2050-10-27 21:00:00,24910.7325
2050-10-27 22:00:00,22856.3475
2050-10-27 23:00:00,22047.57
2050-10-28 00:00:00,21583.25
2050-10-28 01:00:00,21630.1425
2050-10-28 02:00:00,23202.82
2050-10-28 03:00:00,25396.5825
2050-10-28 04:00:00,28213.4375
2050-10-28 05:00:00,31703.7125
2050-10-28 06:00:00,34314.86
2050-10-28 07:00:00,35457.8775
2050-10-28 08:00:00,38724.82
2050-10-28 09:00:00,42594.6425
2050-10-28 10:00:00,44839.0875
2050-10-28 11:00:00,48615.9225
2050-10-28 12:00:00,51477.7675
2050-10-28 13:00:00,49239.0275
2050-10-28 14:00:00,43165.445
2050-10-28 15:00:00,37683.975
2050-10-28 16:00:00,35952.715
2050-10-28 17:00:00,34701.2675
2050-10-28 18:00:00,33692.4175
2050-10-28 19:00:00,31584.425
2050-10-28 20:00:00,29128.435
2050-10-28 21:00:00,26853.2625
2050-10-28 22:00:00,25201.31
2050-10-28 23:00:00,24595.855
2050-10-29 00:00:00,23446.06
2050-10-29 01:00:00,22766.52
2050-10-29 02:00:00,23439.6375
2050-10-29 03:00:00,24083.32
2050-10-29 04:00:00,26754.345
2050-10-29 05:00:00,29723.9575
2050-10-29 06:00:00,33885.58
2050-10-29 07:00:00,36622.285
2050-10-29 08:00:00,39747.76
2050-10-29 09:00:00,42695.8475
2050-10-29 10:00:00,46183.495
2050-10-29 11:00:00,47240.5075
2050-10-29 12:00:00,45149.805
2050-10-29 13:00:00,42802.0025
2050-10-29 14:00:00,39431.0875
2050-10-29 15:00:00,36986.98
2050-10-29 16:00:00,36305.605
2050-10-29 17:00:00,35594.97
2050-10-29 18:00:00,33992.14
2050-10-29 19:00:00,31723.0925
2050-10-29 20:00:00,29917.0625
2050-10-29 21:00:00,25830.7975
2050-10-29 22:00:00,23748.5
2050-10-29 23:00:00,22041.1475
2050-10-30 00:00:00,22987.625
2050-10-30 01:00:00,26865.4525
2050-10-30 02:00:00,27684.9925
2050-10-30 03:00:00,27892.99
2050-10-30 04:00:00,27793.6675
2050-10-30 05:00:00,28713.89
2050-10-30 06:00:00,31291.6925
2050-10-30 07:00:00,34454.03
2050-10-30 08:00:00,42702.5975
2050-10-30 09:00:00,47435.2475
2050-10-30 10:00:00,48982.8675
2050-10-30 11:00:00,50436.9475
2050-10-30 12:00:00,47765.155
2050-10-30 13:00:00,45698.4925
2050-10-30 14:00:00,44162.6625
2050-10-30 15:00:00,35819.7575
2050-10-30 16:00:00,32997.3375
2050-10-30 17:00:00,33158.4275
2050-10-30 18:00:00,32602.36
2050-10-30 19:00:00,31579.8975
2050-10-30 20:00:00,31031.8425
2050-10-30 21:00:00,28188.5225
2050-10-30 22:00:00,24133.2325
2050-10-30 23:00:00,22600.8925
2050-10-31 00:00:00,22889.73
2050-10-31 01:00:00,23524.9025
2050-10-31 02:00:00,24221.65
2050-10-31 03:00:00,25582.14
2050-10-31 04:00:00,27805.4475
2050-10-31 05:00:00,29494.925
2050-10-31 06:00:00,30953.1575
2050-10-31 07:00:00,31092.4475
2050-10-31 08:00:00,33332.72
2050-10-31 09:00:00,37597.5325
2050-10-31 10:00:00,38932.4425
2050-10-31 11:00:00,39928.1725
2050-10-31 12:00:00,42708.0925
2050-10-31 13:00:00,41832.75
2050-10-31 14:00:00,38510.8225
2050-10-31 15:00:00,35678.3875
2050-10-31 16:00:00,35415.4125
2050-10-31 17:00:00,35151.085
2050-10-31 18:00:00,33366.89
2050-10-31 19:00:00,31290.6
2050-10-31 20:00:00,28826.6275
2050-10-31 21:00:00,27381.8925
2050-10-31 22:00:00,26972.64
2050-10-31 23:00:00,25818.115
2050-11-01 00:00:00,25163.6675
2050-11-01 01:00:00,25383.5725
2050-11-01 02:00:00,26311.4825
2050-11-01 03:00:00,27607.1475
2050-11-01 04:00:00,28247.1475
2050-11-01 05:00:00,27126.9425
2050-11-01 06:00:00,28284.8175
2050-11-01 07:00:00,29531.7975
2050-11-01 08:00:00,30787.3525
2050-11-01 09:00:00,31753.895
2050-11-01 10:00:00,32145.8
2050-11-01 11:00:00,32482.0475
2050-11-01 12:00:00,31243.3375
2050-11-01 13:00:00,30575.9875
2050-11-01 14:00:00,33834.895
2050-11-01 15:00:00,35787.745
2050-11-01 16:00:00,32274.3975
2050-11-01 17:00:00,32403.45
2050-11-01 18:00:00,30596.0025
2050-11-01 19:00:00,29085.175
2050-11-01 20:00:00,28221.1825
2050-11-01 21:00:00,26535.0275
2050-11-01 22:00:00,25924.8975
2050-11-01 23:00:00,25831.7525
2050-11-02 00:00:00,25479.15
2050-11-02 01:00:00,26327.2575
2050-11-02 02:00:00,26023.555
2050-11-02 03:00:00,24781.0525
2050-11-02 04:00:00,22374.2175
2050-11-02 05:00:00,21671.0475
2050-11-02 06:00:00,21996.24
2050-11-02 07:00:00,23594.735
2050-11-02 08:00:00,29808.9625
2050-11-02 09:00:00,34223.13
2050-11-02 10:00:00,44480.3475
2050-11-02 11:00:00,49755.6675
2050-11-02 12:00:00,48829.1575
2050-11-02 13:00:00,44135.4075
2050-11-02 14:00:00,41364.4675
2050-11-02 15:00:00,40307.4775
2050-11-02 16:00:00,38731.615
2050-11-02 17:00:00,40082.4875
2050-11-02 18:00:00,39730.9
2050-11-02 19:00:00,37772.7825
2050-11-02 20:00:00,31407.245
2050-11-02 21:00:00,26965.995
2050-11-02 22:00:00,23134.22
2050-11-02 23:00:00,18957.43
2050-11-03 00:00:00,18099.68
2050-11-03 01:00:00,19052.395
2050-11-03 02:00:00,21521.8225
2050-11-03 03:00:00,23704.08
2050-11-03 04:00:00,26310.525
2050-11-03 05:00:00,30103.3175
2050-11-03 06:00:00,34266.88
2050-11-03 07:00:00,37430.905
2050-11-03 08:00:00,42126.8425
2050-11-03 09:00:00,41412.6825
2050-11-03 10:00:00,42926.555
2050-11-03 11:00:00,43482.6675
2050-11-03 12:00:00,42976.7025
2050-11-03 13:00:00,42778.3325
2050-11-03 14:00:00,41804.935
2050-11-03 15:00:00,40984.4975
2050-11-03 16:00:00,41159.445
2050-11-03 17:00:00,40419.135
2050-11-03 18:00:00,38850.8575
2050-11-03 19:00:00,37054.2875
2050-11-03 20:00:00,35525.68
2050-11-03 21:00:00,34776.9825
2050-11-03 22:00:00,33552.325
2050-11-03 23:00:00,32330.61
2050-11-04 00:00:00,32270.31
2050-11-04 01:00:00,31560.7175
2050-11-04 02:00:00,30797.82
2050-11-04 03:00:00,29484.2125
2050-11-04 04:00:00,28876.365
2050-11-04 05:00:00,30206.575
2050-11-04 06:00:00,32314.7325
2050-11-04 07:00:00,34256.745
2050-11-04 08:00:00,37338.4225
2050-11-04 09:00:00,42067.6925
2050-11-04 10:00:00,47979.18
2050-11-04 11:00:00,52350.24
2050-11-04 12:00:00,51647.8125
2050-11-04 13:00:00,48621.235
2050-11-04 14:00:00,41299.32
2050-11-04 15:00:00,37083.965
2050-11-04 16:00:00,35622.015
2050-11-04 17:00:00,36322.5225
2050-11-04 18:00:00,35823.1
2050-11-04 19:00:00,32726.7275
2050-11-04 20:00:00,30245.6425
2050-11-04 21:00:00,29011.155
2050-11-04 22:00:00,27007.485
2050-11-04 23:00:00,25718.75
2050-11-05 00:00:00,24619.11
2050-11-05 01:00:00,24429.1925
2050-11-05 02:00:00,23367.6825
2050-11-05 03:00:00,22959.23
2050-11-05 04:00:00,23426.4675
2050-11-05 05:00:00,25341.605
2050-11-05 06:00:00,28017.55
2050-11-05 07:00:00,29318.7625
2050-11-05 08:00:00,32242.38
2050-11-05 09:00:00,36828.6825
2050-11-05 10:00:00,38840.1725
2050-11-05 11:00:00,43274.5525
2050-11-05 12:00:00,43769.085
2050-11-05 13:00:00,45767.86
2050-11-05 14:00:00,42727.0175
2050-11-05 15:00:00,36975.7375
2050-11-05 16:00:00,37408.0825
2050-11-05 17:00:00,39707.5325
2050-11-05 18:00:00,38531.5225
2050-11-05 19:00:00,34615.4
2050-11-05 20:00:00,28987.9375
2050-11-05 21:00:00,25202.8075
2050-11-05 22:00:00,22243.43
2050-11-05 23:00:00,20945.3625
2050-11-06 00:00:00,20415.4825
2050-11-06 01:00:00,18925.9175
2050-11-06 02:00:00,19194.5525
2050-11-06 03:00:00,20581.755
2050-11-06 04:00:00,23512.5175
2050-11-06 05:00:00,29625.3925
2050-11-06 06:00:00,31783.2725
2050-11-06 07:00:00,32913.2775
2050-11-06 08:00:00,38109.2525
2050-11-06 09:00:00,42255.5775
2050-11-06 10:00:00,44978.3725
2050-11-06 11:00:00,42990.6425
2050-11-06 12:00:00,45035.8425
2050-11-06 13:00:00,43429.2225
2050-11-06 14:00:00,39289.28
2050-11-06 15:00:00,34728.24
2050-11-06 16:00:00,34385.765
2050-11-06 17:00:00,36609.795
2050-11-06 18:00:00,37214.045
2050-11-06 19:00:00,36585.5975
2050-11-06 20:00:00,34902.4425
2050-11-06 21:00:00,33982.5875
2050-11-06 22:00:00,30194.7325
2050-11-06 23:00:00,27519.6725
2050-11-07 00:00:00,24891.7575
2050-11-07 01:00:00,24768.1875
2050-11-07 02:00:00,24425.805
2050-11-07 03:00:00,24869.8275
2050-11-07 04:00:00,28130.16
2050-11-07 05:00:00,32588.8325
2050-11-07 06:00:00,33206.315
2050-11-07 07:00:00,34133.5325
2050-11-07 08:00:00,38418.75
2050-11-07 09:00:00,44013.9075
2050-11-07 10:00:00,47725.68
2050-11-07 11:00:00,48012.3825
2050-11-07 12:00:00,48217.055
2050-11-07 13:00:00,47835.705
2050-11-07 14:00:00,44021.0125
2050-11-07 15:00:00,37779.42
2050-11-07 16:00:00,36340.4625
2050-11-07 17:00:00,37993.15
2050-11-07 18:00:00,37847.44
2050-11-07 19:00:00,36318.23
2050-11-07 20:00:00,35638.89
2050-11-07 21:00:00,34745.8175
2050-11-07 22:00:00,33672.6275
2050-11-07 23:00:00,31696.6125
2050-11-08 00:00:00,30736.675
2050-11-08 01:00:00,30246.1225
2050-11-08 02:00:00,28825.9775
2050-11-08 03:00:00,28203.7575
2050-11-08 04:00:00,29025.68
2050-11-08 05:00:00,30723.8575
2050-11-08 06:00:00,32043.755
2050-11-08 07:00:00,33313.03
2050-11-08 08:00:00,37919.1275
2050-11-08 09:00:00,42089.76
2050-11-08 10:00:00,43704.3875
2050-11-08 11:00:00,46239.2525
2050-11-08 12:00:00,44399.495
2050-11-08 13:00:00,42410.175
2050-11-08 14:00:00,39390.5175
2050-11-08 15:00:00,35057.7575
2050-11-08 16:00:00,34603.625
2050-11-08 17:00:00,34395.59
2050-11-08 18:00:00,34324.28
2050-11-08 19:00:00,33319.8225
2050-11-08 20:00:00,32768.2225
2050-11-08 21:00:00,31336.5325
2050-11-08 22:00:00,30087.81
2050-11-08 23:00:00,31103.27
2050-11-09 00:00:00,30039.725
2050-11-09 01:00:00,27756.0575
2050-11-09 02:00:00,25912.7125
2050-11-09 03:00:00,25274.1875
2050-11-09 04:00:00,25893.4675
2050-11-09 05:00:00,27236.455
2050-11-09 06:00:00,29589.99
2050-11-09 07:00:00,31106.69
2050-11-09 08:00:00,34346.045
2050-11-09 09:00:00,40031.57
2050-11-09 10:00:00,45607.8025
2050-11-09 11:00:00,49848.64
2050-11-09 12:00:00,47110.56
2050-11-09 13:00:00,47996.8775
2050-11-09 14:00:00,46711.465
2050-11-09 15:00:00,39610.795
2050-11-09 16:00:00,36373.25
2050-11-09 17:00:00,36300.5
2050-11-09 18:00:00,36643.8525
2050-11-09 19:00:00,36848.1025
2050-11-09 20:00:00,37220.4625
2050-11-09 21:00:00,36400.7975
2050-11-09 22:00:00,35034.705
2050-11-09 23:00:00,31212.12
2050-11-10 00:00:00,29782.5425
2050-11-10 01:00:00,29881.6975
2050-11-10 02:00:00,30010.98
2050-11-10 03:00:00,31584.165
2050-11-10 04:00:00,34266.975
2050-11-10 05:00:00,39546.095
2050-11-10 06:00:00,43613.6475
2050-11-10 07:00:00,45095.915
2050-11-10 08:00:00,47960.91
2050-11-10 09:00:00,49807.62
2050-11-10 10:00:00,52075.23
2050-11-10 11:00:00,54517.595
2050-11-10 12:00:00,55762.795
2050-11-10 13:00:00,55544.12
2050-11-10 14:00:00,51911.4775
2050-11-10 15:00:00,48061.495
2050-11-10 16:00:00,48715.105
2050-11-10 17:00:00,48827.7725
2050-11-10 18:00:00,48156.405
2050-11-10 19:00:00,43248.9025
2050-11-10 20:00:00,38410.245
2050-11-10 21:00:00,35638.7525
2050-11-10 22:00:00,32436.3525
2050-11-10 23:00:00,30254.4075
2050-11-11 00:00:00,30703.225
2050-11-11 01:00:00,30362.62
2050-11-11 02:00:00,29935.4925
2050-11-11 03:00:00,29490.8725
2050-11-11 04:00:00,28915.18
2050-11-11 05:00:00,30565.1275
2050-11-11 06:00:00,33965.0875
2050-11-11 07:00:00,35075.39
2050-11-11 08:00:00,39521.9725
2050-11-11 09:00:00,44915.6775
2050-11-11 10:00:00,48332.935
2050-11-11 11:00:00,47973.5525
2050-11-11 12:00:00,50657.225
2050-11-11 13:00:00,49483.53
2050-11-11 14:00:00,46975.5675
2050-11-11 15:00:00,43347.005
2050-11-11 16:00:00,42010.7
2050-11-11 17:00:00,41691.49
2050-11-11 18:00:00,38090.415
2050-11-11 19:00:00,33053.1575
2050-11-11 20:00:00,30691.4825
2050-11-11 21:00:00,29968.68
2050-11-11 22:00:00,29001.855
2050-11-11 23:00:00,28595.955
2050-11-12 00:00:00,28494.26
2050-11-12 01:00:00,28073.225
2050-11-12 02:00:00,28472.57
2050-11-12 03:00:00,28320.6025
2050-11-12 04:00:00,29863.6375
2050-11-12 05:00:00,32040.73
2050-11-12 06:00:00,35202.38
2050-11-12 07:00:00,34420.8475
2050-11-12 08:00:00,37711.305
2050-11-12 09:00:00,41331.375
2050-11-12 10:00:00,46973.6575
2050-11-12 11:00:00,48227.45
2050-11-12 12:00:00,45312.545
2050-11-12 13:00:00,43466.3475
2050-11-12 14:00:00,39076.745
2050-11-12 15:00:00,37626.1975
2050-11-12 16:00:00,34558.9025
2050-11-12 17:00:00,35454
2050-11-12 18:00:00,32804.2775
2050-11-12 19:00:00,29996.64
2050-11-12 20:00:00,28967.15
2050-11-12 21:00:00,27395.535
2050-11-12 22:00:00,25311.405
2050-11-12 23:00:00,23918.8
2050-11-13 00:00:00,23024.44
2050-11-13 01:00:00,23035.585
2050-11-13 02:00:00,24510.7
2050-11-13 03:00:00,25501.09
2050-11-13 04:00:00,26557.5375
2050-11-13 05:00:00,29710.815
2050-11-13 06:00:00,33523.2425
2050-11-13 07:00:00,35276.7475
2050-11-13 08:00:00,37145.5775
2050-11-13 09:00:00,40081.555
2050-11-13 10:00:00,40864.9725
2050-11-13 11:00:00,41129.8575
2050-11-13 12:00:00,40316.52
2050-11-13 13:00:00,39332.5425
2050-11-13 14:00:00,38877.54
2050-11-13 15:00:00,35274.67
2050-11-13 16:00:00,33908.64
2050-11-13 17:00:00,32771.1
2050-11-13 18:00:00,32012.3
2050-11-13 19:00:00,30372.0025
2050-11-13 20:00:00,30065.99
2050-11-13 21:00:00,28727.47
2050-11-13 22:00:00,26581.0475
2050-11-13 23:00:00,25984.1425
2050-11-14 00:00:00,25928.745
2050-11-14 01:00:00,26773.715
2050-11-14 02:00:00,27162.44
2050-11-14 03:00:00,28669.0225
2050-11-14 04:00:00,31738.2225
2050-11-14 05:00:00,37162.855
2050-11-14 06:00:00,38527.76
2050-11-14 07:00:00,39697.8775
2050-11-14 08:00:00,42376.7875
2050-11-14 09:00:00,44412.1025
2050-11-14 10:00:00,45232.605
2050-11-14 11:00:00,45418.2525
2050-11-14 12:00:00,45442.145
2050-11-14 13:00:00,44371.14
2050-11-14 14:00:00,44031.9
2050-11-14 15:00:00,43634.87
2050-11-14 16:00:00,45093.8725
2050-11-14 17:00:00,45978.6625
2050-11-14 18:00:00,44617.5225
2050-11-14 19:00:00,41664.6925
2050-11-14 20:00:00,38062.06
2050-11-14 21:00:00,35074.0625
2050-11-14 22:00:00,32824.12
2050-11-14 23:00:00,31585.5275
2050-11-15 00:00:00,29909.5025
2050-11-15 01:00:00,28723.005
2050-11-15 02:00:00,28575.8675
2050-11-15 03:00:00,28383.4575
2050-11-15 04:00:00,28029.7325
2050-11-15 05:00:00,28694.4525
2050-11-15 06:00:00,29343.72
2050-11-15 07:00:00,31542.39
2050-11-15 08:00:00,34125.0475
2050-11-15 09:00:00,36638.285
2050-11-15 10:00:00,38461.2775
2050-11-15 11:00:00,39966.4875
2050-11-15 12:00:00,41305.715
2050-11-15 13:00:00,41753.5725
2050-11-15 14:00:00,40171.8375
2050-11-15 15:00:00,38431.6025
2050-11-15 16:00:00,37202.0875
2050-11-15 17:00:00,37215.8325
2050-11-15 18:00:00,37926.855
2050-11-15 19:00:00,37647.4675
2050-11-15 20:00:00,35885.8825
2050-11-15 21:00:00,34321.1775
2050-11-15 22:00:00,32728.085
2050-11-15 23:00:00,30753.9025
2050-11-16 00:00:00,30559.585
2050-11-16 01:00:00,29535.3
2050-11-16 02:00:00,29543.25
2050-11-16 03:00:00,28921.5975
2050-11-16 04:00:00,29132.8075
2050-11-16 05:00:00,32275.445
2050-11-16 06:00:00,34121.0625
2050-11-16 07:00:00,36148.8075
2050-11-16 08:00:00,39098.6575
2050-11-16 09:00:00,42139.31
2050-11-16 10:00:00,43718.165
2050-11-16 11:00:00,45085.5775
2050-11-16 12:00:00,47076.9175
2050-11-16 13:00:00,47097.2025
2050-11-16 14:00:00,48088.955
2050-11-16 15:00:00,43307.5425
2050-11-16 16:00:00,40738.24
2050-11-16 17:00:00,39833.11
2050-11-16 18:00:00,39178.32
2050-11-16 19:00:00,37330.865
2050-11-16 20:00:00,34258.07
2050-11-16 21:00:00,31255.6625
2050-11-16 22:00:00,25099.115
2050-11-16 23:00:00,23939.275
2050-11-17 00:00:00,25508.4525
2050-11-17 01:00:00,26433.665
2050-11-17 02:00:00,27831.895
2050-11-17 03:00:00,29128.56
2050-11-17 04:00:00,31540.7775
2050-11-17 05:00:00,35755.595
2050-11-17 06:00:00,43767.7375
2050-11-17 07:00:00,47732.49
2050-11-17 08:00:00,50900.745
2050-11-17 09:00:00,56509.4525
2050-11-17 10:00:00,58356.415
2050-11-17 11:00:00,62070.285
2050-11-17 12:00:00,61989.6
2050-11-17 13:00:00,60724.635
2050-11-17 14:00:00,57633.085
2050-11-17 15:00:00,49533.9775
2050-11-17 16:00:00,46105.8375
2050-11-17 17:00:00,44505.94
2050-11-17 18:00:00,43018.2425
2050-11-17 19:00:00,41840.7875
2050-11-17 20:00:00,40456.025
2050-11-17 21:00:00,36967.775
2050-11-17 22:00:00,30280.9425
2050-11-17 23:00:00,28108.2875
2050-11-18 00:00:00,28460.1225
2050-11-18 01:00:00,28989.5825
2050-11-18 02:00:00,29302.7425
2050-11-18 03:00:00,29479.145
2050-11-18 04:00:00,33344.98
2050-11-18 05:00:00,39788.1575
2050-11-18 06:00:00,48123.9175
2050-11-18 07:00:00,49423.12
2050-11-18 08:00:00,51546.7125
2050-11-18 09:00:00,54630.625
2050-11-18 10:00:00,55588.595
2050-11-18 11:00:00,57143.7
2050-11-18 12:00:00,60369.405
2050-11-18 13:00:00,59010.835
2050-11-18 14:00:00,54027.0475
2050-11-18 15:00:00,50407.8325
2050-11-18 16:00:00,48295.5625
2050-11-18 17:00:00,49792.505
2050-11-18 18:00:00,49751.49
2050-11-18 19:00:00,49150.0075
2050-11-18 20:00:00,47214.42
2050-11-18 21:00:00,43854.2475
2050-11-18 22:00:00,41074.89
2050-11-18 23:00:00,40555.58
2050-11-19 00:00:00,39348.6625
2050-11-19 01:00:00,40445.41
2050-11-19 02:00:00,40352.7575
2050-11-19 03:00:00,40394.375
2050-11-19 04:00:00,40874.935
2050-11-19 05:00:00,44097.095
2050-11-19 06:00:00,46792.365
2050-11-19 07:00:00,46308.71
2050-11-19 08:00:00,44365.9125
2050-11-19 09:00:00,46438.2
2050-11-19 10:00:00,47108.26
2050-11-19 11:00:00,49709.2575
2050-11-19 12:00:00,53116.5
2050-11-19 13:00:00,53905.9725
2050-11-19 14:00:00,55304.4275
2050-11-19 15:00:00,54738.535
2050-11-19 16:00:00,53993.37
2050-11-19 17:00:00,54530.6775
2050-11-19 18:00:00,54636.815
2050-11-19 19:00:00,53967.515
2050-11-19 20:00:00,48607.5425
2050-11-19 21:00:00,43745.885
2050-11-19 22:00:00,38911.9825
2050-11-19 23:00:00,34517.4525
2050-11-20 00:00:00,33135.645
2050-11-20 01:00:00,30418.1275
2050-11-20 02:00:00,30224.035
2050-11-20 03:00:00,29862.7625
2050-11-20 04:00:00,33894.6
2050-11-20 05:00:00,40488.65
2050-11-20 06:00:00,42977.175
2050-11-20 07:00:00,44047.3225
2050-11-20 08:00:00,50126.7275
2050-11-20 09:00:00,51153.18
2050-11-20 10:00:00,54526.5075
2050-11-20 11:00:00,53041.5425
2050-11-20 12:00:00,53124.685
2050-11-20 13:00:00,50749.29
2050-11-20 14:00:00,45820.5475
2050-11-20 15:00:00,44256.305
2050-11-20 16:00:00,43760.165
2050-11-20 17:00:00,42850.3075
2050-11-20 18:00:00,42832.375
2050-11-20 19:00:00,42191.9475
2050-11-20 20:00:00,41907.43
2050-11-20 21:00:00,39694.1625
2050-11-20 22:00:00,38307.9525
2050-11-20 23:00:00,39697.4825
2050-11-21 00:00:00,39195.62
2050-11-21 01:00:00,39206.045
2050-11-21 02:00:00,39209.0225
2050-11-21 03:00:00,40183.755
2050-11-21 04:00:00,40706.2525
2050-11-21 05:00:00,41616.9325
2050-11-21 06:00:00,42678.1325
2050-11-21 07:00:00,43866.4375
2050-11-21 08:00:00,54536.275
2050-11-21 09:00:00,61203.2475
2050-11-21 10:00:00,60506.58
2050-11-21 11:00:00,60203.755
2050-11-21 12:00:00,60458.7625
2050-11-21 13:00:00,57123.4275
2050-11-21 14:00:00,52713.6
2050-11-21 15:00:00,42584.215
2050-11-21 16:00:00,41291.365
2050-11-21 17:00:00,40726.77
2050-11-21 18:00:00,40447.62
2050-11-21 19:00:00,40987.6225
2050-11-21 20:00:00,40917.88
2050-11-21 21:00:00,38554.8225
2050-11-21 22:00:00,36990.42
2050-11-21 23:00:00,34171.115
2050-11-22 00:00:00,30941.6375
2050-11-22 01:00:00,30194.74
2050-11-22 02:00:00,29528.7325
2050-11-22 03:00:00,30877.61
2050-11-22 04:00:00,32725.65
2050-11-22 05:00:00,35588.5475
2050-11-22 06:00:00,36662.9375
2050-11-22 07:00:00,39245.09
2050-11-22 08:00:00,47699.0225
2050-11-22 09:00:00,50720.8
2050-11-22 10:00:00,53406.6075
2050-11-22 11:00:00,55100.6925
2050-11-22 12:00:00,57834.59
2050-11-22 13:00:00,58136.6675
2050-11-22 14:00:00,56783.405
2050-11-22 15:00:00,49507.2775
2050-11-22 16:00:00,47630.55
2050-11-22 17:00:00,47614.7375
2050-11-22 18:00:00,47021.1325
2050-11-22 19:00:00,45763.62
2050-11-22 20:00:00,44244.3125
2050-11-22 21:00:00,41147.8075
2050-11-22 22:00:00,39207.7175
2050-11-22 23:00:00,37066.055
2050-11-23 00:00:00,36251.04
2050-11-23 01:00:00,36285.1575
2050-11-23 02:00:00,37770.905
2050-11-23 03:00:00,37576.1775
2050-11-23 04:00:00,37787.9175
2050-11-23 05:00:00,39290.2425
2050-11-23 06:00:00,40421.1125
2050-11-23 07:00:00,42352.2325
2050-11-23 08:00:00,44049.6225
2050-11-23 09:00:00,46741.9075
2050-11-23 10:00:00,49061.9575
2050-11-23 11:00:00,48834.635
2050-11-23 12:00:00,46184.8525
2050-11-23 13:00:00,44421.45
2050-11-23 14:00:00,44342.285
2050-11-23 15:00:00,44582.685
2050-11-23 16:00:00,45651.945
2050-11-23 17:00:00,45371.21
2050-11-23 18:00:00,43429.3225
2050-11-23 19:00:00,41252.9125
2050-11-23 20:00:00,39162.9475
2050-11-23 21:00:00,37598.5825
2050-11-23 22:00:00,33413.48
2050-11-23 23:00:00,32359.905
2050-11-24 00:00:00,30839.645
2050-11-24 01:00:00,30168.515
2050-11-24 02:00:00,30025.8075
2050-11-24 03:00:00,28701.53
2050-11-24 04:00:00,32374.815
2050-11-24 05:00:00,37551.325
2050-11-24 06:00:00,43706.905
2050-11-24 07:00:00,47304.485
2050-11-24 08:00:00,49039.38
2050-11-24 09:00:00,52630.7175
2050-11-24 10:00:00,56219.805
2050-11-24 11:00:00,54835.04
2050-11-24 12:00:00,53696.6125
2050-11-24 13:00:00,48897.965
2050-11-24 14:00:00,41849.5125
2050-11-24 15:00:00,37550.6975
2050-11-24 16:00:00,36667.99
2050-11-24 17:00:00,36163.5275
2050-11-24 18:00:00,36154.6725
2050-11-24 19:00:00,35833.3
2050-11-24 20:00:00,35152.495
2050-11-24 21:00:00,34829.215
2050-11-24 22:00:00,32899.49
2050-11-24 23:00:00,31165.6275
2050-11-25 00:00:00,30786.295
2050-11-25 01:00:00,29766.5825
2050-11-25 02:00:00,30292.7825
2050-11-25 03:00:00,33692.1725
2050-11-25 04:00:00,38775.98
2050-11-25 05:00:00,43441.5025
2050-11-25 06:00:00,48077.5225
2050-11-25 07:00:00,50517.455
2050-11-25 08:00:00,52553.7
2050-11-25 09:00:00,54618.6475
2050-11-25 10:00:00,56044.4175
2050-11-25 11:00:00,56620.39
2050-11-25 12:00:00,58529.8425
2050-11-25 13:00:00,57536.65
2050-11-25 14:00:00,54939.3325
2050-11-25 15:00:00,51847.1425
2050-11-25 16:00:00,50460.4025
2050-11-25 17:00:00,49339.1075
2050-11-25 18:00:00,47744.6625
2050-11-25 19:00:00,46654.4375
2050-11-25 20:00:00,45697.9275
2050-11-25 21:00:00,44017.5475
2050-11-25 22:00:00,42163.6275
2050-11-25 23:00:00,39449.5625
2050-11-26 00:00:00,37367.4675
2050-11-26 01:00:00,36084.7275
2050-11-26 02:00:00,34747.255
2050-11-26 03:00:00,35012.9925
2050-11-26 04:00:00,37040.2875
2050-11-26 05:00:00,38479.0975
2050-11-26 06:00:00,38935.9325
2050-11-26 07:00:00,39049.2725
2050-11-26 08:00:00,41384.9225
2050-11-26 09:00:00,45527.3
2050-11-26 10:00:00,48081.825
2050-11-26 11:00:00,49631.215
2050-11-26 12:00:00,49824.995
2050-11-26 13:00:00,48881.5325
2050-11-26 14:00:00,44719.705
2050-11-26 15:00:00,39242.1975
2050-11-26 16:00:00,39214.0225
2050-11-26 17:00:00,39447.94
2050-11-26 18:00:00,40753.7525
2050-11-26 19:00:00,41315.335
2050-11-26 20:00:00,42136.3
2050-11-26 21:00:00,42732.3875
2050-11-26 22:00:00,41840.6625
2050-11-26 23:00:00,37033.235
2050-11-27 00:00:00,34029.1575
2050-11-27 01:00:00,33623.255
2050-11-27 02:00:00,33016.705
2050-11-27 03:00:00,34084.4525
2050-11-27 04:00:00,36828.135
2050-11-27 05:00:00,42315.795
2050-11-27 06:00:00,48702.7725
2050-11-27 07:00:00,51722.7075
2050-11-27 08:00:00,52697.2775
2050-11-27 09:00:00,53234.5
2050-11-27 10:00:00,52407.445
2050-11-27 11:00:00,51392.71
2050-11-27 12:00:00,51014.735
2050-11-27 13:00:00,50974.4725
2050-11-27 14:00:00,50567.4475
2050-11-27 15:00:00,49755.4875
2050-11-27 16:00:00,49055.465
2050-11-27 17:00:00,49128.735
2050-11-27 18:00:00,48132.48
2050-11-27 19:00:00,45353.4975
2050-11-27 20:00:00,42249.6775
2050-11-27 21:00:00,39822.3375
2050-11-27 22:00:00,37923.28
2050-11-27 23:00:00,35503.7475
2050-11-28 00:00:00,34907.61
2050-11-28 01:00:00,34284.23
2050-11-28 02:00:00,34082.8975
2050-11-28 03:00:00,33876.17
2050-11-28 04:00:00,34442.515
2050-11-28 05:00:00,36334.155
2050-11-28 06:00:00,42369.88
2050-11-28 07:00:00,44136.33
2050-11-28 08:00:00,43420.175
2050-11-28 09:00:00,45743.0975
2050-11-28 10:00:00,48572.6525
2050-11-28 11:00:00,50522.715
2050-11-28 12:00:00,50138.045
2050-11-28 13:00:00,49945.32
2050-11-28 14:00:00,49232.2825
2050-11-28 15:00:00,47533.4025
2050-11-28 16:00:00,48230.1375
2050-11-28 17:00:00,48422.215
2050-11-28 18:00:00,48002.5825
2050-11-28 19:00:00,44884.425
2050-11-28 20:00:00,41196.45
2050-11-28 21:00:00,39240.2625
2050-11-28 22:00:00,35049.9975
2050-11-28 23:00:00,32361.1825
2050-11-29 00:00:00,29138.1325
2050-11-29 01:00:00,27149.2025
2050-11-29 02:00:00,25346.7975
2050-11-29 03:00:00,25675.34
2050-11-29 04:00:00,28025.8825
2050-11-29 05:00:00,30855.8225
2050-11-29 06:00:00,36125.8525
2050-11-29 07:00:00,40404.08
2050-11-29 08:00:00,43976.22
2050-11-29 09:00:00,48377.5325
2050-11-29 10:00:00,48742.2
2050-11-29 11:00:00,49071.02
2050-11-29 12:00:00,48054.21
2050-11-29 13:00:00,48093.285
2050-11-29 14:00:00,45187.73
2050-11-29 15:00:00,42607.1375
2050-11-29 16:00:00,42030.7325
2050-11-29 17:00:00,41980.8875
2050-11-29 18:00:00,40811.1425
2050-11-29 19:00:00,38841.51
2050-11-29 20:00:00,35864.105
2050-11-29 21:00:00,33320.6425
2050-11-29 22:00:00,30979.7475
2050-11-29 23:00:00,29272.69
2050-11-30 00:00:00,28847.2725
2050-11-30 01:00:00,28922.67
2050-11-30 02:00:00,28393.195
2050-11-30 03:00:00,29812.2075
2050-11-30 04:00:00,30097.6625
2050-11-30 05:00:00,31173.7375
2050-11-30 06:00:00,30898.175
2050-11-30 07:00:00,31149.08
2050-11-30 08:00:00,32688.8625
2050-11-30 09:00:00,38231.93
2050-11-30 10:00:00,47244.79
2050-11-30 11:00:00,48355.875
2050-11-30 12:00:00,48006.95
2050-11-30 13:00:00,46815.185
2050-11-30 14:00:00,43085.57
2050-11-30 15:00:00,40464.09
2050-11-30 16:00:00,39889.2875
2050-11-30 17:00:00,38967.9925
2050-11-30 18:00:00,38641.43
2050-11-30 19:00:00,36494.815
2050-11-30 20:00:00,34625.8725
2050-11-30 21:00:00,32456.7275
2050-11-30 22:00:00,29087.3775
2050-11-30 23:00:00,25361.515
2050-12-01 00:00:00,25693.21
2050-12-01 01:00:00,27145.585
2050-12-01 02:00:00,28783.755
2050-12-01 03:00:00,30438.955
2050-12-01 04:00:00,33081.0725
2050-12-01 05:00:00,37390.1125
2050-12-01 06:00:00,41916.2
2050-12-01 07:00:00,44761.705
2050-12-01 08:00:00,49015.2925
2050-12-01 09:00:00,53900.055
2050-12-01 10:00:00,55372.3225
2050-12-01 11:00:00,56681.8575
2050-12-01 12:00:00,56326.675
2050-12-01 13:00:00,55351.05
2050-12-01 14:00:00,53727.095
2050-12-01 15:00:00,52409.6425
2050-12-01 16:00:00,52643.2975
2050-12-01 17:00:00,51161.4375
2050-12-01 18:00:00,48736.7925
2050-12-01 19:00:00,46867.68
2050-12-01 20:00:00,43547.855
2050-12-01 21:00:00,41901.87
2050-12-01 22:00:00,39833.57
2050-12-01 23:00:00,37059.305
2050-12-02 00:00:00,36873.96
2050-12-02 01:00:00,37213.5075
2050-12-02 02:00:00,37889.7475
2050-12-02 03:00:00,37932.63
2050-12-02 04:00:00,37961.925
2050-12-02 05:00:00,40505.5
2050-12-02 06:00:00,46850.7275
2050-12-02 07:00:00,50270.85
2050-12-02 08:00:00,50389.1625
2050-12-02 09:00:00,51490.2875
2050-12-02 10:00:00,52105.28
2050-12-02 11:00:00,52991.74
2050-12-02 12:00:00,52588.265
2050-12-02 13:00:00,51737.0225
2050-12-02 14:00:00,49359.3125
2050-12-02 15:00:00,47221.11
2050-12-02 16:00:00,46442.74
2050-12-02 17:00:00,45498.745
2050-12-02 18:00:00,44855.04
2050-12-02 19:00:00,43751.065
2050-12-02 20:00:00,42339.0475
2050-12-02 21:00:00,41255.48
2050-12-02 22:00:00,39668.9025
2050-12-02 23:00:00,37432.265
2050-12-03 00:00:00,37171.6225
2050-12-03 01:00:00,37499.2875
2050-12-03 02:00:00,37157.4275
2050-12-03 03:00:00,37282.845
2050-12-03 04:00:00,38358.995
2050-12-03 05:00:00,40380.4425
2050-12-03 06:00:00,41797.04
2050-12-03 07:00:00,42226.815
2050-12-03 08:00:00,43027.885
2050-12-03 09:00:00,44713.1225
2050-12-03 10:00:00,46364.68
2050-12-03 11:00:00,47354.755
2050-12-03 12:00:00,48601.7975
2050-12-03 13:00:00,46715.345
2050-12-03 14:00:00,44867.155
2050-12-03 15:00:00,42725.865
2050-12-03 16:00:00,42138
2050-12-03 17:00:00,41976.925
2050-12-03 18:00:00,42147.4575
2050-12-03 19:00:00,42639.8525
2050-12-03 20:00:00,42233.865
2050-12-03 21:00:00,40353.6325
2050-12-03 22:00:00,38443.3625
2050-12-03 23:00:00,38456.9575
2050-12-04 00:00:00,37312.41
2050-12-04 01:00:00,36597.195
2050-12-04 02:00:00,36427.5275
2050-12-04 03:00:00,37184.9925
2050-12-04 04:00:00,39614.3875
2050-12-04 05:00:00,43885.0175
2050-12-04 06:00:00,47715.9225
2050-12-04 07:00:00,48839.5875
2050-12-04 08:00:00,50393.095
2050-12-04 09:00:00,55950.57
2050-12-04 10:00:00,60408.7925
2050-12-04 11:00:00,65594.4
2050-12-04 12:00:00,67582.11
2050-12-04 13:00:00,65554.1775
2050-12-04 14:00:00,57877.79
2050-12-04 15:00:00,54831.7925
2050-12-04 16:00:00,55876.085
2050-12-04 17:00:00,54420.01
2050-12-04 18:00:00,53243.655
2050-12-04 19:00:00,52089.3975
2050-12-04 20:00:00,48262.7125
2050-12-04 21:00:00,44413.9775
2050-12-04 22:00:00,41155.645
2050-12-04 23:00:00,39006.06
2050-12-05 00:00:00,36402.085
2050-12-05 01:00:00,34833.2575
2050-12-05 02:00:00,34047.365
2050-12-05 03:00:00,34805.2425
2050-12-05 04:00:00,36687.8125
2050-12-05 05:00:00,39842.3525
2050-12-05 06:00:00,41471.02
2050-12-05 07:00:00,42291.1825
2050-12-05 08:00:00,43468.5375
2050-12-05 09:00:00,46701.6025
2050-12-05 10:00:00,48249.4975
2050-12-05 11:00:00,49437.6825
2050-12-05 12:00:00,49530.54
2050-12-05 13:00:00,50046.7375
2050-12-05 14:00:00,49067.495
2050-12-05 15:00:00,49608.245
2050-12-05 16:00:00,51301.815
2050-12-05 17:00:00,51539.1125
2050-12-05 18:00:00,50742.4
2050-12-05 19:00:00,47609.55
2050-12-05 20:00:00,45197.365
2050-12-05 21:00:00,42513.5625
2050-12-05 22:00:00,38535.4675
2050-12-05 23:00:00,33808.5175
2050-12-06 00:00:00,32650.175
2050-12-06 01:00:00,33888.4625
2050-12-06 02:00:00,34540.9825
2050-12-06 03:00:00,35271.935
2050-12-06 04:00:00,35230.405
2050-12-06 05:00:00,35009.795
2050-12-06 06:00:00,36446.98
2050-12-06 07:00:00,37086.1325
2050-12-06 08:00:00,37759.0175
2050-12-06 09:00:00,39886.7775
2050-12-06 10:00:00,40058.9075
2050-12-06 11:00:00,40584.205
2050-12-06 12:00:00,40261.215
2050-12-06 13:00:00,39557.465
2050-12-06 14:00:00,37580.6625
2050-12-06 15:00:00,36756.14
2050-12-06 16:00:00,36531.7075
2050-12-06 17:00:00,35413.095
2050-12-06 18:00:00,35049.41
2050-12-06 19:00:00,35441.135
2050-12-06 20:00:00,34556.905
2050-12-06 21:00:00,33245.1175
2050-12-06 22:00:00,32614.32
2050-12-06 23:00:00,31276.5175
2050-12-07 00:00:00,30427.7025
2050-12-07 01:00:00,29954.7425
2050-12-07 02:00:00,28975.635
2050-12-07 03:00:00,27658.3025
2050-12-07 04:00:00,25817.9425
2050-12-07 05:00:00,24072.93
2050-12-07 06:00:00,25666.57
2050-12-07 07:00:00,29136.555
2050-12-07 08:00:00,33314.2975
2050-12-07 09:00:00,36419.135
2050-12-07 10:00:00,38098.6325
2050-12-07 11:00:00,38637.53
2050-12-07 12:00:00,39048.725
2050-12-07 13:00:00,38209.1025
2050-12-07 14:00:00,37077.9475
2050-12-07 15:00:00,37776.58
2050-12-07 16:00:00,39365.6775
2050-12-07 17:00:00,40017.785
2050-12-07 18:00:00,38576.0325
2050-12-07 19:00:00,36488.6075
2050-12-07 20:00:00,35915.09
2050-12-07 21:00:00,35481.1275
2050-12-07 22:00:00,35296.0725
2050-12-07 23:00:00,34876.6325
2050-12-08 00:00:00,34478.4825
2050-12-08 01:00:00,32537.7875
2050-12-08 02:00:00,30010.78
2050-12-08 03:00:00,29432.8225
2050-12-08 04:00:00,28957.815
2050-12-08 05:00:00,30822.4025
2050-12-08 06:00:00,32164.745
2050-12-08 07:00:00,35895.19
2050-12-08 08:00:00,38105.4625
2050-12-08 09:00:00,40238.8125
2050-12-08 10:00:00,42760.835
2050-12-08 11:00:00,42157.99
2050-12-08 12:00:00,43236.16
2050-12-08 13:00:00,44078.465
2050-12-08 14:00:00,44740.73
2050-12-08 15:00:00,43323.1425
2050-12-08 16:00:00,41388.3325
2050-12-08 17:00:00,39978.6025
2050-12-08 18:00:00,39351.7475
2050-12-08 19:00:00,37218.3475
2050-12-08 20:00:00,33870.725
2050-12-08 21:00:00,31598.5425
2050-12-08 22:00:00,29020.8375
2050-12-08 23:00:00,26296.23
2050-12-09 00:00:00,25022.4425
2050-12-09 01:00:00,24079.46
2050-12-09 02:00:00,23364.245
2050-12-09 03:00:00,24352.5775
2050-12-09 04:00:00,26310.015
2050-12-09 05:00:00,33785.6425
2050-12-09 06:00:00,40049.2625
2050-12-09 07:00:00,41691.5425
2050-12-09 08:00:00,41851.8025
2050-12-09 09:00:00,42958.4925
2050-12-09 10:00:00,47328.8875
2050-12-09 11:00:00,49037.1625
2050-12-09 12:00:00,50224.94
2050-12-09 13:00:00,49846.4175
2050-12-09 14:00:00,48580.0725
2050-12-09 15:00:00,46530.4875
2050-12-09 16:00:00,46959.12
2050-12-09 17:00:00,46944.7775
2050-12-09 18:00:00,46558.9725
2050-12-09 19:00:00,40052.9975
2050-12-09 20:00:00,36451.085
2050-12-09 21:00:00,34492.11
2050-12-09 22:00:00,33498.18
2050-12-09 23:00:00,32088.9675
2050-12-10 00:00:00,31413.0025
2050-12-10 01:00:00,31115.69
2050-12-10 02:00:00,29454.6325
2050-12-10 03:00:00,27558.56
2050-12-10 04:00:00,27913.93
2050-12-10 05:00:00,30885.455
2050-12-10 06:00:00,37221.3025
2050-12-10 07:00:00,39744.1075
2050-12-10 08:00:00,41077.965
2050-12-10 09:00:00,43947.445
2050-12-10 10:00:00,46090.0975
2050-12-10 11:00:00,48751.3775
2050-12-10 12:00:00,49554.03
2050-12-10 13:00:00,49799.3125
2050-12-10 14:00:00,48103.5075
2050-12-10 15:00:00,46870.465
2050-12-10 16:00:00,46773.12
2050-12-10 17:00:00,46374.2175
2050-12-10 18:00:00,44590.72
2050-12-10 19:00:00,40725.575
2050-12-10 20:00:00,34968.125
2050-12-10 21:00:00,31114.1
2050-12-10 22:00:00,26638.5225
2050-12-10 23:00:00,25823.1125
2050-12-11 00:00:00,25852.9475
2050-12-11 01:00:00,25651.01
2050-12-11 02:00:00,25121.4125
2050-12-11 03:00:00,25271.48
2050-12-11 04:00:00,26682.87
2050-12-11 05:00:00,31342.4525
2050-12-11 06:00:00,38891.5575
2050-12-11 07:00:00,41943.77
2050-12-11 08:00:00,43347.51
2050-12-11 09:00:00,45616.71
2050-12-11 10:00:00,48228.7875
2050-12-11 11:00:00,50718.34
2050-12-11 12:00:00,50895.2275
2050-12-11 13:00:00,48022.9025
2050-12-11 14:00:00,44172.4725
2050-12-11 15:00:00,39218.94
2050-12-11 16:00:00,39825.305
2050-12-11 17:00:00,41407.1275
2050-12-11 18:00:00,42086.24
2050-12-11 19:00:00,41297.49
2050-12-11 20:00:00,38058.0875
2050-12-11 21:00:00,35016.71
2050-12-11 22:00:00,32802.66
2050-12-11 23:00:00,30671.9625
2050-12-12 00:00:00,30162.8425
2050-12-12 01:00:00,30163.725
2050-12-12 02:00:00,31876.335
2050-12-12 03:00:00,33482.91
2050-12-12 04:00:00,35618.48
2050-12-12 05:00:00,38565.88
2050-12-12 06:00:00,40696.3625
2050-12-12 07:00:00,41609.6175
2050-12-12 08:00:00,41440.79
2050-12-12 09:00:00,43025.6675
2050-12-12 10:00:00,44813.0125
2050-12-12 11:00:00,45869.4
2050-12-12 12:00:00,44908.59
2050-12-12 13:00:00,43495.9425
2050-12-12 14:00:00,42110.7975
2050-12-12 15:00:00,42067.4425
2050-12-12 16:00:00,42393.2975
2050-12-12 17:00:00,42453.1675
2050-12-12 18:00:00,43137.0425
2050-12-12 19:00:00,43812.4425
2050-12-12 20:00:00,41333.295
2050-12-12 21:00:00,39222.4925
2050-12-12 22:00:00,37933.08
2050-12-12 23:00:00,36923.3625
2050-12-13 00:00:00,36467.235
2050-12-13 01:00:00,35217.275
2050-12-13 02:00:00,34652.28
2050-12-13 03:00:00,32910.17
2050-12-13 04:00:00,31640.6125
2050-12-13 05:00:00,30215.545
2050-12-13 06:00:00,30168.28
2050-12-13 07:00:00,31447.09
2050-12-13 08:00:00,33856.8225
2050-12-13 09:00:00,36960.7875
2050-12-13 10:00:00,41017.17
2050-12-13 11:00:00,43143.8
2050-12-13 12:00:00,46206.535
2050-12-13 13:00:00,46968.18
2050-12-13 14:00:00,42264.5275
2050-12-13 15:00:00,34484.2725
2050-12-13 16:00:00,34879.975
2050-12-13 17:00:00,35346.9525
2050-12-13 18:00:00,35658.1825
2050-12-13 19:00:00,35039.95
2050-12-13 20:00:00,34370.375
2050-12-13 21:00:00,33473.0675
2050-12-13 22:00:00,31072.33
2050-12-13 23:00:00,27663.35
2050-12-14 00:00:00,25223.9025
2050-12-14 01:00:00,25183.9925
2050-12-14 02:00:00,25727.36
2050-12-14 03:00:00,26552.245
2050-12-14 04:00:00,28621.2325
2050-12-14 05:00:00,30817.6825
2050-12-14 06:00:00,33696.29
2050-12-14 07:00:00,35748.9225
2050-12-14 08:00:00,37296.015
2050-12-14 09:00:00,41230.1625
2050-12-14 10:00:00,46061.0725
2050-12-14 11:00:00,48773.955
2050-12-14 12:00:00,47837.41
2050-12-14 13:00:00,45151.2825
2050-12-14 14:00:00,43141.195
2050-12-14 15:00:00,41706.68
2050-12-14 16:00:00,41185.905
2050-12-14 17:00:00,41624.4175
2050-12-14 18:00:00,40884.9275
2050-12-14 19:00:00,39049.9075
2050-12-14 20:00:00,34909.73
2050-12-14 21:00:00,35157.6875
2050-12-14 22:00:00,34914.895
2050-12-14 23:00:00,34014.1475
2050-12-15 00:00:00,33989.2725
2050-12-15 01:00:00,32716.4775
2050-12-15 02:00:00,31688.96
2050-12-15 03:00:00,32867.775
2050-12-15 04:00:00,34648.1475
2050-12-15 05:00:00,38388.9275
2050-12-15 06:00:00,44328.88
2050-12-15 07:00:00,47561.015
2050-12-15 08:00:00,48694.2825
2050-12-15 09:00:00,52887.2575
2050-12-15 10:00:00,54411.2775
2050-12-15 11:00:00,57224.6475
2050-12-15 12:00:00,57982.37
2050-12-15 13:00:00,56362.92
2050-12-15 14:00:00,52665.02
2050-12-15 15:00:00,43195.7425
2050-12-15 16:00:00,40429.2
2050-12-15 17:00:00,40724.83
2050-12-15 18:00:00,41406.4775
2050-12-15 19:00:00,40011.4275
2050-12-15 20:00:00,36502.3475
2050-12-15 21:00:00,32915.6
2050-12-15 22:00:00,30087.0125
2050-12-15 23:00:00,29598.34
2050-12-16 00:00:00,29439.9325
2050-12-16 01:00:00,29311.5775
2050-12-16 02:00:00,29772.6375
2050-12-16 03:00:00,29779.7425
2050-12-16 04:00:00,31433.6
2050-12-16 05:00:00,34723.3125
2050-12-16 06:00:00,40232.19
2050-12-16 07:00:00,42165.3825
2050-12-16 08:00:00,45003.0175
2050-12-16 09:00:00,49172.8925
2050-12-16 10:00:00,50553.54
2050-12-16 11:00:00,50852.6875
2050-12-16 12:00:00,49431.64
2050-12-16 13:00:00,46345.4575
2050-12-16 14:00:00,43140.1325
2050-12-16 15:00:00,39624.1275
2050-12-16 16:00:00,39305.3925
2050-12-16 17:00:00,38707.96
2050-12-16 18:00:00,38435.49
2050-12-16 19:00:00,37922.3175
2050-12-16 20:00:00,37189.8525
2050-12-16 21:00:00,35602.13
2050-12-16 22:00:00,34371.2725
2050-12-16 23:00:00,33479.015
2050-12-17 00:00:00,32999.5875
2050-12-17 01:00:00,32962.6625
2050-12-17 02:00:00,32677.1325
2050-12-17 03:00:00,33123.515
2050-12-17 04:00:00,34281.3875
2050-12-17 05:00:00,36465.6825
2050-12-17 06:00:00,38435.44
2050-12-17 07:00:00,38439.9475
2050-12-17 08:00:00,38592.9575
2050-12-17 09:00:00,40350.135
2050-12-17 10:00:00,42141.295
2050-12-17 11:00:00,44036.415
2050-12-17 12:00:00,44878.7575
2050-12-17 13:00:00,45563.88
2050-12-17 14:00:00,45879.2875
2050-12-17 15:00:00,45321.785
2050-12-17 16:00:00,46727.4075
2050-12-17 17:00:00,46935.8975
2050-12-17 18:00:00,45415.625
2050-12-17 19:00:00,42353.5575
2050-12-17 20:00:00,41403.4
2050-12-17 21:00:00,38574.2725
2050-12-17 22:00:00,34423.4
2050-12-17 23:00:00,32328.4975
2050-12-18 00:00:00,32578.8
2050-12-18 01:00:00,32577.5175
2050-12-18 02:00:00,32981.8675
2050-12-18 03:00:00,33977.9575
2050-12-18 04:00:00,35065.4775
2050-12-18 05:00:00,36842.3375
2050-12-18 06:00:00,39279.4275
2050-12-18 07:00:00,41263.34
2050-12-18 08:00:00,41861.6875
2050-12-18 09:00:00,42301.9425
2050-12-18 10:00:00,43546.93
2050-12-18 11:00:00,44619.2175
2050-12-18 12:00:00,45907.1775
2050-12-18 13:00:00,44229.0475
2050-12-18 14:00:00,40968.1925
2050-12-18 15:00:00,38622.265
2050-12-18 16:00:00,39817.1525
2050-12-18 17:00:00,40158.1675
2050-12-18 18:00:00,38068.2625
2050-12-18 19:00:00,36185.485
2050-12-18 20:00:00,35552.74
2050-12-18 21:00:00,34939.4925
2050-12-18 22:00:00,34180.38
2050-12-18 23:00:00,33968.705
2050-12-19 00:00:00,33267.565
2050-12-19 01:00:00,32054.2025
2050-12-19 02:00:00,31514.37
2050-12-19 03:00:00,29470.9325
2050-12-19 04:00:00,26747.855
2050-12-19 05:00:00,24865.905
2050-12-19 06:00:00,29942.43
2050-12-19 07:00:00,33406.8625
2050-12-19 08:00:00,34484.94
2050-12-19 09:00:00,35490.295
2050-12-19 10:00:00,38637.1375
2050-12-19 11:00:00,42088.175
2050-12-19 12:00:00,44170.985
2050-12-19 13:00:00,43881.745
2050-12-19 14:00:00,42126.3225
2050-12-19 15:00:00,40608.56
2050-12-19 16:00:00,40578.1175
2050-12-19 17:00:00,40106.6375
2050-12-19 18:00:00,39208.8375
2050-12-19 19:00:00,37525.66
2050-12-19 20:00:00,35648.9025
2050-12-19 21:00:00,33272.5975
2050-12-19 22:00:00,31629.965
2050-12-19 23:00:00,31157.9575
2050-12-20 00:00:00,30713.78
2050-12-20 01:00:00,30874.9275
2050-12-20 02:00:00,29736.525
2050-12-20 03:00:00,29257.6675
2050-12-20 04:00:00,30144.5575
2050-12-20 05:00:00,30658.92
2050-12-20 06:00:00,32779.865
2050-12-20 07:00:00,33593.32
2050-12-20 08:00:00,34484.3025
2050-12-20 09:00:00,37487.535
2050-12-20 10:00:00,40556.81
2050-12-20 11:00:00,40084.9225
2050-12-20 12:00:00,38738.155
2050-12-20 13:00:00,38652.785
2050-12-20 14:00:00,37825.8525
2050-12-20 15:00:00,37434.49
2050-12-20 16:00:00,38514.6725
2050-12-20 17:00:00,39485.1375
2050-12-20 18:00:00,40153.19
2050-12-20 19:00:00,38427.49
2050-12-20 20:00:00,35883.5625
2050-12-20 21:00:00,32979.0325
2050-12-20 22:00:00,29552.5275
2050-12-20 23:00:00,28411.815
2050-12-21 00:00:00,27332.775
2050-12-21 01:00:00,26053.78
2050-12-21 02:00:00,25655.6975
2050-12-21 03:00:00,24762.6825
2050-12-21 04:00:00,24577.105
2050-12-21 05:00:00,25167.8225
2050-12-21 06:00:00,27267.23
2050-12-21 07:00:00,29694.57
2050-12-21 08:00:00,30844.2825
2050-12-21 09:00:00,33729.5
2050-12-21 10:00:00,37585.9525
2050-12-21 11:00:00,40110.1425
2050-12-21 12:00:00,38965.17
2050-12-21 13:00:00,38640.68
2050-12-21 14:00:00,36018.0175
2050-12-21 15:00:00,32605.26
2050-12-21 16:00:00,33570.4625
2050-12-21 17:00:00,34058.2225
2050-12-21 18:00:00,33131.66
2050-12-21 19:00:00,32089.06
2050-12-21 20:00:00,30252.9075
2050-12-21 21:00:00,30209.9775
2050-12-21 22:00:00,29902.53
2050-12-21 23:00:00,29806.835
2050-12-22 00:00:00,28888.56
2050-12-22 01:00:00,27818.7925
2050-12-22 02:00:00,26305.59
2050-12-22 03:00:00,25620.1725
2050-12-22 04:00:00,25905.6725
2050-12-22 05:00:00,29116.7425
2050-12-22 06:00:00,33904.2425
2050-12-22 07:00:00,38897.8775
2050-12-22 08:00:00,40910.61
2050-12-22 09:00:00,45249.3225
2050-12-22 10:00:00,47152.03
2050-12-22 11:00:00,48145.6525
2050-12-22 12:00:00,47845.6425
2050-12-22 13:00:00,45755.4925
2050-12-22 14:00:00,43929.2825
2050-12-22 15:00:00,42571.8125
2050-12-22 16:00:00,43476.765
2050-12-22 17:00:00,44038.7725
2050-12-22 18:00:00,42198.6675
2050-12-22 19:00:00,39841.5125
2050-12-22 20:00:00,38294.4575
2050-12-22 21:00:00,34599.5025
2050-12-22 22:00:00,32187.77
2050-12-22 23:00:00,30445.325
2050-12-23 00:00:00,28622.6775
2050-12-23 01:00:00,29495.1775
2050-12-23 02:00:00,31329.91
2050-12-23 03:00:00,31739.065
2050-12-23 04:00:00,32697.875
2050-12-23 05:00:00,34523.9175
2050-12-23 06:00:00,36745.545
2050-12-23 07:00:00,39346.45
2050-12-23 08:00:00,40124.14
2050-12-23 09:00:00,42043.28
2050-12-23 10:00:00,43675.0025
2050-12-23 11:00:00,44377.395
2050-12-23 12:00:00,45409.71
2050-12-23 13:00:00,45670.855
2050-12-23 14:00:00,44780.665
2050-12-23 15:00:00,43905.1725
2050-12-23 16:00:00,44193.175
2050-12-23 17:00:00,43609.925
2050-12-23 18:00:00,42125.37
2050-12-23 19:00:00,39647.1975
2050-12-23 20:00:00,37596.2825
2050-12-23 21:00:00,36655.3825
2050-12-23 22:00:00,35550.655
2050-12-23 23:00:00,33550.115
2050-12-24 00:00:00,32652.305
2050-12-24 01:00:00,32102.84
2050-12-24 02:00:00,32499.9175
2050-12-24 03:00:00,32706.0275
2050-12-24 04:00:00,32978.01
2050-12-24 05:00:00,33837.2475
2050-12-24 06:00:00,35842.5075
2050-12-24 07:00:00,37195.38
2050-12-24 08:00:00,38546.18
2050-12-24 09:00:00,48038.4425
2050-12-24 10:00:00,56582.365
2050-12-24 11:00:00,59957.0125
2050-12-24 12:00:00,60257.8425
2050-12-24 13:00:00,57892.565
2050-12-24 14:00:00,52840.465
2050-12-24 15:00:00,40131.4025
2050-12-24 16:00:00,37237.4125
2050-12-24 17:00:00,37493.13
2050-12-24 18:00:00,38358.99
2050-12-24 19:00:00,38328.665
2050-12-24 20:00:00,38648.26
2050-12-24 21:00:00,37885.5375
2050-12-24 22:00:00,37384.0475
2050-12-24 23:00:00,37442.8575
2050-12-25 00:00:00,37252.12
2050-12-25 01:00:00,36769.865
2050-12-25 02:00:00,36577.0325
2050-12-25 03:00:00,37178.6775
2050-12-25 04:00:00,37269.2
2050-12-25 05:00:00,39165.6775
2050-12-25 06:00:00,40493.1725
2050-12-25 07:00:00,41218.555
2050-12-25 08:00:00,44542.4275
2050-12-25 09:00:00,54729.8225
2050-12-25 10:00:00,62764.1775
2050-12-25 11:00:00,65037.6875
2050-12-25 12:00:00,64205.5075
2050-12-25 13:00:00,60672.865
2050-12-25 14:00:00,58997.1625
2050-12-25 15:00:00,48365.7975
2050-12-25 16:00:00,46982.8725
2050-12-25 17:00:00,47314.41
2050-12-25 18:00:00,46990.24
2050-12-25 19:00:00,46710.62
2050-12-25 20:00:00,45251.7375
2050-12-25 21:00:00,42894.6375
2050-12-25 22:00:00,39902.4625
2050-12-25 23:00:00,39120.0325
2050-12-26 00:00:00,36821.6625
2050-12-26 01:00:00,35289.475
2050-12-26 02:00:00,34054.88
2050-12-26 03:00:00,34082.6625
2050-12-26 04:00:00,36037.545
2050-12-26 05:00:00,38334.3925
2050-12-26 06:00:00,40933.295
2050-12-26 07:00:00,41982.345
2050-12-26 08:00:00,41162.375
2050-12-26 09:00:00,51335.77
2050-12-26 10:00:00,61975.555
2050-12-26 11:00:00,64903.92
2050-12-26 12:00:00,64826.41
2050-12-26 13:00:00,60694.915
2050-12-26 14:00:00,53737.755
2050-12-26 15:00:00,42571.49
2050-12-26 16:00:00,42323.595
2050-12-26 17:00:00,41563.47
2050-12-26 18:00:00,40710.37
2050-12-26 19:00:00,38738.0625
2050-12-26 20:00:00,37971.355
2050-12-26 21:00:00,37823.9775
2050-12-26 22:00:00,36769.3275
2050-12-26 23:00:00,35655.3525
2050-12-27 00:00:00,34393.36
2050-12-27 01:00:00,32046.3075
2050-12-27 02:00:00,29528.615
2050-12-27 03:00:00,29806.64
2050-12-27 04:00:00,29883.6625
2050-12-27 05:00:00,31432.1475
2050-12-27 06:00:00,32425.26
2050-12-27 07:00:00,34336.52
2050-12-27 08:00:00,35745.6225
2050-12-27 09:00:00,37844.0125
2050-12-27 10:00:00,36798.11
2050-12-27 11:00:00,37834.1825
2050-12-27 12:00:00,37747.0925
2050-12-27 13:00:00,37793.825
2050-12-27 14:00:00,38634.945
2050-12-27 15:00:00,39479.01
2050-12-27 16:00:00,39899.4025
2050-12-27 17:00:00,39410.0575
2050-12-27 18:00:00,38906.645
2050-12-27 19:00:00,37684.0125
2050-12-27 20:00:00,35963.1275
2050-12-27 21:00:00,32453.7475
2050-12-27 22:00:00,27496.025
2050-12-27 23:00:00,24899.265
2050-12-28 00:00:00,23844.025
2050-12-28 01:00:00,24344.225
2050-12-28 02:00:00,23939.4925
2050-12-28 03:00:00,23525.605
2050-12-28 04:00:00,22425.78
2050-12-28 05:00:00,22545.6275
2050-12-28 06:00:00,23822.4975
2050-12-28 07:00:00,25317.2275
2050-12-28 08:00:00,26730.1
2050-12-28 09:00:00,33279.6125
2050-12-28 10:00:00,39469.6475
2050-12-28 11:00:00,41916.295
2050-12-28 12:00:00,42769.2
2050-12-28 13:00:00,42318.635
2050-12-28 14:00:00,41849.3575
2050-12-28 15:00:00,33266.99
2050-12-28 16:00:00,31536.0325
2050-12-28 17:00:00,31165.015
2050-12-28 18:00:00,31215.1525
2050-12-28 19:00:00,30682.76
2050-12-28 20:00:00,30278.52
2050-12-28 21:00:00,29027.58
2050-12-28 22:00:00,26575.595
2050-12-28 23:00:00,26281.94
2050-12-29 00:00:00,26721.5175
2050-12-29 01:00:00,27036.0775
2050-12-29 02:00:00,27148.46
2050-12-29 03:00:00,28129.21
2050-12-29 04:00:00,29132.2975
2050-12-29 05:00:00,29576.2775
2050-12-29 06:00:00,33257.765
2050-12-29 07:00:00,34580.635
2050-12-29 08:00:00,35003.9275
2050-12-29 09:00:00,35618.235
2050-12-29 10:00:00,36383.9125
2050-12-29 11:00:00,37319.2975
2050-12-29 12:00:00,38103.645
2050-12-29 13:00:00,40762.7125
2050-12-29 14:00:00,39590.0225
2050-12-29 15:00:00,38613.555
2050-12-29 16:00:00,38859.305
2050-12-29 17:00:00,39250.0775
2050-12-29 18:00:00,39027.475
2050-12-29 19:00:00,37221.6775
2050-12-29 20:00:00,34919.7325
2050-12-29 21:00:00,30870.595
2050-12-29 22:00:00,29279.545
2050-12-29 23:00:00,28411.4925
2050-12-30 00:00:00,27605.1225
2050-12-30 01:00:00,26747.3375
2050-12-30 02:00:00,27356.7825
2050-12-30 03:00:00,27172.8
2050-12-30 04:00:00,27443.655
2050-12-30 05:00:00,29707.1125
2050-12-30 06:00:00,31675.4225
2050-12-30 07:00:00,32899.1975
2050-12-30 08:00:00,33518.615
2050-12-30 09:00:00,41756.495
2050-12-30 10:00:00,43188.8525
2050-12-30 11:00:00,44296.025
2050-12-30 12:00:00,43087.5225
2050-12-30 13:00:00,43906.9775
2050-12-30 14:00:00,44342.7875
2050-12-30 15:00:00,35732.09
2050-12-30 16:00:00,34890.375
2050-12-30 17:00:00,34353.7225
2050-12-30 18:00:00,34345.3625
2050-12-30 19:00:00,33667.255
2050-12-30 20:00:00,32330.915
2050-12-30 21:00:00,31600.03
2050-12-30 22:00:00,28502.345
2050-12-30 23:00:00,26937.2075
2050-12-31 00:00:00,25348.745
2050-12-31 01:00:00,24610.49
2050-12-31 02:00:00,24867.2975
2050-12-31 03:00:00,24239.32
2050-12-31 04:00:00,26247.52
2050-12-31 05:00:00,28915.4125
2050-12-31 06:00:00,31389.7225
2050-12-31 07:00:00,33531.2375
2050-12-31 08:00:00,36739.1225
2050-12-31 09:00:00,42490.685
2050-12-31 10:00:00,46570.86
2050-12-31 11:00:00,48967.7925
2050-12-31 12:00:00,49913.6925
2050-12-31 13:00:00,48952.1425
2050-12-31 14:00:00,46174
2050-12-31 15:00:00,43572.0475
2050-12-31 16:00:00,40855.3575
2050-12-31 17:00:00,40163.1475
2050-12-31 18:00:00,39473.14
2050-12-31 19:00:00,37458.995
2050-12-31 20:00:00,35287.68
2050-12-31 21:00:00,33706.16
2050-12-31 22:00:00,33385.89
