nodes,NLD
techs,demand_power
2050-01-01 00:00:00,25134.734
2050-01-01 01:00:00,23874.922000000002
2050-01-01 02:00:00,23799.22
2050-01-01 03:00:00,23385.922000000002
2050-01-01 04:00:00,22677.81
2050-01-01 05:00:00,23248.936
2050-01-01 06:00:00,24147.392000000003
2050-01-01 07:00:00,22928.252
2050-01-01 08:00:00,22706.484
2050-01-01 09:00:00,22896.952
2050-01-01 10:00:00,22278.356
2050-01-01 11:00:00,22218.606
2050-01-01 12:00:00,22163.876000000004
2050-01-01 13:00:00,22965.428
2050-01-01 14:00:00,24878.672000000002
2050-01-01 15:00:00,28216.318
2050-01-01 16:00:00,29203.518
2050-01-01 17:00:00,27456.908000000003
2050-01-01 18:00:00,26597.506
2050-01-01 19:00:00,25862.418
2050-01-01 20:00:00,26003.856
2050-01-01 21:00:00,26357.274
2050-01-01 22:00:00,26236.126000000004
2050-01-01 23:00:00,25436.122000000003
2050-01-02 00:00:00,24280.684
2050-01-02 01:00:00,19923.944000000003
2050-01-02 02:00:00,17913.354000000003
2050-01-02 03:00:00,18178.100000000002
2050-01-02 04:00:00,19514.564000000002
2050-01-02 05:00:00,22277.062
2050-01-02 06:00:00,24952.866
2050-01-02 07:00:00,26393.834000000003
2050-01-02 08:00:00,28468.622
2050-01-02 09:00:00,32740.13
2050-01-02 10:00:00,37647.188
2050-01-02 11:00:00,42215.724
2050-01-02 12:00:00,42827.416
2050-01-02 13:00:00,41387.888000000006
2050-01-02 14:00:00,37215.162000000004
2050-01-02 15:00:00,34513.052
2050-01-02 16:00:00,34057.112
2050-01-02 17:00:00,34396.844000000005
2050-01-02 18:00:00,32853.186
2050-01-02 19:00:00,32156.721999999998
2050-01-02 20:00:00,29701.16
2050-01-02 21:00:00,27393.632
2050-01-02 22:00:00,24293.458
2050-01-02 23:00:00,21767.074
2050-01-03 00:00:00,21526.010000000002
2050-01-03 01:00:00,21568.684
2050-01-03 02:00:00,21264.128
2050-01-03 03:00:00,21719.522
2050-01-03 04:00:00,23891.312
2050-01-03 05:00:00,26903.332000000002
2050-01-03 06:00:00,29724.228000000003
2050-01-03 07:00:00,31637.928000000004
2050-01-03 08:00:00,33659.194
2050-01-03 09:00:00,37570.334
2050-01-03 10:00:00,39470.53200000001
2050-01-03 11:00:00,38006.888
2050-01-03 12:00:00,35383.168
2050-01-03 13:00:00,36420.17800000001
2050-01-03 14:00:00,37044.918
2050-01-03 15:00:00,35188.608
2050-01-03 16:00:00,34397.114
2050-01-03 17:00:00,33115.844000000005
2050-01-03 18:00:00,31692.688000000002
2050-01-03 19:00:00,29889.184000000005
2050-01-03 20:00:00,28763.176000000003
2050-01-03 21:00:00,26337.244000000002
2050-01-03 22:00:00,23572.354000000003
2050-01-03 23:00:00,22244.164000000004
2050-01-04 00:00:00,22022.146
2050-01-04 01:00:00,20551.796000000002
2050-01-04 02:00:00,18829.904000000002
2050-01-04 03:00:00,19098.714000000004
2050-01-04 04:00:00,19665.510000000002
2050-01-04 05:00:00,21309.536
2050-01-04 06:00:00,22510.362
2050-01-04 07:00:00,25539.4
2050-01-04 08:00:00,28005.398
2050-01-04 09:00:00,31165.886
2050-01-04 10:00:00,32685.340000000004
2050-01-04 11:00:00,35228.984000000004
2050-01-04 12:00:00,35971.096000000005
2050-01-04 13:00:00,34297.054
2050-01-04 14:00:00,32697.726000000002
2050-01-04 15:00:00,29603.270000000004
2050-01-04 16:00:00,28620.228000000003
2050-01-04 17:00:00,28384.984000000004
2050-01-04 18:00:00,28361.038
2050-01-04 19:00:00,27987.402000000002
2050-01-04 20:00:00,26645.368000000002
2050-01-04 21:00:00,26184.352
2050-01-04 22:00:00,25286.198000000004
2050-01-04 23:00:00,20753.862
2050-01-05 00:00:00,18547.054
2050-01-05 01:00:00,17497.096
2050-01-05 02:00:00,18923.012
2050-01-05 03:00:00,19575.820000000003
2050-01-05 04:00:00,21861.72
2050-01-05 05:00:00,23904.688000000002
2050-01-05 06:00:00,25588.29
2050-01-05 07:00:00,27898.636
2050-01-05 08:00:00,28067.226000000002
2050-01-05 09:00:00,28685.0
2050-01-05 10:00:00,30397.140000000003
2050-01-05 11:00:00,30755.51
2050-01-05 12:00:00,28086.004
2050-01-05 13:00:00,27293.528000000006
2050-01-05 14:00:00,26657.790000000005
2050-01-05 15:00:00,26312.268
2050-01-05 16:00:00,26394.350000000002
2050-01-05 17:00:00,26623.809999999998
2050-01-05 18:00:00,26283.104
2050-01-05 19:00:00,26123.046000000002
2050-01-05 20:00:00,26856.238
2050-01-05 21:00:00,27530.148
2050-01-05 22:00:00,27538.192
2050-01-05 23:00:00,27207.440000000002
2050-01-06 00:00:00,27253.76
2050-01-06 01:00:00,27347.134000000005
2050-01-06 02:00:00,27333.33
2050-01-06 03:00:00,27421.378000000004
2050-01-06 04:00:00,27794.806
2050-01-06 05:00:00,28192.148
2050-01-06 06:00:00,29096.146000000004
2050-01-06 07:00:00,29929.726000000002
2050-01-06 08:00:00,30216.688000000002
2050-01-06 09:00:00,30779.084000000003
2050-01-06 10:00:00,32040.482000000004
2050-01-06 11:00:00,32763.422
2050-01-06 12:00:00,31415.542
2050-01-06 13:00:00,27783.070000000003
2050-01-06 14:00:00,25887.31
2050-01-06 15:00:00,26615.006
2050-01-06 16:00:00,28069.572
2050-01-06 17:00:00,30235.888000000003
2050-01-06 18:00:00,30516.142
2050-01-06 19:00:00,29395.442
2050-01-06 20:00:00,28706.104
2050-01-06 21:00:00,27821.406000000003
2050-01-06 22:00:00,26927.178000000004
2050-01-06 23:00:00,26213.386
2050-01-07 00:00:00,26145.708
2050-01-07 01:00:00,25764.692000000003
2050-01-07 02:00:00,25547.854000000003
2050-01-07 03:00:00,25514.520000000004
2050-01-07 04:00:00,26212.914000000004
2050-01-07 05:00:00,27743.928000000004
2050-01-07 06:00:00,30549.271999999997
2050-01-07 07:00:00,32932.618
2050-01-07 08:00:00,33014.17800000001
2050-01-07 09:00:00,34445.914000000004
2050-01-07 10:00:00,36203.450000000004
2050-01-07 11:00:00,37312.154
2050-01-07 12:00:00,38188.094000000005
2050-01-07 13:00:00,36089.222
2050-01-07 14:00:00,34938.326
2050-01-07 15:00:00,35464.846000000005
2050-01-07 16:00:00,34935.684
2050-01-07 17:00:00,34755.726
2050-01-07 18:00:00,33492.078
2050-01-07 19:00:00,32154.520000000004
2050-01-07 20:00:00,30354.826
2050-01-07 21:00:00,28433.76
2050-01-07 22:00:00,26879.984000000004
2050-01-07 23:00:00,25690.442000000003
2050-01-08 00:00:00,24797.012000000002
2050-01-08 01:00:00,24449.532000000003
2050-01-08 02:00:00,24841.066000000003
2050-01-08 03:00:00,24335.48
2050-01-08 04:00:00,25143.88
2050-01-08 05:00:00,25880.960000000003
2050-01-08 06:00:00,29512.864
2050-01-08 07:00:00,32050.190000000002
2050-01-08 08:00:00,33210.968
2050-01-08 09:00:00,36841.68
2050-01-08 10:00:00,39094.646
2050-01-08 11:00:00,39461.590000000004
2050-01-08 12:00:00,38778.914000000004
2050-01-08 13:00:00,34828.954
2050-01-08 14:00:00,32889.86
2050-01-08 15:00:00,31765.002000000004
2050-01-08 16:00:00,31792.224000000002
2050-01-08 17:00:00,31681.244000000002
2050-01-08 18:00:00,31762.822
2050-01-08 19:00:00,30443.534000000003
2050-01-08 20:00:00,27298.044
2050-01-08 21:00:00,24645.886
2050-01-08 22:00:00,21304.702
2050-01-08 23:00:00,19769.5
2050-01-09 00:00:00,18486.018
2050-01-09 01:00:00,17788.264000000003
2050-01-09 02:00:00,17302.562
2050-01-09 03:00:00,18032.732
2050-01-09 04:00:00,19858.728000000003
2050-01-09 05:00:00,26657.246000000003
2050-01-09 06:00:00,32599.464000000004
2050-01-09 07:00:00,33297.472
2050-01-09 08:00:00,33259.088
2050-01-09 09:00:00,34490.942
2050-01-09 10:00:00,37169.306000000004
2050-01-09 11:00:00,43634.036
2050-01-09 12:00:00,48716.130000000005
2050-01-09 13:00:00,49120.100000000006
2050-01-09 14:00:00,48616.636
2050-01-09 15:00:00,44141.976
2050-01-09 16:00:00,44302.628000000004
2050-01-09 17:00:00,43884.334
2050-01-09 18:00:00,42395.738000000005
2050-01-09 19:00:00,37878.758
2050-01-09 20:00:00,35502.798
2050-01-09 21:00:00,31680.624
2050-01-09 22:00:00,28735.894
2050-01-09 23:00:00,27340.596000000005
2050-01-10 00:00:00,25313.58
2050-01-10 01:00:00,23864.45
2050-01-10 02:00:00,22638.108
2050-01-10 03:00:00,22247.100000000002
2050-01-10 04:00:00,23867.236
2050-01-10 05:00:00,28851.86
2050-01-10 06:00:00,35821.08
2050-01-10 07:00:00,40384.07000000001
2050-01-10 08:00:00,41325.420000000006
2050-01-10 09:00:00,46812.652
2050-01-10 10:00:00,50614.624
2050-01-10 11:00:00,51591.19
2050-01-10 12:00:00,51309.914000000004
2050-01-10 13:00:00,47537.00200000001
2050-01-10 14:00:00,43516.556000000004
2050-01-10 15:00:00,37169.808000000005
2050-01-10 16:00:00,35995.408
2050-01-10 17:00:00,34825.216
2050-01-10 18:00:00,33514.138
2050-01-10 19:00:00,33428.216
2050-01-10 20:00:00,31186.786
2050-01-10 21:00:00,28678.464000000004
2050-01-10 22:00:00,24940.866
2050-01-10 23:00:00,23209.402000000002
2050-01-11 00:00:00,22034.048000000003
2050-01-11 01:00:00,21684.978000000003
2050-01-11 02:00:00,22014.722
2050-01-11 03:00:00,21275.882
2050-01-11 04:00:00,21857.564000000002
2050-01-11 05:00:00,23747.14
2050-01-11 06:00:00,25972.596
2050-01-11 07:00:00,27210.48
2050-01-11 08:00:00,31051.142
2050-01-11 09:00:00,37325.522
2050-01-11 10:00:00,38079.512
2050-01-11 11:00:00,36285.308000000005
2050-01-11 12:00:00,36857.28
2050-01-11 13:00:00,36037.968
2050-01-11 14:00:00,35028.638
2050-01-11 15:00:00,31514.61
2050-01-11 16:00:00,30523.802000000003
2050-01-11 17:00:00,29901.536
2050-01-11 18:00:00,29324.602000000003
2050-01-11 19:00:00,28917.276
2050-01-11 20:00:00,27763.932
2050-01-11 21:00:00,26289.902000000002
2050-01-11 22:00:00,23403.596
2050-01-11 23:00:00,22279.982000000004
2050-01-12 00:00:00,20232.932
2050-01-12 01:00:00,19020.91
2050-01-12 02:00:00,18991.366
2050-01-12 03:00:00,19500.094
2050-01-12 04:00:00,19397.966
2050-01-12 05:00:00,19665.38
2050-01-12 06:00:00,20769.632
2050-01-12 07:00:00,21838.626000000004
2050-01-12 08:00:00,22786.998000000003
2050-01-12 09:00:00,25212.242000000002
2050-01-12 10:00:00,27284.584000000003
2050-01-12 11:00:00,30122.924
2050-01-12 12:00:00,28374.23
2050-01-12 13:00:00,29559.558000000005
2050-01-12 14:00:00,31047.146000000004
2050-01-12 15:00:00,30382.050000000003
2050-01-12 16:00:00,28081.492
2050-01-12 17:00:00,29052.22
2050-01-12 18:00:00,27985.118000000002
2050-01-12 19:00:00,28419.988
2050-01-12 20:00:00,28978.604
2050-01-12 21:00:00,28881.622
2050-01-12 22:00:00,25525.788
2050-01-12 23:00:00,24237.440000000002
2050-01-13 00:00:00,24224.946
2050-01-13 01:00:00,24707.038
2050-01-13 02:00:00,24789.602
2050-01-13 03:00:00,25563.754
2050-01-13 04:00:00,28427.040000000005
2050-01-13 05:00:00,34614.526000000005
2050-01-13 06:00:00,36939.054
2050-01-13 07:00:00,38467.524
2050-01-13 08:00:00,40281.768000000004
2050-01-13 09:00:00,48766.544
2050-01-13 10:00:00,50120.604
2050-01-13 11:00:00,51974.14600000001
2050-01-13 12:00:00,51936.04000000001
2050-01-13 13:00:00,51670.744000000006
2050-01-13 14:00:00,49569.728
2050-01-13 15:00:00,41454.446
2050-01-13 16:00:00,38812.576
2050-01-13 17:00:00,37425.972
2050-01-13 18:00:00,38256.064000000006
2050-01-13 19:00:00,35969.694
2050-01-13 20:00:00,30974.638000000003
2050-01-13 21:00:00,26806.554
2050-01-13 22:00:00,24609.536
2050-01-13 23:00:00,24024.628
2050-01-14 00:00:00,23957.572
2050-01-14 01:00:00,24043.654000000002
2050-01-14 02:00:00,25435.4
2050-01-14 03:00:00,26285.412
2050-01-14 04:00:00,27406.218
2050-01-14 05:00:00,30213.546000000002
2050-01-14 06:00:00,35233.918
2050-01-14 07:00:00,36035.754
2050-01-14 08:00:00,35703.944
2050-01-14 09:00:00,36039.700000000004
2050-01-14 10:00:00,36787.442
2050-01-14 11:00:00,37926.114
2050-01-14 12:00:00,38367.288
2050-01-14 13:00:00,37610.984000000004
2050-01-14 14:00:00,33715.25
2050-01-14 15:00:00,34098.098
2050-01-14 16:00:00,33468.05
2050-01-14 17:00:00,31171.322
2050-01-14 18:00:00,30297.304
2050-01-14 19:00:00,28456.014000000003
2050-01-14 20:00:00,27001.054
2050-01-14 21:00:00,25697.938000000002
2050-01-14 22:00:00,23164.214000000004
2050-01-14 23:00:00,21446.006
2050-01-15 00:00:00,20888.222
2050-01-15 01:00:00,20818.878
2050-01-15 02:00:00,20752.324
2050-01-15 03:00:00,21771.788
2050-01-15 04:00:00,25374.31
2050-01-15 05:00:00,31980.126000000004
2050-01-15 06:00:00,34778.958000000006
2050-01-15 07:00:00,35865.174
2050-01-15 08:00:00,36271.038
2050-01-15 09:00:00,37363.094000000005
2050-01-15 10:00:00,37965.252
2050-01-15 11:00:00,38868.17800000001
2050-01-15 12:00:00,38793.364
2050-01-15 13:00:00,38217.412000000004
2050-01-15 14:00:00,36728.836
2050-01-15 15:00:00,34777.15
2050-01-15 16:00:00,34739.71
2050-01-15 17:00:00,34271.994
2050-01-15 18:00:00,34178.994
2050-01-15 19:00:00,34155.962
2050-01-15 20:00:00,33756.28400000001
2050-01-15 21:00:00,33296.656
2050-01-15 22:00:00,31546.238
2050-01-15 23:00:00,32530.88
2050-01-16 00:00:00,32392.132
2050-01-16 01:00:00,31843.758
2050-01-16 02:00:00,30973.922
2050-01-16 03:00:00,30009.226000000002
2050-01-16 04:00:00,32072.136
2050-01-16 05:00:00,33704.17800000001
2050-01-16 06:00:00,34548.552
2050-01-16 07:00:00,35711.044
2050-01-16 08:00:00,36594.1
2050-01-16 09:00:00,38592.972
2050-01-16 10:00:00,39742.3
2050-01-16 11:00:00,40779.472
2050-01-16 12:00:00,41212.778000000006
2050-01-16 13:00:00,40280.084
2050-01-16 14:00:00,39135.69
2050-01-16 15:00:00,37858.166
2050-01-16 16:00:00,37968.13
2050-01-16 17:00:00,37345.228
2050-01-16 18:00:00,37415.978
2050-01-16 19:00:00,37376.89000000001
2050-01-16 20:00:00,36509.79
2050-01-16 21:00:00,36619.652
2050-01-16 22:00:00,36023.71
2050-01-16 23:00:00,33418.118
2050-01-17 00:00:00,33772.756
2050-01-17 01:00:00,33322.03
2050-01-17 02:00:00,33125.866
2050-01-17 03:00:00,32713.382
2050-01-17 04:00:00,33420.792
2050-01-17 05:00:00,35781.396
2050-01-17 06:00:00,37352.334
2050-01-17 07:00:00,37717.614
2050-01-17 08:00:00,37912.740000000005
2050-01-17 09:00:00,37892.68
2050-01-17 10:00:00,39026.672
2050-01-17 11:00:00,40820.274000000005
2050-01-17 12:00:00,40900.346000000005
2050-01-17 13:00:00,40135.082
2050-01-17 14:00:00,38698.256
2050-01-17 15:00:00,36778.138
2050-01-17 16:00:00,37244.98
2050-01-17 17:00:00,37047.242
2050-01-17 18:00:00,36299.04
2050-01-17 19:00:00,35801.426
2050-01-17 20:00:00,34993.128000000004
2050-01-17 21:00:00,33994.79
2050-01-17 22:00:00,33798.87
2050-01-17 23:00:00,33218.194
2050-01-18 00:00:00,32679.234000000004
2050-01-18 01:00:00,32596.316
2050-01-18 02:00:00,31824.496000000003
2050-01-18 03:00:00,31388.13
2050-01-18 04:00:00,31790.344
2050-01-18 05:00:00,32706.958000000002
2050-01-18 06:00:00,34182.764
2050-01-18 07:00:00,35640.72
2050-01-18 08:00:00,36427.292
2050-01-18 09:00:00,37136.258
2050-01-18 10:00:00,37837.22
2050-01-18 11:00:00,40186.954
2050-01-18 12:00:00,40068.586
2050-01-18 13:00:00,39280.028000000006
2050-01-18 14:00:00,37695.54
2050-01-18 15:00:00,36480.728
2050-01-18 16:00:00,36360.346000000005
2050-01-18 17:00:00,36803.182
2050-01-18 18:00:00,37200.406
2050-01-18 19:00:00,36897.356
2050-01-18 20:00:00,35892.74600000001
2050-01-18 21:00:00,35344.612
2050-01-18 22:00:00,34653.962
2050-01-18 23:00:00,33219.538
2050-01-19 00:00:00,32162.894
2050-01-19 01:00:00,31105.442
2050-01-19 02:00:00,31406.806
2050-01-19 03:00:00,31332.498
2050-01-19 04:00:00,31294.296000000002
2050-01-19 05:00:00,30784.984000000004
2050-01-19 06:00:00,31604.878000000004
2050-01-19 07:00:00,32101.034000000003
2050-01-19 08:00:00,32675.934000000005
2050-01-19 09:00:00,33894.984000000004
2050-01-19 10:00:00,35378.754
2050-01-19 11:00:00,36928.804
2050-01-19 12:00:00,36838.93
2050-01-19 13:00:00,36099.488000000005
2050-01-19 14:00:00,35240.202000000005
2050-01-19 15:00:00,35261.936
2050-01-19 16:00:00,35038.952000000005
2050-01-19 17:00:00,36057.244
2050-01-19 18:00:00,35316.99600000001
2050-01-19 19:00:00,34855.546
2050-01-19 20:00:00,34087.840000000004
2050-01-19 21:00:00,33367.482
2050-01-19 22:00:00,32527.46
2050-01-19 23:00:00,33140.448
2050-01-20 00:00:00,32733.062
2050-01-20 01:00:00,33009.378000000004
2050-01-20 02:00:00,33226.104
2050-01-20 03:00:00,33385.9
2050-01-20 04:00:00,34274.546
2050-01-20 05:00:00,35603.718
2050-01-20 06:00:00,37328.286
2050-01-20 07:00:00,38701.958000000006
2050-01-20 08:00:00,39193.362
2050-01-20 09:00:00,40111.966
2050-01-20 10:00:00,40505.006
2050-01-20 11:00:00,41304.966
2050-01-20 12:00:00,42276.974
2050-01-20 13:00:00,42594.28200000001
2050-01-20 14:00:00,42193.894
2050-01-20 15:00:00,41562.694
2050-01-20 16:00:00,41724.50200000001
2050-01-20 17:00:00,41587.918000000005
2050-01-20 18:00:00,42085.60800000001
2050-01-20 19:00:00,42422.158
2050-01-20 20:00:00,42340.618
2050-01-20 21:00:00,41921.78400000001
2050-01-20 22:00:00,39929.814000000006
2050-01-20 23:00:00,38962.752
2050-01-21 00:00:00,37688.76
2050-01-21 01:00:00,37555.846000000005
2050-01-21 02:00:00,38252.81
2050-01-21 03:00:00,39184.578
2050-01-21 04:00:00,40915.598
2050-01-21 05:00:00,42520.03
2050-01-21 06:00:00,43149.954
2050-01-21 07:00:00,43273.884000000005
2050-01-21 08:00:00,43527.072
2050-01-21 09:00:00,44913.016
2050-01-21 10:00:00,45613.26
2050-01-21 11:00:00,45547.518000000004
2050-01-21 12:00:00,44814.966
2050-01-21 13:00:00,43848.986000000004
2050-01-21 14:00:00,42629.568
2050-01-21 15:00:00,40374.06
2050-01-21 16:00:00,39110.682
2050-01-21 17:00:00,39521.64600000001
2050-01-21 18:00:00,39737.482
2050-01-21 19:00:00,39481.39600000001
2050-01-21 20:00:00,39009.328
2050-01-21 21:00:00,38190.806000000004
2050-01-21 22:00:00,36379.138
2050-01-21 23:00:00,34219.47
2050-01-22 00:00:00,33081.97
2050-01-22 01:00:00,32543.768
2050-01-22 02:00:00,31839.72
2050-01-22 03:00:00,32339.678000000004
2050-01-22 04:00:00,33606.264
2050-01-22 05:00:00,35392.97
2050-01-22 06:00:00,36428.944
2050-01-22 07:00:00,36393.216
2050-01-22 08:00:00,36526.090000000004
2050-01-22 09:00:00,38400.28
2050-01-22 10:00:00,39459.8
2050-01-22 11:00:00,39116.834
2050-01-22 12:00:00,38909.36
2050-01-22 13:00:00,37651.574
2050-01-22 14:00:00,36190.522
2050-01-22 15:00:00,34688.72
2050-01-22 16:00:00,33925.578
2050-01-22 17:00:00,33444.656
2050-01-22 18:00:00,33455.216
2050-01-22 19:00:00,31900.308000000005
2050-01-22 20:00:00,29093.097999999998
2050-01-22 21:00:00,27978.002000000004
2050-01-22 22:00:00,24588.074
2050-01-22 23:00:00,23288.348
2050-01-23 00:00:00,21603.276
2050-01-23 01:00:00,22134.222
2050-01-23 02:00:00,22082.594
2050-01-23 03:00:00,23463.802
2050-01-23 04:00:00,26081.244000000002
2050-01-23 05:00:00,29074.628000000004
2050-01-23 06:00:00,33904.914000000004
2050-01-23 07:00:00,34901.248
2050-01-23 08:00:00,35447.862
2050-01-23 09:00:00,37035.83
2050-01-23 10:00:00,37918.090000000004
2050-01-23 11:00:00,38531.596000000005
2050-01-23 12:00:00,38184.856
2050-01-23 13:00:00,38435.426
2050-01-23 14:00:00,36717.028000000006
2050-01-23 15:00:00,36243.986
2050-01-23 16:00:00,36846.982
2050-01-23 17:00:00,35369.628000000004
2050-01-23 18:00:00,34388.42800000001
2050-01-23 19:00:00,33318.6
2050-01-23 20:00:00,31905.940000000002
2050-01-23 21:00:00,30797.136
2050-01-23 22:00:00,29545.048
2050-01-23 23:00:00,27780.004
2050-01-24 00:00:00,25877.688000000002
2050-01-24 01:00:00,24674.302
2050-01-24 02:00:00,24912.902000000002
2050-01-24 03:00:00,24949.046000000002
2050-01-24 04:00:00,25883.53
2050-01-24 05:00:00,28630.100000000002
2050-01-24 06:00:00,31773.636
2050-01-24 07:00:00,33567.11
2050-01-24 08:00:00,34100.768000000004
2050-01-24 09:00:00,34652.786
2050-01-24 10:00:00,34592.342
2050-01-24 11:00:00,34113.602000000006
2050-01-24 12:00:00,33948.584
2050-01-24 13:00:00,33768.920000000006
2050-01-24 14:00:00,33799.046
2050-01-24 15:00:00,33301.174
2050-01-24 16:00:00,33221.044
2050-01-24 17:00:00,32994.656
2050-01-24 18:00:00,31828.952000000005
2050-01-24 19:00:00,28467.644
2050-01-24 20:00:00,25702.662
2050-01-24 21:00:00,23249.692000000003
2050-01-24 22:00:00,21201.48
2050-01-24 23:00:00,18086.168
2050-01-25 00:00:00,16582.65
2050-01-25 01:00:00,14987.512
2050-01-25 02:00:00,14811.988000000001
2050-01-25 03:00:00,13583.676000000001
2050-01-25 04:00:00,13916.870000000003
2050-01-25 05:00:00,14135.012
2050-01-25 06:00:00,14528.238000000001
2050-01-25 07:00:00,15535.778
2050-01-25 08:00:00,17728.992000000002
2050-01-25 09:00:00,19858.338000000003
2050-01-25 10:00:00,21787.81
2050-01-25 11:00:00,24404.45
2050-01-25 12:00:00,24952.344
2050-01-25 13:00:00,27138.312
2050-01-25 14:00:00,27970.453999999998
2050-01-25 15:00:00,25011.102
2050-01-25 16:00:00,23624.736
2050-01-25 17:00:00,23528.372000000003
2050-01-25 18:00:00,23157.34
2050-01-25 19:00:00,22464.246
2050-01-25 20:00:00,22139.728000000003
2050-01-25 21:00:00,21744.956000000002
2050-01-25 22:00:00,20729.976000000002
2050-01-25 23:00:00,18327.978
2050-01-26 00:00:00,16957.16
2050-01-26 01:00:00,16288.242000000002
2050-01-26 02:00:00,15818.974
2050-01-26 03:00:00,15264.346
2050-01-26 04:00:00,15101.04
2050-01-26 05:00:00,16151.446
2050-01-26 06:00:00,18625.9
2050-01-26 07:00:00,20775.626000000004
2050-01-26 08:00:00,23270.550000000003
2050-01-26 09:00:00,29681.971999999998
2050-01-26 10:00:00,36251.488000000005
2050-01-26 11:00:00,40992.406
2050-01-26 12:00:00,41144.71
2050-01-26 13:00:00,37198.754
2050-01-26 14:00:00,34295.204
2050-01-26 15:00:00,33340.53400000001
2050-01-26 16:00:00,33143.826
2050-01-26 17:00:00,33624.422
2050-01-26 18:00:00,32553.926000000003
2050-01-26 19:00:00,31357.364
2050-01-26 20:00:00,30458.890000000003
2050-01-26 21:00:00,29857.115999999998
2050-01-26 22:00:00,28740.014000000003
2050-01-26 23:00:00,27084.094
2050-01-27 00:00:00,26088.192000000003
2050-01-27 01:00:00,26949.546000000002
2050-01-27 02:00:00,27645.634000000005
2050-01-27 03:00:00,28609.262000000002
2050-01-27 04:00:00,30157.471999999998
2050-01-27 05:00:00,31330.064000000002
2050-01-27 06:00:00,31837.276
2050-01-27 07:00:00,31957.706000000002
2050-01-27 08:00:00,33152.088
2050-01-27 09:00:00,38486.670000000006
2050-01-27 10:00:00,42501.986000000004
2050-01-27 11:00:00,44750.43
2050-01-27 12:00:00,45155.788
2050-01-27 13:00:00,42514.21
2050-01-27 14:00:00,41903.412000000004
2050-01-27 15:00:00,37325.742
2050-01-27 16:00:00,31339.597999999998
2050-01-27 17:00:00,30175.494000000002
2050-01-27 18:00:00,29807.53
2050-01-27 19:00:00,28745.98
2050-01-27 20:00:00,28005.514000000003
2050-01-27 21:00:00,27347.050000000003
2050-01-27 22:00:00,26049.886
2050-01-27 23:00:00,25941.814000000002
2050-01-28 00:00:00,26784.582000000002
2050-01-28 01:00:00,27634.834000000003
2050-01-28 02:00:00,26928.91
2050-01-28 03:00:00,25533.086
2050-01-28 04:00:00,25750.224000000002
2050-01-28 05:00:00,28060.698
2050-01-28 06:00:00,32343.156000000003
2050-01-28 07:00:00,33596.612
2050-01-28 08:00:00,34894.552
2050-01-28 09:00:00,38844.732
2050-01-28 10:00:00,42092.19
2050-01-28 11:00:00,41739.092000000004
2050-01-28 12:00:00,39738.846000000005
2050-01-28 13:00:00,37403.228
2050-01-28 14:00:00,35735.488000000005
2050-01-28 15:00:00,34668.508
2050-01-28 16:00:00,34148.498
2050-01-28 17:00:00,34595.934
2050-01-28 18:00:00,34108.242
2050-01-28 19:00:00,32778.586
2050-01-28 20:00:00,30665.206000000002
2050-01-28 21:00:00,28161.928000000004
2050-01-28 22:00:00,26803.01
2050-01-28 23:00:00,25791.938000000002
2050-01-29 00:00:00,25519.916
2050-01-29 01:00:00,25959.602
2050-01-29 02:00:00,25677.550000000003
2050-01-29 03:00:00,26838.754
2050-01-29 04:00:00,28055.190000000002
2050-01-29 05:00:00,30545.582000000002
2050-01-29 06:00:00,33994.454
2050-01-29 07:00:00,35352.532
2050-01-29 08:00:00,35369.976
2050-01-29 09:00:00,36222.848
2050-01-29 10:00:00,36661.076
2050-01-29 11:00:00,36848.265999999996
2050-01-29 12:00:00,35244.86
2050-01-29 13:00:00,36070.662000000004
2050-01-29 14:00:00,35689.574
2050-01-29 15:00:00,34907.378000000004
2050-01-29 16:00:00,32112.368000000002
2050-01-29 17:00:00,30080.944000000003
2050-01-29 18:00:00,29388.446000000004
2050-01-29 19:00:00,27886.186
2050-01-29 20:00:00,24800.788
2050-01-29 21:00:00,22723.812
2050-01-29 22:00:00,19740.300000000003
2050-01-29 23:00:00,20306.782000000003
2050-01-30 00:00:00,20113.532000000003
2050-01-30 01:00:00,20091.148
2050-01-30 02:00:00,20059.504
2050-01-30 03:00:00,20968.856
2050-01-30 04:00:00,23510.878
2050-01-30 05:00:00,27440.604
2050-01-30 06:00:00,33311.436
2050-01-30 07:00:00,35481.788
2050-01-30 08:00:00,35247.698
2050-01-30 09:00:00,36350.358
2050-01-30 10:00:00,38055.76
2050-01-30 11:00:00,39993.168000000005
2050-01-30 12:00:00,40559.590000000004
2050-01-30 13:00:00,40454.164000000004
2050-01-30 14:00:00,40927.148
2050-01-30 15:00:00,40557.706000000006
2050-01-30 16:00:00,37806.142
2050-01-30 17:00:00,37500.792
2050-01-30 18:00:00,36541.926
2050-01-30 19:00:00,36745.512
2050-01-30 20:00:00,35030.196
2050-01-30 21:00:00,31372.646000000004
2050-01-30 22:00:00,28175.324
2050-01-30 23:00:00,27477.020000000004
2050-01-31 00:00:00,27720.934000000005
2050-01-31 01:00:00,27085.702000000005
2050-01-31 02:00:00,26355.964000000004
2050-01-31 03:00:00,26904.918
2050-01-31 04:00:00,28612.059999999998
2050-01-31 05:00:00,31965.628000000004
2050-01-31 06:00:00,36029.018000000004
2050-01-31 07:00:00,36661.352000000006
2050-01-31 08:00:00,38480.292
2050-01-31 09:00:00,41248.072
2050-01-31 10:00:00,44801.130000000005
2050-01-31 11:00:00,45364.03400000001
2050-01-31 12:00:00,45932.918000000005
2050-01-31 13:00:00,45414.064000000006
2050-01-31 14:00:00,45334.08
2050-01-31 15:00:00,37846.014
2050-01-31 16:00:00,34290.78400000001
2050-01-31 17:00:00,34062.452000000005
2050-01-31 18:00:00,33801.932
2050-01-31 19:00:00,33290.490000000005
2050-01-31 20:00:00,32937.53400000001
2050-01-31 21:00:00,32111.688000000002
2050-01-31 22:00:00,29178.670000000002
2050-01-31 23:00:00,27170.182
2050-02-01 00:00:00,25899.484
2050-02-01 01:00:00,25744.0
2050-02-01 02:00:00,25534.066000000003
2050-02-01 03:00:00,25297.502
2050-02-01 04:00:00,25408.746
2050-02-01 05:00:00,26071.358
2050-02-01 06:00:00,28424.665999999997
2050-02-01 07:00:00,29615.932
2050-02-01 08:00:00,34634.426
2050-02-01 09:00:00,42313.318
2050-02-01 10:00:00,42373.11
2050-02-01 11:00:00,43671.756
2050-02-01 12:00:00,43508.78
2050-02-01 13:00:00,42803.314000000006
2050-02-01 14:00:00,41155.692
2050-02-01 15:00:00,38465.728
2050-02-01 16:00:00,31511.158000000003
2050-02-01 17:00:00,31769.778000000006
2050-02-01 18:00:00,31643.559999999998
2050-02-01 19:00:00,31946.506
2050-02-01 20:00:00,31464.544
2050-02-01 21:00:00,30174.844
2050-02-01 22:00:00,27919.386
2050-02-01 23:00:00,28024.665999999997
2050-02-02 00:00:00,26095.286
2050-02-02 01:00:00,24842.942000000003
2050-02-02 02:00:00,23856.734
2050-02-02 03:00:00,23622.928
2050-02-02 04:00:00,24065.394
2050-02-02 05:00:00,24979.236
2050-02-02 06:00:00,26048.848
2050-02-02 07:00:00,27075.008
2050-02-02 08:00:00,37012.564000000006
2050-02-02 09:00:00,44756.124
2050-02-02 10:00:00,49334.170000000006
2050-02-02 11:00:00,47548.57000000001
2050-02-02 12:00:00,45112.656
2050-02-02 13:00:00,42811.706000000006
2050-02-02 14:00:00,40304.840000000004
2050-02-02 15:00:00,37608.03
2050-02-02 16:00:00,32967.342
2050-02-02 17:00:00,33485.368
2050-02-02 18:00:00,33950.47
2050-02-02 19:00:00,33841.906
2050-02-02 20:00:00,33663.909999999996
2050-02-02 21:00:00,33461.602000000006
2050-02-02 22:00:00,28842.471999999998
2050-02-02 23:00:00,27507.078000000005
2050-02-03 00:00:00,27791.164000000004
2050-02-03 01:00:00,28488.316
2050-02-03 02:00:00,28721.347999999998
2050-02-03 03:00:00,28472.446000000004
2050-02-03 04:00:00,30365.996000000003
2050-02-03 05:00:00,34688.648
2050-02-03 06:00:00,35992.398
2050-02-03 07:00:00,36762.068
2050-02-03 08:00:00,44426.682
2050-02-03 09:00:00,50759.778000000006
2050-02-03 10:00:00,53045.508
2050-02-03 11:00:00,51324.344000000005
2050-02-03 12:00:00,50861.512
2050-02-03 13:00:00,49789.33
2050-02-03 14:00:00,48162.576
2050-02-03 15:00:00,44373.702000000005
2050-02-03 16:00:00,38071.13
2050-02-03 17:00:00,38413.022
2050-02-03 18:00:00,38310.46
2050-02-03 19:00:00,38180.326
2050-02-03 20:00:00,38151.024
2050-02-03 21:00:00,36984.794
2050-02-03 22:00:00,33409.426
2050-02-03 23:00:00,31992.520000000004
2050-02-04 00:00:00,29712.788
2050-02-04 01:00:00,29591.804
2050-02-04 02:00:00,30258.674
2050-02-04 03:00:00,31762.094
2050-02-04 04:00:00,34458.154
2050-02-04 05:00:00,39027.924
2050-02-04 06:00:00,40698.344000000005
2050-02-04 07:00:00,42466.984000000004
2050-02-04 08:00:00,43693.42800000001
2050-02-04 09:00:00,44380.144
2050-02-04 10:00:00,43913.302
2050-02-04 11:00:00,44439.866
2050-02-04 12:00:00,44855.082
2050-02-04 13:00:00,45996.558000000005
2050-02-04 14:00:00,45045.634000000005
2050-02-04 15:00:00,45138.922
2050-02-04 16:00:00,44724.972
2050-02-04 17:00:00,44186.366
2050-02-04 18:00:00,44400.354
2050-02-04 19:00:00,42537.998
2050-02-04 20:00:00,38597.808000000005
2050-02-04 21:00:00,35831.18
2050-02-04 22:00:00,33985.842
2050-02-04 23:00:00,32186.76
2050-02-05 00:00:00,31255.832000000002
2050-02-05 01:00:00,30126.66
2050-02-05 02:00:00,28325.306
2050-02-05 03:00:00,28005.606
2050-02-05 04:00:00,28915.944000000003
2050-02-05 05:00:00,31848.640000000003
2050-02-05 06:00:00,35587.5
2050-02-05 07:00:00,35159.938
2050-02-05 08:00:00,35984.67800000001
2050-02-05 09:00:00,38928.252
2050-02-05 10:00:00,41943.316
2050-02-05 11:00:00,44156.194
2050-02-05 12:00:00,46096.384000000005
2050-02-05 13:00:00,44749.864
2050-02-05 14:00:00,42153.196
2050-02-05 15:00:00,38741.824
2050-02-05 16:00:00,35278.854
2050-02-05 17:00:00,34322.448
2050-02-05 18:00:00,33962.952000000005
2050-02-05 19:00:00,33703.462
2050-02-05 20:00:00,33400.356
2050-02-05 21:00:00,32513.120000000003
2050-02-05 22:00:00,31006.25
2050-02-05 23:00:00,30882.850000000002
2050-02-06 00:00:00,30786.306
2050-02-06 01:00:00,30815.148
2050-02-06 02:00:00,31356.165999999997
2050-02-06 03:00:00,32011.850000000002
2050-02-06 04:00:00,32565.482000000004
2050-02-06 05:00:00,34433.538
2050-02-06 06:00:00,35541.478
2050-02-06 07:00:00,36493.836
2050-02-06 08:00:00,38006.424
2050-02-06 09:00:00,41117.588
2050-02-06 10:00:00,44186.58
2050-02-06 11:00:00,48051.364
2050-02-06 12:00:00,49209.770000000004
2050-02-06 13:00:00,48830.238000000005
2050-02-06 14:00:00,50904.536
2050-02-06 15:00:00,47764.196
2050-02-06 16:00:00,42582.198000000004
2050-02-06 17:00:00,42164.458000000006
2050-02-06 18:00:00,42839.582
2050-02-06 19:00:00,42981.79000000001
2050-02-06 20:00:00,39881.508
2050-02-06 21:00:00,36806.274
2050-02-06 22:00:00,32910.78
2050-02-06 23:00:00,29192.282000000003
2050-02-07 00:00:00,28563.953999999998
2050-02-07 01:00:00,30561.632
2050-02-07 02:00:00,32235.364
2050-02-07 03:00:00,32859.052
2050-02-07 04:00:00,34422.608
2050-02-07 05:00:00,37164.808000000005
2050-02-07 06:00:00,39439.826
2050-02-07 07:00:00,40264.314000000006
2050-02-07 08:00:00,42160.81
2050-02-07 09:00:00,43563.5
2050-02-07 10:00:00,44605.016
2050-02-07 11:00:00,46694.756
2050-02-07 12:00:00,46936.914000000004
2050-02-07 13:00:00,44659.82800000001
2050-02-07 14:00:00,43863.864
2050-02-07 15:00:00,42368.67600000001
2050-02-07 16:00:00,41499.516
2050-02-07 17:00:00,40621.71
2050-02-07 18:00:00,39725.674
2050-02-07 19:00:00,37802.644
2050-02-07 20:00:00,35914.456
2050-02-07 21:00:00,34823.738000000005
2050-02-07 22:00:00,33088.49600000001
2050-02-07 23:00:00,31173.932
2050-02-08 00:00:00,29306.708000000002
2050-02-08 01:00:00,28239.114
2050-02-08 02:00:00,28037.834000000003
2050-02-08 03:00:00,27996.836
2050-02-08 04:00:00,29017.912
2050-02-08 05:00:00,29778.71
2050-02-08 06:00:00,31530.65
2050-02-08 07:00:00,32290.562
2050-02-08 08:00:00,33861.186
2050-02-08 09:00:00,33872.392
2050-02-08 10:00:00,34659.892
2050-02-08 11:00:00,35263.612
2050-02-08 12:00:00,34895.73
2050-02-08 13:00:00,33565.99600000001
2050-02-08 14:00:00,33479.53
2050-02-08 15:00:00,33792.47
2050-02-08 16:00:00,32923.25
2050-02-08 17:00:00,32345.474000000002
2050-02-08 18:00:00,31673.094
2050-02-08 19:00:00,31402.28
2050-02-08 20:00:00,30520.636
2050-02-08 21:00:00,30189.228000000003
2050-02-08 22:00:00,28855.221999999998
2050-02-08 23:00:00,24135.504
2050-02-09 00:00:00,21999.146
2050-02-09 01:00:00,21054.044
2050-02-09 02:00:00,19712.048000000003
2050-02-09 03:00:00,19089.048000000003
2050-02-09 04:00:00,19516.812
2050-02-09 05:00:00,19839.376000000004
2050-02-09 06:00:00,21253.086
2050-02-09 07:00:00,22202.23
2050-02-09 08:00:00,24561.912
2050-02-09 09:00:00,28579.7
2050-02-09 10:00:00,32525.594
2050-02-09 11:00:00,34078.604
2050-02-09 12:00:00,36310.656
2050-02-09 13:00:00,35654.832
2050-02-09 14:00:00,34555.268000000004
2050-02-09 15:00:00,34669.99600000001
2050-02-09 16:00:00,31778.221999999998
2050-02-09 17:00:00,32251.656000000003
2050-02-09 18:00:00,31711.58
2050-02-09 19:00:00,31732.452000000005
2050-02-09 20:00:00,31598.628000000004
2050-02-09 21:00:00,31443.184000000005
2050-02-09 22:00:00,30227.632
2050-02-09 23:00:00,28428.824
2050-02-10 00:00:00,27887.570000000003
2050-02-10 01:00:00,27302.364
2050-02-10 02:00:00,27862.88
2050-02-10 03:00:00,29239.140000000003
2050-02-10 04:00:00,32092.646000000004
2050-02-10 05:00:00,35344.4
2050-02-10 06:00:00,38741.07
2050-02-10 07:00:00,39657.93
2050-02-10 08:00:00,40934.350000000006
2050-02-10 09:00:00,42511.65
2050-02-10 10:00:00,43294.166
2050-02-10 11:00:00,43305.574
2050-02-10 12:00:00,42625.99600000001
2050-02-10 13:00:00,42375.114
2050-02-10 14:00:00,40864.514
2050-02-10 15:00:00,39518.306000000004
2050-02-10 16:00:00,38185.988000000005
2050-02-10 17:00:00,37941.232
2050-02-10 18:00:00,37120.102000000006
2050-02-10 19:00:00,36112.974
2050-02-10 20:00:00,34780.384000000005
2050-02-10 21:00:00,32306.504
2050-02-10 22:00:00,30758.53
2050-02-10 23:00:00,30017.004
2050-02-11 00:00:00,29139.842
2050-02-11 01:00:00,28279.338000000003
2050-02-11 02:00:00,27885.246000000003
2050-02-11 03:00:00,27872.918
2050-02-11 04:00:00,28898.068
2050-02-11 05:00:00,31271.597999999998
2050-02-11 06:00:00,36130.716
2050-02-11 07:00:00,38525.708000000006
2050-02-11 08:00:00,40325.138000000006
2050-02-11 09:00:00,40286.24600000001
2050-02-11 10:00:00,40299.352000000006
2050-02-11 11:00:00,40371.772
2050-02-11 12:00:00,39839.688
2050-02-11 13:00:00,38958.698
2050-02-11 14:00:00,38102.446
2050-02-11 15:00:00,36684.63
2050-02-11 16:00:00,35939.086
2050-02-11 17:00:00,35059.19
2050-02-11 18:00:00,34336.688
2050-02-11 19:00:00,32685.086
2050-02-11 20:00:00,31328.520000000004
2050-02-11 21:00:00,28157.928000000004
2050-02-11 22:00:00,25080.322
2050-02-11 23:00:00,24334.674
2050-02-12 00:00:00,23867.960000000003
2050-02-12 01:00:00,22786.916
2050-02-12 02:00:00,22360.068
2050-02-12 03:00:00,22613.866
2050-02-12 04:00:00,24468.24
2050-02-12 05:00:00,28501.13
2050-02-12 06:00:00,31110.274
2050-02-12 07:00:00,31953.618000000002
2050-02-12 08:00:00,32439.78
2050-02-12 09:00:00,34767.476
2050-02-12 10:00:00,36226.578
2050-02-12 11:00:00,37326.474
2050-02-12 12:00:00,37875.478
2050-02-12 13:00:00,36449.54
2050-02-12 14:00:00,35234.68
2050-02-12 15:00:00,34289.616
2050-02-12 16:00:00,33353.026000000005
2050-02-12 17:00:00,33387.498
2050-02-12 18:00:00,32749.422
2050-02-12 19:00:00,32584.182
2050-02-12 20:00:00,32633.508
2050-02-12 21:00:00,32263.374
2050-02-12 22:00:00,31358.642
2050-02-12 23:00:00,30136.25
2050-02-13 00:00:00,30562.228000000003
2050-02-13 01:00:00,31426.674
2050-02-13 02:00:00,32141.152000000002
2050-02-13 03:00:00,32727.672
2050-02-13 04:00:00,33695.328
2050-02-13 05:00:00,37257.044
2050-02-13 06:00:00,39799.878000000004
2050-02-13 07:00:00,40114.49600000001
2050-02-13 08:00:00,40630.224
2050-02-13 09:00:00,41145.224
2050-02-13 10:00:00,42861.004
2050-02-13 11:00:00,44708.764
2050-02-13 12:00:00,43503.99600000001
2050-02-13 13:00:00,42488.848
2050-02-13 14:00:00,42539.24600000001
2050-02-13 15:00:00,40225.35800000001
2050-02-13 16:00:00,37382.658
2050-02-13 17:00:00,35634.909999999996
2050-02-13 18:00:00,34404.202000000005
2050-02-13 19:00:00,32882.914000000004
2050-02-13 20:00:00,31764.865999999998
2050-02-13 21:00:00,30879.998
2050-02-13 22:00:00,28915.798
2050-02-13 23:00:00,28387.808000000005
2050-02-14 00:00:00,28324.906000000003
2050-02-14 01:00:00,28042.944000000003
2050-02-14 02:00:00,27904.048
2050-02-14 03:00:00,28332.832000000002
2050-02-14 04:00:00,29026.914000000004
2050-02-14 05:00:00,31124.364
2050-02-14 06:00:00,32308.814000000002
2050-02-14 07:00:00,32987.004
2050-02-14 08:00:00,35918.286
2050-02-14 09:00:00,40636.296
2050-02-14 10:00:00,42932.692
2050-02-14 11:00:00,43923.778000000006
2050-02-14 12:00:00,41372.638000000006
2050-02-14 13:00:00,38629.332
2050-02-14 14:00:00,36564.396
2050-02-14 15:00:00,35158.06
2050-02-14 16:00:00,32659.678000000004
2050-02-14 17:00:00,32482.444000000003
2050-02-14 18:00:00,32941.098
2050-02-14 19:00:00,32488.158000000003
2050-02-14 20:00:00,31804.528000000006
2050-02-14 21:00:00,31761.15
2050-02-14 22:00:00,31220.588000000003
2050-02-14 23:00:00,30069.168
2050-02-15 00:00:00,28741.78
2050-02-15 01:00:00,28077.754
2050-02-15 02:00:00,28260.390000000003
2050-02-15 03:00:00,28153.202000000005
2050-02-15 04:00:00,28289.048
2050-02-15 05:00:00,28988.932
2050-02-15 06:00:00,30326.424
2050-02-15 07:00:00,32117.9
2050-02-15 08:00:00,34852.342
2050-02-15 09:00:00,37599.42800000001
2050-02-15 10:00:00,40108.852000000006
2050-02-15 11:00:00,40709.912000000004
2050-02-15 12:00:00,39510.712
2050-02-15 13:00:00,37824.954
2050-02-15 14:00:00,35798.278000000006
2050-02-15 15:00:00,34370.792
2050-02-15 16:00:00,32717.288
2050-02-15 17:00:00,32484.68
2050-02-15 18:00:00,32573.046000000002
2050-02-15 19:00:00,32371.814000000002
2050-02-15 20:00:00,31530.902000000002
2050-02-15 21:00:00,30413.082000000002
2050-02-15 22:00:00,29188.124
2050-02-15 23:00:00,29217.15
2050-02-16 00:00:00,28084.612
2050-02-16 01:00:00,26787.240000000005
2050-02-16 02:00:00,26100.544
2050-02-16 03:00:00,26658.462
2050-02-16 04:00:00,26230.786
2050-02-16 05:00:00,27251.804
2050-02-16 06:00:00,29308.546000000002
2050-02-16 07:00:00,31661.308000000005
2050-02-16 08:00:00,37297.744
2050-02-16 09:00:00,43264.292
2050-02-16 10:00:00,48021.188
2050-02-16 11:00:00,52354.60800000001
2050-02-16 12:00:00,54157.22
2050-02-16 13:00:00,53177.872
2050-02-16 14:00:00,51603.508
2050-02-16 15:00:00,49302.674
2050-02-16 16:00:00,43087.72
2050-02-16 17:00:00,39375.912000000004
2050-02-16 18:00:00,39282.882000000005
2050-02-16 19:00:00,38748.422
2050-02-16 20:00:00,38565.38
2050-02-16 21:00:00,37124.28400000001
2050-02-16 22:00:00,33558.956
2050-02-16 23:00:00,31021.212
2050-02-17 00:00:00,30412.624
2050-02-17 01:00:00,30127.58
2050-02-17 02:00:00,29811.236
2050-02-17 03:00:00,30594.688000000002
2050-02-17 04:00:00,31209.408000000003
2050-02-17 05:00:00,33749.006
2050-02-17 06:00:00,34536.146
2050-02-17 07:00:00,36817.028000000006
2050-02-17 08:00:00,47756.466
2050-02-17 09:00:00,53533.043999999994
2050-02-17 10:00:00,55791.83000000001
2050-02-17 11:00:00,56339.636
2050-02-17 12:00:00,54706.288
2050-02-17 13:00:00,53249.622
2050-02-17 14:00:00,50558.344000000005
2050-02-17 15:00:00,45505.0
2050-02-17 16:00:00,38032.142
2050-02-17 17:00:00,34657.604
2050-02-17 18:00:00,34839.894
2050-02-17 19:00:00,35484.852000000006
2050-02-17 20:00:00,35920.674
2050-02-17 21:00:00,35402.638
2050-02-17 22:00:00,34801.956
2050-02-17 23:00:00,33739.998
2050-02-18 00:00:00,31691.059999999998
2050-02-18 01:00:00,31714.154
2050-02-18 02:00:00,31520.958000000002
2050-02-18 03:00:00,32957.686
2050-02-18 04:00:00,34791.116
2050-02-18 05:00:00,37239.448
2050-02-18 06:00:00,38181.64000000001
2050-02-18 07:00:00,39901.03400000001
2050-02-18 08:00:00,47306.588
2050-02-18 09:00:00,50463.862
2050-02-18 10:00:00,50837.118
2050-02-18 11:00:00,52585.75600000001
2050-02-18 12:00:00,53168.804000000004
2050-02-18 13:00:00,52740.448000000004
2050-02-18 14:00:00,52419.132000000005
2050-02-18 15:00:00,50029.93400000001
2050-02-18 16:00:00,47121.65
2050-02-18 17:00:00,43956.990000000005
2050-02-18 18:00:00,43548.038
2050-02-18 19:00:00,42914.162000000004
2050-02-18 20:00:00,39454.91
2050-02-18 21:00:00,34415.952000000005
2050-02-18 22:00:00,30588.21
2050-02-18 23:00:00,29434.140000000003
2050-02-19 00:00:00,29228.242
2050-02-19 01:00:00,29831.944000000003
2050-02-19 02:00:00,30248.786
2050-02-19 03:00:00,30348.626000000004
2050-02-19 04:00:00,31197.246000000003
2050-02-19 05:00:00,34500.276000000005
2050-02-19 06:00:00,37657.42800000001
2050-02-19 07:00:00,40293.408
2050-02-19 08:00:00,45953.346000000005
2050-02-19 09:00:00,46844.218
2050-02-19 10:00:00,49183.652
2050-02-19 11:00:00,47484.478
2050-02-19 12:00:00,46649.778000000006
2050-02-19 13:00:00,47911.206000000006
2050-02-19 14:00:00,42744.090000000004
2050-02-19 15:00:00,38107.238000000005
2050-02-19 16:00:00,34983.371999999996
2050-02-19 17:00:00,31935.234000000004
2050-02-19 18:00:00,32415.656000000003
2050-02-19 19:00:00,31371.812
2050-02-19 20:00:00,28100.952000000005
2050-02-19 21:00:00,26076.952
2050-02-19 22:00:00,23528.796000000002
2050-02-19 23:00:00,21075.276
2050-02-20 00:00:00,19399.91
2050-02-20 01:00:00,18569.935999999998
2050-02-20 02:00:00,17812.222
2050-02-20 03:00:00,17627.956000000002
2050-02-20 04:00:00,19628.374
2050-02-20 05:00:00,22644.316000000003
2050-02-20 06:00:00,25578.48
2050-02-20 07:00:00,26666.418
2050-02-20 08:00:00,29524.432
2050-02-20 09:00:00,31932.746000000003
2050-02-20 10:00:00,34748.376000000004
2050-02-20 11:00:00,38562.518000000004
2050-02-20 12:00:00,38278.244
2050-02-20 13:00:00,35575.736
2050-02-20 14:00:00,32898.036
2050-02-20 15:00:00,31685.218
2050-02-20 16:00:00,31187.21
2050-02-20 17:00:00,30581.496000000003
2050-02-20 18:00:00,30844.26
2050-02-20 19:00:00,30097.212
2050-02-20 20:00:00,28461.474000000002
2050-02-20 21:00:00,27983.476000000002
2050-02-20 22:00:00,26385.852000000003
2050-02-20 23:00:00,25306.43
2050-02-21 00:00:00,23538.816000000003
2050-02-21 01:00:00,21165.800000000003
2050-02-21 02:00:00,19860.746
2050-02-21 03:00:00,19290.794
2050-02-21 04:00:00,20176.846
2050-02-21 05:00:00,22350.512000000002
2050-02-21 06:00:00,23819.518
2050-02-21 07:00:00,24982.476000000002
2050-02-21 08:00:00,29850.594
2050-02-21 09:00:00,36830.038
2050-02-21 10:00:00,42317.96
2050-02-21 11:00:00,46903.948000000004
2050-02-21 12:00:00,47005.75
2050-02-21 13:00:00,43352.26
2050-02-21 14:00:00,37094.938
2050-02-21 15:00:00,32324.112
2050-02-21 16:00:00,28418.628000000004
2050-02-21 17:00:00,26670.809999999998
2050-02-21 18:00:00,25588.64
2050-02-21 19:00:00,25433.992000000002
2050-02-21 20:00:00,24368.112
2050-02-21 21:00:00,22455.020000000004
2050-02-21 22:00:00,20960.0
2050-02-21 23:00:00,18831.614
2050-02-22 00:00:00,18041.079999999998
2050-02-22 01:00:00,18200.838
2050-02-22 02:00:00,18712.002
2050-02-22 03:00:00,18856.366
2050-02-22 04:00:00,18968.344
2050-02-22 05:00:00,19508.944
2050-02-22 06:00:00,20375.272
2050-02-22 07:00:00,21376.634000000002
2050-02-22 08:00:00,23869.99
2050-02-22 09:00:00,25583.664000000004
2050-02-22 10:00:00,26426.776
2050-02-22 11:00:00,26633.932
2050-02-22 12:00:00,26286.418
2050-02-22 13:00:00,24101.226000000002
2050-02-22 14:00:00,21529.22
2050-02-22 15:00:00,22239.712
2050-02-22 16:00:00,22321.484
2050-02-22 17:00:00,22958.75
2050-02-22 18:00:00,23654.738
2050-02-22 19:00:00,23291.45
2050-02-22 20:00:00,22230.528000000002
2050-02-22 21:00:00,21947.984
2050-02-22 22:00:00,19812.016000000003
2050-02-22 23:00:00,17443.832000000002
2050-02-23 00:00:00,16714.52
2050-02-23 01:00:00,16281.624
2050-02-23 02:00:00,16315.176000000001
2050-02-23 03:00:00,15652.232000000002
2050-02-23 04:00:00,15636.032000000001
2050-02-23 05:00:00,16248.206
2050-02-23 06:00:00,18392.048000000003
2050-02-23 07:00:00,19809.884000000002
2050-02-23 08:00:00,22227.848
2050-02-23 09:00:00,27036.652000000002
2050-02-23 10:00:00,35165.846000000005
2050-02-23 11:00:00,44031.654
2050-02-23 12:00:00,48331.05
2050-02-23 13:00:00,47478.696
2050-02-23 14:00:00,41735.35800000001
2050-02-23 15:00:00,35043.552
2050-02-23 16:00:00,29337.600000000002
2050-02-23 17:00:00,26008.13
2050-02-23 18:00:00,25670.668
2050-02-23 19:00:00,25778.64
2050-02-23 20:00:00,25649.184
2050-02-23 21:00:00,25972.346
2050-02-23 22:00:00,25849.512000000002
2050-02-23 23:00:00,25052.726000000002
2050-02-24 00:00:00,25170.218
2050-02-24 01:00:00,25555.144
2050-02-24 02:00:00,25478.356
2050-02-24 03:00:00,25694.576
2050-02-24 04:00:00,26010.864
2050-02-24 05:00:00,27098.13
2050-02-24 06:00:00,29031.138000000003
2050-02-24 07:00:00,31089.990000000005
2050-02-24 08:00:00,33322.782
2050-02-24 09:00:00,34721.4
2050-02-24 10:00:00,36441.682
2050-02-24 11:00:00,36274.174
2050-02-24 12:00:00,35383.606
2050-02-24 13:00:00,33591.512
2050-02-24 14:00:00,34323.126000000004
2050-02-24 15:00:00,34101.562
2050-02-24 16:00:00,34307.994
2050-02-24 17:00:00,33594.23
2050-02-24 18:00:00,32488.742
2050-02-24 19:00:00,31528.26
2050-02-24 20:00:00,29978.770000000004
2050-02-24 21:00:00,27818.542
2050-02-24 22:00:00,25349.014000000003
2050-02-24 23:00:00,23199.934
2050-02-25 00:00:00,22006.244000000002
2050-02-25 01:00:00,21109.410000000003
2050-02-25 02:00:00,20561.22
2050-02-25 03:00:00,20189.404000000002
2050-02-25 04:00:00,22535.2
2050-02-25 05:00:00,28067.862
2050-02-25 06:00:00,29749.940000000002
2050-02-25 07:00:00,30811.126000000004
2050-02-25 08:00:00,32479.426000000003
2050-02-25 09:00:00,36323.576
2050-02-25 10:00:00,37719.052
2050-02-25 11:00:00,37438.462
2050-02-25 12:00:00,37373.814000000006
2050-02-25 13:00:00,35797.082
2050-02-25 14:00:00,33490.942
2050-02-25 15:00:00,31991.300000000003
2050-02-25 16:00:00,30200.812
2050-02-25 17:00:00,29620.108000000004
2050-02-25 18:00:00,29382.45
2050-02-25 19:00:00,29344.292
2050-02-25 20:00:00,29323.036
2050-02-25 21:00:00,28665.218
2050-02-25 22:00:00,27898.104
2050-02-25 23:00:00,27410.582000000002
2050-02-26 00:00:00,27297.96
2050-02-26 01:00:00,27624.282000000003
2050-02-26 02:00:00,28232.582000000002
2050-02-26 03:00:00,28127.632
2050-02-26 04:00:00,27734.606
2050-02-26 05:00:00,28284.302000000003
2050-02-26 06:00:00,28961.292
2050-02-26 07:00:00,30455.304
2050-02-26 08:00:00,35925.336
2050-02-26 09:00:00,41486.692
2050-02-26 10:00:00,46472.552
2050-02-26 11:00:00,49638.352000000006
2050-02-26 12:00:00,48852.92800000001
2050-02-26 13:00:00,46467.622
2050-02-26 14:00:00,46297.468
2050-02-26 15:00:00,42443.606
2050-02-26 16:00:00,39725.28400000001
2050-02-26 17:00:00,38270.224
2050-02-26 18:00:00,38355.326
2050-02-26 19:00:00,39155.416
2050-02-26 20:00:00,37660.072
2050-02-26 21:00:00,34860.684
2050-02-26 22:00:00,32527.484000000004
2050-02-26 23:00:00,31370.664000000004
2050-02-27 00:00:00,29526.186
2050-02-27 01:00:00,28445.847999999998
2050-02-27 02:00:00,27209.952000000005
2050-02-27 03:00:00,26423.847999999998
2050-02-27 04:00:00,26881.953999999998
2050-02-27 05:00:00,29317.928000000004
2050-02-27 06:00:00,30356.096000000005
2050-02-27 07:00:00,31816.408000000003
2050-02-27 08:00:00,34280.616
2050-02-27 09:00:00,37778.046
2050-02-27 10:00:00,41263.978
2050-02-27 11:00:00,43754.68
2050-02-27 12:00:00,42460.32000000001
2050-02-27 13:00:00,44283.552
2050-02-27 14:00:00,42525.788
2050-02-27 15:00:00,39778.99600000001
2050-02-27 16:00:00,37579.576
2050-02-27 17:00:00,37055.42800000001
2050-02-27 18:00:00,37118.298
2050-02-27 19:00:00,38801.698
2050-02-27 20:00:00,38568.008
2050-02-27 21:00:00,38778.156
2050-02-27 22:00:00,38143.124
2050-02-27 23:00:00,34837.004
2050-02-28 00:00:00,33680.024
2050-02-28 01:00:00,33030.786
2050-02-28 02:00:00,32295.624
2050-02-28 03:00:00,30475.234000000004
2050-02-28 04:00:00,30713.320000000003
2050-02-28 05:00:00,31987.174
2050-02-28 06:00:00,32893.506
2050-02-28 07:00:00,35003.778000000006
2050-02-28 08:00:00,37928.716
2050-02-28 09:00:00,42971.43
2050-02-28 10:00:00,43763.836
2050-02-28 11:00:00,45507.974
2050-02-28 12:00:00,46527.432
2050-02-28 13:00:00,43930.432
2050-02-28 14:00:00,42768.916
2050-02-28 15:00:00,40463.494000000006
2050-02-28 16:00:00,36186.56
2050-02-28 17:00:00,32329.584000000003
2050-02-28 18:00:00,31274.376000000004
2050-02-28 19:00:00,30311.686
2050-02-28 20:00:00,29790.559999999998
2050-02-28 21:00:00,29399.274
2050-02-28 22:00:00,27467.896000000004
2050-02-28 23:00:00,27678.424
2050-03-01 00:00:00,26923.148
2050-03-01 01:00:00,27092.524
2050-03-01 02:00:00,26979.468
2050-03-01 03:00:00,27108.198
2050-03-01 04:00:00,27047.034000000003
2050-03-01 05:00:00,26609.458000000002
2050-03-01 06:00:00,27323.358000000004
2050-03-01 07:00:00,29164.97
2050-03-01 08:00:00,32210.08
2050-03-01 09:00:00,34771.338
2050-03-01 10:00:00,34838.686
2050-03-01 11:00:00,37086.21
2050-03-01 12:00:00,36781.265999999996
2050-03-01 13:00:00,35157.13
2050-03-01 14:00:00,32756.236
2050-03-01 15:00:00,32835.982
2050-03-01 16:00:00,32052.354
2050-03-01 17:00:00,28719.372
2050-03-01 18:00:00,28281.102000000003
2050-03-01 19:00:00,27395.712
2050-03-01 20:00:00,27249.188000000002
2050-03-01 21:00:00,26418.63
2050-03-01 22:00:00,22580.706000000002
2050-03-01 23:00:00,19815.802
2050-03-02 00:00:00,19187.63
2050-03-02 01:00:00,18044.674
2050-03-02 02:00:00,18298.788
2050-03-02 03:00:00,18162.29
2050-03-02 04:00:00,18127.636
2050-03-02 05:00:00,18855.116
2050-03-02 06:00:00,19776.126000000004
2050-03-02 07:00:00,22066.942000000003
2050-03-02 08:00:00,25718.378
2050-03-02 09:00:00,29007.854
2050-03-02 10:00:00,34233.159999999996
2050-03-02 11:00:00,39305.388
2050-03-02 12:00:00,38211.736
2050-03-02 13:00:00,35106.78
2050-03-02 14:00:00,32883.700000000004
2050-03-02 15:00:00,28164.052000000003
2050-03-02 16:00:00,27227.98
2050-03-02 17:00:00,23444.716
2050-03-02 18:00:00,23247.584000000003
2050-03-02 19:00:00,23458.842000000004
2050-03-02 20:00:00,23458.862
2050-03-02 21:00:00,23131.702
2050-03-02 22:00:00,21794.634000000002
2050-03-02 23:00:00,21158.982000000004
2050-03-03 00:00:00,21515.732000000004
2050-03-03 01:00:00,21161.386
2050-03-03 02:00:00,21234.448000000004
2050-03-03 03:00:00,21812.38
2050-03-03 04:00:00,23705.182
2050-03-03 05:00:00,26551.16
2050-03-03 06:00:00,27605.174
2050-03-03 07:00:00,33845.206
2050-03-03 08:00:00,38549.68
2050-03-03 09:00:00,36283.558000000005
2050-03-03 10:00:00,39415.378000000004
2050-03-03 11:00:00,42573.942
2050-03-03 12:00:00,39582.584
2050-03-03 13:00:00,40926.476
2050-03-03 14:00:00,38007.794
2050-03-03 15:00:00,35226.278000000006
2050-03-03 16:00:00,33122.364
2050-03-03 17:00:00,28036.778000000006
2050-03-03 18:00:00,27649.932
2050-03-03 19:00:00,27023.286
2050-03-03 20:00:00,26779.658000000003
2050-03-03 21:00:00,25288.36
2050-03-03 22:00:00,23382.296000000002
2050-03-03 23:00:00,23673.688000000002
2050-03-04 00:00:00,23365.384000000002
2050-03-04 01:00:00,23106.374
2050-03-04 02:00:00,23412.078
2050-03-04 03:00:00,24370.512000000002
2050-03-04 04:00:00,25536.520000000004
2050-03-04 05:00:00,27681.002000000004
2050-03-04 06:00:00,28092.016
2050-03-04 07:00:00,30301.588000000003
2050-03-04 08:00:00,33488.612
2050-03-04 09:00:00,35017.864
2050-03-04 10:00:00,39614.412000000004
2050-03-04 11:00:00,40028.72
2050-03-04 12:00:00,43440.37
2050-03-04 13:00:00,40957.350000000006
2050-03-04 14:00:00,36805.398
2050-03-04 15:00:00,33615.438
2050-03-04 16:00:00,34267.740000000005
2050-03-04 17:00:00,29071.512000000002
2050-03-04 18:00:00,28958.818
2050-03-04 19:00:00,28071.165999999997
2050-03-04 20:00:00,26114.118000000002
2050-03-04 21:00:00,22290.062
2050-03-04 22:00:00,20214.594
2050-03-04 23:00:00,18264.828
2050-03-05 00:00:00,18036.622
2050-03-05 01:00:00,18016.502
2050-03-05 02:00:00,17607.366
2050-03-05 03:00:00,18738.184
2050-03-05 04:00:00,20966.928
2050-03-05 05:00:00,23516.870000000003
2050-03-05 06:00:00,23538.588000000003
2050-03-05 07:00:00,28886.012000000002
2050-03-05 08:00:00,33804.422
2050-03-05 09:00:00,34634.458000000006
2050-03-05 10:00:00,31728.644
2050-03-05 11:00:00,30184.398
2050-03-05 12:00:00,28610.532000000003
2050-03-05 13:00:00,28158.582000000002
2050-03-05 14:00:00,30885.43
2050-03-05 15:00:00,35608.121999999996
2050-03-05 16:00:00,46714.488000000005
2050-03-05 17:00:00,42675.124
2050-03-05 18:00:00,39141.668
2050-03-05 19:00:00,33884.382000000005
2050-03-05 20:00:00,28650.944000000003
2050-03-05 21:00:00,22191.18
2050-03-05 22:00:00,19716.442000000003
2050-03-05 23:00:00,18894.132
2050-03-06 00:00:00,17930.198
2050-03-06 01:00:00,17989.350000000002
2050-03-06 02:00:00,17926.488
2050-03-06 03:00:00,18479.738
2050-03-06 04:00:00,20334.446
2050-03-06 05:00:00,23774.498000000003
2050-03-06 06:00:00,24706.48
2050-03-06 07:00:00,27492.83
2050-03-06 08:00:00,30709.928000000004
2050-03-06 09:00:00,35465.8
2050-03-06 10:00:00,39089.164000000004
2050-03-06 11:00:00,37895.188
2050-03-06 12:00:00,39331.304000000004
2050-03-06 13:00:00,40884.286
2050-03-06 14:00:00,38197.876000000004
2050-03-06 15:00:00,37677.898
2050-03-06 16:00:00,36220.312
2050-03-06 17:00:00,30704.102000000003
2050-03-06 18:00:00,29739.278000000006
2050-03-06 19:00:00,28855.056
2050-03-06 20:00:00,27158.294
2050-03-06 21:00:00,25315.402000000002
2050-03-06 22:00:00,22130.624
2050-03-06 23:00:00,20408.026
2050-03-07 00:00:00,20586.836
2050-03-07 01:00:00,19831.118000000002
2050-03-07 02:00:00,19714.174
2050-03-07 03:00:00,20358.308
2050-03-07 04:00:00,22184.798000000003
2050-03-07 05:00:00,25364.5
2050-03-07 06:00:00,26328.521999999997
2050-03-07 07:00:00,28539.504
2050-03-07 08:00:00,32434.606
2050-03-07 09:00:00,36835.118
2050-03-07 10:00:00,40898.89600000001
2050-03-07 11:00:00,42841.064000000006
2050-03-07 12:00:00,42586.972
2050-03-07 13:00:00,40938.742
2050-03-07 14:00:00,38965.126000000004
2050-03-07 15:00:00,36664.454
2050-03-07 16:00:00,32904.512
2050-03-07 17:00:00,28154.262000000002
2050-03-07 18:00:00,27502.504
2050-03-07 19:00:00,27317.798
2050-03-07 20:00:00,28178.11
2050-03-07 21:00:00,26669.874
2050-03-07 22:00:00,24183.800000000003
2050-03-07 23:00:00,25069.176000000003
2050-03-08 00:00:00,26108.11
2050-03-08 01:00:00,26201.36
2050-03-08 02:00:00,25704.932
2050-03-08 03:00:00,25484.624
2050-03-08 04:00:00,25211.426000000003
2050-03-08 05:00:00,23788.904000000002
2050-03-08 06:00:00,22858.652000000002
2050-03-08 07:00:00,22967.178
2050-03-08 08:00:00,27875.770000000004
2050-03-08 09:00:00,33939.294
2050-03-08 10:00:00,39019.046
2050-03-08 11:00:00,38442.990000000005
2050-03-08 12:00:00,38868.296
2050-03-08 13:00:00,40829.026000000005
2050-03-08 14:00:00,37897.804
2050-03-08 15:00:00,34553.046
2050-03-08 16:00:00,33349.224
2050-03-08 17:00:00,27612.856
2050-03-08 18:00:00,25856.274
2050-03-08 19:00:00,22088.208
2050-03-08 20:00:00,20946.772
2050-03-08 21:00:00,21656.288
2050-03-08 22:00:00,20519.65
2050-03-08 23:00:00,18991.746
2050-03-09 00:00:00,18229.166
2050-03-09 01:00:00,17428.288
2050-03-09 02:00:00,17414.562
2050-03-09 03:00:00,17477.778000000002
2050-03-09 04:00:00,18069.066000000003
2050-03-09 05:00:00,16866.358
2050-03-09 06:00:00,15320.866000000002
2050-03-09 07:00:00,18970.076
2050-03-09 08:00:00,26823.638000000003
2050-03-09 09:00:00,34219.648
2050-03-09 10:00:00,35737.754
2050-03-09 11:00:00,37599.58
2050-03-09 12:00:00,37680.31
2050-03-09 13:00:00,35475.858
2050-03-09 14:00:00,33355.170000000006
2050-03-09 15:00:00,29267.47
2050-03-09 16:00:00,28537.652000000002
2050-03-09 17:00:00,27690.070000000003
2050-03-09 18:00:00,28760.606
2050-03-09 19:00:00,28835.684000000005
2050-03-09 20:00:00,28838.792
2050-03-09 21:00:00,27737.268
2050-03-09 22:00:00,26188.176000000003
2050-03-09 23:00:00,24063.052
2050-03-10 00:00:00,22828.432
2050-03-10 01:00:00,22616.412
2050-03-10 02:00:00,22872.882
2050-03-10 03:00:00,23751.690000000002
2050-03-10 04:00:00,26227.844
2050-03-10 05:00:00,27951.774
2050-03-10 06:00:00,29093.76
2050-03-10 07:00:00,34223.638
2050-03-10 08:00:00,38381.448
2050-03-10 09:00:00,41254.982
2050-03-10 10:00:00,43912.388000000006
2050-03-10 11:00:00,45871.9
2050-03-10 12:00:00,46238.166
2050-03-10 13:00:00,45485.064000000006
2050-03-10 14:00:00,43461.288
2050-03-10 15:00:00,40956.228
2050-03-10 16:00:00,37655.748
2050-03-10 17:00:00,32483.300000000003
2050-03-10 18:00:00,32005.066
2050-03-10 19:00:00,31852.2
2050-03-10 20:00:00,30859.168
2050-03-10 21:00:00,29566.302000000003
2050-03-10 22:00:00,27456.534000000003
2050-03-10 23:00:00,28310.95
2050-03-11 00:00:00,28078.208000000002
2050-03-11 01:00:00,28257.202000000005
2050-03-11 02:00:00,29173.148
2050-03-11 03:00:00,30610.164000000004
2050-03-11 04:00:00,30834.188000000002
2050-03-11 05:00:00,34085.598
2050-03-11 06:00:00,36015.270000000004
2050-03-11 07:00:00,37244.232
2050-03-11 08:00:00,38928.524
2050-03-11 09:00:00,39010.128000000004
2050-03-11 10:00:00,40525.196
2050-03-11 11:00:00,42786.978
2050-03-11 12:00:00,47875.630000000005
2050-03-11 13:00:00,46152.836
2050-03-11 14:00:00,44535.632000000005
2050-03-11 15:00:00,46110.492
2050-03-11 16:00:00,42580.05
2050-03-11 17:00:00,39107.89000000001
2050-03-11 18:00:00,36613.43
2050-03-11 19:00:00,35044.706
2050-03-11 20:00:00,33630.002
2050-03-11 21:00:00,31356.902000000002
2050-03-11 22:00:00,29665.872
2050-03-11 23:00:00,27897.784000000003
2050-03-12 00:00:00,27528.486
2050-03-12 01:00:00,27714.676000000003
2050-03-12 02:00:00,27837.364
2050-03-12 03:00:00,28445.262000000002
2050-03-12 04:00:00,29964.018
2050-03-12 05:00:00,31683.398
2050-03-12 06:00:00,32841.736
2050-03-12 07:00:00,36599.636
2050-03-12 08:00:00,42736.236000000004
2050-03-12 09:00:00,47248.264
2050-03-12 10:00:00,49424.356
2050-03-12 11:00:00,50311.446
2050-03-12 12:00:00,48503.994000000006
2050-03-12 13:00:00,47379.32000000001
2050-03-12 14:00:00,44199.386
2050-03-12 15:00:00,41915.986000000004
2050-03-12 16:00:00,39178.604
2050-03-12 17:00:00,32952.712
2050-03-12 18:00:00,31089.716
2050-03-12 19:00:00,30839.21
2050-03-12 20:00:00,30584.097999999998
2050-03-12 21:00:00,29890.73
2050-03-12 22:00:00,29422.554
2050-03-12 23:00:00,28364.026
2050-03-13 00:00:00,27812.936
2050-03-13 01:00:00,27666.532000000003
2050-03-13 02:00:00,27810.552000000003
2050-03-13 03:00:00,27932.668
2050-03-13 04:00:00,28927.306
2050-03-13 05:00:00,31325.872
2050-03-13 06:00:00,32805.588
2050-03-13 07:00:00,38025.22
2050-03-13 08:00:00,41884.584
2050-03-13 09:00:00,45925.546
2050-03-13 10:00:00,46594.882000000005
2050-03-13 11:00:00,46838.012
2050-03-13 12:00:00,46632.89600000001
2050-03-13 13:00:00,47197.598
2050-03-13 14:00:00,45431.97
2050-03-13 15:00:00,46483.404
2050-03-13 16:00:00,43125.862
2050-03-13 17:00:00,38117.508
2050-03-13 18:00:00,35781.05
2050-03-13 19:00:00,33826.976
2050-03-13 20:00:00,33017.19
2050-03-13 21:00:00,31179.376000000004
2050-03-13 22:00:00,30612.340000000004
2050-03-13 23:00:00,29940.194000000003
2050-03-14 00:00:00,29669.068
2050-03-14 01:00:00,29552.48
2050-03-14 02:00:00,29839.322
2050-03-14 03:00:00,30115.953999999998
2050-03-14 04:00:00,30403.986
2050-03-14 05:00:00,31524.038
2050-03-14 06:00:00,32943.346000000005
2050-03-14 07:00:00,39671.686
2050-03-14 08:00:00,44126.07000000001
2050-03-14 09:00:00,46816.956000000006
2050-03-14 10:00:00,48087.630000000005
2050-03-14 11:00:00,47723.392
2050-03-14 12:00:00,48874.82800000001
2050-03-14 13:00:00,47161.044
2050-03-14 14:00:00,46693.022
2050-03-14 15:00:00,46219.884000000005
2050-03-14 16:00:00,44847.93
2050-03-14 17:00:00,41367.436
2050-03-14 18:00:00,38590.765999999996
2050-03-14 19:00:00,38389.426
2050-03-14 20:00:00,34957.512
2050-03-14 21:00:00,32592.72
2050-03-14 22:00:00,29320.138000000003
2050-03-14 23:00:00,26868.934000000005
2050-03-15 00:00:00,23267.648
2050-03-15 01:00:00,23071.062
2050-03-15 02:00:00,22822.236
2050-03-15 03:00:00,23970.528000000002
2050-03-15 04:00:00,24636.696
2050-03-15 05:00:00,26035.848
2050-03-15 06:00:00,27697.292
2050-03-15 07:00:00,33111.04
2050-03-15 08:00:00,40793.79000000001
2050-03-15 09:00:00,46253.606
2050-03-15 10:00:00,49774.352000000006
2050-03-15 11:00:00,48683.69
2050-03-15 12:00:00,46522.68
2050-03-15 13:00:00,42910.542
2050-03-15 14:00:00,43805.944
2050-03-15 15:00:00,42673.97
2050-03-15 16:00:00,43664.518000000004
2050-03-15 17:00:00,41761.64600000001
2050-03-15 18:00:00,38061.708000000006
2050-03-15 19:00:00,35138.562
2050-03-15 20:00:00,32022.33
2050-03-15 21:00:00,29688.798
2050-03-15 22:00:00,25997.498000000003
2050-03-15 23:00:00,23133.332000000002
2050-03-16 00:00:00,20603.746
2050-03-16 01:00:00,19014.068
2050-03-16 02:00:00,17971.592
2050-03-16 03:00:00,18182.652
2050-03-16 04:00:00,18747.296
2050-03-16 05:00:00,18927.754
2050-03-16 06:00:00,19110.184
2050-03-16 07:00:00,26273.452000000005
2050-03-16 08:00:00,31715.23
2050-03-16 09:00:00,36700.448
2050-03-16 10:00:00,39297.776000000005
2050-03-16 11:00:00,39188.592
2050-03-16 12:00:00,38672.364
2050-03-16 13:00:00,39432.186
2050-03-16 14:00:00,37562.222
2050-03-16 15:00:00,33404.526000000005
2050-03-16 16:00:00,33894.78400000001
2050-03-16 17:00:00,32207.365999999998
2050-03-16 18:00:00,29702.306
2050-03-16 19:00:00,27414.420000000002
2050-03-16 20:00:00,24192.938000000002
2050-03-16 21:00:00,22602.186
2050-03-16 22:00:00,21293.498000000003
2050-03-16 23:00:00,21279.350000000002
2050-03-17 00:00:00,20300.804000000004
2050-03-17 01:00:00,18920.974
2050-03-17 02:00:00,18821.346
2050-03-17 03:00:00,21532.104000000003
2050-03-17 04:00:00,25785.986
2050-03-17 05:00:00,30993.152000000002
2050-03-17 06:00:00,33085.754
2050-03-17 07:00:00,37932.188
2050-03-17 08:00:00,40371.308000000005
2050-03-17 09:00:00,46748.098
2050-03-17 10:00:00,49845.624
2050-03-17 11:00:00,50267.848
2050-03-17 12:00:00,51404.268000000004
2050-03-17 13:00:00,52453.746
2050-03-17 14:00:00,47867.99600000001
2050-03-17 15:00:00,47725.248
2050-03-17 16:00:00,47404.054000000004
2050-03-17 17:00:00,41102.776000000005
2050-03-17 18:00:00,37188.04
2050-03-17 19:00:00,36265.686
2050-03-17 20:00:00,34894.826
2050-03-17 21:00:00,30925.934000000005
2050-03-17 22:00:00,28480.552000000003
2050-03-17 23:00:00,27767.694000000003
2050-03-18 00:00:00,26417.868000000002
2050-03-18 01:00:00,25736.716
2050-03-18 02:00:00,24458.588000000003
2050-03-18 03:00:00,24347.428
2050-03-18 04:00:00,25559.848
2050-03-18 05:00:00,27897.582000000002
2050-03-18 06:00:00,29798.246000000003
2050-03-18 07:00:00,34789.494
2050-03-18 08:00:00,37649.714
2050-03-18 09:00:00,43050.67800000001
2050-03-18 10:00:00,44510.07000000001
2050-03-18 11:00:00,47838.07800000001
2050-03-18 12:00:00,49325.164000000004
2050-03-18 13:00:00,51045.75
2050-03-18 14:00:00,48660.348
2050-03-18 15:00:00,46537.268000000004
2050-03-18 16:00:00,46486.19
2050-03-18 17:00:00,39937.456000000006
2050-03-18 18:00:00,36158.702000000005
2050-03-18 19:00:00,34938.998
2050-03-18 20:00:00,32717.476000000002
2050-03-18 21:00:00,30194.458000000002
2050-03-18 22:00:00,27746.13
2050-03-18 23:00:00,26311.178000000004
2050-03-19 00:00:00,25186.04
2050-03-19 01:00:00,24810.536
2050-03-19 02:00:00,24261.312
2050-03-19 03:00:00,25528.032000000003
2050-03-19 04:00:00,28049.816
2050-03-19 05:00:00,29373.766
2050-03-19 06:00:00,31214.774
2050-03-19 07:00:00,34338.332
2050-03-19 08:00:00,35200.69
2050-03-19 09:00:00,38818.686
2050-03-19 10:00:00,42653.572
2050-03-19 11:00:00,41089.786
2050-03-19 12:00:00,41184.794
2050-03-19 13:00:00,41958.038
2050-03-19 14:00:00,38522.368
2050-03-19 15:00:00,36645.078
2050-03-19 16:00:00,36365.442
2050-03-19 17:00:00,31247.706000000002
2050-03-19 18:00:00,29556.564000000002
2050-03-19 19:00:00,29114.308000000005
2050-03-19 20:00:00,29225.112
2050-03-19 21:00:00,28646.292
2050-03-19 22:00:00,25552.398
2050-03-19 23:00:00,23081.870000000003
2050-03-20 00:00:00,21933.962
2050-03-20 01:00:00,21704.376000000004
2050-03-20 02:00:00,22188.006
2050-03-20 03:00:00,23104.64
2050-03-20 04:00:00,25570.792
2050-03-20 05:00:00,27426.768
2050-03-20 06:00:00,28948.656000000003
2050-03-20 07:00:00,30400.090000000004
2050-03-20 08:00:00,30131.696000000004
2050-03-20 09:00:00,34627.938
2050-03-20 10:00:00,38592.058000000005
2050-03-20 11:00:00,40421.664000000004
2050-03-20 12:00:00,40645.962
2050-03-20 13:00:00,38402.116
2050-03-20 14:00:00,35441.114
2050-03-20 15:00:00,35922.342
2050-03-20 16:00:00,33484.420000000006
2050-03-20 17:00:00,31388.662
2050-03-20 18:00:00,30241.946000000004
2050-03-20 19:00:00,30485.804
2050-03-20 20:00:00,30464.206000000002
2050-03-20 21:00:00,28481.194000000003
2050-03-20 22:00:00,26264.066
2050-03-20 23:00:00,24336.918
2050-03-21 00:00:00,23130.154000000002
2050-03-21 01:00:00,22396.362
2050-03-21 02:00:00,22528.898
2050-03-21 03:00:00,23328.746
2050-03-21 04:00:00,24779.222
2050-03-21 05:00:00,25427.402000000002
2050-03-21 06:00:00,27718.690000000002
2050-03-21 07:00:00,32305.878000000004
2050-03-21 08:00:00,36856.642
2050-03-21 09:00:00,42329.972
2050-03-21 10:00:00,48740.57800000001
2050-03-21 11:00:00,49532.908
2050-03-21 12:00:00,50564.626000000004
2050-03-21 13:00:00,48558.43
2050-03-21 14:00:00,46514.182
2050-03-21 15:00:00,39015.058000000005
2050-03-21 16:00:00,32382.044
2050-03-21 17:00:00,25558.068
2050-03-21 18:00:00,23007.444000000003
2050-03-21 19:00:00,23316.988
2050-03-21 20:00:00,23491.138000000003
2050-03-21 21:00:00,22951.166
2050-03-21 22:00:00,22580.814000000002
2050-03-21 23:00:00,21430.106
2050-03-22 00:00:00,20716.446
2050-03-22 01:00:00,19752.866
2050-03-22 02:00:00,19116.89
2050-03-22 03:00:00,18727.488
2050-03-22 04:00:00,17949.34
2050-03-22 05:00:00,16990.668
2050-03-22 06:00:00,19680.366
2050-03-22 07:00:00,26086.302
2050-03-22 08:00:00,30571.896000000004
2050-03-22 09:00:00,35481.0
2050-03-22 10:00:00,39344.056000000004
2050-03-22 11:00:00,42899.168000000005
2050-03-22 12:00:00,41107.504
2050-03-22 13:00:00,35231.512
2050-03-22 14:00:00,30548.644
2050-03-22 15:00:00,27886.882
2050-03-22 16:00:00,23716.31
2050-03-22 17:00:00,21342.926000000003
2050-03-22 18:00:00,20782.28
2050-03-22 19:00:00,19894.710000000003
2050-03-22 20:00:00,19333.14
2050-03-22 21:00:00,17816.462
2050-03-22 22:00:00,18517.154000000002
2050-03-22 23:00:00,16296.984
2050-03-23 00:00:00,14866.296
2050-03-23 01:00:00,14412.83
2050-03-23 02:00:00,13966.838000000002
2050-03-23 03:00:00,13441.442000000003
2050-03-23 04:00:00,12150.794000000002
2050-03-23 05:00:00,11924.026
2050-03-23 06:00:00,12676.378
2050-03-23 07:00:00,15877.292000000001
2050-03-23 08:00:00,20641.846
2050-03-23 09:00:00,25106.314000000002
2050-03-23 10:00:00,26502.66
2050-03-23 11:00:00,30607.11
2050-03-23 12:00:00,32028.426000000003
2050-03-23 13:00:00,29134.788
2050-03-23 14:00:00,26017.012000000002
2050-03-23 15:00:00,23250.674
2050-03-23 16:00:00,21990.38
2050-03-23 17:00:00,21419.836
2050-03-23 18:00:00,20997.092000000004
2050-03-23 19:00:00,20447.134000000002
2050-03-23 20:00:00,20192.192000000003
2050-03-23 21:00:00,20606.776
2050-03-23 22:00:00,20169.968
2050-03-23 23:00:00,20488.59
2050-03-24 00:00:00,20872.096
2050-03-24 01:00:00,21176.564000000002
2050-03-24 02:00:00,21820.226000000002
2050-03-24 03:00:00,22677.22
2050-03-24 04:00:00,23409.814000000002
2050-03-24 05:00:00,24955.024
2050-03-24 06:00:00,27114.576
2050-03-24 07:00:00,29929.484000000004
2050-03-24 08:00:00,32890.758
2050-03-24 09:00:00,39190.590000000004
2050-03-24 10:00:00,46521.042
2050-03-24 11:00:00,47136.200000000004
2050-03-24 12:00:00,46480.348
2050-03-24 13:00:00,45025.43
2050-03-24 14:00:00,43765.462
2050-03-24 15:00:00,39966.772
2050-03-24 16:00:00,35405.382000000005
2050-03-24 17:00:00,32540.914000000004
2050-03-24 18:00:00,29835.034000000003
2050-03-24 19:00:00,28345.068
2050-03-24 20:00:00,26790.698
2050-03-24 21:00:00,25899.84
2050-03-24 22:00:00,24842.068
2050-03-24 23:00:00,24025.320000000003
2050-03-25 00:00:00,23496.294
2050-03-25 01:00:00,23730.154000000002
2050-03-25 02:00:00,24328.748000000003
2050-03-25 03:00:00,24857.38
2050-03-25 04:00:00,25431.49
2050-03-25 05:00:00,28029.978000000003
2050-03-25 06:00:00,30229.238
2050-03-25 07:00:00,33958.666
2050-03-25 08:00:00,36393.426
2050-03-25 09:00:00,38753.512
2050-03-25 10:00:00,42766.614
2050-03-25 11:00:00,45443.96
2050-03-25 12:00:00,44005.674
2050-03-25 13:00:00,39281.866
2050-03-25 14:00:00,34849.604
2050-03-25 15:00:00,31812.926000000003
2050-03-25 16:00:00,30338.43
2050-03-25 17:00:00,29589.050000000003
2050-03-25 18:00:00,29910.526
2050-03-25 19:00:00,29775.68
2050-03-25 20:00:00,29450.586
2050-03-25 21:00:00,26972.634000000005
2050-03-25 22:00:00,22690.184
2050-03-25 23:00:00,21268.544
2050-03-26 00:00:00,20819.012000000002
2050-03-26 01:00:00,20637.802
2050-03-26 02:00:00,20397.29
2050-03-26 03:00:00,20578.816000000003
2050-03-26 04:00:00,21536.706000000002
2050-03-26 05:00:00,23950.032000000003
2050-03-26 06:00:00,26442.66
2050-03-26 07:00:00,29095.282000000003
2050-03-26 08:00:00,31023.944000000003
2050-03-26 09:00:00,33506.24600000001
2050-03-26 10:00:00,34487.904
2050-03-26 11:00:00,35243.864
2050-03-26 12:00:00,36617.57
2050-03-26 13:00:00,34608.88
2050-03-26 14:00:00,32904.29
2050-03-26 15:00:00,32014.646000000004
2050-03-26 16:00:00,30456.284000000003
2050-03-26 17:00:00,28591.806
2050-03-26 18:00:00,25644.79
2050-03-26 19:00:00,25372.974000000002
2050-03-26 20:00:00,24988.09
2050-03-26 21:00:00,24293.338000000003
2050-03-26 22:00:00,21799.45
2050-03-26 23:00:00,20906.196
2050-03-27 00:00:00,20850.084000000003
2050-03-27 01:00:00,20675.04
2050-03-27 02:00:00,21086.184
2050-03-27 03:00:00,20834.832000000002
2050-03-27 04:00:00,22165.270000000004
2050-03-27 05:00:00,24153.99
2050-03-27 06:00:00,28124.41
2050-03-27 07:00:00,33298.490000000005
2050-03-27 08:00:00,36376.208000000006
2050-03-27 09:00:00,40895.374
2050-03-27 10:00:00,45301.166
2050-03-27 11:00:00,47048.028000000006
2050-03-27 12:00:00,46724.218
2050-03-27 13:00:00,43784.202000000005
2050-03-27 14:00:00,38819.022
2050-03-27 15:00:00,34463.326
2050-03-27 16:00:00,33391.664000000004
2050-03-27 17:00:00,29249.072
2050-03-27 18:00:00,27180.540000000005
2050-03-27 19:00:00,27195.915999999997
2050-03-27 20:00:00,26067.524
2050-03-27 21:00:00,24689.624
2050-03-27 22:00:00,21376.548000000003
2050-03-27 23:00:00,19489.796
2050-03-28 00:00:00,17772.72
2050-03-28 01:00:00,16251.406
2050-03-28 02:00:00,15717.596
2050-03-28 03:00:00,16999.068
2050-03-28 04:00:00,20082.894
2050-03-28 05:00:00,22621.322
2050-03-28 06:00:00,25584.814000000002
2050-03-28 07:00:00,29919.890000000003
2050-03-28 08:00:00,33473.114
2050-03-28 09:00:00,36045.826
2050-03-28 10:00:00,36500.898
2050-03-28 11:00:00,39011.612
2050-03-28 12:00:00,39790.8
2050-03-28 13:00:00,38831.662000000004
2050-03-28 14:00:00,33989.204
2050-03-28 15:00:00,29408.872
2050-03-28 16:00:00,27296.628000000004
2050-03-28 17:00:00,26312.270000000004
2050-03-28 18:00:00,25004.214000000004
2050-03-28 19:00:00,24586.0
2050-03-28 20:00:00,24695.542
2050-03-28 21:00:00,23674.108
2050-03-28 22:00:00,20491.39
2050-03-28 23:00:00,17208.264000000003
2050-03-29 00:00:00,17013.692000000003
2050-03-29 01:00:00,16535.89
2050-03-29 02:00:00,16272.372000000001
2050-03-29 03:00:00,15968.794000000002
2050-03-29 04:00:00,15183.942000000003
2050-03-29 05:00:00,14911.926000000001
2050-03-29 06:00:00,17224.850000000002
2050-03-29 07:00:00,24312.096
2050-03-29 08:00:00,33304.812
2050-03-29 09:00:00,38972.518000000004
2050-03-29 10:00:00,41800.844000000005
2050-03-29 11:00:00,38175.6
2050-03-29 12:00:00,45404.268000000004
2050-03-29 13:00:00,44615.938
2050-03-29 14:00:00,38763.728
2050-03-29 15:00:00,31422.98
2050-03-29 16:00:00,25964.408
2050-03-29 17:00:00,23007.188000000002
2050-03-29 18:00:00,21090.424
2050-03-29 19:00:00,22508.316000000003
2050-03-29 20:00:00,21726.838000000003
2050-03-29 21:00:00,21214.366
2050-03-29 22:00:00,22292.902000000002
2050-03-29 23:00:00,22961.994000000002
2050-03-30 00:00:00,24850.366
2050-03-30 01:00:00,23162.718
2050-03-30 02:00:00,25928.414000000004
2050-03-30 03:00:00,25701.04
2050-03-30 04:00:00,25119.988
2050-03-30 05:00:00,25557.406000000003
2050-03-30 06:00:00,27076.100000000002
2050-03-30 07:00:00,30878.104
2050-03-30 08:00:00,36454.67800000001
2050-03-30 09:00:00,42047.872
2050-03-30 10:00:00,45096.93400000001
2050-03-30 11:00:00,46980.506
2050-03-30 12:00:00,47798.564000000006
2050-03-30 13:00:00,45045.450000000004
2050-03-30 14:00:00,41755.364
2050-03-30 15:00:00,38899.81
2050-03-30 16:00:00,32639.984000000004
2050-03-30 17:00:00,27985.65
2050-03-30 18:00:00,25353.300000000003
2050-03-30 19:00:00,25606.094
2050-03-30 20:00:00,24980.372000000003
2050-03-30 21:00:00,24744.822
2050-03-30 22:00:00,23268.646
2050-03-30 23:00:00,21135.662
2050-03-31 00:00:00,19376.304
2050-03-31 01:00:00,19089.432
2050-03-31 02:00:00,18160.496
2050-03-31 03:00:00,20023.158
2050-03-31 04:00:00,23566.212
2050-03-31 05:00:00,26115.928
2050-03-31 06:00:00,27637.590000000004
2050-03-31 07:00:00,32039.674
2050-03-31 08:00:00,35309.366
2050-03-31 09:00:00,40155.584
2050-03-31 10:00:00,43057.918000000005
2050-03-31 11:00:00,46833.994000000006
2050-03-31 12:00:00,47135.546
2050-03-31 13:00:00,46509.066
2050-03-31 14:00:00,43074.450000000004
2050-03-31 15:00:00,39867.988000000005
2050-03-31 16:00:00,37709.18
2050-03-31 17:00:00,32555.620000000003
2050-03-31 18:00:00,27971.562
2050-03-31 19:00:00,26325.382
2050-03-31 20:00:00,24821.562
2050-03-31 21:00:00,21425.002
2050-03-31 22:00:00,18889.662
2050-03-31 23:00:00,18925.336
2050-04-01 00:00:00,18821.044
2050-04-01 01:00:00,18188.222
2050-04-01 02:00:00,18921.718
2050-04-01 03:00:00,20423.638000000003
2050-04-01 04:00:00,25309.494000000002
2050-04-01 05:00:00,27088.436
2050-04-01 06:00:00,30731.440000000002
2050-04-01 07:00:00,33569.81
2050-04-01 08:00:00,34253.97
2050-04-01 09:00:00,41287.602000000006
2050-04-01 10:00:00,46816.44
2050-04-01 11:00:00,47506.546
2050-04-01 12:00:00,49492.788
2050-04-01 13:00:00,47750.762
2050-04-01 14:00:00,47515.016
2050-04-01 15:00:00,43132.5
2050-04-01 16:00:00,40454.53400000001
2050-04-01 17:00:00,37044.740000000005
2050-04-01 18:00:00,31289.124
2050-04-01 19:00:00,26257.274
2050-04-01 20:00:00,20784.624
2050-04-01 21:00:00,18227.079999999998
2050-04-01 22:00:00,16513.829999999998
2050-04-01 23:00:00,14615.042000000001
2050-04-02 00:00:00,12387.808
2050-04-02 01:00:00,11828.478000000001
2050-04-02 02:00:00,11997.6
2050-04-02 03:00:00,13714.618
2050-04-02 04:00:00,18701.218
2050-04-02 05:00:00,21774.704
2050-04-02 06:00:00,26499.062
2050-04-02 07:00:00,33630.478
2050-04-02 08:00:00,43030.616
2050-04-02 09:00:00,48497.78400000001
2050-04-02 10:00:00,52904.862
2050-04-02 11:00:00,54759.712
2050-04-02 12:00:00,54990.134
2050-04-02 13:00:00,52989.298
2050-04-02 14:00:00,48446.350000000006
2050-04-02 15:00:00,43045.51
2050-04-02 16:00:00,36862.836
2050-04-02 17:00:00,30720.478000000003
2050-04-02 18:00:00,24935.326
2050-04-02 19:00:00,23429.864
2050-04-02 20:00:00,21859.668
2050-04-02 21:00:00,20450.99
2050-04-02 22:00:00,20442.024
2050-04-02 23:00:00,19381.257999999998
2050-04-03 00:00:00,18450.278000000002
2050-04-03 01:00:00,18276.079999999998
2050-04-03 02:00:00,18154.076
2050-04-03 03:00:00,18868.928
2050-04-03 04:00:00,23055.332000000002
2050-04-03 05:00:00,24482.594
2050-04-03 06:00:00,28565.386
2050-04-03 07:00:00,33607.964
2050-04-03 08:00:00,40576.852000000006
2050-04-03 09:00:00,43304.118
2050-04-03 10:00:00,46256.168000000005
2050-04-03 11:00:00,48280.296
2050-04-03 12:00:00,48721.03200000001
2050-04-03 13:00:00,47251.612
2050-04-03 14:00:00,45702.262
2050-04-03 15:00:00,40715.350000000006
2050-04-03 16:00:00,36416.762
2050-04-03 17:00:00,28829.878000000004
2050-04-03 18:00:00,22614.61
2050-04-03 19:00:00,21897.020000000004
2050-04-03 20:00:00,20314.54
2050-04-03 21:00:00,18036.898
2050-04-03 22:00:00,19176.732
2050-04-03 23:00:00,19023.082000000002
2050-04-04 00:00:00,17725.882
2050-04-04 01:00:00,17276.0
2050-04-04 02:00:00,17215.192000000003
2050-04-04 03:00:00,18382.329999999998
2050-04-04 04:00:00,20586.354000000003
2050-04-04 05:00:00,21813.238
2050-04-04 06:00:00,25784.174
2050-04-04 07:00:00,27116.606
2050-04-04 08:00:00,32650.906000000003
2050-04-04 09:00:00,39093.124
2050-04-04 10:00:00,43773.58
2050-04-04 11:00:00,46847.322
2050-04-04 12:00:00,46366.92600000001
2050-04-04 13:00:00,44983.136
2050-04-04 14:00:00,42651.354
2050-04-04 15:00:00,38339.420000000006
2050-04-04 16:00:00,36465.642
2050-04-04 17:00:00,31599.23
2050-04-04 18:00:00,26897.576
2050-04-04 19:00:00,24441.922000000002
2050-04-04 20:00:00,22041.372000000003
2050-04-04 21:00:00,19318.68
2050-04-04 22:00:00,17920.968
2050-04-04 23:00:00,16558.398
2050-04-05 00:00:00,14369.800000000001
2050-04-05 01:00:00,12572.284
2050-04-05 02:00:00,12503.388
2050-04-05 03:00:00,13634.514000000003
2050-04-05 04:00:00,14711.876000000002
2050-04-05 05:00:00,15692.304000000002
2050-04-05 06:00:00,21444.702
2050-04-05 07:00:00,31929.15
2050-04-05 08:00:00,40963.494000000006
2050-04-05 09:00:00,47679.564000000006
2050-04-05 10:00:00,51312.762
2050-04-05 11:00:00,53544.798
2050-04-05 12:00:00,53542.350000000006
2050-04-05 13:00:00,51145.670000000006
2050-04-05 14:00:00,47471.41
2050-04-05 15:00:00,43693.242
2050-04-05 16:00:00,37213.06
2050-04-05 17:00:00,30246.97
2050-04-05 18:00:00,24555.5
2050-04-05 19:00:00,22267.25
2050-04-05 20:00:00,20334.434
2050-04-05 21:00:00,19905.106
2050-04-05 22:00:00,19458.15
2050-04-05 23:00:00,18770.406
2050-04-06 00:00:00,17660.208
2050-04-06 01:00:00,16891.856
2050-04-06 02:00:00,16574.866
2050-04-06 03:00:00,17278.674
2050-04-06 04:00:00,17402.202
2050-04-06 05:00:00,17322.948
2050-04-06 06:00:00,22375.268
2050-04-06 07:00:00,32447.95
2050-04-06 08:00:00,38431.832
2050-04-06 09:00:00,43663.204
2050-04-06 10:00:00,47210.786
2050-04-06 11:00:00,48911.78
2050-04-06 12:00:00,48416.472
2050-04-06 13:00:00,45415.17800000001
2050-04-06 14:00:00,40338.994000000006
2050-04-06 15:00:00,38702.076
2050-04-06 16:00:00,33325.920000000006
2050-04-06 17:00:00,30277.021999999997
2050-04-06 18:00:00,25870.798000000003
2050-04-06 19:00:00,23858.202
2050-04-06 20:00:00,23030.046000000002
2050-04-06 21:00:00,20164.438000000002
2050-04-06 22:00:00,18125.546
2050-04-06 23:00:00,17271.716
2050-04-07 00:00:00,16722.102
2050-04-07 01:00:00,16500.670000000002
2050-04-07 02:00:00,16707.594
2050-04-07 03:00:00,19423.812
2050-04-07 04:00:00,23145.874
2050-04-07 05:00:00,25483.088000000003
2050-04-07 06:00:00,30230.728000000003
2050-04-07 07:00:00,33725.056000000004
2050-04-07 08:00:00,36017.81
2050-04-07 09:00:00,39919.946
2050-04-07 10:00:00,44386.744000000006
2050-04-07 11:00:00,46234.36
2050-04-07 12:00:00,46286.17600000001
2050-04-07 13:00:00,44317.668000000005
2050-04-07 14:00:00,41852.406
2050-04-07 15:00:00,42222.098
2050-04-07 16:00:00,41971.278000000006
2050-04-07 17:00:00,36630.898
2050-04-07 18:00:00,32875.668
2050-04-07 19:00:00,31246.770000000004
2050-04-07 20:00:00,28419.588000000003
2050-04-07 21:00:00,27163.968
2050-04-07 22:00:00,25131.812
2050-04-07 23:00:00,24557.744000000002
2050-04-08 00:00:00,23698.094
2050-04-08 01:00:00,23120.862
2050-04-08 02:00:00,23727.59
2050-04-08 03:00:00,25048.88
2050-04-08 04:00:00,26147.276
2050-04-08 05:00:00,27126.136
2050-04-08 06:00:00,31724.246000000003
2050-04-08 07:00:00,36241.834
2050-04-08 08:00:00,37246.512
2050-04-08 09:00:00,39741.740000000005
2050-04-08 10:00:00,43310.074
2050-04-08 11:00:00,44414.376000000004
2050-04-08 12:00:00,44673.850000000006
2050-04-08 13:00:00,42218.42600000001
2050-04-08 14:00:00,40600.718
2050-04-08 15:00:00,40088.262
2050-04-08 16:00:00,39956.942
2050-04-08 17:00:00,34937.112
2050-04-08 18:00:00,31230.696000000004
2050-04-08 19:00:00,29621.382
2050-04-08 20:00:00,29031.870000000003
2050-04-08 21:00:00,27036.842
2050-04-08 22:00:00,24476.706000000002
2050-04-08 23:00:00,23118.812
2050-04-09 00:00:00,22757.314000000002
2050-04-09 01:00:00,22352.736
2050-04-09 02:00:00,22149.826
2050-04-09 03:00:00,23639.654000000002
2050-04-09 04:00:00,26549.492
2050-04-09 05:00:00,28693.894
2050-04-09 06:00:00,30897.809999999998
2050-04-09 07:00:00,33740.522
2050-04-09 08:00:00,34142.256
2050-04-09 09:00:00,37796.464
2050-04-09 10:00:00,42859.606
2050-04-09 11:00:00,43107.924
2050-04-09 12:00:00,44187.016
2050-04-09 13:00:00,46641.60800000001
2050-04-09 14:00:00,44024.574
2050-04-09 15:00:00,39407.924
2050-04-09 16:00:00,38618.88
2050-04-09 17:00:00,37876.822
2050-04-09 18:00:00,34734.076
2050-04-09 19:00:00,31399.078000000005
2050-04-09 20:00:00,28958.596000000005
2050-04-09 21:00:00,25885.476000000002
2050-04-09 22:00:00,24935.848
2050-04-09 23:00:00,24038.232000000004
2050-04-10 00:00:00,23861.600000000002
2050-04-10 01:00:00,23873.344
2050-04-10 02:00:00,24715.482000000004
2050-04-10 03:00:00,25153.23
2050-04-10 04:00:00,28183.418
2050-04-10 05:00:00,29746.462
2050-04-10 06:00:00,31186.212
2050-04-10 07:00:00,32378.096000000005
2050-04-10 08:00:00,32859.409999999996
2050-04-10 09:00:00,33254.42800000001
2050-04-10 10:00:00,35830.614
2050-04-10 11:00:00,38076.466
2050-04-10 12:00:00,40857.888000000006
2050-04-10 13:00:00,41514.682
2050-04-10 14:00:00,41083.082
2050-04-10 15:00:00,35804.265999999996
2050-04-10 16:00:00,33042.712
2050-04-10 17:00:00,29196.276
2050-04-10 18:00:00,24609.0
2050-04-10 19:00:00,22750.242000000002
2050-04-10 20:00:00,20918.050000000003
2050-04-10 21:00:00,19350.132
2050-04-10 22:00:00,19114.836
2050-04-10 23:00:00,18830.514000000003
2050-04-11 00:00:00,18600.982
2050-04-11 01:00:00,18409.4
2050-04-11 02:00:00,18863.076
2050-04-11 03:00:00,18540.922000000002
2050-04-11 04:00:00,19058.15
2050-04-11 05:00:00,21069.14
2050-04-11 06:00:00,24975.064000000002
2050-04-11 07:00:00,28667.68
2050-04-11 08:00:00,34478.824
2050-04-11 09:00:00,38182.409999999996
2050-04-11 10:00:00,42744.494000000006
2050-04-11 11:00:00,44579.08
2050-04-11 12:00:00,43799.984000000004
2050-04-11 13:00:00,40427.706000000006
2050-04-11 14:00:00,34513.24600000001
2050-04-11 15:00:00,30942.25
2050-04-11 16:00:00,27329.446000000004
2050-04-11 17:00:00,23526.374
2050-04-11 18:00:00,19363.966
2050-04-11 19:00:00,18221.562
2050-04-11 20:00:00,17827.346
2050-04-11 21:00:00,16854.338
2050-04-11 22:00:00,16990.766
2050-04-11 23:00:00,16885.564000000002
2050-04-12 00:00:00,16762.884000000002
2050-04-12 01:00:00,16964.958
2050-04-12 02:00:00,16841.826
2050-04-12 03:00:00,17558.054
2050-04-12 04:00:00,18070.526
2050-04-12 05:00:00,19162.666
2050-04-12 06:00:00,22527.568
2050-04-12 07:00:00,26051.474000000002
2050-04-12 08:00:00,33109.114
2050-04-12 09:00:00,36786.098
2050-04-12 10:00:00,41041.266
2050-04-12 11:00:00,43695.424
2050-04-12 12:00:00,44834.14000000001
2050-04-12 13:00:00,43374.634000000005
2050-04-12 14:00:00,39537.81
2050-04-12 15:00:00,38424.4
2050-04-12 16:00:00,34900.371999999996
2050-04-12 17:00:00,29682.254
2050-04-12 18:00:00,23653.006
2050-04-12 19:00:00,21446.002
2050-04-12 20:00:00,19414.278000000002
2050-04-12 21:00:00,17781.620000000003
2050-04-12 22:00:00,16618.398
2050-04-12 23:00:00,16004.5
2050-04-13 00:00:00,14843.557999999999
2050-04-13 01:00:00,14403.714000000002
2050-04-13 02:00:00,13811.178
2050-04-13 03:00:00,14352.904000000002
2050-04-13 04:00:00,14052.64
2050-04-13 05:00:00,15209.332000000002
2050-04-13 06:00:00,18398.05
2050-04-13 07:00:00,23521.74
2050-04-13 08:00:00,28712.808000000005
2050-04-13 09:00:00,35256.586
2050-04-13 10:00:00,37327.904
2050-04-13 11:00:00,40139.806000000004
2050-04-13 12:00:00,42227.466
2050-04-13 13:00:00,41738.384000000005
2050-04-13 14:00:00,37924.265999999996
2050-04-13 15:00:00,34476.858
2050-04-13 16:00:00,31742.392
2050-04-13 17:00:00,29044.638000000003
2050-04-13 18:00:00,26199.098
2050-04-13 19:00:00,25271.458
2050-04-13 20:00:00,23475.938000000002
2050-04-13 21:00:00,22104.546000000002
2050-04-13 22:00:00,22768.902000000002
2050-04-13 23:00:00,21827.524
2050-04-14 00:00:00,21090.366
2050-04-14 01:00:00,20113.550000000003
2050-04-14 02:00:00,19616.362
2050-04-14 03:00:00,20461.814000000002
2050-04-14 04:00:00,21732.13
2050-04-14 05:00:00,23588.984
2050-04-14 06:00:00,26486.566
2050-04-14 07:00:00,29752.865999999998
2050-04-14 08:00:00,34076.186
2050-04-14 09:00:00,38591.990000000005
2050-04-14 10:00:00,41059.136
2050-04-14 11:00:00,40640.288
2050-04-14 12:00:00,40866.362
2050-04-14 13:00:00,37566.164000000004
2050-04-14 14:00:00,34342.244
2050-04-14 15:00:00,32988.306000000004
2050-04-14 16:00:00,29565.056
2050-04-14 17:00:00,25140.602
2050-04-14 18:00:00,22343.342000000004
2050-04-14 19:00:00,22267.5
2050-04-14 20:00:00,20670.086
2050-04-14 21:00:00,19177.042
2050-04-14 22:00:00,17772.448
2050-04-14 23:00:00,16910.268
2050-04-15 00:00:00,16334.216
2050-04-15 01:00:00,16238.094000000001
2050-04-15 02:00:00,16557.132
2050-04-15 03:00:00,18307.388000000003
2050-04-15 04:00:00,20749.188000000002
2050-04-15 05:00:00,23725.356
2050-04-15 06:00:00,28082.426000000003
2050-04-15 07:00:00,32015.792
2050-04-15 08:00:00,36192.674
2050-04-15 09:00:00,38374.688
2050-04-15 10:00:00,41823.786
2050-04-15 11:00:00,35680.038
2050-04-15 12:00:00,35852.366
2050-04-15 13:00:00,30356.596000000005
2050-04-15 14:00:00,28751.352000000003
2050-04-15 15:00:00,28555.572
2050-04-15 16:00:00,25320.316000000003
2050-04-15 17:00:00,23070.31
2050-04-15 18:00:00,20452.098
2050-04-15 19:00:00,19760.170000000002
2050-04-15 20:00:00,18317.278000000002
2050-04-15 21:00:00,17198.378
2050-04-15 22:00:00,16636.22
2050-04-15 23:00:00,16660.046
2050-04-16 00:00:00,18096.460000000003
2050-04-16 01:00:00,18685.512
2050-04-16 02:00:00,20060.624
2050-04-16 03:00:00,21510.264000000003
2050-04-16 04:00:00,23766.804000000004
2050-04-16 05:00:00,26091.416
2050-04-16 06:00:00,26658.938000000002
2050-04-16 07:00:00,26094.422000000002
2050-04-16 08:00:00,26287.268
2050-04-16 09:00:00,26278.376000000004
2050-04-16 10:00:00,28350.271999999997
2050-04-16 11:00:00,28462.521999999997
2050-04-16 12:00:00,28504.664000000004
2050-04-16 13:00:00,26831.350000000002
2050-04-16 14:00:00,26077.494000000002
2050-04-16 15:00:00,26090.964000000004
2050-04-16 16:00:00,26136.11
2050-04-16 17:00:00,23765.768
2050-04-16 18:00:00,22028.2
2050-04-16 19:00:00,21826.03
2050-04-16 20:00:00,20922.378
2050-04-16 21:00:00,18821.858
2050-04-16 22:00:00,15650.444000000001
2050-04-16 23:00:00,15245.550000000001
2050-04-17 00:00:00,14969.122000000001
2050-04-17 01:00:00,14328.707999999999
2050-04-17 02:00:00,15270.351999999999
2050-04-17 03:00:00,16659.996
2050-04-17 04:00:00,18446.652
2050-04-17 05:00:00,19833.38
2050-04-17 06:00:00,21179.670000000002
2050-04-17 07:00:00,22629.462
2050-04-17 08:00:00,24510.704
2050-04-17 09:00:00,25742.776
2050-04-17 10:00:00,26967.426000000003
2050-04-17 11:00:00,28033.568
2050-04-17 12:00:00,29138.374
2050-04-17 13:00:00,27636.644
2050-04-17 14:00:00,25015.784
2050-04-17 15:00:00,24726.122000000003
2050-04-17 16:00:00,23438.682
2050-04-17 17:00:00,22317.784
2050-04-17 18:00:00,21543.328
2050-04-17 19:00:00,20636.484
2050-04-17 20:00:00,19047.8
2050-04-17 21:00:00,18535.510000000002
2050-04-17 22:00:00,18546.43
2050-04-17 23:00:00,17616.862
2050-04-18 00:00:00,16619.116
2050-04-18 01:00:00,16442.044
2050-04-18 02:00:00,16419.257999999998
2050-04-18 03:00:00,16847.574
2050-04-18 04:00:00,17604.862
2050-04-18 05:00:00,18933.938000000002
2050-04-18 06:00:00,21504.03
2050-04-18 07:00:00,23963.854000000003
2050-04-18 08:00:00,26021.602
2050-04-18 09:00:00,27487.302000000003
2050-04-18 10:00:00,29430.232000000004
2050-04-18 11:00:00,34161.28400000001
2050-04-18 12:00:00,37009.186
2050-04-18 13:00:00,37228.515999999996
2050-04-18 14:00:00,35308.03400000001
2050-04-18 15:00:00,34816.206
2050-04-18 16:00:00,33217.532
2050-04-18 17:00:00,29267.390000000003
2050-04-18 18:00:00,25960.100000000002
2050-04-18 19:00:00,25306.604000000003
2050-04-18 20:00:00,23246.268
2050-04-18 21:00:00,20505.194000000003
2050-04-18 22:00:00,17205.558
2050-04-18 23:00:00,15008.028
2050-04-19 00:00:00,13820.672
2050-04-19 01:00:00,13308.766000000001
2050-04-19 02:00:00,13478.246
2050-04-19 03:00:00,13812.536
2050-04-19 04:00:00,14932.820000000002
2050-04-19 05:00:00,16612.636
2050-04-19 06:00:00,21261.612
2050-04-19 07:00:00,26863.96
2050-04-19 08:00:00,32946.414000000004
2050-04-19 09:00:00,37520.006
2050-04-19 10:00:00,39008.48
2050-04-19 11:00:00,42758.384000000005
2050-04-19 12:00:00,44930.732
2050-04-19 13:00:00,43934.662000000004
2050-04-19 14:00:00,44777.28
2050-04-19 15:00:00,39488.258
2050-04-19 16:00:00,34832.964
2050-04-19 17:00:00,30186.304
2050-04-19 18:00:00,24863.862
2050-04-19 19:00:00,22356.216
2050-04-19 20:00:00,20931.718
2050-04-19 21:00:00,19878.248000000003
2050-04-19 22:00:00,18969.538
2050-04-19 23:00:00,17903.708
2050-04-20 00:00:00,17295.906
2050-04-20 01:00:00,17169.552
2050-04-20 02:00:00,16836.476000000002
2050-04-20 03:00:00,16820.682
2050-04-20 04:00:00,16884.784
2050-04-20 05:00:00,17305.11
2050-04-20 06:00:00,19087.904000000002
2050-04-20 07:00:00,21985.858
2050-04-20 08:00:00,26123.056
2050-04-20 09:00:00,31141.016
2050-04-20 10:00:00,34564.806000000004
2050-04-20 11:00:00,37816.26
2050-04-20 12:00:00,37371.836
2050-04-20 13:00:00,34325.234000000004
2050-04-20 14:00:00,27932.020000000004
2050-04-20 15:00:00,27943.615999999998
2050-04-20 16:00:00,25663.528000000002
2050-04-20 17:00:00,23721.628
2050-04-20 18:00:00,20870.97
2050-04-20 19:00:00,19449.81
2050-04-20 20:00:00,18297.298000000003
2050-04-20 21:00:00,17266.046
2050-04-20 22:00:00,16868.812
2050-04-20 23:00:00,16811.84
2050-04-21 00:00:00,16050.29
2050-04-21 01:00:00,15116.776000000002
2050-04-21 02:00:00,15057.082000000002
2050-04-21 03:00:00,15213.904000000002
2050-04-21 04:00:00,15328.348000000002
2050-04-21 05:00:00,15641.534
2050-04-21 06:00:00,16995.257999999998
2050-04-21 07:00:00,18340.820000000003
2050-04-21 08:00:00,19887.620000000003
2050-04-21 09:00:00,23140.968
2050-04-21 10:00:00,24609.770000000004
2050-04-21 11:00:00,22124.618000000002
2050-04-21 12:00:00,21375.386
2050-04-21 13:00:00,19687.99
2050-04-21 14:00:00,19802.338000000003
2050-04-21 15:00:00,23550.420000000002
2050-04-21 16:00:00,24492.54
2050-04-21 17:00:00,21576.508
2050-04-21 18:00:00,20070.56
2050-04-21 19:00:00,20325.762000000002
2050-04-21 20:00:00,21024.292
2050-04-21 21:00:00,20283.464000000004
2050-04-21 22:00:00,18423.15
2050-04-21 23:00:00,18395.998000000003
2050-04-22 00:00:00,18398.924
2050-04-22 01:00:00,18512.386
2050-04-22 02:00:00,18685.118
2050-04-22 03:00:00,20035.804000000004
2050-04-22 04:00:00,22569.998000000003
2050-04-22 05:00:00,23476.260000000002
2050-04-22 06:00:00,25352.714000000004
2050-04-22 07:00:00,28347.504
2050-04-22 08:00:00,29032.926000000003
2050-04-22 09:00:00,30683.414000000004
2050-04-22 10:00:00,34651.75
2050-04-22 11:00:00,36757.514
2050-04-22 12:00:00,40392.228
2050-04-22 13:00:00,40100.438
2050-04-22 14:00:00,38224.044
2050-04-22 15:00:00,36081.408
2050-04-22 16:00:00,31496.934000000005
2050-04-22 17:00:00,26649.296000000002
2050-04-22 18:00:00,22516.228000000003
2050-04-22 19:00:00,22112.922000000002
2050-04-22 20:00:00,22403.59
2050-04-22 21:00:00,21536.484
2050-04-22 22:00:00,20567.462
2050-04-22 23:00:00,20017.466
2050-04-23 00:00:00,19725.940000000002
2050-04-23 01:00:00,19581.632
2050-04-23 02:00:00,19534.384000000002
2050-04-23 03:00:00,20180.554000000004
2050-04-23 04:00:00,21297.984
2050-04-23 05:00:00,22567.878
2050-04-23 06:00:00,25430.926000000003
2050-04-23 07:00:00,28802.4
2050-04-23 08:00:00,30047.878000000004
2050-04-23 09:00:00,30167.528000000006
2050-04-23 10:00:00,30681.544
2050-04-23 11:00:00,30017.074
2050-04-23 12:00:00,29799.154
2050-04-23 13:00:00,31036.91
2050-04-23 14:00:00,29415.422
2050-04-23 15:00:00,30030.452000000005
2050-04-23 16:00:00,27584.104
2050-04-23 17:00:00,26625.468
2050-04-23 18:00:00,24857.65
2050-04-23 19:00:00,24522.660000000003
2050-04-23 20:00:00,24547.446
2050-04-23 21:00:00,23054.212
2050-04-23 22:00:00,22558.408
2050-04-23 23:00:00,22126.126000000004
2050-04-24 00:00:00,22057.45
2050-04-24 01:00:00,22715.324
2050-04-24 02:00:00,23512.412
2050-04-24 03:00:00,24967.686
2050-04-24 04:00:00,29236.126000000004
2050-04-24 05:00:00,31115.518
2050-04-24 06:00:00,32491.106
2050-04-24 07:00:00,33238.5
2050-04-24 08:00:00,32740.020000000004
2050-04-24 09:00:00,33539.23
2050-04-24 10:00:00,34161.394
2050-04-24 11:00:00,33288.108
2050-04-24 12:00:00,34320.17800000001
2050-04-24 13:00:00,35582.058000000005
2050-04-24 14:00:00,35836.23
2050-04-24 15:00:00,34941.712
2050-04-24 16:00:00,35715.074
2050-04-24 17:00:00,33429.136
2050-04-24 18:00:00,30483.674
2050-04-24 19:00:00,29143.65
2050-04-24 20:00:00,27363.502000000004
2050-04-24 21:00:00,24131.804000000004
2050-04-24 22:00:00,22668.4
2050-04-24 23:00:00,20942.120000000003
2050-04-25 00:00:00,19840.144
2050-04-25 01:00:00,19259.196
2050-04-25 02:00:00,19832.092000000004
2050-04-25 03:00:00,21090.434
2050-04-25 04:00:00,24923.796000000002
2050-04-25 05:00:00,27049.15
2050-04-25 06:00:00,29619.198
2050-04-25 07:00:00,32277.202000000005
2050-04-25 08:00:00,32907.22
2050-04-25 09:00:00,34275.986
2050-04-25 10:00:00,34854.524
2050-04-25 11:00:00,36749.036
2050-04-25 12:00:00,37114.47
2050-04-25 13:00:00,34855.15
2050-04-25 14:00:00,33178.462
2050-04-25 15:00:00,32765.021999999997
2050-04-25 16:00:00,34221.672
2050-04-25 17:00:00,30242.604
2050-04-25 18:00:00,25207.212
2050-04-25 19:00:00,23369.600000000002
2050-04-25 20:00:00,22540.456000000002
2050-04-25 21:00:00,20487.552
2050-04-25 22:00:00,18538.738
2050-04-25 23:00:00,17558.260000000002
2050-04-26 00:00:00,16780.234
2050-04-26 01:00:00,16517.39
2050-04-26 02:00:00,16671.928
2050-04-26 03:00:00,16271.836
2050-04-26 04:00:00,16487.476000000002
2050-04-26 05:00:00,18323.896
2050-04-26 06:00:00,20959.698000000004
2050-04-26 07:00:00,23525.418
2050-04-26 08:00:00,29824.956000000002
2050-04-26 09:00:00,33729.848
2050-04-26 10:00:00,38598.874
2050-04-26 11:00:00,40816.306000000004
2050-04-26 12:00:00,38992.76
2050-04-26 13:00:00,36564.700000000004
2050-04-26 14:00:00,33405.544
2050-04-26 15:00:00,30929.721999999998
2050-04-26 16:00:00,26191.144
2050-04-26 17:00:00,22948.262000000002
2050-04-26 18:00:00,18267.54
2050-04-26 19:00:00,15954.114000000001
2050-04-26 20:00:00,15257.788
2050-04-26 21:00:00,14098.760000000002
2050-04-26 22:00:00,12832.838000000002
2050-04-26 23:00:00,12051.872000000001
2050-04-27 00:00:00,10520.322
2050-04-27 01:00:00,9336.328
2050-04-27 02:00:00,9180.146
2050-04-27 03:00:00,8855.798
2050-04-27 04:00:00,9038.622000000001
2050-04-27 05:00:00,11105.008000000002
2050-04-27 06:00:00,16929.112
2050-04-27 07:00:00,24820.842000000004
2050-04-27 08:00:00,32280.898
2050-04-27 09:00:00,38197.974
2050-04-27 10:00:00,41816.524000000005
2050-04-27 11:00:00,43362.97
2050-04-27 12:00:00,42257.756
2050-04-27 13:00:00,39905.51
2050-04-27 14:00:00,35942.342
2050-04-27 15:00:00,29891.524
2050-04-27 16:00:00,25369.118000000002
2050-04-27 17:00:00,23639.438000000002
2050-04-27 18:00:00,19211.98
2050-04-27 19:00:00,16958.61
2050-04-27 20:00:00,15944.028
2050-04-27 21:00:00,14779.014000000003
2050-04-27 22:00:00,13055.338000000002
2050-04-27 23:00:00,12717.986
2050-04-28 00:00:00,12916.032000000001
2050-04-28 01:00:00,13057.374000000002
2050-04-28 02:00:00,14035.676000000001
2050-04-28 03:00:00,16410.8
2050-04-28 04:00:00,18443.092
2050-04-28 05:00:00,21653.148
2050-04-28 06:00:00,27279.2
2050-04-28 07:00:00,27204.228000000003
2050-04-28 08:00:00,31264.716
2050-04-28 09:00:00,33720.672
2050-04-28 10:00:00,37182.67800000001
2050-04-28 11:00:00,38981.658
2050-04-28 12:00:00,38892.515999999996
2050-04-28 13:00:00,36686.368
2050-04-28 14:00:00,35667.512
2050-04-28 15:00:00,31826.462
2050-04-28 16:00:00,30130.214000000004
2050-04-28 17:00:00,25371.026
2050-04-28 18:00:00,20959.208
2050-04-28 19:00:00,18469.596
2050-04-28 20:00:00,17635.606
2050-04-28 21:00:00,17201.256
2050-04-28 22:00:00,16446.496
2050-04-28 23:00:00,14801.552
2050-04-29 00:00:00,14598.410000000002
2050-04-29 01:00:00,14775.710000000001
2050-04-29 02:00:00,14987.684000000001
2050-04-29 03:00:00,15332.312
2050-04-29 04:00:00,17551.502
2050-04-29 05:00:00,21121.436
2050-04-29 06:00:00,26338.670000000002
2050-04-29 07:00:00,28321.856
2050-04-29 08:00:00,32325.874
2050-04-29 09:00:00,33972.602000000006
2050-04-29 10:00:00,37760.174
2050-04-29 11:00:00,39441.912000000004
2050-04-29 12:00:00,39295.056000000004
2050-04-29 13:00:00,37687.296
2050-04-29 14:00:00,37082.554
2050-04-29 15:00:00,33734.968
2050-04-29 16:00:00,33672.388
2050-04-29 17:00:00,28479.892
2050-04-29 18:00:00,23194.184
2050-04-29 19:00:00,21419.438000000002
2050-04-29 20:00:00,20960.628
2050-04-29 21:00:00,20451.342000000004
2050-04-29 22:00:00,19622.158
2050-04-29 23:00:00,18984.504
2050-04-30 00:00:00,18913.326
2050-04-30 01:00:00,17959.600000000002
2050-04-30 02:00:00,17614.956000000002
2050-04-30 03:00:00,17935.016
2050-04-30 04:00:00,18513.070000000003
2050-04-30 05:00:00,21780.0
2050-04-30 06:00:00,26917.242
2050-04-30 07:00:00,27326.120000000003
2050-04-30 08:00:00,31458.042
2050-04-30 09:00:00,34341.722
2050-04-30 10:00:00,37729.31
2050-04-30 11:00:00,39359.25
2050-04-30 12:00:00,38585.624
2050-04-30 13:00:00,37167.976
2050-04-30 14:00:00,37081.328
2050-04-30 15:00:00,32860.476
2050-04-30 16:00:00,31437.51
2050-04-30 17:00:00,26656.050000000003
2050-04-30 18:00:00,21548.052
2050-04-30 19:00:00,19331.079999999998
2050-04-30 20:00:00,18648.516
2050-04-30 21:00:00,18097.736
2050-04-30 22:00:00,16654.094
2050-04-30 23:00:00,15280.438000000002
2050-05-01 00:00:00,14648.668
2050-05-01 01:00:00,14367.518
2050-05-01 02:00:00,14041.728000000001
2050-05-01 03:00:00,13930.046
2050-05-01 04:00:00,14271.964000000002
2050-05-01 05:00:00,16942.064000000002
2050-05-01 06:00:00,19285.010000000002
2050-05-01 07:00:00,22807.716
2050-05-01 08:00:00,29175.352000000003
2050-05-01 09:00:00,34147.174
2050-05-01 10:00:00,37226.44
2050-05-01 11:00:00,38457.494
2050-05-01 12:00:00,37984.314000000006
2050-05-01 13:00:00,35503.366
2050-05-01 14:00:00,30749.248
2050-05-01 15:00:00,28069.226000000002
2050-05-01 16:00:00,24391.23
2050-05-01 17:00:00,21219.384000000002
2050-05-01 18:00:00,16919.658
2050-05-01 19:00:00,15534.44
2050-05-01 20:00:00,15132.906
2050-05-01 21:00:00,14221.328000000001
2050-05-01 22:00:00,11844.61
2050-05-01 23:00:00,10054.082000000002
2050-05-02 00:00:00,9638.222
2050-05-02 01:00:00,9081.124000000002
2050-05-02 02:00:00,9623.166000000001
2050-05-02 03:00:00,10827.256000000001
2050-05-02 04:00:00,11273.722000000002
2050-05-02 05:00:00,14773.904000000002
2050-05-02 06:00:00,19511.124
2050-05-02 07:00:00,21649.114
2050-05-02 08:00:00,25891.864
2050-05-02 09:00:00,27520.61
2050-05-02 10:00:00,26325.046000000002
2050-05-02 11:00:00,28125.588000000003
2050-05-02 12:00:00,34285.124
2050-05-02 13:00:00,37913.718
2050-05-02 14:00:00,38395.648
2050-05-02 15:00:00,33019.68
2050-05-02 16:00:00,30801.15
2050-05-02 17:00:00,26679.646000000004
2050-05-02 18:00:00,22230.892000000003
2050-05-02 19:00:00,20114.364
2050-05-02 20:00:00,19711.304000000004
2050-05-02 21:00:00,18983.65
2050-05-02 22:00:00,15504.662
2050-05-02 23:00:00,14167.016000000001
2050-05-03 00:00:00,13430.528
2050-05-03 01:00:00,13087.124000000002
2050-05-03 02:00:00,12833.226
2050-05-03 03:00:00,12805.010000000002
2050-05-03 04:00:00,12228.332000000002
2050-05-03 05:00:00,14966.54
2050-05-03 06:00:00,17768.796
2050-05-03 07:00:00,23252.056
2050-05-03 08:00:00,29616.986
2050-05-03 09:00:00,34617.354
2050-05-03 10:00:00,36069.258
2050-05-03 11:00:00,37100.886
2050-05-03 12:00:00,38026.46
2050-05-03 13:00:00,33789.515999999996
2050-05-03 14:00:00,31806.66
2050-05-03 15:00:00,34248.118
2050-05-03 16:00:00,32670.182
2050-05-03 17:00:00,28956.362
2050-05-03 18:00:00,26017.346
2050-05-03 19:00:00,22606.386
2050-05-03 20:00:00,20867.336
2050-05-03 21:00:00,19329.922000000002
2050-05-03 22:00:00,16519.296
2050-05-03 23:00:00,14388.54
2050-05-04 00:00:00,13916.546
2050-05-04 01:00:00,13830.264000000003
2050-05-04 02:00:00,13995.716
2050-05-04 03:00:00,16396.536
2050-05-04 04:00:00,15497.834
2050-05-04 05:00:00,17247.422000000002
2050-05-04 06:00:00,22364.776
2050-05-04 07:00:00,26584.865999999998
2050-05-04 08:00:00,30184.708000000002
2050-05-04 09:00:00,36324.442
2050-05-04 10:00:00,38756.18
2050-05-04 11:00:00,43076.364
2050-05-04 12:00:00,38849.694
2050-05-04 13:00:00,40410.67600000001
2050-05-04 14:00:00,39440.452000000005
2050-05-04 15:00:00,34375.002
2050-05-04 16:00:00,30571.494000000002
2050-05-04 17:00:00,28104.728000000003
2050-05-04 18:00:00,23134.188000000002
2050-05-04 19:00:00,19376.538
2050-05-04 20:00:00,17227.5
2050-05-04 21:00:00,15367.592000000002
2050-05-04 22:00:00,14203.312
2050-05-04 23:00:00,13189.228000000001
2050-05-05 00:00:00,12706.262
2050-05-05 01:00:00,12242.372000000001
2050-05-05 02:00:00,12156.916000000001
2050-05-05 03:00:00,13852.673999999999
2050-05-05 04:00:00,16504.418
2050-05-05 05:00:00,20404.824
2050-05-05 06:00:00,25887.294
2050-05-05 07:00:00,34959.646
2050-05-05 08:00:00,44143.614
2050-05-05 09:00:00,46146.778000000006
2050-05-05 10:00:00,48617.198000000004
2050-05-05 11:00:00,50359.276000000005
2050-05-05 12:00:00,49143.654
2050-05-05 13:00:00,49196.094000000005
2050-05-05 14:00:00,46596.144
2050-05-05 15:00:00,43325.218
2050-05-05 16:00:00,41189.590000000004
2050-05-05 17:00:00,35499.756
2050-05-05 18:00:00,30610.732000000004
2050-05-05 19:00:00,26156.53
2050-05-05 20:00:00,23180.364
2050-05-05 21:00:00,21216.332000000002
2050-05-05 22:00:00,19415.524
2050-05-05 23:00:00,18042.132
2050-05-06 00:00:00,17007.474
2050-05-06 01:00:00,17209.072
2050-05-06 02:00:00,18463.18
2050-05-06 03:00:00,19254.506
2050-05-06 04:00:00,20436.748000000003
2050-05-06 05:00:00,24272.512000000002
2050-05-06 06:00:00,28800.788
2050-05-06 07:00:00,30886.002000000004
2050-05-06 08:00:00,33973.108
2050-05-06 09:00:00,36595.978
2050-05-06 10:00:00,36756.558000000005
2050-05-06 11:00:00,36168.152
2050-05-06 12:00:00,37133.962
2050-05-06 13:00:00,36311.912000000004
2050-05-06 14:00:00,34176.108
2050-05-06 15:00:00,33125.856
2050-05-06 16:00:00,33199.042
2050-05-06 17:00:00,32898.816
2050-05-06 18:00:00,29371.298
2050-05-06 19:00:00,26705.086
2050-05-06 20:00:00,24626.556
2050-05-06 21:00:00,23107.456000000002
2050-05-06 22:00:00,21931.850000000002
2050-05-06 23:00:00,19783.416
2050-05-07 00:00:00,18416.22
2050-05-07 01:00:00,17891.64
2050-05-07 02:00:00,17763.738
2050-05-07 03:00:00,18381.204
2050-05-07 04:00:00,19802.722
2050-05-07 05:00:00,22684.864
2050-05-07 06:00:00,27881.826
2050-05-07 07:00:00,32775.312
2050-05-07 08:00:00,33328.986
2050-05-07 09:00:00,34754.848
2050-05-07 10:00:00,37031.17800000001
2050-05-07 11:00:00,41973.28400000001
2050-05-07 12:00:00,41995.086
2050-05-07 13:00:00,40424.512
2050-05-07 14:00:00,40026.542
2050-05-07 15:00:00,37474.938
2050-05-07 16:00:00,37985.226
2050-05-07 17:00:00,33691.862
2050-05-07 18:00:00,28642.376000000004
2050-05-07 19:00:00,24654.238
2050-05-07 20:00:00,23529.736
2050-05-07 21:00:00,23207.704
2050-05-07 22:00:00,21587.74
2050-05-07 23:00:00,20412.38
2050-05-08 00:00:00,19241.842
2050-05-08 01:00:00,18542.922000000002
2050-05-08 02:00:00,18154.276
2050-05-08 03:00:00,18336.478
2050-05-08 04:00:00,19965.566000000003
2050-05-08 05:00:00,24146.550000000003
2050-05-08 06:00:00,28777.652000000002
2050-05-08 07:00:00,33075.772
2050-05-08 08:00:00,35875.909999999996
2050-05-08 09:00:00,41360.806000000004
2050-05-08 10:00:00,45167.350000000006
2050-05-08 11:00:00,45087.076
2050-05-08 12:00:00,43717.16
2050-05-08 13:00:00,39507.256
2050-05-08 14:00:00,36846.406
2050-05-08 15:00:00,34716.87
2050-05-08 16:00:00,33841.852000000006
2050-05-08 17:00:00,30578.014000000003
2050-05-08 18:00:00,26520.076
2050-05-08 19:00:00,22517.236
2050-05-08 20:00:00,20381.388000000003
2050-05-08 21:00:00,19819.168
2050-05-08 22:00:00,18721.554
2050-05-08 23:00:00,18084.856
2050-05-09 00:00:00,17183.534
2050-05-09 01:00:00,16798.522
2050-05-09 02:00:00,16600.786
2050-05-09 03:00:00,16926.014000000003
2050-05-09 04:00:00,17489.402
2050-05-09 05:00:00,21834.598
2050-05-09 06:00:00,26638.078000000005
2050-05-09 07:00:00,28638.922
2050-05-09 08:00:00,35915.804
2050-05-09 09:00:00,42276.554000000004
2050-05-09 10:00:00,42676.952000000005
2050-05-09 11:00:00,44663.154
2050-05-09 12:00:00,42501.68400000001
2050-05-09 13:00:00,39247.242
2050-05-09 14:00:00,40798.612
2050-05-09 15:00:00,39187.258
2050-05-09 16:00:00,38398.332
2050-05-09 17:00:00,34686.836
2050-05-09 18:00:00,29701.203999999998
2050-05-09 19:00:00,24626.426000000003
2050-05-09 20:00:00,22588.9
2050-05-09 21:00:00,20804.494000000002
2050-05-09 22:00:00,18324.05
2050-05-09 23:00:00,16192.968
2050-05-10 00:00:00,15438.862000000001
2050-05-10 01:00:00,14120.042000000001
2050-05-10 02:00:00,13007.242
2050-05-10 03:00:00,12446.400000000001
2050-05-10 04:00:00,13072.42
2050-05-10 05:00:00,15968.002
2050-05-10 06:00:00,20655.510000000002
2050-05-10 07:00:00,26787.75
2050-05-10 08:00:00,31004.21
2050-05-10 09:00:00,36615.47
2050-05-10 10:00:00,40693.16
2050-05-10 11:00:00,42948.19
2050-05-10 12:00:00,42940.952000000005
2050-05-10 13:00:00,41403.61
2050-05-10 14:00:00,37713.132000000005
2050-05-10 15:00:00,36297.514
2050-05-10 16:00:00,34268.61
2050-05-10 17:00:00,31825.328000000005
2050-05-10 18:00:00,28167.597999999998
2050-05-10 19:00:00,23377.194000000003
2050-05-10 20:00:00,20486.620000000003
2050-05-10 21:00:00,17821.172000000002
2050-05-10 22:00:00,16473.188000000002
2050-05-10 23:00:00,16207.572
2050-05-11 00:00:00,14264.648000000001
2050-05-11 01:00:00,13036.2
2050-05-11 02:00:00,11807.296000000002
2050-05-11 03:00:00,10970.986
2050-05-11 04:00:00,10171.994
2050-05-11 05:00:00,13945.194000000001
2050-05-11 06:00:00,21298.362
2050-05-11 07:00:00,27377.88
2050-05-11 08:00:00,33587.114
2050-05-11 09:00:00,39536.424
2050-05-11 10:00:00,44215.148
2050-05-11 11:00:00,46021.266
2050-05-11 12:00:00,44761.992
2050-05-11 13:00:00,41480.128000000004
2050-05-11 14:00:00,35974.662000000004
2050-05-11 15:00:00,30712.404
2050-05-11 16:00:00,27562.656000000003
2050-05-11 17:00:00,25236.518
2050-05-11 18:00:00,20911.410000000003
2050-05-11 19:00:00,17250.082000000002
2050-05-11 20:00:00,17260.654000000002
2050-05-11 21:00:00,17549.598
2050-05-11 22:00:00,16211.106
2050-05-11 23:00:00,16571.376
2050-05-12 00:00:00,15734.312
2050-05-12 01:00:00,15552.235999999999
2050-05-12 02:00:00,15169.18
2050-05-12 03:00:00,15445.152
2050-05-12 04:00:00,18483.760000000002
2050-05-12 05:00:00,23890.258
2050-05-12 06:00:00,29629.536
2050-05-12 07:00:00,33822.884000000005
2050-05-12 08:00:00,36544.884000000005
2050-05-12 09:00:00,42174.262
2050-05-12 10:00:00,46444.244000000006
2050-05-12 11:00:00,48854.838
2050-05-12 12:00:00,48870.674
2050-05-12 13:00:00,46439.942
2050-05-12 14:00:00,42325.486000000004
2050-05-12 15:00:00,42706.576
2050-05-12 16:00:00,39561.270000000004
2050-05-12 17:00:00,36313.064000000006
2050-05-12 18:00:00,31040.638000000003
2050-05-12 19:00:00,24802.188000000002
2050-05-12 20:00:00,21428.350000000002
2050-05-12 21:00:00,17861.178
2050-05-12 22:00:00,16598.802
2050-05-12 23:00:00,15978.408
2050-05-13 00:00:00,15269.044000000002
2050-05-13 01:00:00,15613.822
2050-05-13 02:00:00,17312.458
2050-05-13 03:00:00,19795.58
2050-05-13 04:00:00,22858.002
2050-05-13 05:00:00,27318.062
2050-05-13 06:00:00,30142.76
2050-05-13 07:00:00,32636.144
2050-05-13 08:00:00,38684.4
2050-05-13 09:00:00,41271.652
2050-05-13 10:00:00,45745.770000000004
2050-05-13 11:00:00,46980.084
2050-05-13 12:00:00,46186.748
2050-05-13 13:00:00,43807.61
2050-05-13 14:00:00,44056.188
2050-05-13 15:00:00,39175.168
2050-05-13 16:00:00,35921.908
2050-05-13 17:00:00,33746.738000000005
2050-05-13 18:00:00,30647.290000000005
2050-05-13 19:00:00,26958.924
2050-05-13 20:00:00,24845.34
2050-05-13 21:00:00,22485.33
2050-05-13 22:00:00,21312.914000000004
2050-05-13 23:00:00,19799.79
2050-05-14 00:00:00,18334.850000000002
2050-05-14 01:00:00,17352.304
2050-05-14 02:00:00,16643.326
2050-05-14 03:00:00,16560.748000000003
2050-05-14 04:00:00,18294.134000000002
2050-05-14 05:00:00,22689.88
2050-05-14 06:00:00,25610.606
2050-05-14 07:00:00,27940.026
2050-05-14 08:00:00,34276.63
2050-05-14 09:00:00,37585.482
2050-05-14 10:00:00,43111.894
2050-05-14 11:00:00,46378.326
2050-05-14 12:00:00,46357.336
2050-05-14 13:00:00,46916.74600000001
2050-05-14 14:00:00,45775.162000000004
2050-05-14 15:00:00,42491.942
2050-05-14 16:00:00,38453.544
2050-05-14 17:00:00,36411.464
2050-05-14 18:00:00,31606.292
2050-05-14 19:00:00,27492.328000000005
2050-05-14 20:00:00,26316.128000000004
2050-05-14 21:00:00,22431.638000000003
2050-05-14 22:00:00,19876.59
2050-05-14 23:00:00,18616.682
2050-05-15 00:00:00,18111.518
2050-05-15 01:00:00,17423.838
2050-05-15 02:00:00,18240.594
2050-05-15 03:00:00,18691.174
2050-05-15 04:00:00,20174.328
2050-05-15 05:00:00,23684.854000000003
2050-05-15 06:00:00,27289.886
2050-05-15 07:00:00,30084.51
2050-05-15 08:00:00,35986.13
2050-05-15 09:00:00,39301.716
2050-05-15 10:00:00,44657.046
2050-05-15 11:00:00,49023.420000000006
2050-05-15 12:00:00,50026.754
2050-05-15 13:00:00,49321.688
2050-05-15 14:00:00,46761.036
2050-05-15 15:00:00,42969.29000000001
2050-05-15 16:00:00,39859.51
2050-05-15 17:00:00,36433.876000000004
2050-05-15 18:00:00,34160.808000000005
2050-05-15 19:00:00,28619.556
2050-05-15 20:00:00,25096.178
2050-05-15 21:00:00,22209.192000000003
2050-05-15 22:00:00,19685.954
2050-05-15 23:00:00,17504.460000000003
2050-05-16 00:00:00,15485.668
2050-05-16 01:00:00,13934.002
2050-05-16 02:00:00,13460.422
2050-05-16 03:00:00,14027.84
2050-05-16 04:00:00,15955.542000000001
2050-05-16 05:00:00,20773.934
2050-05-16 06:00:00,26478.800000000003
2050-05-16 07:00:00,32328.576
2050-05-16 08:00:00,36825.17800000001
2050-05-16 09:00:00,39431.536
2050-05-16 10:00:00,43079.68400000001
2050-05-16 11:00:00,45049.418000000005
2050-05-16 12:00:00,44340.134000000005
2050-05-16 13:00:00,41620.972
2050-05-16 14:00:00,37952.438
2050-05-16 15:00:00,35787.938
2050-05-16 16:00:00,32880.632000000005
2050-05-16 17:00:00,30635.582000000002
2050-05-16 18:00:00,27847.78
2050-05-16 19:00:00,24756.828
2050-05-16 20:00:00,22599.044
2050-05-16 21:00:00,20105.246
2050-05-16 22:00:00,16388.234
2050-05-16 23:00:00,14968.394
2050-05-17 00:00:00,13432.194000000001
2050-05-17 01:00:00,12783.426
2050-05-17 02:00:00,12530.076000000001
2050-05-17 03:00:00,12260.686000000002
2050-05-17 04:00:00,12989.5
2050-05-17 05:00:00,15973.604000000001
2050-05-17 06:00:00,23792.95
2050-05-17 07:00:00,32450.172
2050-05-17 08:00:00,38023.856
2050-05-17 09:00:00,40965.3
2050-05-17 10:00:00,43459.514
2050-05-17 11:00:00,46632.458000000006
2050-05-17 12:00:00,46752.416
2050-05-17 13:00:00,45460.97
2050-05-17 14:00:00,42042.33
2050-05-17 15:00:00,39024.842
2050-05-17 16:00:00,32118.953999999998
2050-05-17 17:00:00,27812.476000000002
2050-05-17 18:00:00,23871.198000000004
2050-05-17 19:00:00,20596.39
2050-05-17 20:00:00,20124.770000000004
2050-05-17 21:00:00,18191.842
2050-05-17 22:00:00,16489.484
2050-05-17 23:00:00,15372.128
2050-05-18 00:00:00,14799.378
2050-05-18 01:00:00,13747.364000000001
2050-05-18 02:00:00,13114.49
2050-05-18 03:00:00,12172.69
2050-05-18 04:00:00,11035.056
2050-05-18 05:00:00,11974.188000000002
2050-05-18 06:00:00,15434.622000000001
2050-05-18 07:00:00,19687.764000000003
2050-05-18 08:00:00,24237.65
2050-05-18 09:00:00,27079.136
2050-05-18 10:00:00,27905.7
2050-05-18 11:00:00,27351.016
2050-05-18 12:00:00,29780.218
2050-05-18 13:00:00,34009.75
2050-05-18 14:00:00,29207.520000000004
2050-05-18 15:00:00,31854.998
2050-05-18 16:00:00,28755.728000000003
2050-05-18 17:00:00,25691.472
2050-05-18 18:00:00,21957.370000000003
2050-05-18 19:00:00,17688.352
2050-05-18 20:00:00,16653.676000000003
2050-05-18 21:00:00,15700.754
2050-05-18 22:00:00,14254.282000000001
2050-05-18 23:00:00,13683.598000000002
2050-05-19 00:00:00,13333.196
2050-05-19 01:00:00,13423.322
2050-05-19 02:00:00,13964.772
2050-05-19 03:00:00,14508.036
2050-05-19 04:00:00,16383.248000000001
2050-05-19 05:00:00,21283.674
2050-05-19 06:00:00,27679.021999999997
2050-05-19 07:00:00,31700.7
2050-05-19 08:00:00,35835.788
2050-05-19 09:00:00,40892.554000000004
2050-05-19 10:00:00,45276.22
2050-05-19 11:00:00,46717.54000000001
2050-05-19 12:00:00,46496.89000000001
2050-05-19 13:00:00,45367.056000000004
2050-05-19 14:00:00,43623.516
2050-05-19 15:00:00,42177.262
2050-05-19 16:00:00,38019.700000000004
2050-05-19 17:00:00,33674.988000000005
2050-05-19 18:00:00,29165.61
2050-05-19 19:00:00,24705.5
2050-05-19 20:00:00,21230.99
2050-05-19 21:00:00,18145.072
2050-05-19 22:00:00,16965.818
2050-05-19 23:00:00,16530.366
2050-05-20 00:00:00,16148.08
2050-05-20 01:00:00,15507.734
2050-05-20 02:00:00,15088.296
2050-05-20 03:00:00,15370.032000000001
2050-05-20 04:00:00,17127.168
2050-05-20 05:00:00,21984.774
2050-05-20 06:00:00,26927.656000000003
2050-05-20 07:00:00,30490.356
2050-05-20 08:00:00,36215.770000000004
2050-05-20 09:00:00,42443.848
2050-05-20 10:00:00,39797.03200000001
2050-05-20 11:00:00,41374.718
2050-05-20 12:00:00,42261.516
2050-05-20 13:00:00,46837.998
2050-05-20 14:00:00,44014.988000000005
2050-05-20 15:00:00,42402.014
2050-05-20 16:00:00,37407.664000000004
2050-05-20 17:00:00,32576.668
2050-05-20 18:00:00,26396.478000000003
2050-05-20 19:00:00,21626.138000000003
2050-05-20 20:00:00,18673.038
2050-05-20 21:00:00,17060.298000000003
2050-05-20 22:00:00,16409.928
2050-05-20 23:00:00,15100.184000000001
2050-05-21 00:00:00,14434.184000000001
2050-05-21 01:00:00,14675.496
2050-05-21 02:00:00,15276.300000000001
2050-05-21 03:00:00,16021.082000000002
2050-05-21 04:00:00,18285.3
2050-05-21 05:00:00,22651.486
2050-05-21 06:00:00,27671.302000000003
2050-05-21 07:00:00,31922.424
2050-05-21 08:00:00,35509.288
2050-05-21 09:00:00,39125.28400000001
2050-05-21 10:00:00,36753.909999999996
2050-05-21 11:00:00,39682.634000000005
2050-05-21 12:00:00,39482.278000000006
2050-05-21 13:00:00,38764.636
2050-05-21 14:00:00,37042.216
2050-05-21 15:00:00,39706.670000000006
2050-05-21 16:00:00,35362.754
2050-05-21 17:00:00,32453.766
2050-05-21 18:00:00,29262.724000000002
2050-05-21 19:00:00,25073.884000000002
2050-05-21 20:00:00,22810.778000000002
2050-05-21 21:00:00,21013.664000000004
2050-05-21 22:00:00,20440.078
2050-05-21 23:00:00,19535.498000000003
2050-05-22 00:00:00,18717.726000000002
2050-05-22 01:00:00,16878.198
2050-05-22 02:00:00,16908.954
2050-05-22 03:00:00,18504.414
2050-05-22 04:00:00,19652.094
2050-05-22 05:00:00,24439.53
2050-05-22 06:00:00,29609.91
2050-05-22 07:00:00,36020.002
2050-05-22 08:00:00,39551.312000000005
2050-05-22 09:00:00,43605.636
2050-05-22 10:00:00,49019.802
2050-05-22 11:00:00,52363.736000000004
2050-05-22 12:00:00,51829.814000000006
2050-05-22 13:00:00,49747.134000000005
2050-05-22 14:00:00,45235.498
2050-05-22 15:00:00,41604.546
2050-05-22 16:00:00,37286.23
2050-05-22 17:00:00,32917.744
2050-05-22 18:00:00,29816.412
2050-05-22 19:00:00,24923.626000000004
2050-05-22 20:00:00,23415.434
2050-05-22 21:00:00,22237.606
2050-05-22 22:00:00,20899.160000000003
2050-05-22 23:00:00,17794.562
2050-05-23 00:00:00,17928.736
2050-05-23 01:00:00,18442.442000000003
2050-05-23 02:00:00,18630.042
2050-05-23 03:00:00,20249.81
2050-05-23 04:00:00,22304.558
2050-05-23 05:00:00,27105.176000000003
2050-05-23 06:00:00,32461.850000000002
2050-05-23 07:00:00,37312.61
2050-05-23 08:00:00,39572.704
2050-05-23 09:00:00,40615.462
2050-05-23 10:00:00,45437.76
2050-05-23 11:00:00,43306.740000000005
2050-05-23 12:00:00,45006.958000000006
2050-05-23 13:00:00,41838.740000000005
2050-05-23 14:00:00,43756.44
2050-05-23 15:00:00,38450.414000000004
2050-05-23 16:00:00,35930.716
2050-05-23 17:00:00,30710.446000000004
2050-05-23 18:00:00,24607.902000000002
2050-05-23 19:00:00,19519.332000000002
2050-05-23 20:00:00,18148.91
2050-05-23 21:00:00,18153.798000000003
2050-05-23 22:00:00,16493.506
2050-05-23 23:00:00,15053.752
2050-05-24 00:00:00,14961.14
2050-05-24 01:00:00,14832.936
2050-05-24 02:00:00,15012.89
2050-05-24 03:00:00,15301.814000000002
2050-05-24 04:00:00,16924.928
2050-05-24 05:00:00,20837.346
2050-05-24 06:00:00,25196.914000000004
2050-05-24 07:00:00,28592.318
2050-05-24 08:00:00,30610.38
2050-05-24 09:00:00,30652.892
2050-05-24 10:00:00,31073.514000000003
2050-05-24 11:00:00,29614.122
2050-05-24 12:00:00,28452.172
2050-05-24 13:00:00,25815.956000000002
2050-05-24 14:00:00,25470.798000000003
2050-05-24 15:00:00,25644.592000000004
2050-05-24 16:00:00,26063.690000000002
2050-05-24 17:00:00,23548.268
2050-05-24 18:00:00,21836.766000000003
2050-05-24 19:00:00,20573.570000000003
2050-05-24 20:00:00,20269.928
2050-05-24 21:00:00,20473.744000000002
2050-05-24 22:00:00,20531.186
2050-05-24 23:00:00,20748.272
2050-05-25 00:00:00,21015.978000000003
2050-05-25 01:00:00,21428.378
2050-05-25 02:00:00,21284.174
2050-05-25 03:00:00,21769.902000000002
2050-05-25 04:00:00,21837.572
2050-05-25 05:00:00,23837.452
2050-05-25 06:00:00,26416.22
2050-05-25 07:00:00,27758.448
2050-05-25 08:00:00,29893.718
2050-05-25 09:00:00,33228.37
2050-05-25 10:00:00,41365.514
2050-05-25 11:00:00,42412.418000000005
2050-05-25 12:00:00,41004.984000000004
2050-05-25 13:00:00,39111.798
2050-05-25 14:00:00,34150.398
2050-05-25 15:00:00,30426.156000000003
2050-05-25 16:00:00,26168.676000000003
2050-05-25 17:00:00,21464.252
2050-05-25 18:00:00,18325.842
2050-05-25 19:00:00,16043.812
2050-05-25 20:00:00,15421.960000000001
2050-05-25 21:00:00,14265.418
2050-05-25 22:00:00,13701.806
2050-05-25 23:00:00,12910.404
2050-05-26 00:00:00,14034.45
2050-05-26 01:00:00,14901.370000000003
2050-05-26 02:00:00,14722.776000000002
2050-05-26 03:00:00,14092.138
2050-05-26 04:00:00,17336.38
2050-05-26 05:00:00,22296.346
2050-05-26 06:00:00,27958.138000000003
2050-05-26 07:00:00,35008.86
2050-05-26 08:00:00,39102.544
2050-05-26 09:00:00,42426.376000000004
2050-05-26 10:00:00,45803.10800000001
2050-05-26 11:00:00,49996.482
2050-05-26 12:00:00,50014.838
2050-05-26 13:00:00,50368.670000000006
2050-05-26 14:00:00,44870.478
2050-05-26 15:00:00,42832.248
2050-05-26 16:00:00,39003.39000000001
2050-05-26 17:00:00,36593.004
2050-05-26 18:00:00,31292.358000000004
2050-05-26 19:00:00,28396.638000000003
2050-05-26 20:00:00,26531.658000000003
2050-05-26 21:00:00,23654.468
2050-05-26 22:00:00,22384.276
2050-05-26 23:00:00,21914.544
2050-05-27 00:00:00,22390.614
2050-05-27 01:00:00,23015.88
2050-05-27 02:00:00,23818.984
2050-05-27 03:00:00,24882.616
2050-05-27 04:00:00,25827.618000000002
2050-05-27 05:00:00,28140.552000000003
2050-05-27 06:00:00,29526.190000000002
2050-05-27 07:00:00,31144.858000000004
2050-05-27 08:00:00,32415.622
2050-05-27 09:00:00,34748.442
2050-05-27 10:00:00,37563.758
2050-05-27 11:00:00,40533.458000000006
2050-05-27 12:00:00,41624.056000000004
2050-05-27 13:00:00,42966.208000000006
2050-05-27 14:00:00,34999.99600000001
2050-05-27 15:00:00,27395.316
2050-05-27 16:00:00,26551.118000000002
2050-05-27 17:00:00,25962.858
2050-05-27 18:00:00,25882.320000000003
2050-05-27 19:00:00,25644.036
2050-05-27 20:00:00,24247.558
2050-05-27 21:00:00,24138.688000000002
2050-05-27 22:00:00,23588.112
2050-05-27 23:00:00,24313.546000000002
2050-05-28 00:00:00,24078.368000000002
2050-05-28 01:00:00,24288.438000000002
2050-05-28 02:00:00,23771.166
2050-05-28 03:00:00,24114.97
2050-05-28 04:00:00,24795.056
2050-05-28 05:00:00,25526.802
2050-05-28 06:00:00,27960.158000000003
2050-05-28 07:00:00,29480.564000000002
2050-05-28 08:00:00,30092.834000000003
2050-05-28 09:00:00,33111.046
2050-05-28 10:00:00,34515.914000000004
2050-05-28 11:00:00,37112.862
2050-05-28 12:00:00,35631.486
2050-05-28 13:00:00,38584.420000000006
2050-05-28 14:00:00,37408.020000000004
2050-05-28 15:00:00,38132.346000000005
2050-05-28 16:00:00,33127.79
2050-05-28 17:00:00,27521.404
2050-05-28 18:00:00,22738.776
2050-05-28 19:00:00,17942.462
2050-05-28 20:00:00,16162.766000000001
2050-05-28 21:00:00,15026.334
2050-05-28 22:00:00,14642.562
2050-05-28 23:00:00,12608.096000000001
2050-05-29 00:00:00,11675.310000000001
2050-05-29 01:00:00,12067.672
2050-05-29 02:00:00,12091.488000000001
2050-05-29 03:00:00,11921.012
2050-05-29 04:00:00,12927.094000000001
2050-05-29 05:00:00,14371.328000000001
2050-05-29 06:00:00,15252.63
2050-05-29 07:00:00,18527.760000000002
2050-05-29 08:00:00,22084.848
2050-05-29 09:00:00,27127.920000000002
2050-05-29 10:00:00,30366.582000000002
2050-05-29 11:00:00,28954.920000000002
2050-05-29 12:00:00,29939.084000000003
2050-05-29 13:00:00,33142.312
2050-05-29 14:00:00,34435.42800000001
2050-05-29 15:00:00,33201.268000000004
2050-05-29 16:00:00,33393.296
2050-05-29 17:00:00,29054.206000000002
2050-05-29 18:00:00,26358.83
2050-05-29 19:00:00,24028.658
2050-05-29 20:00:00,23364.056
2050-05-29 21:00:00,22781.016000000003
2050-05-29 22:00:00,22349.064000000002
2050-05-29 23:00:00,21609.346
2050-05-30 00:00:00,20092.58
2050-05-30 01:00:00,18376.856
2050-05-30 02:00:00,16788.706000000002
2050-05-30 03:00:00,16400.696
2050-05-30 04:00:00,17997.866
2050-05-30 05:00:00,21816.088000000003
2050-05-30 06:00:00,27256.668
2050-05-30 07:00:00,31393.521999999997
2050-05-30 08:00:00,34500.192
2050-05-30 09:00:00,38036.176
2050-05-30 10:00:00,42580.53200000001
2050-05-30 11:00:00,45486.098
2050-05-30 12:00:00,45801.486000000004
2050-05-30 13:00:00,45687.586
2050-05-30 14:00:00,40090.48
2050-05-30 15:00:00,36554.512
2050-05-30 16:00:00,32463.214000000004
2050-05-30 17:00:00,27856.936
2050-05-30 18:00:00,22263.690000000002
2050-05-30 19:00:00,18161.846
2050-05-30 20:00:00,16666.092
2050-05-30 21:00:00,15665.554000000002
2050-05-30 22:00:00,15449.402
2050-05-30 23:00:00,14826.014000000003
2050-05-31 00:00:00,13261.044000000002
2050-05-31 01:00:00,12447.704
2050-05-31 02:00:00,12646.830000000002
2050-05-31 03:00:00,12329.724000000002
2050-05-31 04:00:00,12989.484
2050-05-31 05:00:00,14385.586
2050-05-31 06:00:00,17933.268
2050-05-31 07:00:00,24206.686
2050-05-31 08:00:00,27203.221999999998
2050-05-31 09:00:00,29179.096000000005
2050-05-31 10:00:00,29835.452000000005
2050-05-31 11:00:00,30721.771999999997
2050-05-31 12:00:00,33680.626000000004
2050-05-31 13:00:00,33769.06
2050-05-31 14:00:00,30947.852000000003
2050-05-31 15:00:00,27407.408000000003
2050-05-31 16:00:00,25102.152000000002
2050-05-31 17:00:00,22545.98
2050-05-31 18:00:00,19651.828
2050-05-31 19:00:00,17853.632
2050-05-31 20:00:00,18176.576
2050-05-31 21:00:00,16925.8
2050-05-31 22:00:00,15406.784
2050-05-31 23:00:00,13006.632000000001
2050-06-01 00:00:00,12353.428
2050-06-01 01:00:00,12915.858
2050-06-01 02:00:00,12408.456
2050-06-01 03:00:00,11558.428
2050-06-01 04:00:00,12946.302000000001
2050-06-01 05:00:00,17263.494000000002
2050-06-01 06:00:00,21980.878
2050-06-01 07:00:00,25008.984
2050-06-01 08:00:00,29527.654
2050-06-01 09:00:00,31316.134000000005
2050-06-01 10:00:00,34821.936
2050-06-01 11:00:00,34952.871999999996
2050-06-01 12:00:00,35033.92800000001
2050-06-01 13:00:00,34804.632000000005
2050-06-01 14:00:00,37728.586
2050-06-01 15:00:00,37793.520000000004
2050-06-01 16:00:00,36203.956
2050-06-01 17:00:00,29741.836
2050-06-01 18:00:00,24989.394
2050-06-01 19:00:00,20993.81
2050-06-01 20:00:00,18957.734
2050-06-01 21:00:00,17735.738
2050-06-01 22:00:00,16986.788
2050-06-01 23:00:00,15262.898000000001
2050-06-02 00:00:00,13679.062
2050-06-02 01:00:00,12479.122000000001
2050-06-02 02:00:00,11860.058
2050-06-02 03:00:00,12820.558
2050-06-02 04:00:00,15245.734
2050-06-02 05:00:00,19518.114
2050-06-02 06:00:00,24917.326
2050-06-02 07:00:00,28434.084000000003
2050-06-02 08:00:00,34338.556000000004
2050-06-02 09:00:00,36849.088
2050-06-02 10:00:00,41102.28400000001
2050-06-02 11:00:00,41509.804000000004
2050-06-02 12:00:00,41750.92600000001
2050-06-02 13:00:00,43099.248
2050-06-02 14:00:00,41646.288
2050-06-02 15:00:00,39031.338
2050-06-02 16:00:00,34663.436
2050-06-02 17:00:00,30086.392
2050-06-02 18:00:00,23914.198000000004
2050-06-02 19:00:00,20767.462
2050-06-02 20:00:00,19721.47
2050-06-02 21:00:00,19276.968
2050-06-02 22:00:00,18122.600000000002
2050-06-02 23:00:00,16452.046
2050-06-03 00:00:00,16864.204
2050-06-03 01:00:00,16211.336
2050-06-03 02:00:00,17451.808
2050-06-03 03:00:00,19137.196
2050-06-03 04:00:00,22985.960000000003
2050-06-03 05:00:00,27287.21
2050-06-03 06:00:00,32049.847999999998
2050-06-03 07:00:00,37094.944
2050-06-03 08:00:00,42994.292
2050-06-03 09:00:00,47998.092000000004
2050-06-03 10:00:00,50310.822
2050-06-03 11:00:00,52811.00200000001
2050-06-03 12:00:00,52501.14200000001
2050-06-03 13:00:00,48431.762
2050-06-03 14:00:00,43134.170000000006
2050-06-03 15:00:00,37888.268000000004
2050-06-03 16:00:00,34878.89000000001
2050-06-03 17:00:00,33557.054
2050-06-03 18:00:00,30316.644
2050-06-03 19:00:00,27764.734000000004
2050-06-03 20:00:00,26156.804000000004
2050-06-03 21:00:00,22240.108
2050-06-03 22:00:00,19825.214000000004
2050-06-03 23:00:00,18421.570000000003
2050-06-04 00:00:00,17970.006
2050-06-04 01:00:00,17131.114
2050-06-04 02:00:00,15517.864000000001
2050-06-04 03:00:00,16361.432
2050-06-04 04:00:00,17359.010000000002
2050-06-04 05:00:00,19888.396
2050-06-04 06:00:00,23236.956000000002
2050-06-04 07:00:00,26292.708000000002
2050-06-04 08:00:00,29973.042
2050-06-04 09:00:00,31650.856
2050-06-04 10:00:00,35726.26
2050-06-04 11:00:00,36854.83
2050-06-04 12:00:00,39296.212
2050-06-04 13:00:00,43347.57800000001
2050-06-04 14:00:00,41497.164000000004
2050-06-04 15:00:00,36294.202000000005
2050-06-04 16:00:00,35317.64000000001
2050-06-04 17:00:00,31389.16
2050-06-04 18:00:00,27793.120000000003
2050-06-04 19:00:00,23913.478000000003
2050-06-04 20:00:00,22275.518
2050-06-04 21:00:00,19338.438000000002
2050-06-04 22:00:00,17191.420000000002
2050-06-04 23:00:00,16771.710000000003
2050-06-05 00:00:00,16722.454
2050-06-05 01:00:00,16857.776
2050-06-05 02:00:00,17220.194
2050-06-05 03:00:00,17511.774
2050-06-05 04:00:00,19735.514000000003
2050-06-05 05:00:00,23847.742000000002
2050-06-05 06:00:00,28983.664000000004
2050-06-05 07:00:00,33063.404
2050-06-05 08:00:00,37306.412000000004
2050-06-05 09:00:00,37608.782
2050-06-05 10:00:00,34335.448
2050-06-05 11:00:00,33032.434
2050-06-05 12:00:00,35398.422
2050-06-05 13:00:00,40065.862
2050-06-05 14:00:00,39771.584
2050-06-05 15:00:00,34625.232
2050-06-05 16:00:00,31360.718
2050-06-05 17:00:00,28367.865999999998
2050-06-05 18:00:00,26676.856
2050-06-05 19:00:00,25273.300000000003
2050-06-05 20:00:00,25074.808
2050-06-05 21:00:00,21326.236
2050-06-05 22:00:00,21148.314000000002
2050-06-05 23:00:00,20356.714000000004
2050-06-06 00:00:00,20668.984
2050-06-06 01:00:00,20877.688000000002
2050-06-06 02:00:00,20879.928
2050-06-06 03:00:00,21324.362
2050-06-06 04:00:00,23573.956000000002
2050-06-06 05:00:00,27566.928000000004
2050-06-06 06:00:00,32304.270000000004
2050-06-06 07:00:00,38260.96
2050-06-06 08:00:00,42299.130000000005
2050-06-06 09:00:00,45048.28
2050-06-06 10:00:00,48110.476
2050-06-06 11:00:00,47969.12
2050-06-06 12:00:00,48307.170000000006
2050-06-06 13:00:00,43316.28
2050-06-06 14:00:00,39960.51
2050-06-06 15:00:00,37596.476
2050-06-06 16:00:00,33944.808000000005
2050-06-06 17:00:00,30062.028000000006
2050-06-06 18:00:00,24996.152000000002
2050-06-06 19:00:00,20493.33
2050-06-06 20:00:00,18208.262
2050-06-06 21:00:00,17639.626
2050-06-06 22:00:00,15981.25
2050-06-06 23:00:00,15345.914000000002
2050-06-07 00:00:00,14148.842000000002
2050-06-07 01:00:00,14594.632000000001
2050-06-07 02:00:00,14348.224
2050-06-07 03:00:00,14607.63
2050-06-07 04:00:00,13982.106
2050-06-07 05:00:00,15637.388
2050-06-07 06:00:00,18569.972
2050-06-07 07:00:00,22719.468
2050-06-07 08:00:00,24484.144
2050-06-07 09:00:00,29194.934000000005
2050-06-07 10:00:00,31848.852000000003
2050-06-07 11:00:00,33017.038
2050-06-07 12:00:00,36249.714
2050-06-07 13:00:00,38323.064000000006
2050-06-07 14:00:00,33992.098
2050-06-07 15:00:00,34512.822
2050-06-07 16:00:00,31020.948
2050-06-07 17:00:00,29319.592
2050-06-07 18:00:00,23831.688000000002
2050-06-07 19:00:00,18959.346
2050-06-07 20:00:00,17110.224
2050-06-07 21:00:00,14187.550000000001
2050-06-07 22:00:00,10723.772
2050-06-07 23:00:00,11326.482000000002
2050-06-08 00:00:00,13659.098000000002
2050-06-08 01:00:00,15682.029999999999
2050-06-08 02:00:00,18178.876
2050-06-08 03:00:00,17643.728
2050-06-08 04:00:00,16807.906
2050-06-08 05:00:00,17648.079999999998
2050-06-08 06:00:00,21338.940000000002
2050-06-08 07:00:00,25968.708
2050-06-08 08:00:00,28860.678000000004
2050-06-08 09:00:00,33269.768000000004
2050-06-08 10:00:00,36978.936
2050-06-08 11:00:00,37332.990000000005
2050-06-08 12:00:00,38610.89000000001
2050-06-08 13:00:00,39022.17800000001
2050-06-08 14:00:00,37107.554
2050-06-08 15:00:00,34132.69
2050-06-08 16:00:00,33812.876000000004
2050-06-08 17:00:00,28530.214000000004
2050-06-08 18:00:00,21779.456000000002
2050-06-08 19:00:00,15917.534
2050-06-08 20:00:00,13802.274
2050-06-08 21:00:00,13504.578000000001
2050-06-08 22:00:00,12754.228000000001
2050-06-08 23:00:00,12593.938000000002
2050-06-09 00:00:00,11477.272
2050-06-09 01:00:00,10570.660000000002
2050-06-09 02:00:00,9868.466
2050-06-09 03:00:00,9392.306
2050-06-09 04:00:00,10109.926
2050-06-09 05:00:00,13862.258
2050-06-09 06:00:00,19903.756
2050-06-09 07:00:00,25021.368000000002
2050-06-09 08:00:00,30724.370000000003
2050-06-09 09:00:00,34724.520000000004
2050-06-09 10:00:00,34638.142
2050-06-09 11:00:00,36468.53
2050-06-09 12:00:00,34360.61
2050-06-09 13:00:00,34593.371999999996
2050-06-09 14:00:00,33850.950000000004
2050-06-09 15:00:00,33165.076
2050-06-09 16:00:00,30810.654
2050-06-09 17:00:00,26870.374
2050-06-09 18:00:00,24096.776
2050-06-09 19:00:00,21117.988
2050-06-09 20:00:00,20520.616
2050-06-09 21:00:00,20119.846
2050-06-09 22:00:00,18423.048000000003
2050-06-09 23:00:00,16791.442000000003
2050-06-10 00:00:00,17517.43
2050-06-10 01:00:00,18377.498000000003
2050-06-10 02:00:00,18658.95
2050-06-10 03:00:00,19808.606
2050-06-10 04:00:00,21733.014000000003
2050-06-10 05:00:00,24447.814000000002
2050-06-10 06:00:00,27862.13
2050-06-10 07:00:00,30336.726000000002
2050-06-10 08:00:00,31792.862
2050-06-10 09:00:00,31348.802000000003
2050-06-10 10:00:00,32894.05
2050-06-10 11:00:00,34030.154
2050-06-10 12:00:00,35702.126000000004
2050-06-10 13:00:00,38350.442
2050-06-10 14:00:00,37994.4
2050-06-10 15:00:00,37369.898
2050-06-10 16:00:00,35393.316
2050-06-10 17:00:00,30108.758
2050-06-10 18:00:00,25541.75
2050-06-10 19:00:00,20036.044
2050-06-10 20:00:00,16303.394
2050-06-10 21:00:00,14353.714000000002
2050-06-10 22:00:00,13416.520000000002
2050-06-10 23:00:00,12602.804
2050-06-11 00:00:00,12111.78
2050-06-11 01:00:00,11862.188000000002
2050-06-11 02:00:00,11729.7
2050-06-11 03:00:00,12345.584
2050-06-11 04:00:00,14865.894
2050-06-11 05:00:00,19210.994000000002
2050-06-11 06:00:00,24026.274
2050-06-11 07:00:00,24947.520000000004
2050-06-11 08:00:00,28254.478000000003
2050-06-11 09:00:00,30299.434000000005
2050-06-11 10:00:00,31120.082000000002
2050-06-11 11:00:00,34393.292
2050-06-11 12:00:00,37296.412000000004
2050-06-11 13:00:00,37401.498
2050-06-11 14:00:00,37790.912000000004
2050-06-11 15:00:00,34317.462
2050-06-11 16:00:00,33146.162000000004
2050-06-11 17:00:00,31162.838000000003
2050-06-11 18:00:00,28029.88
2050-06-11 19:00:00,24432.246
2050-06-11 20:00:00,23372.034
2050-06-11 21:00:00,22079.464000000004
2050-06-11 22:00:00,18422.652
2050-06-11 23:00:00,17978.884000000002
2050-06-12 00:00:00,17716.84
2050-06-12 01:00:00,18105.902
2050-06-12 02:00:00,18038.536
2050-06-12 03:00:00,18282.338
2050-06-12 04:00:00,21322.028000000002
2050-06-12 05:00:00,26372.290000000005
2050-06-12 06:00:00,32308.988
2050-06-12 07:00:00,39089.13
2050-06-12 08:00:00,44984.208000000006
2050-06-12 09:00:00,50601.89600000001
2050-06-12 10:00:00,55520.588
2050-06-12 11:00:00,57756.016
2050-06-12 12:00:00,57347.484
2050-06-12 13:00:00,54189.674
2050-06-12 14:00:00,50143.454
2050-06-12 15:00:00,45293.618
2050-06-12 16:00:00,38979.588
2050-06-12 17:00:00,33267.724
2050-06-12 18:00:00,28036.288
2050-06-12 19:00:00,22319.004
2050-06-12 20:00:00,19399.924
2050-06-12 21:00:00,15607.546
2050-06-12 22:00:00,14199.14
2050-06-12 23:00:00,13586.898000000001
2050-06-13 00:00:00,13347.832000000002
2050-06-13 01:00:00,13098.006000000001
2050-06-13 02:00:00,12949.932
2050-06-13 03:00:00,13112.622000000001
2050-06-13 04:00:00,14983.810000000001
2050-06-13 05:00:00,19392.904000000002
2050-06-13 06:00:00,24975.006
2050-06-13 07:00:00,28869.858000000004
2050-06-13 08:00:00,32047.032000000003
2050-06-13 09:00:00,36129.840000000004
2050-06-13 10:00:00,36742.05
2050-06-13 11:00:00,38040.672
2050-06-13 12:00:00,38742.200000000004
2050-06-13 13:00:00,37142.036
2050-06-13 14:00:00,36225.148
2050-06-13 15:00:00,32869.322
2050-06-13 16:00:00,29530.16
2050-06-13 17:00:00,26472.174
2050-06-13 18:00:00,22517.918
2050-06-13 19:00:00,19518.314000000002
2050-06-13 20:00:00,19323.984
2050-06-13 21:00:00,17819.946
2050-06-13 22:00:00,16951.036
2050-06-13 23:00:00,16037.89
2050-06-14 00:00:00,16081.478000000001
2050-06-14 01:00:00,14812.382000000001
2050-06-14 02:00:00,12804.726
2050-06-14 03:00:00,11361.542000000001
2050-06-14 04:00:00,10959.824
2050-06-14 05:00:00,14074.334
2050-06-14 06:00:00,19946.992000000002
2050-06-14 07:00:00,24314.808
2050-06-14 08:00:00,30845.074
2050-06-14 09:00:00,33212.052
2050-06-14 10:00:00,32472.386
2050-06-14 11:00:00,31225.800000000003
2050-06-14 12:00:00,27270.648
2050-06-14 13:00:00,24866.656000000003
2050-06-14 14:00:00,24409.718
2050-06-14 15:00:00,28643.996000000003
2050-06-14 16:00:00,29071.474000000002
2050-06-14 17:00:00,29105.456000000002
2050-06-14 18:00:00,26623.888000000003
2050-06-14 19:00:00,23343.550000000003
2050-06-14 20:00:00,20977.498000000003
2050-06-14 21:00:00,18243.844
2050-06-14 22:00:00,17106.198
2050-06-14 23:00:00,15164.216
2050-06-15 00:00:00,14386.076000000001
2050-06-15 01:00:00,13774.788
2050-06-15 02:00:00,12741.996000000001
2050-06-15 03:00:00,12004.192000000001
2050-06-15 04:00:00,11845.876
2050-06-15 05:00:00,13245.716
2050-06-15 06:00:00,18796.66
2050-06-15 07:00:00,24961.458
2050-06-15 08:00:00,27794.634000000005
2050-06-15 09:00:00,33361.214
2050-06-15 10:00:00,39128.312
2050-06-15 11:00:00,41450.854
2050-06-15 12:00:00,42938.982
2050-06-15 13:00:00,39679.950000000004
2050-06-15 14:00:00,37867.282
2050-06-15 15:00:00,38858.124
2050-06-15 16:00:00,33891.274
2050-06-15 17:00:00,30151.582000000002
2050-06-15 18:00:00,25296.828
2050-06-15 19:00:00,20635.670000000002
2050-06-15 20:00:00,17828.206000000002
2050-06-15 21:00:00,15500.49
2050-06-15 22:00:00,13118.378
2050-06-15 23:00:00,11050.716
2050-06-16 00:00:00,9799.458
2050-06-16 01:00:00,9030.858
2050-06-16 02:00:00,9848.644
2050-06-16 03:00:00,10928.948
2050-06-16 04:00:00,13323.812
2050-06-16 05:00:00,18060.584
2050-06-16 06:00:00,24055.364
2050-06-16 07:00:00,28118.218
2050-06-16 08:00:00,30037.638000000003
2050-06-16 09:00:00,33781.058000000005
2050-06-16 10:00:00,36140.014
2050-06-16 11:00:00,36840.371999999996
2050-06-16 12:00:00,41427.862
2050-06-16 13:00:00,41907.01
2050-06-16 14:00:00,39567.07800000001
2050-06-16 15:00:00,34873.548
2050-06-16 16:00:00,31746.588000000003
2050-06-16 17:00:00,26911.076
2050-06-16 18:00:00,21697.396
2050-06-16 19:00:00,18078.718
2050-06-16 20:00:00,16110.752
2050-06-16 21:00:00,14626.29
2050-06-16 22:00:00,14372.654000000002
2050-06-16 23:00:00,13117.704000000002
2050-06-17 00:00:00,13158.160000000002
2050-06-17 01:00:00,13053.404
2050-06-17 02:00:00,13166.324
2050-06-17 03:00:00,13582.242000000002
2050-06-17 04:00:00,16324.557999999999
2050-06-17 05:00:00,21788.958
2050-06-17 06:00:00,26550.890000000003
2050-06-17 07:00:00,31659.262000000002
2050-06-17 08:00:00,37514.340000000004
2050-06-17 09:00:00,40123.304000000004
2050-06-17 10:00:00,43539.74600000001
2050-06-17 11:00:00,44944.340000000004
2050-06-17 12:00:00,43225.806000000004
2050-06-17 13:00:00,38836.044
2050-06-17 14:00:00,36905.804
2050-06-17 15:00:00,32932.818
2050-06-17 16:00:00,29764.766
2050-06-17 17:00:00,26869.446000000004
2050-06-17 18:00:00,22520.934
2050-06-17 19:00:00,19759.948000000004
2050-06-17 20:00:00,18015.864
2050-06-17 21:00:00,17571.576
2050-06-17 22:00:00,17458.278000000002
2050-06-17 23:00:00,15486.544000000002
2050-06-18 00:00:00,14359.826000000001
2050-06-18 01:00:00,14174.858
2050-06-18 02:00:00,14257.898000000001
2050-06-18 03:00:00,14379.286
2050-06-18 04:00:00,16493.166
2050-06-18 05:00:00,21051.882
2050-06-18 06:00:00,25196.43
2050-06-18 07:00:00,27106.928000000004
2050-06-18 08:00:00,32825.408
2050-06-18 09:00:00,38200.15
2050-06-18 10:00:00,37503.174
2050-06-18 11:00:00,38678.96
2050-06-18 12:00:00,37762.406
2050-06-18 13:00:00,38522.256
2050-06-18 14:00:00,38390.078
2050-06-18 15:00:00,34854.418
2050-06-18 16:00:00,33192.512
2050-06-18 17:00:00,30416.390000000003
2050-06-18 18:00:00,24899.18
2050-06-18 19:00:00,19957.698000000004
2050-06-18 20:00:00,17411.452
2050-06-18 21:00:00,16804.798000000003
2050-06-18 22:00:00,16248.676000000001
2050-06-18 23:00:00,15228.044000000002
2050-06-19 00:00:00,13977.464000000002
2050-06-19 01:00:00,13193.884
2050-06-19 02:00:00,12938.242
2050-06-19 03:00:00,13236.782000000001
2050-06-19 04:00:00,15604.028
2050-06-19 05:00:00,18191.992000000002
2050-06-19 06:00:00,20559.03
2050-06-19 07:00:00,26312.292
2050-06-19 08:00:00,29625.406000000003
2050-06-19 09:00:00,33827.814000000006
2050-06-19 10:00:00,34906.378000000004
2050-06-19 11:00:00,36975.094000000005
2050-06-19 12:00:00,36997.756
2050-06-19 13:00:00,33750.636
2050-06-19 14:00:00,32493.140000000003
2050-06-19 15:00:00,31482.96
2050-06-19 16:00:00,27742.142
2050-06-19 17:00:00,25505.292
2050-06-19 18:00:00,23896.910000000003
2050-06-19 19:00:00,21322.606
2050-06-19 20:00:00,19134.088
2050-06-19 21:00:00,17891.584
2050-06-19 22:00:00,16951.078
2050-06-19 23:00:00,16142.606
2050-06-20 00:00:00,15908.550000000001
2050-06-20 01:00:00,15962.508
2050-06-20 02:00:00,16151.318
2050-06-20 03:00:00,16419.336
2050-06-20 04:00:00,18769.888000000003
2050-06-20 05:00:00,22959.202
2050-06-20 06:00:00,27329.248
2050-06-20 07:00:00,30046.46
2050-06-20 08:00:00,34860.694
2050-06-20 09:00:00,39591.096000000005
2050-06-20 10:00:00,43142.804000000004
2050-06-20 11:00:00,40208.844000000005
2050-06-20 12:00:00,41115.10800000001
2050-06-20 13:00:00,42553.288
2050-06-20 14:00:00,39695.572
2050-06-20 15:00:00,36609.846000000005
2050-06-20 16:00:00,32892.05
2050-06-20 17:00:00,28738.93
2050-06-20 18:00:00,24560.062
2050-06-20 19:00:00,20235.34
2050-06-20 20:00:00,18739.676000000003
2050-06-20 21:00:00,18591.284
2050-06-20 22:00:00,19182.784
2050-06-20 23:00:00,18591.058
2050-06-21 00:00:00,16466.178
2050-06-21 01:00:00,15306.24
2050-06-21 02:00:00,14388.08
2050-06-21 03:00:00,13844.302
2050-06-21 04:00:00,14015.768
2050-06-21 05:00:00,16738.424
2050-06-21 06:00:00,20949.972
2050-06-21 07:00:00,28112.490000000005
2050-06-21 08:00:00,34448.826
2050-06-21 09:00:00,36408.596000000005
2050-06-21 10:00:00,40178.576
2050-06-21 11:00:00,41736.868
2050-06-21 12:00:00,41199.292
2050-06-21 13:00:00,38552.188
2050-06-21 14:00:00,37596.438
2050-06-21 15:00:00,31969.309999999998
2050-06-21 16:00:00,28133.554
2050-06-21 17:00:00,24751.238
2050-06-21 18:00:00,20999.452
2050-06-21 19:00:00,18298.562
2050-06-21 20:00:00,18152.136
2050-06-21 21:00:00,17636.244000000002
2050-06-21 22:00:00,16533.462
2050-06-21 23:00:00,14269.938000000002
2050-06-22 00:00:00,11969.728000000001
2050-06-22 01:00:00,11651.766000000001
2050-06-22 02:00:00,11833.608
2050-06-22 03:00:00,12471.376
2050-06-22 04:00:00,15164.178
2050-06-22 05:00:00,18366.61
2050-06-22 06:00:00,22640.988
2050-06-22 07:00:00,28848.08
2050-06-22 08:00:00,33578.138
2050-06-22 09:00:00,31459.292
2050-06-22 10:00:00,27366.104
2050-06-22 11:00:00,24228.136
2050-06-22 12:00:00,23411.708
2050-06-22 13:00:00,26983.440000000002
2050-06-22 14:00:00,35012.442
2050-06-22 15:00:00,38378.99600000001
2050-06-22 16:00:00,34550.64000000001
2050-06-22 17:00:00,29489.888000000003
2050-06-22 18:00:00,26164.526
2050-06-22 19:00:00,23345.106
2050-06-22 20:00:00,22671.354000000003
2050-06-22 21:00:00,21892.336
2050-06-22 22:00:00,21337.006
2050-06-22 23:00:00,21560.15
2050-06-23 00:00:00,22050.658
2050-06-23 01:00:00,20998.906000000003
2050-06-23 02:00:00,21046.690000000002
2050-06-23 03:00:00,21174.586
2050-06-23 04:00:00,22609.938000000002
2050-06-23 05:00:00,26327.258
2050-06-23 06:00:00,28165.412
2050-06-23 07:00:00,32596.196000000004
2050-06-23 08:00:00,36351.864
2050-06-23 09:00:00,38612.814000000006
2050-06-23 10:00:00,44917.902
2050-06-23 11:00:00,50383.738000000005
2050-06-23 12:00:00,51858.344000000005
2050-06-23 13:00:00,50959.196
2050-06-23 14:00:00,46239.08
2050-06-23 15:00:00,40705.72
2050-06-23 16:00:00,37327.902
2050-06-23 17:00:00,30560.33
2050-06-23 18:00:00,25519.642000000003
2050-06-23 19:00:00,20868.496
2050-06-23 20:00:00,18107.664
2050-06-23 21:00:00,16023.434000000001
2050-06-23 22:00:00,14242.448000000002
2050-06-23 23:00:00,13228.420000000002
2050-06-24 00:00:00,12651.714
2050-06-24 01:00:00,11932.346000000001
2050-06-24 02:00:00,11977.356
2050-06-24 03:00:00,12762.784
2050-06-24 04:00:00,15003.0
2050-06-24 05:00:00,20152.14
2050-06-24 06:00:00,24982.724000000002
2050-06-24 07:00:00,31146.690000000002
2050-06-24 08:00:00,34374.946
2050-06-24 09:00:00,39285.478
2050-06-24 10:00:00,39526.056000000004
2050-06-24 11:00:00,36749.57
2050-06-24 12:00:00,32864.386
2050-06-24 13:00:00,32039.41
2050-06-24 14:00:00,32622.924
2050-06-24 15:00:00,33572.774
2050-06-24 16:00:00,34252.938
2050-06-24 17:00:00,32772.916
2050-06-24 18:00:00,29416.708000000002
2050-06-24 19:00:00,26086.068
2050-06-24 20:00:00,23862.066000000003
2050-06-24 21:00:00,22143.326
2050-06-24 22:00:00,20130.724000000002
2050-06-24 23:00:00,18473.778000000002
2050-06-25 00:00:00,17558.224
2050-06-25 01:00:00,15889.826000000001
2050-06-25 02:00:00,15239.572
2050-06-25 03:00:00,14792.148000000001
2050-06-25 04:00:00,16707.564000000002
2050-06-25 05:00:00,20440.47
2050-06-25 06:00:00,25200.834000000003
2050-06-25 07:00:00,27447.28
2050-06-25 08:00:00,27687.004
2050-06-25 09:00:00,28324.828000000005
2050-06-25 10:00:00,31364.36
2050-06-25 11:00:00,35150.212
2050-06-25 12:00:00,37052.876000000004
2050-06-25 13:00:00,37532.782
2050-06-25 14:00:00,36085.268000000004
2050-06-25 15:00:00,33460.618
2050-06-25 16:00:00,28593.476000000002
2050-06-25 17:00:00,26084.284
2050-06-25 18:00:00,23098.676000000003
2050-06-25 19:00:00,20213.088000000003
2050-06-25 20:00:00,19043.757999999998
2050-06-25 21:00:00,18535.612
2050-06-25 22:00:00,19143.154000000002
2050-06-25 23:00:00,19545.618
2050-06-26 00:00:00,19832.894
2050-06-26 01:00:00,19451.446
2050-06-26 02:00:00,18878.318
2050-06-26 03:00:00,19354.44
2050-06-26 04:00:00,20805.608
2050-06-26 05:00:00,22464.418
2050-06-26 06:00:00,23771.25
2050-06-26 07:00:00,24364.300000000003
2050-06-26 08:00:00,25339.388000000003
2050-06-26 09:00:00,26298.63
2050-06-26 10:00:00,30888.71
2050-06-26 11:00:00,36078.442
2050-06-26 12:00:00,37960.706
2050-06-26 13:00:00,37806.18
2050-06-26 14:00:00,39345.084
2050-06-26 15:00:00,37511.304
2050-06-26 16:00:00,33624.409999999996
2050-06-26 17:00:00,30999.670000000002
2050-06-26 18:00:00,30379.872
2050-06-26 19:00:00,27019.998
2050-06-26 20:00:00,23403.966
2050-06-26 21:00:00,20749.81
2050-06-26 22:00:00,16797.168
2050-06-26 23:00:00,14352.638
2050-06-27 00:00:00,12811.802000000001
2050-06-27 01:00:00,12087.564
2050-06-27 02:00:00,12543.260000000002
2050-06-27 03:00:00,13569.68
2050-06-27 04:00:00,14937.154000000002
2050-06-27 05:00:00,16193.686
2050-06-27 06:00:00,19103.206000000002
2050-06-27 07:00:00,23923.584000000003
2050-06-27 08:00:00,28497.024
2050-06-27 09:00:00,33129.646
2050-06-27 10:00:00,31985.420000000002
2050-06-27 11:00:00,34961.522
2050-06-27 12:00:00,37120.738000000005
2050-06-27 13:00:00,36214.194
2050-06-27 14:00:00,36553.862
2050-06-27 15:00:00,39138.248
2050-06-27 16:00:00,36568.864
2050-06-27 17:00:00,33718.964
2050-06-27 18:00:00,30632.790000000005
2050-06-27 19:00:00,27963.672
2050-06-27 20:00:00,26430.771999999997
2050-06-27 21:00:00,25268.08
2050-06-27 22:00:00,23711.902000000002
2050-06-27 23:00:00,20529.148
2050-06-28 00:00:00,18409.188000000002
2050-06-28 01:00:00,17153.014000000003
2050-06-28 02:00:00,16496.48
2050-06-28 03:00:00,16158.24
2050-06-28 04:00:00,17982.488
2050-06-28 05:00:00,22843.718
2050-06-28 06:00:00,29424.682
2050-06-28 07:00:00,35225.124
2050-06-28 08:00:00,37870.192
2050-06-28 09:00:00,37338.18
2050-06-28 10:00:00,36356.154
2050-06-28 11:00:00,37019.356
2050-06-28 12:00:00,38122.606
2050-06-28 13:00:00,37564.414000000004
2050-06-28 14:00:00,35866.286
2050-06-28 15:00:00,35076.174
2050-06-28 16:00:00,34525.990000000005
2050-06-28 17:00:00,32284.632
2050-06-28 18:00:00,30494.868000000002
2050-06-28 19:00:00,26320.324
2050-06-28 20:00:00,24370.502
2050-06-28 21:00:00,22339.834000000003
2050-06-28 22:00:00,20633.944000000003
2050-06-28 23:00:00,19742.510000000002
2050-06-29 00:00:00,18030.732
2050-06-29 01:00:00,15371.84
2050-06-29 02:00:00,13753.848000000002
2050-06-29 03:00:00,12680.614000000001
2050-06-29 04:00:00,13363.707999999999
2050-06-29 05:00:00,15396.800000000001
2050-06-29 06:00:00,20128.948000000004
2050-06-29 07:00:00,26924.336
2050-06-29 08:00:00,29311.966
2050-06-29 09:00:00,34570.515999999996
2050-06-29 10:00:00,36471.048
2050-06-29 11:00:00,37943.472
2050-06-29 12:00:00,38416.736
2050-06-29 13:00:00,37413.086
2050-06-29 14:00:00,35951.62
2050-06-29 15:00:00,34649.14000000001
2050-06-29 16:00:00,30317.858000000004
2050-06-29 17:00:00,27190.832000000002
2050-06-29 18:00:00,23128.284
2050-06-29 19:00:00,19260.722
2050-06-29 20:00:00,17450.84
2050-06-29 21:00:00,17137.226000000002
2050-06-29 22:00:00,16624.038
2050-06-29 23:00:00,16441.048000000003
2050-06-30 00:00:00,16591.726000000002
2050-06-30 01:00:00,16474.45
2050-06-30 02:00:00,16614.162
2050-06-30 03:00:00,17179.620000000003
2050-06-30 04:00:00,20273.736
2050-06-30 05:00:00,24926.726000000002
2050-06-30 06:00:00,31488.615999999998
2050-06-30 07:00:00,35018.556000000004
2050-06-30 08:00:00,36479.0
2050-06-30 09:00:00,40987.406
2050-06-30 10:00:00,45294.476
2050-06-30 11:00:00,43113.75
2050-06-30 12:00:00,46180.716
2050-06-30 13:00:00,44085.490000000005
2050-06-30 14:00:00,41445.42800000001
2050-06-30 15:00:00,40735.512
2050-06-30 16:00:00,38044.714
2050-06-30 17:00:00,32306.120000000003
2050-06-30 18:00:00,26519.302000000003
2050-06-30 19:00:00,23432.614
2050-06-30 20:00:00,22291.06
2050-06-30 21:00:00,21392.920000000002
2050-06-30 22:00:00,21447.466
2050-06-30 23:00:00,21288.586
2050-07-01 00:00:00,21566.868000000002
2050-07-01 01:00:00,21421.358
2050-07-01 02:00:00,20677.438000000002
2050-07-01 03:00:00,19798.296000000002
2050-07-01 04:00:00,20911.694000000003
2050-07-01 05:00:00,24570.9
2050-07-01 06:00:00,30407.382
2050-07-01 07:00:00,35796.732
2050-07-01 08:00:00,37153.466
2050-07-01 09:00:00,37698.938
2050-07-01 10:00:00,40735.408
2050-07-01 11:00:00,42491.520000000004
2050-07-01 12:00:00,41712.898
2050-07-01 13:00:00,40297.75200000001
2050-07-01 14:00:00,38834.492
2050-07-01 15:00:00,37741.654
2050-07-01 16:00:00,32808.776000000005
2050-07-01 17:00:00,26613.684000000005
2050-07-01 18:00:00,22510.410000000003
2050-07-01 19:00:00,19361.54
2050-07-01 20:00:00,18685.284
2050-07-01 21:00:00,17344.982
2050-07-01 22:00:00,16040.822
2050-07-01 23:00:00,14908.328000000001
2050-07-02 00:00:00,14173.970000000001
2050-07-02 01:00:00,14078.024
2050-07-02 02:00:00,14518.728000000001
2050-07-02 03:00:00,14457.33
2050-07-02 04:00:00,17273.806
2050-07-02 05:00:00,20945.258
2050-07-02 06:00:00,25595.696
2050-07-02 07:00:00,30530.576
2050-07-02 08:00:00,34433.494
2050-07-02 09:00:00,36962.712
2050-07-02 10:00:00,41622.888000000006
2050-07-02 11:00:00,44487.576
2050-07-02 12:00:00,43775.848
2050-07-02 13:00:00,42823.958000000006
2050-07-02 14:00:00,39667.194
2050-07-02 15:00:00,38120.159999999996
2050-07-02 16:00:00,31300.26
2050-07-02 17:00:00,27809.604
2050-07-02 18:00:00,26584.158000000003
2050-07-02 19:00:00,23876.602
2050-07-02 20:00:00,22735.238
2050-07-02 21:00:00,22463.168
2050-07-02 22:00:00,23673.068
2050-07-02 23:00:00,23101.196
2050-07-03 00:00:00,22867.476000000002
2050-07-03 01:00:00,21874.076
2050-07-03 02:00:00,21181.850000000002
2050-07-03 03:00:00,20456.494000000002
2050-07-03 04:00:00,22914.88
2050-07-03 05:00:00,27417.22
2050-07-03 06:00:00,31979.192
2050-07-03 07:00:00,35760.082
2050-07-03 08:00:00,38747.598
2050-07-03 09:00:00,40662.182
2050-07-03 10:00:00,42787.788
2050-07-03 11:00:00,44701.194
2050-07-03 12:00:00,44318.622
2050-07-03 13:00:00,44774.748
2050-07-03 14:00:00,41101.624
2050-07-03 15:00:00,35639.304
2050-07-03 16:00:00,33466.244
2050-07-03 17:00:00,29265.008
2050-07-03 18:00:00,23391.826
2050-07-03 19:00:00,18469.144
2050-07-03 20:00:00,16655.996
2050-07-03 21:00:00,16266.504
2050-07-03 22:00:00,16260.960000000001
2050-07-03 23:00:00,15849.504
2050-07-04 00:00:00,16108.312
2050-07-04 01:00:00,16323.838000000002
2050-07-04 02:00:00,16546.744000000002
2050-07-04 03:00:00,17645.596
2050-07-04 04:00:00,20500.420000000002
2050-07-04 05:00:00,25564.892000000003
2050-07-04 06:00:00,31819.814000000002
2050-07-04 07:00:00,35352.486
2050-07-04 08:00:00,39508.418000000005
2050-07-04 09:00:00,44959.32000000001
2050-07-04 10:00:00,45178.32000000001
2050-07-04 11:00:00,43988.154
2050-07-04 12:00:00,42666.538
2050-07-04 13:00:00,40237.504
2050-07-04 14:00:00,40613.892
2050-07-04 15:00:00,38112.515999999996
2050-07-04 16:00:00,37509.9
2050-07-04 17:00:00,35157.852000000006
2050-07-04 18:00:00,31401.942
2050-07-04 19:00:00,26902.08
2050-07-04 20:00:00,25571.820000000003
2050-07-04 21:00:00,25470.702
2050-07-04 22:00:00,22369.59
2050-07-04 23:00:00,20318.33
2050-07-05 00:00:00,18846.368
2050-07-05 01:00:00,17663.044
2050-07-05 02:00:00,17166.02
2050-07-05 03:00:00,17030.66
2050-07-05 04:00:00,17165.434
2050-07-05 05:00:00,21394.204
2050-07-05 06:00:00,24445.984
2050-07-05 07:00:00,25699.702
2050-07-05 08:00:00,28910.532000000003
2050-07-05 09:00:00,36559.338
2050-07-05 10:00:00,39470.944
2050-07-05 11:00:00,36086.002
2050-07-05 12:00:00,35438.972
2050-07-05 13:00:00,37967.546
2050-07-05 14:00:00,33873.076
2050-07-05 15:00:00,33918.96
2050-07-05 16:00:00,30904.698
2050-07-05 17:00:00,28523.336
2050-07-05 18:00:00,28461.606
2050-07-05 19:00:00,26807.090000000004
2050-07-05 20:00:00,26440.644
2050-07-05 21:00:00,26105.688000000002
2050-07-05 22:00:00,25913.692000000003
2050-07-05 23:00:00,24674.366
2050-07-06 00:00:00,23652.916
2050-07-06 01:00:00,22550.56
2050-07-06 02:00:00,20410.376000000004
2050-07-06 03:00:00,17865.584
2050-07-06 04:00:00,15385.268
2050-07-06 05:00:00,15686.464000000002
2050-07-06 06:00:00,17872.396
2050-07-06 07:00:00,20385.454
2050-07-06 08:00:00,21837.22
2050-07-06 09:00:00,22220.768
2050-07-06 10:00:00,22221.796000000002
2050-07-06 11:00:00,18922.674
2050-07-06 12:00:00,19251.726000000002
2050-07-06 13:00:00,19953.924
2050-07-06 14:00:00,21652.182
2050-07-06 15:00:00,24910.734
2050-07-06 16:00:00,24380.11
2050-07-06 17:00:00,21479.736
2050-07-06 18:00:00,19098.336
2050-07-06 19:00:00,17515.422000000002
2050-07-06 20:00:00,17047.064000000002
2050-07-06 21:00:00,17010.558
2050-07-06 22:00:00,15524.156
2050-07-06 23:00:00,15797.266000000001
2050-07-07 00:00:00,15993.498000000001
2050-07-07 01:00:00,16781.898
2050-07-07 02:00:00,17790.756
2050-07-07 03:00:00,19325.514000000003
2050-07-07 04:00:00,21808.270000000004
2050-07-07 05:00:00,26289.968
2050-07-07 06:00:00,29751.734000000004
2050-07-07 07:00:00,35064.924
2050-07-07 08:00:00,38644.934
2050-07-07 09:00:00,38729.728
2050-07-07 10:00:00,39445.572
2050-07-07 11:00:00,44370.39000000001
2050-07-07 12:00:00,46724.154
2050-07-07 13:00:00,47732.164000000004
2050-07-07 14:00:00,45472.232
2050-07-07 15:00:00,42487.026000000005
2050-07-07 16:00:00,39875.512
2050-07-07 17:00:00,35816.340000000004
2050-07-07 18:00:00,30768.22
2050-07-07 19:00:00,25233.708
2050-07-07 20:00:00,20909.820000000003
2050-07-07 21:00:00,17460.09
2050-07-07 22:00:00,16951.574
2050-07-07 23:00:00,17252.18
2050-07-08 00:00:00,18045.452
2050-07-08 01:00:00,17337.252
2050-07-08 02:00:00,17201.570000000003
2050-07-08 03:00:00,17493.294
2050-07-08 04:00:00,19879.908
2050-07-08 05:00:00,23551.748000000003
2050-07-08 06:00:00,27433.058000000005
2050-07-08 07:00:00,32293.298
2050-07-08 08:00:00,34270.688
2050-07-08 09:00:00,41094.092000000004
2050-07-08 10:00:00,42974.574
2050-07-08 11:00:00,44311.554000000004
2050-07-08 12:00:00,46803.576
2050-07-08 13:00:00,41041.18400000001
2050-07-08 14:00:00,38335.828
2050-07-08 15:00:00,36771.29
2050-07-08 16:00:00,33713.670000000006
2050-07-08 17:00:00,30431.22
2050-07-08 18:00:00,25667.332000000002
2050-07-08 19:00:00,21728.546000000002
2050-07-08 20:00:00,19272.444
2050-07-08 21:00:00,17694.892000000003
2050-07-08 22:00:00,16869.162
2050-07-08 23:00:00,15844.098000000002
2050-07-09 00:00:00,15882.83
2050-07-09 01:00:00,15639.614000000001
2050-07-09 02:00:00,15319.094000000001
2050-07-09 03:00:00,15271.146
2050-07-09 04:00:00,17062.870000000003
2050-07-09 05:00:00,20415.694000000003
2050-07-09 06:00:00,23404.642000000003
2050-07-09 07:00:00,31272.847999999998
2050-07-09 08:00:00,33433.538
2050-07-09 09:00:00,34008.672
2050-07-09 10:00:00,38569.652
2050-07-09 11:00:00,40202.18
2050-07-09 12:00:00,44056.968
2050-07-09 13:00:00,43186.046
2050-07-09 14:00:00,40042.138000000006
2050-07-09 15:00:00,37201.256
2050-07-09 16:00:00,33582.688
2050-07-09 17:00:00,28786.816
2050-07-09 18:00:00,22788.966
2050-07-09 19:00:00,18679.02
2050-07-09 20:00:00,16909.548000000003
2050-07-09 21:00:00,16173.088000000002
2050-07-09 22:00:00,16580.388000000003
2050-07-09 23:00:00,16936.692000000003
2050-07-10 00:00:00,16845.294
2050-07-10 01:00:00,17254.692000000003
2050-07-10 02:00:00,17515.634000000002
2050-07-10 03:00:00,17440.626
2050-07-10 04:00:00,19180.648
2050-07-10 05:00:00,21934.910000000003
2050-07-10 06:00:00,24542.316000000003
2050-07-10 07:00:00,26546.646000000004
2050-07-10 08:00:00,26054.526
2050-07-10 09:00:00,28580.688000000002
2050-07-10 10:00:00,34596.664000000004
2050-07-10 11:00:00,33640.81
2050-07-10 12:00:00,34301.756
2050-07-10 13:00:00,37252.304
2050-07-10 14:00:00,37255.024
2050-07-10 15:00:00,37365.318
2050-07-10 16:00:00,35405.37
2050-07-10 17:00:00,30584.98
2050-07-10 18:00:00,24855.058
2050-07-10 19:00:00,20737.732000000004
2050-07-10 20:00:00,18537.994000000002
2050-07-10 21:00:00,17689.698
2050-07-10 22:00:00,16129.114000000001
2050-07-10 23:00:00,16259.398000000001
2050-07-11 00:00:00,16015.914000000002
2050-07-11 01:00:00,16032.762
2050-07-11 02:00:00,16191.870000000003
2050-07-11 03:00:00,16600.11
2050-07-11 04:00:00,18241.086
2050-07-11 05:00:00,20479.872000000003
2050-07-11 06:00:00,23192.252
2050-07-11 07:00:00,27070.912
2050-07-11 08:00:00,28017.15
2050-07-11 09:00:00,28684.782000000003
2050-07-11 10:00:00,30322.282000000003
2050-07-11 11:00:00,33600.772
2050-07-11 12:00:00,35700.644
2050-07-11 13:00:00,35686.871999999996
2050-07-11 14:00:00,35114.596000000005
2050-07-11 15:00:00,33740.83
2050-07-11 16:00:00,31459.53
2050-07-11 17:00:00,29359.51
2050-07-11 18:00:00,25204.114
2050-07-11 19:00:00,20973.048000000003
2050-07-11 20:00:00,18961.312
2050-07-11 21:00:00,18158.424
2050-07-11 22:00:00,18133.184
2050-07-11 23:00:00,17560.188000000002
2050-07-12 00:00:00,17200.536
2050-07-12 01:00:00,17411.918
2050-07-12 02:00:00,17386.666
2050-07-12 03:00:00,16302.25
2050-07-12 04:00:00,15084.546
2050-07-12 05:00:00,15927.118
2050-07-12 06:00:00,18471.576
2050-07-12 07:00:00,24469.620000000003
2050-07-12 08:00:00,32053.770000000004
2050-07-12 09:00:00,40572.612
2050-07-12 10:00:00,46047.548
2050-07-12 11:00:00,48155.656
2050-07-12 12:00:00,47227.062000000005
2050-07-12 13:00:00,46593.00200000001
2050-07-12 14:00:00,42056.994000000006
2050-07-12 15:00:00,37983.37
2050-07-12 16:00:00,35478.222
2050-07-12 17:00:00,30662.854
2050-07-12 18:00:00,26957.964000000004
2050-07-12 19:00:00,23276.024
2050-07-12 20:00:00,21856.14
2050-07-12 21:00:00,21446.896
2050-07-12 22:00:00,20938.564000000002
2050-07-12 23:00:00,20342.22
2050-07-13 00:00:00,19578.64
2050-07-13 01:00:00,19063.378
2050-07-13 02:00:00,18629.674
2050-07-13 03:00:00,17398.584
2050-07-13 04:00:00,17517.894
2050-07-13 05:00:00,17751.994000000002
2050-07-13 06:00:00,16428.572
2050-07-13 07:00:00,18306.14
2050-07-13 08:00:00,20234.922000000002
2050-07-13 09:00:00,25158.166
2050-07-13 10:00:00,28096.456000000002
2050-07-13 11:00:00,28159.582000000002
2050-07-13 12:00:00,32124.228000000003
2050-07-13 13:00:00,32306.676000000003
2050-07-13 14:00:00,29970.814000000002
2050-07-13 15:00:00,26781.824
2050-07-13 16:00:00,27374.278000000006
2050-07-13 17:00:00,26979.528000000006
2050-07-13 18:00:00,23819.136
2050-07-13 19:00:00,20922.870000000003
2050-07-13 20:00:00,19620.768
2050-07-13 21:00:00,19440.912
2050-07-13 22:00:00,19026.856
2050-07-13 23:00:00,18768.608
2050-07-14 00:00:00,18551.716
2050-07-14 01:00:00,18474.598
2050-07-14 02:00:00,18739.372
2050-07-14 03:00:00,19201.406
2050-07-14 04:00:00,21033.344
2050-07-14 05:00:00,24523.546000000002
2050-07-14 06:00:00,28747.188000000002
2050-07-14 07:00:00,31590.978000000003
2050-07-14 08:00:00,31622.808000000005
2050-07-14 09:00:00,33436.992
2050-07-14 10:00:00,33921.932
2050-07-14 11:00:00,35940.182
2050-07-14 12:00:00,34680.82
2050-07-14 13:00:00,37696.782
2050-07-14 14:00:00,38183.864
2050-07-14 15:00:00,38877.998
2050-07-14 16:00:00,40616.718
2050-07-14 17:00:00,38306.886
2050-07-14 18:00:00,36677.184
2050-07-14 19:00:00,33955.82
2050-07-14 20:00:00,31902.334000000003
2050-07-14 21:00:00,31137.76
2050-07-14 22:00:00,30458.552000000003
2050-07-14 23:00:00,28162.476000000002
2050-07-15 00:00:00,27646.566
2050-07-15 01:00:00,26725.762000000002
2050-07-15 02:00:00,25856.542
2050-07-15 03:00:00,23271.514000000003
2050-07-15 04:00:00,22892.224000000002
2050-07-15 05:00:00,25926.288
2050-07-15 06:00:00,31699.78
2050-07-15 07:00:00,35629.01
2050-07-15 08:00:00,37830.148
2050-07-15 09:00:00,41712.96400000001
2050-07-15 10:00:00,42525.10800000001
2050-07-15 11:00:00,42319.04000000001
2050-07-15 12:00:00,47622.614
2050-07-15 13:00:00,48003.076
2050-07-15 14:00:00,41393.114
2050-07-15 15:00:00,37965.296
2050-07-15 16:00:00,38792.008
2050-07-15 17:00:00,39335.668000000005
2050-07-15 18:00:00,34828.75
2050-07-15 19:00:00,31837.712
2050-07-15 20:00:00,30011.998
2050-07-15 21:00:00,28712.006
2050-07-15 22:00:00,27843.95
2050-07-15 23:00:00,23586.412
2050-07-16 00:00:00,20939.336
2050-07-16 01:00:00,18411.922000000002
2050-07-16 02:00:00,17408.838
2050-07-16 03:00:00,19187.438000000002
2050-07-16 04:00:00,20262.260000000002
2050-07-16 05:00:00,23180.198000000004
2050-07-16 06:00:00,27193.142
2050-07-16 07:00:00,31422.11
2050-07-16 08:00:00,31648.165999999997
2050-07-16 09:00:00,31379.236
2050-07-16 10:00:00,32138.672
2050-07-16 11:00:00,35528.79
2050-07-16 12:00:00,36886.664000000004
2050-07-16 13:00:00,35236.11
2050-07-16 14:00:00,36408.812
2050-07-16 15:00:00,35788.652
2050-07-16 16:00:00,36015.408
2050-07-16 17:00:00,33386.726
2050-07-16 18:00:00,28064.63
2050-07-16 19:00:00,23620.392000000003
2050-07-16 20:00:00,21442.97
2050-07-16 21:00:00,21146.072
2050-07-16 22:00:00,20493.06
2050-07-16 23:00:00,19272.584
2050-07-17 00:00:00,17620.646
2050-07-17 01:00:00,17349.038
2050-07-17 02:00:00,17350.344
2050-07-17 03:00:00,17784.056
2050-07-17 04:00:00,19791.25
2050-07-17 05:00:00,24031.624
2050-07-17 06:00:00,28902.678000000004
2050-07-17 07:00:00,30207.726000000002
2050-07-17 08:00:00,32062.422
2050-07-17 09:00:00,36106.714
2050-07-17 10:00:00,37614.994
2050-07-17 11:00:00,41642.594000000005
2050-07-17 12:00:00,38965.33
2050-07-17 13:00:00,37693.518000000004
2050-07-17 14:00:00,36604.068
2050-07-17 15:00:00,34402.072
2050-07-17 16:00:00,33494.398
2050-07-17 17:00:00,30739.090000000004
2050-07-17 18:00:00,25886.338000000003
2050-07-17 19:00:00,22466.118000000002
2050-07-17 20:00:00,21807.398
2050-07-17 21:00:00,21719.442000000003
2050-07-17 22:00:00,21347.928
2050-07-17 23:00:00,20684.046000000002
2050-07-18 00:00:00,20630.496
2050-07-18 01:00:00,20392.878
2050-07-18 02:00:00,20607.134000000002
2050-07-18 03:00:00,20858.468
2050-07-18 04:00:00,22109.752
2050-07-18 05:00:00,25309.236
2050-07-18 06:00:00,29278.244000000002
2050-07-18 07:00:00,31008.388000000003
2050-07-18 08:00:00,29347.016
2050-07-18 09:00:00,32511.26
2050-07-18 10:00:00,36563.028000000006
2050-07-18 11:00:00,38629.909999999996
2050-07-18 12:00:00,36675.192
2050-07-18 13:00:00,32818.522
2050-07-18 14:00:00,33928.618
2050-07-18 15:00:00,33518.258
2050-07-18 16:00:00,33739.686
2050-07-18 17:00:00,30678.800000000003
2050-07-18 18:00:00,26418.708000000002
2050-07-18 19:00:00,23994.198000000004
2050-07-18 20:00:00,23829.182
2050-07-18 21:00:00,24687.08
2050-07-18 22:00:00,25543.412
2050-07-18 23:00:00,24972.948000000004
2050-07-19 00:00:00,25019.224000000002
2050-07-19 01:00:00,24884.024
2050-07-19 02:00:00,24811.820000000003
2050-07-19 03:00:00,24512.222
2050-07-19 04:00:00,23787.47
2050-07-19 05:00:00,23891.670000000002
2050-07-19 06:00:00,23797.232000000004
2050-07-19 07:00:00,27933.98
2050-07-19 08:00:00,32664.340000000004
2050-07-19 09:00:00,39995.422
2050-07-19 10:00:00,41051.826
2050-07-19 11:00:00,42624.090000000004
2050-07-19 12:00:00,42624.32800000001
2050-07-19 13:00:00,42535.618
2050-07-19 14:00:00,34422.426
2050-07-19 15:00:00,31326.566
2050-07-19 16:00:00,31900.922
2050-07-19 17:00:00,29997.686
2050-07-19 18:00:00,26587.682
2050-07-19 19:00:00,25675.428
2050-07-19 20:00:00,23854.550000000003
2050-07-19 21:00:00,21818.388000000003
2050-07-19 22:00:00,21950.138000000003
2050-07-19 23:00:00,21605.218
2050-07-20 00:00:00,20877.886
2050-07-20 01:00:00,20424.656000000003
2050-07-20 02:00:00,20249.732000000004
2050-07-20 03:00:00,19809.768
2050-07-20 04:00:00,19459.384000000002
2050-07-20 05:00:00,17416.222
2050-07-20 06:00:00,15414.23
2050-07-20 07:00:00,17173.218
2050-07-20 08:00:00,25398.978000000003
2050-07-20 09:00:00,31778.716
2050-07-20 10:00:00,33135.714
2050-07-20 11:00:00,33829.89000000001
2050-07-20 12:00:00,28876.308000000005
2050-07-20 13:00:00,27851.688000000002
2050-07-20 14:00:00,24711.962
2050-07-20 15:00:00,24303.206000000002
2050-07-20 16:00:00,29412.65
2050-07-20 17:00:00,25407.904000000002
2050-07-20 18:00:00,23157.25
2050-07-20 19:00:00,21094.902000000002
2050-07-20 20:00:00,20641.100000000002
2050-07-20 21:00:00,20289.88
2050-07-20 22:00:00,19569.846
2050-07-20 23:00:00,16768.732
2050-07-21 00:00:00,16557.004
2050-07-21 01:00:00,17243.894
2050-07-21 02:00:00,18516.358
2050-07-21 03:00:00,19156.016
2050-07-21 04:00:00,20270.246
2050-07-21 05:00:00,24870.378
2050-07-21 06:00:00,31102.244000000002
2050-07-21 07:00:00,38385.144
2050-07-21 08:00:00,41848.704
2050-07-21 09:00:00,42393.732
2050-07-21 10:00:00,41828.056000000004
2050-07-21 11:00:00,41878.106
2050-07-21 12:00:00,40072.862
2050-07-21 13:00:00,37712.684
2050-07-21 14:00:00,40129.840000000004
2050-07-21 15:00:00,33833.48
2050-07-21 16:00:00,35883.28400000001
2050-07-21 17:00:00,31555.238
2050-07-21 18:00:00,26628.952000000005
2050-07-21 19:00:00,24966.170000000002
2050-07-21 20:00:00,24174.632
2050-07-21 21:00:00,23699.690000000002
2050-07-21 22:00:00,22564.748000000003
2050-07-21 23:00:00,21601.070000000003
2050-07-22 00:00:00,21269.854000000003
2050-07-22 01:00:00,21538.474000000002
2050-07-22 02:00:00,21826.916
2050-07-22 03:00:00,23290.902000000002
2050-07-22 04:00:00,23833.808
2050-07-22 05:00:00,26230.836
2050-07-22 06:00:00,28956.165999999997
2050-07-22 07:00:00,32171.050000000003
2050-07-22 08:00:00,33387.684
2050-07-22 09:00:00,36077.218
2050-07-22 10:00:00,39294.916
2050-07-22 11:00:00,40641.826
2050-07-22 12:00:00,35602.204
2050-07-22 13:00:00,37854.882000000005
2050-07-22 14:00:00,38177.174
2050-07-22 15:00:00,39127.236
2050-07-22 16:00:00,39176.804
2050-07-22 17:00:00,38378.074
2050-07-22 18:00:00,34170.26
2050-07-22 19:00:00,29819.26
2050-07-22 20:00:00,27541.458000000002
2050-07-22 21:00:00,23375.464000000004
2050-07-22 22:00:00,17036.268
2050-07-22 23:00:00,15100.962
2050-07-23 00:00:00,14342.006000000001
2050-07-23 01:00:00,13910.552
2050-07-23 02:00:00,14305.529999999999
2050-07-23 03:00:00,14553.418
2050-07-23 04:00:00,15110.962
2050-07-23 05:00:00,17319.118
2050-07-23 06:00:00,21402.654000000002
2050-07-23 07:00:00,25171.496
2050-07-23 08:00:00,26783.206000000002
2050-07-23 09:00:00,30130.45
2050-07-23 10:00:00,32336.338000000003
2050-07-23 11:00:00,35083.642
2050-07-23 12:00:00,36955.448
2050-07-23 13:00:00,36431.768000000004
2050-07-23 14:00:00,35012.786
2050-07-23 15:00:00,33382.072
2050-07-23 16:00:00,34746.286
2050-07-23 17:00:00,34459.542
2050-07-23 18:00:00,29224.794
2050-07-23 19:00:00,25382.232000000004
2050-07-23 20:00:00,24885.074
2050-07-23 21:00:00,24308.392000000003
2050-07-23 22:00:00,23460.334000000003
2050-07-23 23:00:00,22631.898
2050-07-24 00:00:00,22239.748000000003
2050-07-24 01:00:00,22145.816000000003
2050-07-24 02:00:00,21364.164000000004
2050-07-24 03:00:00,20906.95
2050-07-24 04:00:00,22547.664000000004
2050-07-24 05:00:00,25744.486
2050-07-24 06:00:00,30201.336
2050-07-24 07:00:00,34391.194
2050-07-24 08:00:00,33993.094000000005
2050-07-24 09:00:00,35237.448
2050-07-24 10:00:00,40064.774000000005
2050-07-24 11:00:00,43305.074
2050-07-24 12:00:00,42312.482
2050-07-24 13:00:00,42698.238000000005
2050-07-24 14:00:00,38294.198
2050-07-24 15:00:00,39218.362
2050-07-24 16:00:00,38153.934
2050-07-24 17:00:00,31803.394
2050-07-24 18:00:00,27973.390000000003
2050-07-24 19:00:00,24484.968
2050-07-24 20:00:00,23670.802
2050-07-24 21:00:00,23329.996
2050-07-24 22:00:00,23069.274
2050-07-24 23:00:00,23613.138000000003
2050-07-25 00:00:00,23436.868000000002
2050-07-25 01:00:00,23281.642000000003
2050-07-25 02:00:00,24054.638000000003
2050-07-25 03:00:00,24570.106
2050-07-25 04:00:00,25233.320000000003
2050-07-25 05:00:00,26757.65
2050-07-25 06:00:00,28903.356
2050-07-25 07:00:00,30322.962
2050-07-25 08:00:00,28862.518
2050-07-25 09:00:00,26777.476000000002
2050-07-25 10:00:00,26632.316
2050-07-25 11:00:00,27783.506
2050-07-25 12:00:00,30819.996000000003
2050-07-25 13:00:00,31084.186
2050-07-25 14:00:00,31733.140000000003
2050-07-25 15:00:00,31177.270000000004
2050-07-25 16:00:00,31013.086
2050-07-25 17:00:00,31504.792
2050-07-25 18:00:00,26727.392
2050-07-25 19:00:00,23499.288
2050-07-25 20:00:00,22768.424
2050-07-25 21:00:00,22451.36
2050-07-25 22:00:00,21631.434
2050-07-25 23:00:00,21148.446
2050-07-26 00:00:00,21419.264000000003
2050-07-26 01:00:00,21623.642000000003
2050-07-26 02:00:00,20911.5
2050-07-26 03:00:00,20427.912
2050-07-26 04:00:00,19274.788
2050-07-26 05:00:00,20730.192000000003
2050-07-26 06:00:00,21663.606
2050-07-26 07:00:00,26466.208000000002
2050-07-26 08:00:00,32320.850000000002
2050-07-26 09:00:00,36953.136
2050-07-26 10:00:00,37065.614
2050-07-26 11:00:00,38360.35
2050-07-26 12:00:00,32936.782
2050-07-26 13:00:00,30853.344
2050-07-26 14:00:00,25033.68
2050-07-26 15:00:00,24132.13
2050-07-26 16:00:00,26165.284
2050-07-26 17:00:00,29307.946000000004
2050-07-26 18:00:00,26870.952000000005
2050-07-26 19:00:00,23932.896
2050-07-26 20:00:00,22927.644
2050-07-26 21:00:00,22768.024
2050-07-26 22:00:00,22820.642000000003
2050-07-26 23:00:00,22663.094
2050-07-27 00:00:00,21401.738
2050-07-27 01:00:00,20039.352
2050-07-27 02:00:00,19102.212
2050-07-27 03:00:00,18444.69
2050-07-27 04:00:00,17176.394
2050-07-27 05:00:00,17986.836
2050-07-27 06:00:00,20774.2
2050-07-27 07:00:00,21510.788
2050-07-27 08:00:00,23888.168
2050-07-27 09:00:00,27721.452000000005
2050-07-27 10:00:00,28942.158000000003
2050-07-27 11:00:00,30155.286
2050-07-27 12:00:00,30035.678000000004
2050-07-27 13:00:00,29170.908000000003
2050-07-27 14:00:00,30478.703999999998
2050-07-27 15:00:00,28447.496000000003
2050-07-27 16:00:00,33754.606
2050-07-27 17:00:00,33132.856
2050-07-27 18:00:00,28851.872
2050-07-27 19:00:00,25571.282000000003
2050-07-27 20:00:00,23320.412
2050-07-27 21:00:00,23353.350000000002
2050-07-27 22:00:00,23321.43
2050-07-27 23:00:00,23169.078
2050-07-28 00:00:00,23633.658
2050-07-28 01:00:00,22756.440000000002
2050-07-28 02:00:00,23001.38
2050-07-28 03:00:00,23611.754
2050-07-28 04:00:00,24317.604000000003
2050-07-28 05:00:00,26549.422
2050-07-28 06:00:00,29471.334000000003
2050-07-28 07:00:00,34016.15
2050-07-28 08:00:00,35907.35
2050-07-28 09:00:00,36848.204
2050-07-28 10:00:00,38716.420000000006
2050-07-28 11:00:00,40810.804000000004
2050-07-28 12:00:00,41798.232
2050-07-28 13:00:00,41617.008
2050-07-28 14:00:00,41258.458000000006
2050-07-28 15:00:00,36414.474
2050-07-28 16:00:00,37711.494
2050-07-28 17:00:00,36264.200000000004
2050-07-28 18:00:00,30965.816
2050-07-28 19:00:00,25291.346
2050-07-28 20:00:00,22677.956000000002
2050-07-28 21:00:00,22184.092000000004
2050-07-28 22:00:00,17427.242000000002
2050-07-28 23:00:00,15197.032000000001
2050-07-29 00:00:00,14537.73
2050-07-29 01:00:00,14287.518
2050-07-29 02:00:00,14894.436
2050-07-29 03:00:00,15124.992000000002
2050-07-29 04:00:00,15885.994
2050-07-29 05:00:00,18411.570000000003
2050-07-29 06:00:00,22453.296000000002
2050-07-29 07:00:00,27448.45
2050-07-29 08:00:00,30497.966
2050-07-29 09:00:00,34386.308000000005
2050-07-29 10:00:00,36995.83
2050-07-29 11:00:00,39170.976
2050-07-29 12:00:00,39503.912000000004
2050-07-29 13:00:00,37671.572
2050-07-29 14:00:00,32227.0
2050-07-29 15:00:00,30677.256
2050-07-29 16:00:00,31042.915999999997
2050-07-29 17:00:00,29475.656000000003
2050-07-29 18:00:00,25186.760000000002
2050-07-29 19:00:00,21806.526
2050-07-29 20:00:00,20347.826
2050-07-29 21:00:00,20042.066000000003
2050-07-29 22:00:00,18147.038
2050-07-29 23:00:00,16296.098000000002
2050-07-30 00:00:00,15642.148000000001
2050-07-30 01:00:00,16030.08
2050-07-30 02:00:00,16470.358
2050-07-30 03:00:00,16990.760000000002
2050-07-30 04:00:00,17901.272
2050-07-30 05:00:00,20760.408
2050-07-30 06:00:00,25247.642000000003
2050-07-30 07:00:00,27915.784000000003
2050-07-30 08:00:00,30473.766
2050-07-30 09:00:00,37645.464
2050-07-30 10:00:00,41284.10800000001
2050-07-30 11:00:00,43332.192
2050-07-30 12:00:00,44865.096000000005
2050-07-30 13:00:00,44549.840000000004
2050-07-30 14:00:00,39312.932
2050-07-30 15:00:00,37090.76
2050-07-30 16:00:00,33614.992
2050-07-30 17:00:00,31741.984000000004
2050-07-30 18:00:00,27402.802000000003
2050-07-30 19:00:00,25276.820000000003
2050-07-30 20:00:00,24313.642000000003
2050-07-30 21:00:00,23019.142000000003
2050-07-30 22:00:00,19761.796000000002
2050-07-30 23:00:00,19045.832000000002
2050-07-31 00:00:00,17800.658
2050-07-31 01:00:00,17705.98
2050-07-31 02:00:00,16737.210000000003
2050-07-31 03:00:00,16255.792000000001
2050-07-31 04:00:00,16786.732
2050-07-31 05:00:00,18355.852
2050-07-31 06:00:00,22287.554000000004
2050-07-31 07:00:00,24091.448000000004
2050-07-31 08:00:00,26671.362
2050-07-31 09:00:00,29872.296000000002
2050-07-31 10:00:00,36140.752
2050-07-31 11:00:00,34542.792
2050-07-31 12:00:00,33408.866
2050-07-31 13:00:00,29343.11
2050-07-31 14:00:00,24866.272
2050-07-31 15:00:00,25501.186
2050-07-31 16:00:00,28158.714000000004
2050-07-31 17:00:00,27492.436
2050-07-31 18:00:00,24611.43
2050-07-31 19:00:00,21360.544
2050-07-31 20:00:00,19515.238
2050-07-31 21:00:00,18239.29
2050-07-31 22:00:00,17473.210000000003
2050-07-31 23:00:00,17137.94
2050-08-01 00:00:00,17182.664
2050-08-01 01:00:00,17395.81
2050-08-01 02:00:00,17826.496
2050-08-01 03:00:00,18108.246
2050-08-01 04:00:00,19516.998000000003
2050-08-01 05:00:00,22406.972
2050-08-01 06:00:00,26878.271999999997
2050-08-01 07:00:00,28835.264000000003
2050-08-01 08:00:00,31130.520000000004
2050-08-01 09:00:00,35344.176
2050-08-01 10:00:00,39406.666
2050-08-01 11:00:00,40612.562000000005
2050-08-01 12:00:00,40487.694
2050-08-01 13:00:00,42930.348
2050-08-01 14:00:00,41678.00200000001
2050-08-01 15:00:00,42014.402
2050-08-01 16:00:00,38529.558000000005
2050-08-01 17:00:00,35745.554
2050-08-01 18:00:00,31131.106
2050-08-01 19:00:00,26777.97
2050-08-01 20:00:00,24889.478000000003
2050-08-01 21:00:00,24285.844
2050-08-01 22:00:00,23112.25
2050-08-01 23:00:00,20571.504
2050-08-02 00:00:00,18949.748000000003
2050-08-02 01:00:00,19181.204
2050-08-02 02:00:00,19463.634000000002
2050-08-02 03:00:00,20186.812
2050-08-02 04:00:00,19699.152000000002
2050-08-02 05:00:00,21572.016000000003
2050-08-02 06:00:00,24383.728000000003
2050-08-02 07:00:00,25678.344
2050-08-02 08:00:00,29827.936
2050-08-02 09:00:00,32244.953999999998
2050-08-02 10:00:00,36574.142
2050-08-02 11:00:00,40893.32000000001
2050-08-02 12:00:00,39273.074
2050-08-02 13:00:00,35537.466
2050-08-02 14:00:00,35580.136
2050-08-02 15:00:00,30672.896000000004
2050-08-02 16:00:00,27133.234000000004
2050-08-02 17:00:00,25508.826
2050-08-02 18:00:00,20949.726000000002
2050-08-02 19:00:00,16637.942000000003
2050-08-02 20:00:00,14813.476000000002
2050-08-02 21:00:00,14340.282000000001
2050-08-02 22:00:00,11797.178
2050-08-02 23:00:00,11663.762
2050-08-03 00:00:00,12066.784
2050-08-03 01:00:00,13223.707999999999
2050-08-03 02:00:00,14008.656
2050-08-03 03:00:00,14245.457999999999
2050-08-03 04:00:00,13172.726000000002
2050-08-03 05:00:00,13983.04
2050-08-03 06:00:00,18370.674
2050-08-03 07:00:00,25423.596
2050-08-03 08:00:00,34581.99600000001
2050-08-03 09:00:00,40654.022
2050-08-03 10:00:00,44286.294
2050-08-03 11:00:00,45991.186
2050-08-03 12:00:00,46199.902
2050-08-03 13:00:00,43230.82800000001
2050-08-03 14:00:00,39634.972
2050-08-03 15:00:00,38124.702000000005
2050-08-03 16:00:00,32595.870000000003
2050-08-03 17:00:00,24751.88
2050-08-03 18:00:00,20756.28
2050-08-03 19:00:00,17847.746
2050-08-03 20:00:00,15667.474
2050-08-03 21:00:00,14094.512
2050-08-03 22:00:00,13168.654000000002
2050-08-03 23:00:00,11905.004
2050-08-04 00:00:00,10504.508000000002
2050-08-04 01:00:00,9279.598
2050-08-04 02:00:00,8315.436
2050-08-04 03:00:00,8528.460000000001
2050-08-04 04:00:00,9849.866000000002
2050-08-04 05:00:00,12536.058
2050-08-04 06:00:00,17531.007999999998
2050-08-04 07:00:00,22330.634000000002
2050-08-04 08:00:00,27348.256
2050-08-04 09:00:00,32731.076
2050-08-04 10:00:00,36881.572
2050-08-04 11:00:00,41916.520000000004
2050-08-04 12:00:00,41048.854
2050-08-04 13:00:00,38102.718
2050-08-04 14:00:00,34320.306000000004
2050-08-04 15:00:00,34161.404
2050-08-04 16:00:00,30547.504
2050-08-04 17:00:00,27349.878000000004
2050-08-04 18:00:00,25426.842000000004
2050-08-04 19:00:00,24620.410000000003
2050-08-04 20:00:00,23670.264000000003
2050-08-04 21:00:00,20421.828
2050-08-04 22:00:00,15775.635999999999
2050-08-04 23:00:00,14907.14
2050-08-05 00:00:00,14000.016000000001
2050-08-05 01:00:00,13971.84
2050-08-05 02:00:00,14104.692000000003
2050-08-05 03:00:00,14267.556
2050-08-05 04:00:00,15014.566
2050-08-05 05:00:00,17395.788
2050-08-05 06:00:00,25017.824
2050-08-05 07:00:00,35856.99600000001
2050-08-05 08:00:00,43133.3
2050-08-05 09:00:00,44875.31
2050-08-05 10:00:00,46719.48
2050-08-05 11:00:00,47173.22
2050-08-05 12:00:00,45134.78
2050-08-05 13:00:00,41571.628000000004
2050-08-05 14:00:00,41218.542
2050-08-05 15:00:00,39591.89600000001
2050-08-05 16:00:00,34390.606
2050-08-05 17:00:00,27925.347999999998
2050-08-05 18:00:00,21579.572
2050-08-05 19:00:00,17672.952
2050-08-05 20:00:00,16075.842000000002
2050-08-05 21:00:00,15862.118
2050-08-05 22:00:00,14622.622000000001
2050-08-05 23:00:00,13163.776000000002
2050-08-06 00:00:00,12723.004
2050-08-06 01:00:00,12368.688000000002
2050-08-06 02:00:00,12199.068
2050-08-06 03:00:00,12800.14
2050-08-06 04:00:00,12809.488000000001
2050-08-06 05:00:00,15668.976000000002
2050-08-06 06:00:00,20707.954
2050-08-06 07:00:00,26964.600000000002
2050-08-06 08:00:00,32139.362
2050-08-06 09:00:00,34247.064000000006
2050-08-06 10:00:00,34033.882000000005
2050-08-06 11:00:00,37175.265999999996
2050-08-06 12:00:00,38121.13
2050-08-06 13:00:00,38108.888
2050-08-06 14:00:00,39577.902
2050-08-06 15:00:00,35802.48
2050-08-06 16:00:00,32179.028000000006
2050-08-06 17:00:00,28392.474000000002
2050-08-06 18:00:00,24156.546000000002
2050-08-06 19:00:00,22791.902000000002
2050-08-06 20:00:00,22524.206000000002
2050-08-06 21:00:00,22333.514000000003
2050-08-06 22:00:00,21220.934
2050-08-06 23:00:00,19408.72
2050-08-07 00:00:00,18831.966
2050-08-07 01:00:00,18428.572
2050-08-07 02:00:00,17857.264000000003
2050-08-07 03:00:00,17819.086
2050-08-07 04:00:00,19516.75
2050-08-07 05:00:00,22297.718
2050-08-07 06:00:00,24924.03
2050-08-07 07:00:00,25605.13
2050-08-07 08:00:00,31881.38
2050-08-07 09:00:00,37123.718
2050-08-07 10:00:00,40596.158
2050-08-07 11:00:00,42935.762
2050-08-07 12:00:00,39768.116
2050-08-07 13:00:00,37814.434
2050-08-07 14:00:00,36278.148
2050-08-07 15:00:00,34605.476
2050-08-07 16:00:00,35446.346000000005
2050-08-07 17:00:00,34162.626000000004
2050-08-07 18:00:00,31961.712
2050-08-07 19:00:00,29494.982000000004
2050-08-07 20:00:00,27979.036
2050-08-07 21:00:00,26102.158
2050-08-07 22:00:00,23266.488
2050-08-07 23:00:00,21058.118000000002
2050-08-08 00:00:00,20730.206000000002
2050-08-08 01:00:00,20366.774
2050-08-08 02:00:00,20387.320000000003
2050-08-08 03:00:00,20305.260000000002
2050-08-08 04:00:00,20462.050000000003
2050-08-08 05:00:00,20783.054000000004
2050-08-08 06:00:00,24185.758
2050-08-08 07:00:00,26513.404
2050-08-08 08:00:00,26136.356
2050-08-08 09:00:00,28020.318
2050-08-08 10:00:00,30829.524
2050-08-08 11:00:00,33455.568
2050-08-08 12:00:00,32373.998
2050-08-08 13:00:00,28908.95
2050-08-08 14:00:00,28457.93
2050-08-08 15:00:00,27707.270000000004
2050-08-08 16:00:00,30249.234000000004
2050-08-08 17:00:00,30203.542
2050-08-08 18:00:00,26433.726000000002
2050-08-08 19:00:00,23570.164000000004
2050-08-08 20:00:00,23160.322
2050-08-08 21:00:00,22927.160000000003
2050-08-08 22:00:00,22303.606
2050-08-08 23:00:00,21640.800000000003
2050-08-09 00:00:00,18998.384000000002
2050-08-09 01:00:00,18093.626
2050-08-09 02:00:00,17906.93
2050-08-09 03:00:00,17622.604000000003
2050-08-09 04:00:00,17369.170000000002
2050-08-09 05:00:00,17220.118
2050-08-09 06:00:00,15386.608
2050-08-09 07:00:00,20578.626000000004
2050-08-09 08:00:00,29593.162
2050-08-09 09:00:00,36122.212
2050-08-09 10:00:00,41062.422
2050-08-09 11:00:00,42979.67800000001
2050-08-09 12:00:00,45101.402
2050-08-09 13:00:00,41708.71
2050-08-09 14:00:00,38683.162000000004
2050-08-09 15:00:00,36338.524
2050-08-09 16:00:00,32054.276
2050-08-09 17:00:00,28762.971999999998
2050-08-09 18:00:00,22975.396
2050-08-09 19:00:00,18655.016
2050-08-09 20:00:00,18162.206000000002
2050-08-09 21:00:00,17187.638000000003
2050-08-09 22:00:00,16162.952
2050-08-09 23:00:00,13819.004
2050-08-10 00:00:00,12174.794000000002
2050-08-10 01:00:00,12021.648000000001
2050-08-10 02:00:00,11826.29
2050-08-10 03:00:00,11412.966
2050-08-10 04:00:00,11345.822
2050-08-10 05:00:00,11253.278
2050-08-10 06:00:00,15365.618
2050-08-10 07:00:00,21132.888000000003
2050-08-10 08:00:00,27613.43
2050-08-10 09:00:00,32380.5
2050-08-10 10:00:00,36433.884000000005
2050-08-10 11:00:00,36144.802
2050-08-10 12:00:00,36629.13
2050-08-10 13:00:00,35297.228
2050-08-10 14:00:00,33275.794
2050-08-10 15:00:00,31120.676000000003
2050-08-10 16:00:00,29435.846000000005
2050-08-10 17:00:00,27530.25
2050-08-10 18:00:00,23738.986
2050-08-10 19:00:00,21257.746
2050-08-10 20:00:00,20975.600000000002
2050-08-10 21:00:00,20759.862
2050-08-10 22:00:00,21167.874
2050-08-10 23:00:00,20927.428
2050-08-11 00:00:00,20907.65
2050-08-11 01:00:00,20755.938000000002
2050-08-11 02:00:00,20879.462
2050-08-11 03:00:00,20807.904000000002
2050-08-11 04:00:00,22162.576
2050-08-11 05:00:00,25095.596
2050-08-11 06:00:00,29481.73
2050-08-11 07:00:00,28799.982000000004
2050-08-11 08:00:00,30710.756
2050-08-11 09:00:00,35076.362
2050-08-11 10:00:00,39253.682
2050-08-11 11:00:00,40887.068
2050-08-11 12:00:00,40382.694
2050-08-11 13:00:00,39291.99600000001
2050-08-11 14:00:00,37974.23
2050-08-11 15:00:00,37964.258
2050-08-11 16:00:00,38186.778000000006
2050-08-11 17:00:00,33666.396
2050-08-11 18:00:00,29083.620000000003
2050-08-11 19:00:00,27468.874
2050-08-11 20:00:00,26628.362
2050-08-11 21:00:00,26025.078
2050-08-11 22:00:00,24736.672000000002
2050-08-11 23:00:00,24090.586
2050-08-12 00:00:00,24368.472
2050-08-12 01:00:00,23865.932
2050-08-12 02:00:00,23339.446
2050-08-12 03:00:00,23118.08
2050-08-12 04:00:00,22987.514000000003
2050-08-12 05:00:00,24878.094
2050-08-12 06:00:00,28169.624
2050-08-12 07:00:00,26909.088000000003
2050-08-12 08:00:00,27774.304
2050-08-12 09:00:00,30138.544
2050-08-12 10:00:00,33990.798
2050-08-12 11:00:00,38800.88
2050-08-12 12:00:00,41130.544
2050-08-12 13:00:00,40813.248
2050-08-12 14:00:00,39518.340000000004
2050-08-12 15:00:00,39614.93400000001
2050-08-12 16:00:00,38714.37
2050-08-12 17:00:00,32516.742
2050-08-12 18:00:00,27139.88
2050-08-12 19:00:00,25876.954
2050-08-12 20:00:00,26365.652000000002
2050-08-12 21:00:00,25349.04
2050-08-12 22:00:00,23723.612
2050-08-12 23:00:00,23184.732000000004
2050-08-13 00:00:00,22827.440000000002
2050-08-13 01:00:00,22554.38
2050-08-13 02:00:00,22212.322
2050-08-13 03:00:00,22760.256
2050-08-13 04:00:00,23298.356
2050-08-13 05:00:00,26350.842
2050-08-13 06:00:00,31082.78
2050-08-13 07:00:00,34164.554
2050-08-13 08:00:00,33774.634000000005
2050-08-13 09:00:00,35453.952000000005
2050-08-13 10:00:00,38407.572
2050-08-13 11:00:00,38965.566
2050-08-13 12:00:00,38634.104
2050-08-13 13:00:00,37138.99600000001
2050-08-13 14:00:00,35368.506
2050-08-13 15:00:00,35698.862
2050-08-13 16:00:00,33096.090000000004
2050-08-13 17:00:00,28529.124
2050-08-13 18:00:00,25233.73
2050-08-13 19:00:00,23984.252
2050-08-13 20:00:00,23725.196
2050-08-13 21:00:00,23601.034
2050-08-13 22:00:00,23589.28
2050-08-13 23:00:00,23855.09
2050-08-14 00:00:00,24197.184
2050-08-14 01:00:00,24421.016000000003
2050-08-14 02:00:00,24161.994000000002
2050-08-14 03:00:00,24894.406000000003
2050-08-14 04:00:00,24695.916
2050-08-14 05:00:00,25759.858
2050-08-14 06:00:00,28415.402000000002
2050-08-14 07:00:00,28398.186
2050-08-14 08:00:00,29980.492
2050-08-14 09:00:00,35513.904
2050-08-14 10:00:00,39202.592
2050-08-14 11:00:00,40557.082
2050-08-14 12:00:00,41325.66
2050-08-14 13:00:00,41728.89600000001
2050-08-14 14:00:00,42142.388000000006
2050-08-14 15:00:00,42974.82000000001
2050-08-14 16:00:00,41830.826
2050-08-14 17:00:00,36102.056000000004
2050-08-14 18:00:00,30242.048
2050-08-14 19:00:00,26590.874
2050-08-14 20:00:00,25458.09
2050-08-14 21:00:00,25065.534
2050-08-14 22:00:00,24187.074
2050-08-14 23:00:00,24903.072
2050-08-15 00:00:00,24667.06
2050-08-15 01:00:00,24289.98
2050-08-15 02:00:00,24020.716
2050-08-15 03:00:00,23958.404000000002
2050-08-15 04:00:00,24300.908
2050-08-15 05:00:00,26319.544
2050-08-15 06:00:00,30873.408000000003
2050-08-15 07:00:00,30259.808000000005
2050-08-15 08:00:00,31156.606
2050-08-15 09:00:00,35813.458000000006
2050-08-15 10:00:00,38759.446
2050-08-15 11:00:00,38855.896
2050-08-15 12:00:00,39698.114
2050-08-15 13:00:00,39286.306000000004
2050-08-15 14:00:00,39277.234000000004
2050-08-15 15:00:00,37566.456
2050-08-15 16:00:00,41335.736000000004
2050-08-15 17:00:00,35517.158
2050-08-15 18:00:00,28496.88
2050-08-15 19:00:00,25330.036
2050-08-15 20:00:00,25167.504
2050-08-15 21:00:00,25650.014000000003
2050-08-15 22:00:00,25453.614
2050-08-15 23:00:00,25412.14
2050-08-16 00:00:00,22990.256
2050-08-16 01:00:00,22377.09
2050-08-16 02:00:00,22528.414000000004
2050-08-16 03:00:00,22850.048000000003
2050-08-16 04:00:00,22630.426000000003
2050-08-16 05:00:00,21662.78
2050-08-16 06:00:00,20339.748000000003
2050-08-16 07:00:00,19780.09
2050-08-16 08:00:00,21796.308
2050-08-16 09:00:00,24549.832000000002
2050-08-16 10:00:00,27103.342
2050-08-16 11:00:00,31648.252000000004
2050-08-16 12:00:00,33204.356
2050-08-16 13:00:00,33366.146
2050-08-16 14:00:00,32380.520000000004
2050-08-16 15:00:00,31943.0
2050-08-16 16:00:00,30565.25
2050-08-16 17:00:00,30143.790000000005
2050-08-16 18:00:00,25600.346
2050-08-16 19:00:00,22541.178
2050-08-16 20:00:00,20577.772
2050-08-16 21:00:00,19288.77
2050-08-16 22:00:00,18736.856
2050-08-16 23:00:00,18336.246
2050-08-17 00:00:00,18563.654000000002
2050-08-17 01:00:00,18180.466
2050-08-17 02:00:00,18433.392000000003
2050-08-17 03:00:00,18482.3
2050-08-17 04:00:00,17695.964000000004
2050-08-17 05:00:00,17678.812
2050-08-17 06:00:00,16630.942000000003
2050-08-17 07:00:00,19071.676000000003
2050-08-17 08:00:00,22916.348
2050-08-17 09:00:00,22407.226000000002
2050-08-17 10:00:00,24566.432
2050-08-17 11:00:00,25854.786
2050-08-17 12:00:00,23246.972
2050-08-17 13:00:00,21496.956000000002
2050-08-17 14:00:00,20370.036
2050-08-17 15:00:00,21654.286
2050-08-17 16:00:00,27158.696000000004
2050-08-17 17:00:00,28418.268
2050-08-17 18:00:00,25815.23
2050-08-17 19:00:00,24678.308
2050-08-17 20:00:00,24198.234
2050-08-17 21:00:00,23903.082000000002
2050-08-17 22:00:00,23633.368000000002
2050-08-17 23:00:00,23116.244000000002
2050-08-18 00:00:00,22782.594
2050-08-18 01:00:00,22435.982000000004
2050-08-18 02:00:00,21681.868000000002
2050-08-18 03:00:00,21810.312
2050-08-18 04:00:00,22320.422000000002
2050-08-18 05:00:00,24036.13
2050-08-18 06:00:00,28387.582000000002
2050-08-18 07:00:00,30827.162
2050-08-18 08:00:00,30310.596000000005
2050-08-18 09:00:00,33268.28400000001
2050-08-18 10:00:00,34682.490000000005
2050-08-18 11:00:00,36965.194
2050-08-18 12:00:00,35583.438
2050-08-18 13:00:00,38327.871999999996
2050-08-18 14:00:00,39680.42600000001
2050-08-18 15:00:00,42183.73
2050-08-18 16:00:00,42031.868
2050-08-18 17:00:00,37642.712
2050-08-18 18:00:00,32197.572
2050-08-18 19:00:00,30034.082000000002
2050-08-18 20:00:00,28939.78
2050-08-18 21:00:00,28115.050000000003
2050-08-18 22:00:00,27409.988
2050-08-18 23:00:00,26666.944000000003
2050-08-19 00:00:00,25501.592000000004
2050-08-19 01:00:00,24548.244000000002
2050-08-19 02:00:00,23968.256
2050-08-19 03:00:00,24107.476000000002
2050-08-19 04:00:00,25138.014000000003
2050-08-19 05:00:00,28506.78
2050-08-19 06:00:00,34119.978
2050-08-19 07:00:00,35765.07
2050-08-19 08:00:00,36386.08
2050-08-19 09:00:00,41313.932
2050-08-19 10:00:00,44159.376000000004
2050-08-19 11:00:00,44524.29000000001
2050-08-19 12:00:00,46837.628000000004
2050-08-19 13:00:00,47729.14000000001
2050-08-19 14:00:00,46364.466
2050-08-19 15:00:00,46449.494000000006
2050-08-19 16:00:00,46529.394
2050-08-19 17:00:00,42181.224
2050-08-19 18:00:00,36610.908
2050-08-19 19:00:00,32744.908000000003
2050-08-19 20:00:00,32206.440000000002
2050-08-19 21:00:00,31682.682
2050-08-19 22:00:00,30492.602000000003
2050-08-19 23:00:00,29185.378000000004
2050-08-20 00:00:00,27448.847999999998
2050-08-20 01:00:00,26300.953999999998
2050-08-20 02:00:00,26135.796000000002
2050-08-20 03:00:00,26077.264000000003
2050-08-20 04:00:00,26882.115999999998
2050-08-20 05:00:00,28562.132
2050-08-20 06:00:00,32390.548
2050-08-20 07:00:00,32555.192
2050-08-20 08:00:00,33251.366
2050-08-20 09:00:00,35670.668
2050-08-20 10:00:00,41540.228
2050-08-20 11:00:00,44608.412000000004
2050-08-20 12:00:00,44647.472
2050-08-20 13:00:00,45027.0
2050-08-20 14:00:00,43875.634000000005
2050-08-20 15:00:00,44597.442
2050-08-20 16:00:00,44877.44
2050-08-20 17:00:00,42245.362
2050-08-20 18:00:00,36991.86
2050-08-20 19:00:00,33839.002
2050-08-20 20:00:00,32199.858000000004
2050-08-20 21:00:00,31674.732000000004
2050-08-20 22:00:00,30409.918
2050-08-20 23:00:00,29145.654
2050-08-21 00:00:00,28494.732000000004
2050-08-21 01:00:00,28481.432
2050-08-21 02:00:00,28452.226000000002
2050-08-21 03:00:00,28093.95
2050-08-21 04:00:00,28879.258
2050-08-21 05:00:00,30847.25
2050-08-21 06:00:00,36095.48
2050-08-21 07:00:00,38185.326
2050-08-21 08:00:00,44210.340000000004
2050-08-21 09:00:00,46096.876000000004
2050-08-21 10:00:00,51245.97
2050-08-21 11:00:00,51213.78200000001
2050-08-21 12:00:00,50926.718
2050-08-21 13:00:00,47828.528000000006
2050-08-21 14:00:00,45148.75200000001
2050-08-21 15:00:00,44164.87
2050-08-21 16:00:00,45670.564000000006
2050-08-21 17:00:00,41677.22
2050-08-21 18:00:00,35963.338
2050-08-21 19:00:00,32591.192
2050-08-21 20:00:00,30410.128000000004
2050-08-21 21:00:00,28980.426000000003
2050-08-21 22:00:00,27156.774
2050-08-21 23:00:00,25680.706000000002
2050-08-22 00:00:00,24742.416
2050-08-22 01:00:00,23999.454
2050-08-22 02:00:00,23760.33
2050-08-22 03:00:00,23367.72
2050-08-22 04:00:00,23852.924
2050-08-22 05:00:00,25149.628
2050-08-22 06:00:00,27980.76
2050-08-22 07:00:00,28839.51
2050-08-22 08:00:00,28983.326
2050-08-22 09:00:00,27627.88
2050-08-22 10:00:00,26278.016
2050-08-22 11:00:00,29132.748
2050-08-22 12:00:00,29093.559999999998
2050-08-22 13:00:00,28266.074
2050-08-22 14:00:00,27706.370000000003
2050-08-22 15:00:00,29341.474000000002
2050-08-22 16:00:00,31105.042
2050-08-22 17:00:00,29696.836
2050-08-22 18:00:00,26960.538
2050-08-22 19:00:00,25222.116
2050-08-22 20:00:00,25243.254
2050-08-22 21:00:00,25580.626000000004
2050-08-22 22:00:00,23786.978000000003
2050-08-22 23:00:00,19564.772
2050-08-23 00:00:00,17229.224
2050-08-23 01:00:00,15049.312
2050-08-23 02:00:00,15550.970000000001
2050-08-23 03:00:00,15337.432
2050-08-23 04:00:00,15347.356
2050-08-23 05:00:00,15961.612000000001
2050-08-23 06:00:00,18211.736
2050-08-23 07:00:00,22275.018
2050-08-23 08:00:00,26889.138000000003
2050-08-23 09:00:00,30801.632
2050-08-23 10:00:00,34162.326
2050-08-23 11:00:00,34853.804
2050-08-23 12:00:00,35952.552
2050-08-23 13:00:00,33406.71
2050-08-23 14:00:00,32107.544
2050-08-23 15:00:00,28676.800000000003
2050-08-23 16:00:00,29776.668
2050-08-23 17:00:00,27957.234000000004
2050-08-23 18:00:00,22100.756
2050-08-23 19:00:00,20027.036
2050-08-23 20:00:00,19461.760000000002
2050-08-23 21:00:00,18977.746
2050-08-23 22:00:00,19017.070000000003
2050-08-23 23:00:00,17395.426000000003
2050-08-24 00:00:00,15675.726000000002
2050-08-24 01:00:00,15603.772
2050-08-24 02:00:00,14718.764000000003
2050-08-24 03:00:00,14561.498000000001
2050-08-24 04:00:00,14254.572
2050-08-24 05:00:00,13782.894
2050-08-24 06:00:00,15626.278
2050-08-24 07:00:00,20202.222
2050-08-24 08:00:00,24368.928
2050-08-24 09:00:00,29024.756
2050-08-24 10:00:00,30517.018
2050-08-24 11:00:00,31795.014000000003
2050-08-24 12:00:00,29969.444000000003
2050-08-24 13:00:00,32607.632
2050-08-24 14:00:00,28781.65
2050-08-24 15:00:00,29343.498
2050-08-24 16:00:00,30165.888000000003
2050-08-24 17:00:00,28296.26
2050-08-24 18:00:00,24065.556
2050-08-24 19:00:00,22768.312
2050-08-24 20:00:00,22506.622000000003
2050-08-24 21:00:00,22318.294
2050-08-24 22:00:00,22039.556
2050-08-24 23:00:00,22140.998000000003
2050-08-25 00:00:00,22332.528000000002
2050-08-25 01:00:00,22525.138000000003
2050-08-25 02:00:00,22716.208
2050-08-25 03:00:00,22978.032000000003
2050-08-25 04:00:00,23408.172000000002
2050-08-25 05:00:00,25347.592000000004
2050-08-25 06:00:00,30093.642
2050-08-25 07:00:00,28711.33
2050-08-25 08:00:00,30573.858000000004
2050-08-25 09:00:00,34300.58
2050-08-25 10:00:00,37175.700000000004
2050-08-25 11:00:00,37697.132000000005
2050-08-25 12:00:00,37438.966
2050-08-25 13:00:00,36572.240000000005
2050-08-25 14:00:00,33334.68
2050-08-25 15:00:00,32180.45
2050-08-25 16:00:00,34969.15
2050-08-25 17:00:00,30283.347999999998
2050-08-25 18:00:00,26289.202000000005
2050-08-25 19:00:00,25553.326
2050-08-25 20:00:00,25495.364
2050-08-25 21:00:00,25740.236
2050-08-25 22:00:00,25871.136
2050-08-25 23:00:00,25919.282000000003
2050-08-26 00:00:00,26373.76
2050-08-26 01:00:00,26922.044
2050-08-26 02:00:00,27249.446000000004
2050-08-26 03:00:00,27830.165999999997
2050-08-26 04:00:00,27734.546000000002
2050-08-26 05:00:00,29081.202000000005
2050-08-26 06:00:00,34123.121999999996
2050-08-26 07:00:00,34234.168
2050-08-26 08:00:00,35328.164000000004
2050-08-26 09:00:00,39804.524000000005
2050-08-26 10:00:00,42967.006
2050-08-26 11:00:00,42739.048
2050-08-26 12:00:00,37863.506
2050-08-26 13:00:00,33780.29
2050-08-26 14:00:00,35030.778000000006
2050-08-26 15:00:00,40549.82800000001
2050-08-26 16:00:00,42539.188
2050-08-26 17:00:00,38571.642
2050-08-26 18:00:00,35255.064000000006
2050-08-26 19:00:00,32834.768000000004
2050-08-26 20:00:00,31325.46
2050-08-26 21:00:00,30171.45
2050-08-26 22:00:00,27798.090000000004
2050-08-26 23:00:00,27256.014000000003
2050-08-27 00:00:00,26692.912
2050-08-27 01:00:00,26526.792
2050-08-27 02:00:00,26913.872
2050-08-27 03:00:00,27807.120000000003
2050-08-27 04:00:00,28437.834000000003
2050-08-27 05:00:00,29496.192
2050-08-27 06:00:00,33984.56
2050-08-27 07:00:00,39629.638000000006
2050-08-27 08:00:00,41669.85800000001
2050-08-27 09:00:00,39836.100000000006
2050-08-27 10:00:00,41572.888000000006
2050-08-27 11:00:00,44756.402
2050-08-27 12:00:00,40960.162000000004
2050-08-27 13:00:00,35613.11
2050-08-27 14:00:00,36677.602000000006
2050-08-27 15:00:00,38945.694
2050-08-27 16:00:00,36219.04
2050-08-27 17:00:00,31532.028000000006
2050-08-27 18:00:00,27869.386
2050-08-27 19:00:00,26805.992
2050-08-27 20:00:00,26496.382
2050-08-27 21:00:00,26429.865999999998
2050-08-27 22:00:00,25388.016000000003
2050-08-27 23:00:00,25840.766000000003
2050-08-28 00:00:00,25313.838000000003
2050-08-28 01:00:00,25566.08
2050-08-28 02:00:00,25673.122000000003
2050-08-28 03:00:00,25832.334000000003
2050-08-28 04:00:00,25761.322
2050-08-28 05:00:00,26836.576
2050-08-28 06:00:00,29723.154
2050-08-28 07:00:00,32569.984000000004
2050-08-28 08:00:00,35875.51
2050-08-28 09:00:00,39364.736000000004
2050-08-28 10:00:00,44335.28200000001
2050-08-28 11:00:00,45196.352000000006
2050-08-28 12:00:00,42268.228
2050-08-28 13:00:00,39284.708000000006
2050-08-28 14:00:00,43424.03400000001
2050-08-28 15:00:00,44065.552
2050-08-28 16:00:00,42619.324
2050-08-28 17:00:00,38640.409999999996
2050-08-28 18:00:00,34172.298
2050-08-28 19:00:00,32300.942
2050-08-28 20:00:00,32915.146
2050-08-28 21:00:00,31484.43
2050-08-28 22:00:00,26301.771999999997
2050-08-28 23:00:00,22736.724000000002
2050-08-29 00:00:00,22090.496
2050-08-29 01:00:00,21896.458
2050-08-29 02:00:00,21235.296000000002
2050-08-29 03:00:00,22674.584000000003
2050-08-29 04:00:00,23694.232000000004
2050-08-29 05:00:00,25280.916
2050-08-29 06:00:00,30130.508
2050-08-29 07:00:00,35243.876000000004
2050-08-29 08:00:00,40052.228
2050-08-29 09:00:00,47286.846000000005
2050-08-29 10:00:00,48451.918000000005
2050-08-29 11:00:00,47348.99600000001
2050-08-29 12:00:00,41467.486000000004
2050-08-29 13:00:00,37995.898
2050-08-29 14:00:00,36279.552
2050-08-29 15:00:00,38636.81
2050-08-29 16:00:00,36967.98
2050-08-29 17:00:00,33986.744
2050-08-29 18:00:00,30909.702000000005
2050-08-29 19:00:00,28938.728000000003
2050-08-29 20:00:00,28619.296000000002
2050-08-29 21:00:00,26936.796000000002
2050-08-29 22:00:00,25594.760000000002
2050-08-29 23:00:00,22722.86
2050-08-30 00:00:00,22154.988
2050-08-30 01:00:00,20705.972
2050-08-30 02:00:00,20088.866
2050-08-30 03:00:00,19075.79
2050-08-30 04:00:00,18689.342
2050-08-30 05:00:00,19565.574
2050-08-30 06:00:00,24374.300000000003
2050-08-30 07:00:00,29428.504
2050-08-30 08:00:00,33068.664000000004
2050-08-30 09:00:00,38602.546
2050-08-30 10:00:00,38307.386
2050-08-30 11:00:00,40052.78200000001
2050-08-30 12:00:00,39980.602000000006
2050-08-30 13:00:00,38811.638
2050-08-30 14:00:00,38847.670000000006
2050-08-30 15:00:00,34277.818
2050-08-30 16:00:00,32904.706
2050-08-30 17:00:00,29644.0
2050-08-30 18:00:00,26235.146000000004
2050-08-30 19:00:00,25923.656000000003
2050-08-30 20:00:00,27077.574
2050-08-30 21:00:00,22953.072
2050-08-30 22:00:00,21936.564000000002
2050-08-30 23:00:00,20556.202
2050-08-31 00:00:00,21023.844
2050-08-31 01:00:00,21361.284
2050-08-31 02:00:00,21059.374
2050-08-31 03:00:00,20544.026
2050-08-31 04:00:00,19284.034
2050-08-31 05:00:00,18224.906
2050-08-31 06:00:00,17876.534
2050-08-31 07:00:00,19722.726000000002
2050-08-31 08:00:00,23461.022
2050-08-31 09:00:00,29311.176000000003
2050-08-31 10:00:00,31302.432
2050-08-31 11:00:00,30803.634000000005
2050-08-31 12:00:00,30271.847999999998
2050-08-31 13:00:00,27127.814000000002
2050-08-31 14:00:00,23556.688000000002
2050-08-31 15:00:00,23460.066000000003
2050-08-31 16:00:00,25614.316000000003
2050-08-31 17:00:00,23606.156000000003
2050-08-31 18:00:00,21588.864
2050-08-31 19:00:00,21544.014000000003
2050-08-31 20:00:00,21022.520000000004
2050-08-31 21:00:00,18395.620000000003
2050-08-31 22:00:00,13075.694000000001
2050-08-31 23:00:00,11499.624000000002
2050-09-01 00:00:00,11513.454
2050-09-01 01:00:00,11589.434000000001
2050-09-01 02:00:00,12396.202000000001
2050-09-01 03:00:00,13240.262
2050-09-01 04:00:00,16368.648000000001
2050-09-01 05:00:00,17593.194
2050-09-01 06:00:00,20392.286
2050-09-01 07:00:00,23859.024
2050-09-01 08:00:00,25487.832000000002
2050-09-01 09:00:00,31531.354
2050-09-01 10:00:00,36685.804
2050-09-01 11:00:00,42103.938
2050-09-01 12:00:00,46414.452000000005
2050-09-01 13:00:00,47128.82000000001
2050-09-01 14:00:00,43138.424
2050-09-01 15:00:00,42341.78
2050-09-01 16:00:00,38607.706
2050-09-01 17:00:00,31779.020000000004
2050-09-01 18:00:00,27392.47
2050-09-01 19:00:00,26001.070000000003
2050-09-01 20:00:00,26120.322
2050-09-01 21:00:00,24261.198000000004
2050-09-01 22:00:00,24960.354000000003
2050-09-01 23:00:00,22496.076
2050-09-02 00:00:00,22475.22
2050-09-02 01:00:00,22496.284
2050-09-02 02:00:00,22274.24
2050-09-02 03:00:00,24218.28
2050-09-02 04:00:00,27063.566
2050-09-02 05:00:00,28930.212
2050-09-02 06:00:00,33027.014
2050-09-02 07:00:00,35253.454
2050-09-02 08:00:00,39416.770000000004
2050-09-02 09:00:00,43658.68
2050-09-02 10:00:00,44300.568
2050-09-02 11:00:00,50563.196
2050-09-02 12:00:00,46109.312000000005
2050-09-02 13:00:00,45135.156
2050-09-02 14:00:00,41534.982
2050-09-02 15:00:00,39511.438
2050-09-02 16:00:00,38161.402
2050-09-02 17:00:00,33724.606
2050-09-02 18:00:00,30007.568
2050-09-02 19:00:00,30003.309999999998
2050-09-02 20:00:00,29647.936
2050-09-02 21:00:00,26316.050000000003
2050-09-02 22:00:00,22779.852
2050-09-02 23:00:00,21837.954
2050-09-03 00:00:00,21410.444000000003
2050-09-03 01:00:00,21968.366
2050-09-03 02:00:00,22395.946
2050-09-03 03:00:00,22663.418
2050-09-03 04:00:00,24462.190000000002
2050-09-03 05:00:00,25575.816000000003
2050-09-03 06:00:00,29224.128000000004
2050-09-03 07:00:00,31107.934000000005
2050-09-03 08:00:00,32181.488
2050-09-03 09:00:00,33528.304
2050-09-03 10:00:00,33211.265999999996
2050-09-03 11:00:00,36491.636
2050-09-03 12:00:00,35899.74600000001
2050-09-03 13:00:00,34702.990000000005
2050-09-03 14:00:00,36008.582
2050-09-03 15:00:00,34935.582
2050-09-03 16:00:00,34517.894
2050-09-03 17:00:00,30867.059999999998
2050-09-03 18:00:00,27533.746000000003
2050-09-03 19:00:00,25822.824
2050-09-03 20:00:00,24836.992000000002
2050-09-03 21:00:00,23495.764000000003
2050-09-03 22:00:00,22185.760000000002
2050-09-03 23:00:00,22710.934
2050-09-04 00:00:00,22360.642000000003
2050-09-04 01:00:00,21961.100000000002
2050-09-04 02:00:00,21460.24
2050-09-04 03:00:00,21916.218
2050-09-04 04:00:00,23929.632
2050-09-04 05:00:00,25474.542
2050-09-04 06:00:00,29995.426000000003
2050-09-04 07:00:00,34870.53400000001
2050-09-04 08:00:00,42099.642
2050-09-04 09:00:00,48179.58
2050-09-04 10:00:00,48726.082
2050-09-04 11:00:00,49840.522
2050-09-04 12:00:00,47997.06
2050-09-04 13:00:00,42566.294
2050-09-04 14:00:00,41882.51
2050-09-04 15:00:00,43407.61
2050-09-04 16:00:00,39723.12
2050-09-04 17:00:00,35169.228
2050-09-04 18:00:00,33264.004
2050-09-04 19:00:00,32953.982
2050-09-04 20:00:00,31046.309999999998
2050-09-04 21:00:00,30063.802000000003
2050-09-04 22:00:00,28773.726000000002
2050-09-04 23:00:00,27818.682
2050-09-05 00:00:00,25829.458
2050-09-05 01:00:00,24007.304000000004
2050-09-05 02:00:00,23304.998000000003
2050-09-05 03:00:00,23325.922000000002
2050-09-05 04:00:00,23831.620000000003
2050-09-05 05:00:00,24935.402000000002
2050-09-05 06:00:00,30128.082000000002
2050-09-05 07:00:00,36874.202000000005
2050-09-05 08:00:00,37609.216
2050-09-05 09:00:00,39160.158
2050-09-05 10:00:00,38778.234000000004
2050-09-05 11:00:00,39273.804
2050-09-05 12:00:00,41762.406
2050-09-05 13:00:00,38305.812
2050-09-05 14:00:00,36601.352000000006
2050-09-05 15:00:00,34012.412000000004
2050-09-05 16:00:00,34480.914000000004
2050-09-05 17:00:00,28151.520000000004
2050-09-05 18:00:00,22736.068
2050-09-05 19:00:00,21731.868000000002
2050-09-05 20:00:00,21230.520000000004
2050-09-05 21:00:00,21155.014000000003
2050-09-05 22:00:00,19565.600000000002
2050-09-05 23:00:00,18139.966
2050-09-06 00:00:00,17198.674
2050-09-06 01:00:00,17166.414
2050-09-06 02:00:00,17234.622
2050-09-06 03:00:00,16463.382
2050-09-06 04:00:00,16284.056
2050-09-06 05:00:00,16614.079999999998
2050-09-06 06:00:00,19156.722
2050-09-06 07:00:00,22398.936
2050-09-06 08:00:00,29050.774
2050-09-06 09:00:00,32056.144
2050-09-06 10:00:00,35758.252
2050-09-06 11:00:00,35310.306000000004
2050-09-06 12:00:00,33020.542
2050-09-06 13:00:00,29705.5
2050-09-06 14:00:00,26007.642000000003
2050-09-06 15:00:00,23574.996
2050-09-06 16:00:00,27119.698
2050-09-06 17:00:00,24737.11
2050-09-06 18:00:00,22979.056
2050-09-06 19:00:00,21885.350000000002
2050-09-06 20:00:00,18766.046
2050-09-06 21:00:00,16451.626
2050-09-06 22:00:00,13936.601999999999
2050-09-06 23:00:00,14038.154000000002
2050-09-07 00:00:00,13648.624
2050-09-07 01:00:00,13392.262
2050-09-07 02:00:00,13625.168
2050-09-07 03:00:00,14010.586
2050-09-07 04:00:00,14265.082000000002
2050-09-07 05:00:00,15027.776000000002
2050-09-07 06:00:00,20521.95
2050-09-07 07:00:00,28637.816
2050-09-07 08:00:00,35015.796
2050-09-07 09:00:00,42332.75200000001
2050-09-07 10:00:00,46969.704
2050-09-07 11:00:00,48769.33
2050-09-07 12:00:00,48102.55
2050-09-07 13:00:00,46454.170000000006
2050-09-07 14:00:00,42814.554000000004
2050-09-07 15:00:00,39395.366
2050-09-07 16:00:00,31974.25
2050-09-07 17:00:00,22727.252
2050-09-07 18:00:00,17007.466
2050-09-07 19:00:00,16089.496
2050-09-07 20:00:00,15785.635999999999
2050-09-07 21:00:00,13891.092000000002
2050-09-07 22:00:00,12255.622000000001
2050-09-07 23:00:00,11454.466
2050-09-08 00:00:00,11812.448
2050-09-08 01:00:00,11748.334
2050-09-08 02:00:00,12524.85
2050-09-08 03:00:00,14292.742000000002
2050-09-08 04:00:00,19457.466
2050-09-08 05:00:00,21377.23
2050-09-08 06:00:00,22944.992000000002
2050-09-08 07:00:00,25684.518
2050-09-08 08:00:00,24829.366
2050-09-08 09:00:00,27625.800000000003
2050-09-08 10:00:00,33141.906
2050-09-08 11:00:00,38106.398
2050-09-08 12:00:00,37004.102000000006
2050-09-08 13:00:00,37883.318
2050-09-08 14:00:00,37104.426
2050-09-08 15:00:00,33595.490000000005
2050-09-08 16:00:00,28368.724000000002
2050-09-08 17:00:00,22282.214000000004
2050-09-08 18:00:00,20157.940000000002
2050-09-08 19:00:00,20056.452
2050-09-08 20:00:00,19610.016
2050-09-08 21:00:00,19429.998000000003
2050-09-08 22:00:00,18599.044
2050-09-08 23:00:00,18522.862
2050-09-09 00:00:00,18655.402
2050-09-09 01:00:00,18569.412
2050-09-09 02:00:00,18657.172000000002
2050-09-09 03:00:00,18849.738
2050-09-09 04:00:00,19436.422000000002
2050-09-09 05:00:00,19239.18
2050-09-09 06:00:00,19941.748000000003
2050-09-09 07:00:00,20843.25
2050-09-09 08:00:00,21216.678
2050-09-09 09:00:00,21945.434
2050-09-09 10:00:00,22650.244000000002
2050-09-09 11:00:00,23697.406000000003
2050-09-09 12:00:00,25843.736
2050-09-09 13:00:00,30136.034000000003
2050-09-09 14:00:00,31668.078000000005
2050-09-09 15:00:00,31079.254
2050-09-09 16:00:00,28142.016
2050-09-09 17:00:00,23686.160000000003
2050-09-09 18:00:00,21201.142000000003
2050-09-09 19:00:00,21598.992000000002
2050-09-09 20:00:00,22078.324
2050-09-09 21:00:00,21534.748000000003
2050-09-09 22:00:00,20713.61
2050-09-09 23:00:00,19912.872000000003
2050-09-10 00:00:00,19753.48
2050-09-10 01:00:00,19919.012000000002
2050-09-10 02:00:00,19938.556
2050-09-10 03:00:00,21053.182
2050-09-10 04:00:00,21895.932
2050-09-10 05:00:00,22455.324
2050-09-10 06:00:00,26281.11
2050-09-10 07:00:00,30987.702000000005
2050-09-10 08:00:00,33875.522
2050-09-10 09:00:00,35629.226
2050-09-10 10:00:00,41253.122
2050-09-10 11:00:00,45376.726
2050-09-10 12:00:00,46045.942
2050-09-10 13:00:00,43917.524000000005
2050-09-10 14:00:00,39272.692
2050-09-10 15:00:00,34249.888
2050-09-10 16:00:00,30434.984000000004
2050-09-10 17:00:00,26677.376000000004
2050-09-10 18:00:00,25360.202
2050-09-10 19:00:00,25645.742000000002
2050-09-10 20:00:00,24154.994000000002
2050-09-10 21:00:00,21348.89
2050-09-10 22:00:00,19562.136
2050-09-10 23:00:00,18683.636
2050-09-11 00:00:00,18503.832000000002
2050-09-11 01:00:00,19630.434
2050-09-11 02:00:00,20398.562
2050-09-11 03:00:00,21152.73
2050-09-11 04:00:00,23283.598
2050-09-11 05:00:00,22394.286
2050-09-11 06:00:00,24118.552
2050-09-11 07:00:00,29150.378000000004
2050-09-11 08:00:00,34292.748
2050-09-11 09:00:00,42163.614
2050-09-11 10:00:00,38673.686
2050-09-11 11:00:00,36431.85
2050-09-11 12:00:00,38418.022
2050-09-11 13:00:00,34917.902
2050-09-11 14:00:00,34318.262
2050-09-11 15:00:00,33200.25
2050-09-11 16:00:00,33359.892
2050-09-11 17:00:00,28947.692
2050-09-11 18:00:00,24879.948000000004
2050-09-11 19:00:00,23585.556
2050-09-11 20:00:00,21030.088000000003
2050-09-11 21:00:00,20565.420000000002
2050-09-11 22:00:00,21253.694000000003
2050-09-11 23:00:00,19959.408
2050-09-12 00:00:00,20261.83
2050-09-12 01:00:00,20816.184
2050-09-12 02:00:00,20512.352
2050-09-12 03:00:00,21612.282000000003
2050-09-12 04:00:00,21638.084000000003
2050-09-12 05:00:00,22269.274
2050-09-12 06:00:00,27668.124
2050-09-12 07:00:00,36133.79
2050-09-12 08:00:00,41781.192
2050-09-12 09:00:00,45019.514
2050-09-12 10:00:00,42573.994000000006
2050-09-12 11:00:00,39329.288
2050-09-12 12:00:00,42432.39600000001
2050-09-12 13:00:00,43730.106
2050-09-12 14:00:00,42961.920000000006
2050-09-12 15:00:00,37845.328
2050-09-12 16:00:00,32833.69
2050-09-12 17:00:00,30817.344
2050-09-12 18:00:00,27570.918
2050-09-12 19:00:00,26074.760000000002
2050-09-12 20:00:00,26054.124
2050-09-12 21:00:00,21381.296000000002
2050-09-12 22:00:00,19314.95
2050-09-12 23:00:00,19911.108
2050-09-13 00:00:00,19888.522
2050-09-13 01:00:00,18630.536
2050-09-13 02:00:00,18289.554
2050-09-13 03:00:00,18532.510000000002
2050-09-13 04:00:00,18831.935999999998
2050-09-13 05:00:00,19733.14
2050-09-13 06:00:00,22320.368000000002
2050-09-13 07:00:00,29049.270000000004
2050-09-13 08:00:00,37136.56
2050-09-13 09:00:00,39980.706000000006
2050-09-13 10:00:00,41942.056000000004
2050-09-13 11:00:00,42653.808000000005
2050-09-13 12:00:00,39289.054
2050-09-13 13:00:00,36074.776000000005
2050-09-13 14:00:00,33405.222
2050-09-13 15:00:00,27872.776
2050-09-13 16:00:00,26510.564000000002
2050-09-13 17:00:00,24871.584000000003
2050-09-13 18:00:00,21878.104000000003
2050-09-13 19:00:00,20517.994000000002
2050-09-13 20:00:00,18219.426000000003
2050-09-13 21:00:00,17489.874
2050-09-13 22:00:00,16054.616000000002
2050-09-13 23:00:00,15901.560000000001
2050-09-14 00:00:00,16613.600000000002
2050-09-14 01:00:00,15971.146
2050-09-14 02:00:00,15808.542000000001
2050-09-14 03:00:00,14646.057999999999
2050-09-14 04:00:00,13603.220000000001
2050-09-14 05:00:00,13398.076000000001
2050-09-14 06:00:00,18219.274
2050-09-14 07:00:00,26310.11
2050-09-14 08:00:00,33609.916
2050-09-14 09:00:00,40757.888000000006
2050-09-14 10:00:00,45045.584
2050-09-14 11:00:00,42271.196
2050-09-14 12:00:00,40350.448000000004
2050-09-14 13:00:00,35588.07
2050-09-14 14:00:00,31793.47
2050-09-14 15:00:00,27635.658000000003
2050-09-14 16:00:00,23993.488
2050-09-14 17:00:00,22692.408
2050-09-14 18:00:00,23706.162
2050-09-14 19:00:00,24447.544
2050-09-14 20:00:00,21547.284
2050-09-14 21:00:00,21396.594
2050-09-14 22:00:00,20563.622000000003
2050-09-14 23:00:00,20884.214000000004
2050-09-15 00:00:00,20999.308
2050-09-15 01:00:00,21671.14
2050-09-15 02:00:00,22221.06
2050-09-15 03:00:00,22008.334000000003
2050-09-15 04:00:00,23646.254
2050-09-15 05:00:00,24193.694000000003
2050-09-15 06:00:00,28378.066
2050-09-15 07:00:00,35236.498
2050-09-15 08:00:00,38805.388
2050-09-15 09:00:00,38964.118
2050-09-15 10:00:00,40708.808000000005
2050-09-15 11:00:00,42059.92800000001
2050-09-15 12:00:00,41512.644
2050-09-15 13:00:00,41911.488000000005
2050-09-15 14:00:00,37593.08
2050-09-15 15:00:00,36185.988000000005
2050-09-15 16:00:00,32239.358000000004
2050-09-15 17:00:00,27119.670000000002
2050-09-15 18:00:00,25807.778000000002
2050-09-15 19:00:00,25370.08
2050-09-15 20:00:00,25144.5
2050-09-15 21:00:00,24984.838000000003
2050-09-15 22:00:00,24322.426000000003
2050-09-15 23:00:00,23247.066000000003
2050-09-16 00:00:00,22901.478000000003
2050-09-16 01:00:00,23527.862
2050-09-16 02:00:00,23482.73
2050-09-16 03:00:00,24610.178
2050-09-16 04:00:00,24585.982000000004
2050-09-16 05:00:00,24287.014000000003
2050-09-16 06:00:00,26318.03
2050-09-16 07:00:00,31334.672
2050-09-16 08:00:00,36049.234000000004
2050-09-16 09:00:00,41093.006
2050-09-16 10:00:00,38457.802
2050-09-16 11:00:00,39659.450000000004
2050-09-16 12:00:00,35692.564000000006
2050-09-16 13:00:00,33877.89000000001
2050-09-16 14:00:00,33438.004
2050-09-16 15:00:00,32437.61
2050-09-16 16:00:00,29203.597999999998
2050-09-16 17:00:00,25165.958
2050-09-16 18:00:00,22914.482000000004
2050-09-16 19:00:00,22234.078
2050-09-16 20:00:00,20400.028000000002
2050-09-16 21:00:00,17787.112
2050-09-16 22:00:00,16599.356
2050-09-16 23:00:00,15562.046
2050-09-17 00:00:00,14566.828000000001
2050-09-17 01:00:00,13710.888
2050-09-17 02:00:00,13571.532000000001
2050-09-17 03:00:00,15804.364000000001
2050-09-17 04:00:00,19193.18
2050-09-17 05:00:00,21137.210000000003
2050-09-17 06:00:00,22965.902000000002
2050-09-17 07:00:00,24386.134000000002
2050-09-17 08:00:00,23569.538
2050-09-17 09:00:00,26319.570000000003
2050-09-17 10:00:00,29983.038
2050-09-17 11:00:00,31307.884000000005
2050-09-17 12:00:00,31738.112
2050-09-17 13:00:00,30429.776
2050-09-17 14:00:00,29972.988
2050-09-17 15:00:00,32904.054
2050-09-17 16:00:00,33142.146
2050-09-17 17:00:00,32697.536
2050-09-17 18:00:00,31916.158000000003
2050-09-17 19:00:00,29563.620000000003
2050-09-17 20:00:00,26602.224000000002
2050-09-17 21:00:00,24812.146
2050-09-17 22:00:00,23893.424
2050-09-17 23:00:00,23277.022
2050-09-18 00:00:00,22822.216
2050-09-18 01:00:00,22639.65
2050-09-18 02:00:00,22003.272
2050-09-18 03:00:00,21826.042
2050-09-18 04:00:00,23155.710000000003
2050-09-18 05:00:00,24585.782000000003
2050-09-18 06:00:00,25015.68
2050-09-18 07:00:00,26213.382
2050-09-18 08:00:00,27706.721999999998
2050-09-18 09:00:00,29946.536
2050-09-18 10:00:00,32158.662
2050-09-18 11:00:00,31634.368000000002
2050-09-18 12:00:00,31482.484000000004
2050-09-18 13:00:00,32006.878000000004
2050-09-18 14:00:00,32393.888000000003
2050-09-18 15:00:00,32449.442
2050-09-18 16:00:00,35916.568
2050-09-18 17:00:00,35684.33
2050-09-18 18:00:00,33855.990000000005
2050-09-18 19:00:00,31488.22
2050-09-18 20:00:00,28260.444000000003
2050-09-18 21:00:00,24422.116
2050-09-18 22:00:00,22070.578
2050-09-18 23:00:00,20155.47
2050-09-19 00:00:00,19302.362
2050-09-19 01:00:00,18400.579999999998
2050-09-19 02:00:00,17943.434
2050-09-19 03:00:00,18863.422000000002
2050-09-19 04:00:00,21894.426000000003
2050-09-19 05:00:00,22517.272
2050-09-19 06:00:00,24641.764000000003
2050-09-19 07:00:00,27221.540000000005
2050-09-19 08:00:00,29943.556
2050-09-19 09:00:00,36693.256
2050-09-19 10:00:00,41553.122
2050-09-19 11:00:00,40470.582
2050-09-19 12:00:00,39536.806000000004
2050-09-19 13:00:00,39551.948000000004
2050-09-19 14:00:00,36407.976
2050-09-19 15:00:00,35429.062
2050-09-19 16:00:00,29119.952000000005
2050-09-19 17:00:00,21952.916
2050-09-19 18:00:00,21015.186
2050-09-19 19:00:00,21101.146
2050-09-19 20:00:00,19104.702
2050-09-19 21:00:00,16311.994
2050-09-19 22:00:00,15022.184000000001
2050-09-19 23:00:00,13192.235999999999
2050-09-20 00:00:00,12477.354
2050-09-20 01:00:00,11238.894
2050-09-20 02:00:00,11203.804
2050-09-20 03:00:00,11267.62
2050-09-20 04:00:00,11465.522
2050-09-20 05:00:00,11406.29
2050-09-20 06:00:00,12218.046000000002
2050-09-20 07:00:00,16003.73
2050-09-20 08:00:00,24080.834000000003
2050-09-20 09:00:00,30476.216
2050-09-20 10:00:00,27682.646000000004
2050-09-20 11:00:00,22354.036
2050-09-20 12:00:00,18283.636
2050-09-20 13:00:00,18514.55
2050-09-20 14:00:00,19365.36
2050-09-20 15:00:00,23667.99
2050-09-20 16:00:00,25813.58
2050-09-20 17:00:00,23760.988
2050-09-20 18:00:00,22832.160000000003
2050-09-20 19:00:00,22567.020000000004
2050-09-20 20:00:00,20093.136
2050-09-20 21:00:00,20060.968
2050-09-20 22:00:00,21460.094
2050-09-20 23:00:00,21659.242000000002
2050-09-21 00:00:00,23147.042
2050-09-21 01:00:00,23914.182
2050-09-21 02:00:00,24748.962
2050-09-21 03:00:00,24639.820000000003
2050-09-21 04:00:00,24194.046000000002
2050-09-21 05:00:00,23840.904000000002
2050-09-21 06:00:00,25938.684
2050-09-21 07:00:00,27196.436
2050-09-21 08:00:00,28970.056
2050-09-21 09:00:00,29821.296000000002
2050-09-21 10:00:00,28713.686
2050-09-21 11:00:00,28281.604
2050-09-21 12:00:00,28764.206000000002
2050-09-21 13:00:00,26746.294
2050-09-21 14:00:00,28477.782000000003
2050-09-21 15:00:00,31238.896000000004
2050-09-21 16:00:00,28925.836
2050-09-21 17:00:00,22228.742000000002
2050-09-21 18:00:00,20177.694000000003
2050-09-21 19:00:00,19041.546
2050-09-21 20:00:00,18825.766
2050-09-21 21:00:00,17282.524
2050-09-21 22:00:00,15519.44
2050-09-21 23:00:00,14922.678
2050-09-22 00:00:00,14483.318
2050-09-22 01:00:00,14465.923999999999
2050-09-22 02:00:00,14383.810000000001
2050-09-22 03:00:00,16890.958
2050-09-22 04:00:00,20661.148
2050-09-22 05:00:00,22106.064000000002
2050-09-22 06:00:00,24019.884000000002
2050-09-22 07:00:00,29549.862
2050-09-22 08:00:00,36515.338
2050-09-22 09:00:00,45020.258
2050-09-22 10:00:00,44415.096000000005
2050-09-22 11:00:00,48218.012
2050-09-22 12:00:00,48219.544
2050-09-22 13:00:00,46226.462
2050-09-22 14:00:00,42279.392
2050-09-22 15:00:00,38756.55
2050-09-22 16:00:00,36188.242
2050-09-22 17:00:00,28850.264000000003
2050-09-22 18:00:00,26713.596000000005
2050-09-22 19:00:00,25151.190000000002
2050-09-22 20:00:00,22852.872000000003
2050-09-22 21:00:00,21985.212
2050-09-22 22:00:00,20976.858
2050-09-22 23:00:00,20084.756
2050-09-23 00:00:00,19571.685999999998
2050-09-23 01:00:00,19862.940000000002
2050-09-23 02:00:00,19636.764000000003
2050-09-23 03:00:00,20148.412
2050-09-23 04:00:00,21762.218
2050-09-23 05:00:00,22174.432
2050-09-23 06:00:00,24866.36
2050-09-23 07:00:00,30534.690000000002
2050-09-23 08:00:00,35842.992
2050-09-23 09:00:00,39313.278000000006
2050-09-23 10:00:00,40270.056000000004
2050-09-23 11:00:00,39472.75
2050-09-23 12:00:00,36063.48
2050-09-23 13:00:00,38677.97
2050-09-23 14:00:00,41615.3
2050-09-23 15:00:00,39455.748
2050-09-23 16:00:00,36723.282
2050-09-23 17:00:00,31493.286
2050-09-23 18:00:00,28799.196000000004
2050-09-23 19:00:00,27755.464000000004
2050-09-23 20:00:00,27206.624
2050-09-23 21:00:00,23294.186
2050-09-23 22:00:00,20581.386
2050-09-23 23:00:00,18620.966
2050-09-24 00:00:00,18247.738
2050-09-24 01:00:00,18286.618
2050-09-24 02:00:00,18839.694
2050-09-24 03:00:00,19201.792
2050-09-24 04:00:00,22387.522
2050-09-24 05:00:00,24286.356
2050-09-24 06:00:00,29030.926000000003
2050-09-24 07:00:00,35392.112
2050-09-24 08:00:00,38867.316
2050-09-24 09:00:00,45084.794
2050-09-24 10:00:00,48023.242
2050-09-24 11:00:00,46439.674
2050-09-24 12:00:00,48278.508
2050-09-24 13:00:00,48804.41
2050-09-24 14:00:00,44193.614
2050-09-24 15:00:00,40625.520000000004
2050-09-24 16:00:00,36853.604
2050-09-24 17:00:00,29275.852000000003
2050-09-24 18:00:00,21882.996
2050-09-24 19:00:00,20634.414000000004
2050-09-24 20:00:00,18770.458
2050-09-24 21:00:00,19334.832000000002
2050-09-24 22:00:00,20009.136
2050-09-24 23:00:00,19691.694000000003
2050-09-25 00:00:00,20331.408
2050-09-25 01:00:00,20046.354000000003
2050-09-25 02:00:00,20700.194000000003
2050-09-25 03:00:00,22828.210000000003
2050-09-25 04:00:00,26471.154
2050-09-25 05:00:00,28788.340000000004
2050-09-25 06:00:00,31258.652000000002
2050-09-25 07:00:00,37797.476
2050-09-25 08:00:00,40437.468
2050-09-25 09:00:00,42869.124
2050-09-25 10:00:00,44746.636
2050-09-25 11:00:00,48720.04000000001
2050-09-25 12:00:00,48627.754
2050-09-25 13:00:00,44536.07000000001
2050-09-25 14:00:00,39882.420000000006
2050-09-25 15:00:00,35827.736
2050-09-25 16:00:00,30847.392
2050-09-25 17:00:00,27871.062
2050-09-25 18:00:00,21180.464000000004
2050-09-25 19:00:00,20370.558
2050-09-25 20:00:00,19849.78
2050-09-25 21:00:00,22532.370000000003
2050-09-25 22:00:00,20741.668
2050-09-25 23:00:00,19508.466
2050-09-26 00:00:00,20168.368000000002
2050-09-26 01:00:00,20729.372000000003
2050-09-26 02:00:00,20559.166
2050-09-26 03:00:00,22398.748000000003
2050-09-26 04:00:00,24521.510000000002
2050-09-26 05:00:00,26164.978000000003
2050-09-26 06:00:00,27240.756
2050-09-26 07:00:00,29999.552000000003
2050-09-26 08:00:00,32511.440000000002
2050-09-26 09:00:00,33629.488000000005
2050-09-26 10:00:00,36294.51
2050-09-26 11:00:00,35746.164000000004
2050-09-26 12:00:00,32932.78
2050-09-26 13:00:00,32148.914000000004
2050-09-26 14:00:00,33370.05
2050-09-26 15:00:00,30023.528000000006
2050-09-26 16:00:00,25988.29
2050-09-26 17:00:00,23358.656000000003
2050-09-26 18:00:00,22598.642000000003
2050-09-26 19:00:00,21516.912
2050-09-26 20:00:00,19864.846
2050-09-26 21:00:00,18356.95
2050-09-26 22:00:00,16028.258
2050-09-26 23:00:00,15398.006000000001
2050-09-27 00:00:00,15372.752
2050-09-27 01:00:00,15362.029999999999
2050-09-27 02:00:00,15930.792000000001
2050-09-27 03:00:00,16211.304000000002
2050-09-27 04:00:00,16836.832000000002
2050-09-27 05:00:00,17289.856
2050-09-27 06:00:00,18395.86
2050-09-27 07:00:00,21481.344
2050-09-27 08:00:00,23610.704
2050-09-27 09:00:00,25663.326
2050-09-27 10:00:00,27768.432
2050-09-27 11:00:00,28477.550000000003
2050-09-27 12:00:00,26035.266000000003
2050-09-27 13:00:00,24802.210000000003
2050-09-27 14:00:00,24887.816000000003
2050-09-27 15:00:00,26596.13
2050-09-27 16:00:00,23097.772
2050-09-27 17:00:00,21020.796000000002
2050-09-27 18:00:00,20666.642000000003
2050-09-27 19:00:00,20488.358
2050-09-27 20:00:00,20567.348
2050-09-27 21:00:00,20515.556
2050-09-27 22:00:00,19957.624
2050-09-27 23:00:00,19085.4
2050-09-28 00:00:00,17726.326
2050-09-28 01:00:00,17410.592
2050-09-28 02:00:00,17597.768
2050-09-28 03:00:00,17835.95
2050-09-28 04:00:00,18083.69
2050-09-28 05:00:00,18198.402
2050-09-28 06:00:00,20070.062
2050-09-28 07:00:00,24481.734
2050-09-28 08:00:00,27685.854
2050-09-28 09:00:00,31726.466
2050-09-28 10:00:00,35778.770000000004
2050-09-28 11:00:00,36756.020000000004
2050-09-28 12:00:00,33264.698
2050-09-28 13:00:00,30324.136
2050-09-28 14:00:00,26507.120000000003
2050-09-28 15:00:00,28547.046000000002
2050-09-28 16:00:00,24112.45
2050-09-28 17:00:00,20787.586
2050-09-28 18:00:00,20361.768
2050-09-28 19:00:00,20298.22
2050-09-28 20:00:00,20388.894
2050-09-28 21:00:00,19907.656000000003
2050-09-28 22:00:00,18732.798000000003
2050-09-28 23:00:00,18604.742000000002
2050-09-29 00:00:00,18631.578
2050-09-29 01:00:00,18678.604000000003
2050-09-29 02:00:00,19051.872
2050-09-29 03:00:00,19754.798000000003
2050-09-29 04:00:00,20722.346
2050-09-29 05:00:00,21778.094
2050-09-29 06:00:00,22849.016000000003
2050-09-29 07:00:00,26826.665999999997
2050-09-29 08:00:00,30761.834000000003
2050-09-29 09:00:00,32600.612
2050-09-29 10:00:00,35867.384000000005
2050-09-29 11:00:00,35358.388
2050-09-29 12:00:00,35853.08
2050-09-29 13:00:00,33610.844000000005
2050-09-29 14:00:00,34480.1
2050-09-29 15:00:00,31290.158000000003
2050-09-29 16:00:00,26258.028000000006
2050-09-29 17:00:00,23332.944000000003
2050-09-29 18:00:00,23242.378
2050-09-29 19:00:00,23064.578
2050-09-29 20:00:00,22654.648
2050-09-29 21:00:00,21931.172000000002
2050-09-29 22:00:00,20580.736
2050-09-29 23:00:00,20859.226000000002
2050-09-30 00:00:00,20732.618000000002
2050-09-30 01:00:00,20482.492000000002
2050-09-30 02:00:00,20755.032000000003
2050-09-30 03:00:00,20417.688000000002
2050-09-30 04:00:00,21774.372000000003
2050-09-30 05:00:00,22337.58
2050-09-30 06:00:00,23329.622000000003
2050-09-30 07:00:00,26735.898
2050-09-30 08:00:00,31175.392
2050-09-30 09:00:00,32225.054
2050-09-30 10:00:00,35535.342
2050-09-30 11:00:00,37887.42800000001
2050-09-30 12:00:00,37167.602000000006
2050-09-30 13:00:00,36172.882000000005
2050-09-30 14:00:00,36290.166
2050-09-30 15:00:00,32605.928000000004
2050-09-30 16:00:00,25121.416
2050-09-30 17:00:00,21774.770000000004
2050-09-30 18:00:00,21182.870000000003
2050-09-30 19:00:00,20828.164000000004
2050-09-30 20:00:00,20400.204
2050-09-30 21:00:00,19983.59
2050-09-30 22:00:00,20453.78
2050-09-30 23:00:00,20475.296000000002
2050-10-01 00:00:00,20013.68
2050-10-01 01:00:00,19858.408
2050-10-01 02:00:00,20569.352
2050-10-01 03:00:00,20861.59
2050-10-01 04:00:00,21786.078
2050-10-01 05:00:00,22784.050000000003
2050-10-01 06:00:00,23952.434
2050-10-01 07:00:00,29494.176000000003
2050-10-01 08:00:00,35821.340000000004
2050-10-01 09:00:00,37059.159999999996
2050-10-01 10:00:00,41039.494000000006
2050-10-01 11:00:00,43056.302
2050-10-01 12:00:00,41400.446
2050-10-01 13:00:00,38572.286
2050-10-01 14:00:00,36827.274
2050-10-01 15:00:00,32173.288
2050-10-01 16:00:00,25376.558
2050-10-01 17:00:00,22916.354000000003
2050-10-01 18:00:00,22786.364
2050-10-01 19:00:00,23256.428
2050-10-01 20:00:00,23144.248000000003
2050-10-01 21:00:00,21028.88
2050-10-01 22:00:00,20839.22
2050-10-01 23:00:00,20663.174
2050-10-02 00:00:00,19605.246
2050-10-02 01:00:00,18604.892000000003
2050-10-02 02:00:00,18464.654000000002
2050-10-02 03:00:00,20723.362
2050-10-02 04:00:00,23077.11
2050-10-02 05:00:00,23871.886
2050-10-02 06:00:00,26027.438000000002
2050-10-02 07:00:00,30495.816
2050-10-02 08:00:00,28693.344
2050-10-02 09:00:00,27431.362
2050-10-02 10:00:00,31600.102000000003
2050-10-02 11:00:00,35272.504
2050-10-02 12:00:00,37297.464
2050-10-02 13:00:00,35975.222
2050-10-02 14:00:00,33832.659999999996
2050-10-02 15:00:00,35646.708000000006
2050-10-02 16:00:00,29662.942
2050-10-02 17:00:00,27271.596000000005
2050-10-02 18:00:00,26491.014000000003
2050-10-02 19:00:00,24105.038
2050-10-02 20:00:00,18332.002
2050-10-02 21:00:00,17179.326
2050-10-02 22:00:00,17018.718
2050-10-02 23:00:00,16983.338
2050-10-03 00:00:00,16638.616
2050-10-03 01:00:00,16429.604000000003
2050-10-03 02:00:00,16250.138
2050-10-03 03:00:00,17301.518
2050-10-03 04:00:00,19273.808
2050-10-03 05:00:00,21232.374
2050-10-03 06:00:00,22140.986
2050-10-03 07:00:00,23822.348
2050-10-03 08:00:00,26879.922
2050-10-03 09:00:00,28800.988
2050-10-03 10:00:00,29913.800000000003
2050-10-03 11:00:00,31083.471999999998
2050-10-03 12:00:00,30149.744000000002
2050-10-03 13:00:00,28723.48
2050-10-03 14:00:00,28611.054
2050-10-03 15:00:00,28553.95
2050-10-03 16:00:00,27060.458000000002
2050-10-03 17:00:00,26206.222
2050-10-03 18:00:00,25757.198000000004
2050-10-03 19:00:00,26142.910000000003
2050-10-03 20:00:00,25382.154000000002
2050-10-03 21:00:00,25547.744000000002
2050-10-03 22:00:00,24740.84
2050-10-03 23:00:00,25236.45
2050-10-04 00:00:00,24878.612
2050-10-04 01:00:00,23415.488
2050-10-04 02:00:00,23213.086
2050-10-04 03:00:00,23512.298000000003
2050-10-04 04:00:00,23946.754
2050-10-04 05:00:00,24632.282000000003
2050-10-04 06:00:00,22558.886
2050-10-04 07:00:00,23182.974000000002
2050-10-04 08:00:00,27027.162
2050-10-04 09:00:00,32361.597999999998
2050-10-04 10:00:00,43254.21400000001
2050-10-04 11:00:00,46862.57800000001
2050-10-04 12:00:00,42224.484000000004
2050-10-04 13:00:00,38551.11
2050-10-04 14:00:00,33994.0
2050-10-04 15:00:00,28955.286
2050-10-04 16:00:00,26398.274
2050-10-04 17:00:00,26456.684000000005
2050-10-04 18:00:00,25464.960000000003
2050-10-04 19:00:00,25405.11
2050-10-04 20:00:00,25092.908
2050-10-04 21:00:00,25014.984
2050-10-04 22:00:00,24081.982000000004
2050-10-04 23:00:00,23032.422000000002
2050-10-05 00:00:00,22500.578
2050-10-05 01:00:00,21966.54
2050-10-05 02:00:00,21711.704
2050-10-05 03:00:00,21626.246
2050-10-05 04:00:00,21124.844
2050-10-05 05:00:00,21999.096
2050-10-05 06:00:00,23551.022
2050-10-05 07:00:00,26835.45
2050-10-05 08:00:00,31014.492
2050-10-05 09:00:00,33803.692
2050-10-05 10:00:00,32453.074
2050-10-05 11:00:00,32863.328
2050-10-05 12:00:00,33266.448
2050-10-05 13:00:00,33013.334
2050-10-05 14:00:00,30943.748
2050-10-05 15:00:00,30027.886
2050-10-05 16:00:00,27110.120000000003
2050-10-05 17:00:00,23565.578
2050-10-05 18:00:00,21560.08
2050-10-05 19:00:00,19520.814000000002
2050-10-05 20:00:00,18904.72
2050-10-05 21:00:00,17508.442000000003
2050-10-05 22:00:00,16728.116
2050-10-05 23:00:00,16268.982000000002
2050-10-06 00:00:00,15964.550000000001
2050-10-06 01:00:00,16116.638
2050-10-06 02:00:00,16423.802
2050-10-06 03:00:00,17175.776
2050-10-06 04:00:00,19929.402000000002
2050-10-06 05:00:00,23577.484
2050-10-06 06:00:00,24536.712
2050-10-06 07:00:00,25953.368000000002
2050-10-06 08:00:00,27776.165999999997
2050-10-06 09:00:00,30202.238
2050-10-06 10:00:00,30347.594
2050-10-06 11:00:00,30596.158000000003
2050-10-06 12:00:00,31690.798
2050-10-06 13:00:00,31213.456000000002
2050-10-06 14:00:00,30549.436
2050-10-06 15:00:00,30252.902000000002
2050-10-06 16:00:00,28073.338000000003
2050-10-06 17:00:00,25739.246
2050-10-06 18:00:00,24712.132
2050-10-06 19:00:00,23596.464000000004
2050-10-06 20:00:00,22860.142000000003
2050-10-06 21:00:00,21827.514000000003
2050-10-06 22:00:00,21750.25
2050-10-06 23:00:00,21691.174
2050-10-07 00:00:00,21470.210000000003
2050-10-07 01:00:00,21426.608
2050-10-07 02:00:00,22019.062
2050-10-07 03:00:00,22577.468
2050-10-07 04:00:00,23459.010000000002
2050-10-07 05:00:00,24529.988
2050-10-07 06:00:00,24846.54
2050-10-07 07:00:00,27603.896000000004
2050-10-07 08:00:00,31824.940000000002
2050-10-07 09:00:00,35732.434
2050-10-07 10:00:00,39187.8
2050-10-07 11:00:00,41305.036
2050-10-07 12:00:00,36526.226
2050-10-07 13:00:00,33604.232
2050-10-07 14:00:00,32334.006
2050-10-07 15:00:00,30915.618000000002
2050-10-07 16:00:00,28543.934000000005
2050-10-07 17:00:00,27637.508
2050-10-07 18:00:00,26085.044
2050-10-07 19:00:00,25008.36
2050-10-07 20:00:00,23411.510000000002
2050-10-07 21:00:00,21612.362
2050-10-07 22:00:00,20265.774
2050-10-07 23:00:00,19381.872
2050-10-08 00:00:00,19480.710000000003
2050-10-08 01:00:00,19290.606
2050-10-08 02:00:00,19818.06
2050-10-08 03:00:00,21376.33
2050-10-08 04:00:00,22622.228000000003
2050-10-08 05:00:00,23334.998000000003
2050-10-08 06:00:00,23900.398
2050-10-08 07:00:00,25187.696
2050-10-08 08:00:00,27271.288
2050-10-08 09:00:00,29190.834000000003
2050-10-08 10:00:00,30246.274
2050-10-08 11:00:00,31433.004
2050-10-08 12:00:00,31068.254
2050-10-08 13:00:00,28911.258
2050-10-08 14:00:00,27407.644
2050-10-08 15:00:00,26021.660000000003
2050-10-08 16:00:00,25080.972
2050-10-08 17:00:00,25367.732000000004
2050-10-08 18:00:00,25563.54
2050-10-08 19:00:00,24756.742000000002
2050-10-08 20:00:00,23647.014000000003
2050-10-08 21:00:00,21772.832000000002
2050-10-08 22:00:00,20204.542
2050-10-08 23:00:00,19660.238
2050-10-09 00:00:00,19287.226000000002
2050-10-09 01:00:00,19542.424
2050-10-09 02:00:00,19554.302
2050-10-09 03:00:00,19807.868000000002
2050-10-09 04:00:00,22540.572
2050-10-09 05:00:00,23511.936
2050-10-09 06:00:00,23956.552
2050-10-09 07:00:00,27486.140000000003
2050-10-09 08:00:00,33977.218
2050-10-09 09:00:00,35957.55
2050-10-09 10:00:00,36767.35
2050-10-09 11:00:00,36571.294
2050-10-09 12:00:00,33584.936
2050-10-09 13:00:00,31823.570000000003
2050-10-09 14:00:00,29947.426000000003
2050-10-09 15:00:00,30367.394
2050-10-09 16:00:00,26989.644
2050-10-09 17:00:00,25912.384000000002
2050-10-09 18:00:00,24911.302
2050-10-09 19:00:00,23464.976000000002
2050-10-09 20:00:00,21443.836
2050-10-09 21:00:00,20614.63
2050-10-09 22:00:00,19559.246
2050-10-09 23:00:00,18647.47
2050-10-10 00:00:00,17678.928
2050-10-10 01:00:00,17428.332000000002
2050-10-10 02:00:00,17394.474
2050-10-10 03:00:00,18268.794
2050-10-10 04:00:00,22287.020000000004
2050-10-10 05:00:00,23962.160000000003
2050-10-10 06:00:00,24835.546000000002
2050-10-10 07:00:00,28559.88
2050-10-10 08:00:00,32530.192
2050-10-10 09:00:00,32448.842
2050-10-10 10:00:00,33213.252
2050-10-10 11:00:00,30161.712
2050-10-10 12:00:00,29399.668
2050-10-10 13:00:00,27158.092
2050-10-10 14:00:00,26311.212
2050-10-10 15:00:00,26237.674
2050-10-10 16:00:00,24376.426000000003
2050-10-10 17:00:00,23571.958
2050-10-10 18:00:00,22434.796000000002
2050-10-10 19:00:00,22477.564000000002
2050-10-10 20:00:00,22269.416
2050-10-10 21:00:00,19264.958
2050-10-10 22:00:00,18410.974
2050-10-10 23:00:00,17885.868
2050-10-11 00:00:00,17383.242000000002
2050-10-11 01:00:00,16624.446
2050-10-11 02:00:00,15921.970000000001
2050-10-11 03:00:00,16513.076
2050-10-11 04:00:00,17591.210000000003
2050-10-11 05:00:00,18334.746
2050-10-11 06:00:00,18571.41
2050-10-11 07:00:00,19667.304000000004
2050-10-11 08:00:00,20951.93
2050-10-11 09:00:00,22538.920000000002
2050-10-11 10:00:00,23272.728000000003
2050-10-11 11:00:00,23124.102
2050-10-11 12:00:00,23402.770000000004
2050-10-11 13:00:00,23782.714000000004
2050-10-11 14:00:00,22052.108
2050-10-11 15:00:00,21793.968
2050-10-11 16:00:00,21381.600000000002
2050-10-11 17:00:00,20843.568
2050-10-11 18:00:00,20499.402000000002
2050-10-11 19:00:00,20386.512000000002
2050-10-11 20:00:00,20184.258
2050-10-11 21:00:00,18114.670000000002
2050-10-11 22:00:00,17367.920000000002
2050-10-11 23:00:00,16204.608
2050-10-12 00:00:00,15328.504
2050-10-12 01:00:00,15379.002
2050-10-12 02:00:00,15535.042000000001
2050-10-12 03:00:00,15801.818
2050-10-12 04:00:00,16087.160000000002
2050-10-12 05:00:00,16383.466
2050-10-12 06:00:00,17127.746
2050-10-12 07:00:00,19238.786
2050-10-12 08:00:00,23171.420000000002
2050-10-12 09:00:00,26145.634000000002
2050-10-12 10:00:00,24591.522
2050-10-12 11:00:00,22696.620000000003
2050-10-12 12:00:00,25548.402000000002
2050-10-12 13:00:00,26649.240000000005
2050-10-12 14:00:00,28390.51
2050-10-12 15:00:00,28226.106
2050-10-12 16:00:00,26807.174
2050-10-12 17:00:00,25934.762000000002
2050-10-12 18:00:00,25619.258
2050-10-12 19:00:00,25534.908
2050-10-12 20:00:00,25221.486
2050-10-12 21:00:00,24407.376000000004
2050-10-12 22:00:00,21480.608
2050-10-12 23:00:00,20536.59
2050-10-13 00:00:00,20361.034
2050-10-13 01:00:00,20409.322
2050-10-13 02:00:00,20585.578
2050-10-13 03:00:00,22513.620000000003
2050-10-13 04:00:00,25230.190000000002
2050-10-13 05:00:00,26496.662
2050-10-13 06:00:00,25835.520000000004
2050-10-13 07:00:00,26176.926000000003
2050-10-13 08:00:00,29012.78
2050-10-13 09:00:00,31214.018
2050-10-13 10:00:00,31813.112
2050-10-13 11:00:00,33051.442
2050-10-13 12:00:00,33672.871999999996
2050-10-13 13:00:00,32679.844
2050-10-13 14:00:00,33169.450000000004
2050-10-13 15:00:00,31440.490000000005
2050-10-13 16:00:00,27076.766
2050-10-13 17:00:00,25776.31
2050-10-13 18:00:00,25560.870000000003
2050-10-13 19:00:00,24998.156000000003
2050-10-13 20:00:00,24685.366
2050-10-13 21:00:00,24223.618000000002
2050-10-13 22:00:00,24443.694000000003
2050-10-13 23:00:00,24382.662
2050-10-14 00:00:00,24313.678
2050-10-14 01:00:00,24334.332000000002
2050-10-14 02:00:00,24492.302
2050-10-14 03:00:00,23963.718
2050-10-14 04:00:00,24678.784
2050-10-14 05:00:00,26033.268
2050-10-14 06:00:00,25278.784
2050-10-14 07:00:00,25194.884000000002
2050-10-14 08:00:00,27602.834000000003
2050-10-14 09:00:00,30656.286
2050-10-14 10:00:00,33893.698
2050-10-14 11:00:00,34242.688
2050-10-14 12:00:00,35825.432
2050-10-14 13:00:00,33428.526000000005
2050-10-14 14:00:00,33927.566
2050-10-14 15:00:00,33336.58
2050-10-14 16:00:00,30069.320000000003
2050-10-14 17:00:00,29389.376000000004
2050-10-14 18:00:00,28438.71
2050-10-14 19:00:00,27714.066
2050-10-14 20:00:00,27395.382
2050-10-14 21:00:00,26548.904
2050-10-14 22:00:00,26985.724000000002
2050-10-14 23:00:00,26573.008
2050-10-15 00:00:00,26387.51
2050-10-15 01:00:00,26315.721999999998
2050-10-15 02:00:00,26182.252
2050-10-15 03:00:00,26630.08
2050-10-15 04:00:00,27570.658000000003
2050-10-15 05:00:00,28195.992
2050-10-15 06:00:00,27919.521999999997
2050-10-15 07:00:00,27314.744000000002
2050-10-15 08:00:00,29193.640000000003
2050-10-15 09:00:00,31088.038
2050-10-15 10:00:00,32461.120000000003
2050-10-15 11:00:00,33682.01
2050-10-15 12:00:00,32948.456
2050-10-15 13:00:00,30919.298
2050-10-15 14:00:00,32031.216
2050-10-15 15:00:00,32608.076
2050-10-15 16:00:00,30958.78
2050-10-15 17:00:00,29801.528000000006
2050-10-15 18:00:00,29407.238
2050-10-15 19:00:00,28175.102000000003
2050-10-15 20:00:00,26617.662
2050-10-15 21:00:00,24188.902000000002
2050-10-15 22:00:00,22111.886
2050-10-15 23:00:00,21138.938000000002
2050-10-16 00:00:00,21594.868000000002
2050-10-16 01:00:00,21619.386
2050-10-16 02:00:00,21133.436
2050-10-16 03:00:00,22362.062
2050-10-16 04:00:00,24590.72
2050-10-16 05:00:00,27551.904
2050-10-16 06:00:00,27924.918
2050-10-16 07:00:00,29927.764000000003
2050-10-16 08:00:00,32906.11
2050-10-16 09:00:00,33539.606
2050-10-16 10:00:00,34011.938
2050-10-16 11:00:00,31894.976000000002
2050-10-16 12:00:00,31858.648
2050-10-16 13:00:00,32589.714000000004
2050-10-16 14:00:00,34186.298
2050-10-16 15:00:00,32837.238000000005
2050-10-16 16:00:00,29454.452000000005
2050-10-16 17:00:00,29003.368000000002
2050-10-16 18:00:00,28094.064000000002
2050-10-16 19:00:00,27503.124
2050-10-16 20:00:00,26749.142
2050-10-16 21:00:00,23936.408
2050-10-16 22:00:00,24220.688000000002
2050-10-16 23:00:00,24571.714000000004
2050-10-17 00:00:00,24097.646
2050-10-17 01:00:00,23742.204
2050-10-17 02:00:00,23302.288
2050-10-17 03:00:00,23902.974000000002
2050-10-17 04:00:00,26674.638000000003
2050-10-17 05:00:00,28780.664000000004
2050-10-17 06:00:00,29211.082000000002
2050-10-17 07:00:00,30809.088000000003
2050-10-17 08:00:00,31690.796000000002
2050-10-17 09:00:00,32459.076
2050-10-17 10:00:00,34838.08
2050-10-17 11:00:00,35726.22
2050-10-17 12:00:00,34470.502
2050-10-17 13:00:00,32164.262000000002
2050-10-17 14:00:00,30330.97
2050-10-17 15:00:00,31524.556
2050-10-17 16:00:00,28777.974000000002
2050-10-17 17:00:00,27547.078000000005
2050-10-17 18:00:00,26998.770000000004
2050-10-17 19:00:00,26135.742000000002
2050-10-17 20:00:00,25353.174
2050-10-17 21:00:00,23245.402000000002
2050-10-17 22:00:00,21879.168
2050-10-17 23:00:00,21042.260000000002
2050-10-18 00:00:00,20835.508
2050-10-18 01:00:00,20701.326
2050-10-18 02:00:00,20822.468
2050-10-18 03:00:00,20917.556
2050-10-18 04:00:00,21565.538
2050-10-18 05:00:00,22443.874
2050-10-18 06:00:00,23579.120000000003
2050-10-18 07:00:00,26649.156000000003
2050-10-18 08:00:00,27734.618000000002
2050-10-18 09:00:00,30590.01
2050-10-18 10:00:00,34623.188
2050-10-18 11:00:00,33390.616
2050-10-18 12:00:00,33137.028000000006
2050-10-18 13:00:00,29930.754
2050-10-18 14:00:00,29745.13
2050-10-18 15:00:00,30633.770000000004
2050-10-18 16:00:00,28164.588000000003
2050-10-18 17:00:00,27834.936
2050-10-18 18:00:00,29053.434000000005
2050-10-18 19:00:00,28316.864
2050-10-18 20:00:00,26566.665999999997
2050-10-18 21:00:00,24513.39
2050-10-18 22:00:00,20579.018
2050-10-18 23:00:00,18242.784
2050-10-19 00:00:00,16118.492000000002
2050-10-19 01:00:00,14554.43
2050-10-19 02:00:00,14366.116000000002
2050-10-19 03:00:00,15266.848000000002
2050-10-19 04:00:00,16516.4
2050-10-19 05:00:00,16795.802
2050-10-19 06:00:00,17184.478
2050-10-19 07:00:00,18879.75
2050-10-19 08:00:00,23384.484
2050-10-19 09:00:00,26120.434
2050-10-19 10:00:00,28716.640000000003
2050-10-19 11:00:00,31477.976000000002
2050-10-19 12:00:00,34906.334
2050-10-19 13:00:00,32931.8
2050-10-19 14:00:00,29633.95
2050-10-19 15:00:00,25360.986
2050-10-19 16:00:00,22260.08
2050-10-19 17:00:00,21621.194000000003
2050-10-19 18:00:00,21816.758
2050-10-19 19:00:00,21913.570000000003
2050-10-19 20:00:00,22356.234
2050-10-19 21:00:00,21767.438000000002
2050-10-19 22:00:00,21059.712
2050-10-19 23:00:00,21305.410000000003
2050-10-20 00:00:00,21369.336
2050-10-20 01:00:00,21345.936
2050-10-20 02:00:00,20832.84
2050-10-20 03:00:00,21241.528000000002
2050-10-20 04:00:00,22930.28
2050-10-20 05:00:00,24016.592000000004
2050-10-20 06:00:00,24302.262000000002
2050-10-20 07:00:00,25165.872000000003
2050-10-20 08:00:00,27799.202000000005
2050-10-20 09:00:00,31530.868000000002
2050-10-20 10:00:00,34864.78
2050-10-20 11:00:00,35608.242
2050-10-20 12:00:00,37558.472
2050-10-20 13:00:00,35783.674
2050-10-20 14:00:00,34347.012
2050-10-20 15:00:00,34305.108
2050-10-20 16:00:00,30330.076
2050-10-20 17:00:00,28403.72
2050-10-20 18:00:00,27196.016
2050-10-20 19:00:00,24548.120000000003
2050-10-20 20:00:00,22129.328
2050-10-20 21:00:00,21743.508
2050-10-20 22:00:00,21941.162
2050-10-20 23:00:00,22289.506
2050-10-21 00:00:00,22063.998000000003
2050-10-21 01:00:00,22064.904000000002
2050-10-21 02:00:00,22135.908
2050-10-21 03:00:00,24150.444000000003
2050-10-21 04:00:00,26516.665999999997
2050-10-21 05:00:00,28299.18
2050-10-21 06:00:00,28867.526
2050-10-21 07:00:00,28517.868000000002
2050-10-21 08:00:00,30186.548
2050-10-21 09:00:00,31437.902000000002
2050-10-21 10:00:00,34310.976
2050-10-21 11:00:00,35969.674
2050-10-21 12:00:00,37270.256
2050-10-21 13:00:00,35903.412000000004
2050-10-21 14:00:00,34494.442
2050-10-21 15:00:00,33259.336
2050-10-21 16:00:00,30470.684000000005
2050-10-21 17:00:00,30427.446000000004
2050-10-21 18:00:00,29997.344
2050-10-21 19:00:00,26669.238
2050-10-21 20:00:00,24116.786
2050-10-21 21:00:00,21712.156000000003
2050-10-21 22:00:00,20320.596
2050-10-21 23:00:00,19724.866
2050-10-22 00:00:00,19400.438000000002
2050-10-22 01:00:00,18509.748000000003
2050-10-22 02:00:00,17835.984
2050-10-22 03:00:00,18181.684
2050-10-22 04:00:00,21820.788
2050-10-22 05:00:00,25439.238
2050-10-22 06:00:00,26008.024
2050-10-22 07:00:00,27568.784000000003
2050-10-22 08:00:00,30522.252000000004
2050-10-22 09:00:00,34138.734000000004
2050-10-22 10:00:00,37363.724
2050-10-22 11:00:00,38321.396
2050-10-22 12:00:00,37284.296
2050-10-22 13:00:00,33208.726
2050-10-22 14:00:00,30709.271999999997
2050-10-22 15:00:00,28389.43
2050-10-22 16:00:00,24519.162
2050-10-22 17:00:00,23780.456000000002
2050-10-22 18:00:00,23647.258
2050-10-22 19:00:00,23784.218
2050-10-22 20:00:00,24297.246
2050-10-22 21:00:00,22301.686
2050-10-22 22:00:00,19041.266
2050-10-22 23:00:00,17472.912
2050-10-23 00:00:00,18408.346
2050-10-23 01:00:00,20725.332000000002
2050-10-23 02:00:00,23137.78
2050-10-23 03:00:00,24797.872000000003
2050-10-23 04:00:00,26198.186
2050-10-23 05:00:00,26874.486
2050-10-23 06:00:00,26157.95
2050-10-23 07:00:00,27536.824
2050-10-23 08:00:00,32194.626000000004
2050-10-23 09:00:00,34869.63
2050-10-23 10:00:00,36056.668
2050-10-23 11:00:00,32661.918
2050-10-23 12:00:00,27194.514000000003
2050-10-23 13:00:00,25110.092000000004
2050-10-23 14:00:00,26112.566000000003
2050-10-23 15:00:00,28617.816
2050-10-23 16:00:00,27920.072
2050-10-23 17:00:00,28404.88
2050-10-23 18:00:00,27387.444000000003
2050-10-23 19:00:00,26142.008
2050-10-23 20:00:00,24137.63
2050-10-23 21:00:00,25734.236
2050-10-23 22:00:00,23717.106
2050-10-23 23:00:00,23346.292
2050-10-24 00:00:00,23510.056
2050-10-24 01:00:00,23852.854000000003
2050-10-24 02:00:00,24493.626000000004
2050-10-24 03:00:00,24820.784
2050-10-24 04:00:00,25192.802
2050-10-24 05:00:00,26152.698000000004
2050-10-24 06:00:00,26574.36
2050-10-24 07:00:00,28033.404
2050-10-24 08:00:00,32969.450000000004
2050-10-24 09:00:00,36768.316
2050-10-24 10:00:00,39937.478
2050-10-24 11:00:00,39695.628000000004
2050-10-24 12:00:00,40494.648
2050-10-24 13:00:00,36548.922
2050-10-24 14:00:00,36905.098
2050-10-24 15:00:00,32163.446000000004
2050-10-24 16:00:00,27841.838000000003
2050-10-24 17:00:00,27337.664000000004
2050-10-24 18:00:00,26925.45
2050-10-24 19:00:00,26668.124
2050-10-24 20:00:00,26321.33
2050-10-24 21:00:00,26004.082000000002
2050-10-24 22:00:00,26004.102
2050-10-24 23:00:00,25701.776
2050-10-25 00:00:00,24915.0
2050-10-25 01:00:00,24937.482000000004
2050-10-25 02:00:00,25029.79
2050-10-25 03:00:00,25276.278000000002
2050-10-25 04:00:00,26385.5
2050-10-25 05:00:00,27084.212
2050-10-25 06:00:00,27097.208000000002
2050-10-25 07:00:00,27679.262000000002
2050-10-25 08:00:00,29527.512000000002
2050-10-25 09:00:00,30503.96
2050-10-25 10:00:00,30189.698
2050-10-25 11:00:00,31940.206000000002
2050-10-25 12:00:00,32487.242
2050-10-25 13:00:00,33687.78400000001
2050-10-25 14:00:00,31518.406000000003
2050-10-25 15:00:00,29652.196000000004
2050-10-25 16:00:00,26236.615999999998
2050-10-25 17:00:00,25066.148
2050-10-25 18:00:00,23710.362
2050-10-25 19:00:00,22139.736
2050-10-25 20:00:00,20983.59
2050-10-25 21:00:00,20421.736
2050-10-25 22:00:00,20882.020000000004
2050-10-25 23:00:00,20680.256
2050-10-26 00:00:00,11188.566
2050-10-26 01:00:00,23235.638000000003
2050-10-26 02:00:00,22916.08
2050-10-26 03:00:00,23971.374
2050-10-26 04:00:00,24887.870000000003
2050-10-26 05:00:00,25796.472
2050-10-26 06:00:00,26462.338000000003
2050-10-26 07:00:00,28994.252000000004
2050-10-26 08:00:00,32500.726000000002
2050-10-26 09:00:00,36022.292
2050-10-26 10:00:00,39616.142
2050-10-26 11:00:00,40669.520000000004
2050-10-26 12:00:00,42618.596000000005
2050-10-26 13:00:00,37324.864
2050-10-26 14:00:00,34815.64000000001
2050-10-26 15:00:00,30161.142
2050-10-26 16:00:00,27071.72
2050-10-26 17:00:00,25816.428
2050-10-26 18:00:00,24985.088000000003
2050-10-26 19:00:00,24557.370000000003
2050-10-26 20:00:00,23425.344
2050-10-26 21:00:00,23465.728000000003
2050-10-26 22:00:00,23517.838000000003
2050-10-26 23:00:00,23173.83
2050-10-27 00:00:00,23138.468
2050-10-27 01:00:00,21217.122000000003
2050-10-27 02:00:00,20605.322
2050-10-27 03:00:00,21298.818
2050-10-27 04:00:00,23376.494000000002
2050-10-27 05:00:00,25729.052
2050-10-27 06:00:00,26769.696000000004
2050-10-27 07:00:00,28299.290000000005
2050-10-27 08:00:00,30026.865999999998
2050-10-27 09:00:00,32425.615999999998
2050-10-27 10:00:00,34826.05
2050-10-27 11:00:00,36463.308000000005
2050-10-27 12:00:00,36685.706
2050-10-27 13:00:00,37088.488000000005
2050-10-27 14:00:00,35810.822
2050-10-27 15:00:00,33889.638
2050-10-27 16:00:00,30090.971999999998
2050-10-27 17:00:00,28247.070000000003
2050-10-27 18:00:00,27111.282000000003
2050-10-27 19:00:00,25455.660000000003
2050-10-27 20:00:00,23041.798000000003
2050-10-27 21:00:00,19928.586
2050-10-27 22:00:00,18285.078
2050-10-27 23:00:00,17638.056
2050-10-28 00:00:00,17266.600000000002
2050-10-28 01:00:00,17304.114
2050-10-28 02:00:00,18562.256
2050-10-28 03:00:00,20317.266000000003
2050-10-28 04:00:00,22570.75
2050-10-28 05:00:00,25362.97
2050-10-28 06:00:00,27451.888000000003
2050-10-28 07:00:00,28366.302000000003
2050-10-28 08:00:00,30979.856
2050-10-28 09:00:00,34075.714
2050-10-28 10:00:00,35871.270000000004
2050-10-28 11:00:00,38892.738000000005
2050-10-28 12:00:00,41182.21400000001
2050-10-28 13:00:00,39391.222
2050-10-28 14:00:00,34532.356
2050-10-28 15:00:00,30147.18
2050-10-28 16:00:00,28762.172
2050-10-28 17:00:00,27761.014000000003
2050-10-28 18:00:00,26953.934000000005
2050-10-28 19:00:00,25267.54
2050-10-28 20:00:00,23302.748000000003
2050-10-28 21:00:00,21482.61
2050-10-28 22:00:00,20161.048000000003
2050-10-28 23:00:00,19676.684
2050-10-29 00:00:00,18756.848
2050-10-29 01:00:00,18213.216
2050-10-29 02:00:00,18751.710000000003
2050-10-29 03:00:00,19266.656
2050-10-29 04:00:00,21403.476000000002
2050-10-29 05:00:00,23779.166
2050-10-29 06:00:00,27108.464000000004
2050-10-29 07:00:00,29297.828000000005
2050-10-29 08:00:00,31798.208000000002
2050-10-29 09:00:00,34156.67800000001
2050-10-29 10:00:00,36946.796
2050-10-29 11:00:00,37792.406
2050-10-29 12:00:00,36119.844000000005
2050-10-29 13:00:00,34241.602000000006
2050-10-29 14:00:00,31544.870000000003
2050-10-29 15:00:00,29589.584000000003
2050-10-29 16:00:00,29044.484000000004
2050-10-29 17:00:00,28475.976000000002
2050-10-29 18:00:00,27193.712
2050-10-29 19:00:00,25378.474000000002
2050-10-29 20:00:00,23933.65
2050-10-29 21:00:00,20664.638000000003
2050-10-29 22:00:00,18998.8
2050-10-29 23:00:00,17632.918
2050-10-30 00:00:00,18390.100000000002
2050-10-30 01:00:00,21492.362
2050-10-30 02:00:00,22147.994000000002
2050-10-30 03:00:00,22314.392000000003
2050-10-30 04:00:00,22234.934
2050-10-30 05:00:00,22971.112
2050-10-30 06:00:00,25033.354000000003
2050-10-30 07:00:00,27563.224000000002
2050-10-30 08:00:00,34162.078
2050-10-30 09:00:00,37948.198
2050-10-30 10:00:00,39186.294
2050-10-30 11:00:00,40349.558000000005
2050-10-30 12:00:00,38212.124
2050-10-30 13:00:00,36558.794
2050-10-30 14:00:00,35330.13
2050-10-30 15:00:00,28655.806
2050-10-30 16:00:00,26397.870000000003
2050-10-30 17:00:00,26526.742
2050-10-30 18:00:00,26081.888000000003
2050-10-30 19:00:00,25263.918
2050-10-30 20:00:00,24825.474000000002
2050-10-30 21:00:00,22550.818
2050-10-30 22:00:00,19306.586
2050-10-30 23:00:00,18080.714000000004
2050-10-31 00:00:00,18311.784
2050-10-31 01:00:00,18819.922000000002
2050-10-31 02:00:00,19377.320000000003
2050-10-31 03:00:00,20465.712
2050-10-31 04:00:00,22244.358
2050-10-31 05:00:00,23595.940000000002
2050-10-31 06:00:00,24762.526
2050-10-31 07:00:00,24873.958
2050-10-31 08:00:00,26666.176000000003
2050-10-31 09:00:00,30078.026
2050-10-31 10:00:00,31145.953999999998
2050-10-31 11:00:00,31942.538
2050-10-31 12:00:00,34166.474
2050-10-31 13:00:00,33466.200000000004
2050-10-31 14:00:00,30808.658000000003
2050-10-31 15:00:00,28542.71
2050-10-31 16:00:00,28332.33
2050-10-31 17:00:00,28120.868000000002
2050-10-31 18:00:00,26693.512000000002
2050-10-31 19:00:00,25032.48
2050-10-31 20:00:00,23061.302
2050-10-31 21:00:00,21905.514000000003
2050-10-31 22:00:00,21578.112
2050-10-31 23:00:00,20654.492000000002
2050-11-01 00:00:00,20130.934
2050-11-01 01:00:00,20306.858
2050-11-01 02:00:00,21049.186
2050-11-01 03:00:00,22085.718
2050-11-01 04:00:00,22597.718
2050-11-01 05:00:00,21701.554000000004
2050-11-01 06:00:00,22627.854000000003
2050-11-01 07:00:00,23625.438000000002
2050-11-01 08:00:00,24629.882
2050-11-01 09:00:00,25403.116
2050-11-01 10:00:00,25716.64
2050-11-01 11:00:00,25985.638000000003
2050-11-01 12:00:00,24994.670000000002
2050-11-01 13:00:00,24460.79
2050-11-01 14:00:00,27067.915999999997
2050-11-01 15:00:00,28630.196000000004
2050-11-01 16:00:00,25819.518
2050-11-01 17:00:00,25922.760000000002
2050-11-01 18:00:00,24476.802
2050-11-01 19:00:00,23268.14
2050-11-01 20:00:00,22576.946
2050-11-01 21:00:00,21228.022
2050-11-01 22:00:00,20739.918
2050-11-01 23:00:00,20665.402000000002
2050-11-02 00:00:00,20383.320000000003
2050-11-02 01:00:00,21061.806
2050-11-02 02:00:00,20818.844
2050-11-02 03:00:00,19824.842000000004
2050-11-02 04:00:00,17899.374
2050-11-02 05:00:00,17336.838
2050-11-02 06:00:00,17596.992000000002
2050-11-02 07:00:00,18875.788
2050-11-02 08:00:00,23847.170000000002
2050-11-02 09:00:00,27378.504
2050-11-02 10:00:00,35584.278000000006
2050-11-02 11:00:00,39804.53400000001
2050-11-02 12:00:00,39063.326
2050-11-02 13:00:00,35308.326
2050-11-02 14:00:00,33091.574
2050-11-02 15:00:00,32245.982000000004
2050-11-02 16:00:00,30985.292
2050-11-02 17:00:00,32065.990000000005
2050-11-02 18:00:00,31784.72
2050-11-02 19:00:00,30218.226000000002
2050-11-02 20:00:00,25125.796000000002
2050-11-02 21:00:00,21572.796000000002
2050-11-02 22:00:00,18507.376
2050-11-02 23:00:00,15165.944000000001
2050-11-03 00:00:00,14479.744
2050-11-03 01:00:00,15241.916000000001
2050-11-03 02:00:00,17217.458
2050-11-03 03:00:00,18963.264000000003
2050-11-03 04:00:00,21048.420000000002
2050-11-03 05:00:00,24082.654000000002
2050-11-03 06:00:00,27413.504
2050-11-03 07:00:00,29944.724000000002
2050-11-03 08:00:00,33701.474
2050-11-03 09:00:00,33130.146
2050-11-03 10:00:00,34341.244
2050-11-03 11:00:00,34786.134000000005
2050-11-03 12:00:00,34381.362
2050-11-03 13:00:00,34222.666
2050-11-03 14:00:00,33443.948
2050-11-03 15:00:00,32787.598
2050-11-03 16:00:00,32927.556000000004
2050-11-03 17:00:00,32335.308000000005
2050-11-03 18:00:00,31080.686
2050-11-03 19:00:00,29643.43
2050-11-03 20:00:00,28420.544
2050-11-03 21:00:00,27821.586
2050-11-03 22:00:00,26841.86
2050-11-03 23:00:00,25864.488
2050-11-04 00:00:00,25816.248000000003
2050-11-04 01:00:00,25248.574
2050-11-04 02:00:00,24638.256
2050-11-04 03:00:00,23587.370000000003
2050-11-04 04:00:00,23101.092000000004
2050-11-04 05:00:00,24165.260000000002
2050-11-04 06:00:00,25851.786
2050-11-04 07:00:00,27405.396000000004
2050-11-04 08:00:00,29870.738
2050-11-04 09:00:00,33654.154
2050-11-04 10:00:00,38383.344000000005
2050-11-04 11:00:00,41880.192
2050-11-04 12:00:00,41318.25
2050-11-04 13:00:00,38896.988000000005
2050-11-04 14:00:00,33039.456
2050-11-04 15:00:00,29667.172
2050-11-04 16:00:00,28497.612
2050-11-04 17:00:00,29058.018
2050-11-04 18:00:00,28658.48
2050-11-04 19:00:00,26181.382
2050-11-04 20:00:00,24196.514000000003
2050-11-04 21:00:00,23208.924
2050-11-04 22:00:00,21605.988
2050-11-04 23:00:00,20575.0
2050-11-05 00:00:00,19695.288
2050-11-05 01:00:00,19543.354000000003
2050-11-05 02:00:00,18694.146
2050-11-05 03:00:00,18367.384000000002
2050-11-05 04:00:00,18741.174
2050-11-05 05:00:00,20273.284
2050-11-05 06:00:00,22414.04
2050-11-05 07:00:00,23455.010000000002
2050-11-05 08:00:00,25793.904000000002
2050-11-05 09:00:00,29462.946000000004
2050-11-05 10:00:00,31072.138000000003
2050-11-05 11:00:00,34619.642
2050-11-05 12:00:00,35015.268000000004
2050-11-05 13:00:00,36614.288
2050-11-05 14:00:00,34181.614
2050-11-05 15:00:00,29580.590000000004
2050-11-05 16:00:00,29926.466
2050-11-05 17:00:00,31766.026
2050-11-05 18:00:00,30825.218
2050-11-05 19:00:00,27692.320000000003
2050-11-05 20:00:00,23190.350000000002
2050-11-05 21:00:00,20162.246
2050-11-05 22:00:00,17794.744000000002
2050-11-05 23:00:00,16756.29
2050-11-06 00:00:00,16332.385999999999
2050-11-06 01:00:00,15140.734
2050-11-06 02:00:00,15355.642000000002
2050-11-06 03:00:00,16465.404000000002
2050-11-06 04:00:00,18810.014000000003
2050-11-06 05:00:00,23700.314000000002
2050-11-06 06:00:00,25426.618000000002
2050-11-06 07:00:00,26330.622
2050-11-06 08:00:00,30487.402000000002
2050-11-06 09:00:00,33804.462
2050-11-06 10:00:00,35982.698
2050-11-06 11:00:00,34392.514
2050-11-06 12:00:00,36028.674
2050-11-06 13:00:00,34743.378000000004
2050-11-06 14:00:00,31431.424
2050-11-06 15:00:00,27782.592
2050-11-06 16:00:00,27508.612
2050-11-06 17:00:00,29287.836
2050-11-06 18:00:00,29771.236
2050-11-06 19:00:00,29268.478000000003
2050-11-06 20:00:00,27921.953999999998
2050-11-06 21:00:00,27186.070000000003
2050-11-06 22:00:00,24155.786
2050-11-06 23:00:00,22015.738
2050-11-07 00:00:00,19913.406000000003
2050-11-07 01:00:00,19814.550000000003
2050-11-07 02:00:00,19540.644
2050-11-07 03:00:00,19895.862
2050-11-07 04:00:00,22504.128
2050-11-07 05:00:00,26071.066000000003
2050-11-07 06:00:00,26565.052000000003
2050-11-07 07:00:00,27306.826
2050-11-07 08:00:00,30735.0
2050-11-07 09:00:00,35211.126000000004
2050-11-07 10:00:00,38180.544
2050-11-07 11:00:00,38409.906
2050-11-07 12:00:00,38573.644
2050-11-07 13:00:00,38268.564000000006
2050-11-07 14:00:00,35216.81
2050-11-07 15:00:00,30223.536
2050-11-07 16:00:00,29072.370000000003
2050-11-07 17:00:00,30394.520000000004
2050-11-07 18:00:00,30277.952000000005
2050-11-07 19:00:00,29054.584000000003
2050-11-07 20:00:00,28511.112
2050-11-07 21:00:00,27796.654
2050-11-07 22:00:00,26938.102000000003
2050-11-07 23:00:00,25357.29
2050-11-08 00:00:00,24589.34
2050-11-08 01:00:00,24196.898
2050-11-08 02:00:00,23060.782000000003
2050-11-08 03:00:00,22563.006
2050-11-08 04:00:00,23220.544
2050-11-08 05:00:00,24579.086
2050-11-08 06:00:00,25635.004
2050-11-08 07:00:00,26650.424
2050-11-08 08:00:00,30335.302000000003
2050-11-08 09:00:00,33671.808000000005
2050-11-08 10:00:00,34963.51
2050-11-08 11:00:00,36991.402
2050-11-08 12:00:00,35519.596000000005
2050-11-08 13:00:00,33928.14000000001
2050-11-08 14:00:00,31512.414000000004
2050-11-08 15:00:00,28046.206000000002
2050-11-08 16:00:00,27682.9
2050-11-08 17:00:00,27516.471999999998
2050-11-08 18:00:00,27459.424
2050-11-08 19:00:00,26655.858000000004
2050-11-08 20:00:00,26214.578000000005
2050-11-08 21:00:00,25069.226000000002
2050-11-08 22:00:00,24070.248000000003
2050-11-08 23:00:00,24882.616
2050-11-09 00:00:00,24031.78
2050-11-09 01:00:00,22204.846
2050-11-09 02:00:00,20730.170000000002
2050-11-09 03:00:00,20219.350000000002
2050-11-09 04:00:00,20714.774
2050-11-09 05:00:00,21789.164000000004
2050-11-09 06:00:00,23671.992000000002
2050-11-09 07:00:00,24885.352
2050-11-09 08:00:00,27476.836
2050-11-09 09:00:00,32025.256
2050-11-09 10:00:00,36486.242
2050-11-09 11:00:00,39878.912000000004
2050-11-09 12:00:00,37688.448
2050-11-09 13:00:00,38397.502
2050-11-09 14:00:00,37369.172
2050-11-09 15:00:00,31688.636
2050-11-09 16:00:00,29098.600000000002
2050-11-09 17:00:00,29040.4
2050-11-09 18:00:00,29315.082000000002
2050-11-09 19:00:00,29478.482000000004
2050-11-09 20:00:00,29776.370000000003
2050-11-09 21:00:00,29120.638000000003
2050-11-09 22:00:00,28027.764000000003
2050-11-09 23:00:00,24969.696
2050-11-10 00:00:00,23826.034
2050-11-10 01:00:00,23905.358
2050-11-10 02:00:00,24008.784
2050-11-10 03:00:00,25267.332000000002
2050-11-10 04:00:00,27413.58
2050-11-10 05:00:00,31636.876000000004
2050-11-10 06:00:00,34890.918
2050-11-10 07:00:00,36076.732
2050-11-10 08:00:00,38368.728
2050-11-10 09:00:00,39846.096000000005
2050-11-10 10:00:00,41660.18400000001
2050-11-10 11:00:00,43614.076
2050-11-10 12:00:00,44610.236000000004
2050-11-10 13:00:00,44435.296
2050-11-10 14:00:00,41529.182
2050-11-10 15:00:00,38449.196
2050-11-10 16:00:00,38972.084
2050-11-10 17:00:00,39062.218
2050-11-10 18:00:00,38525.124
2050-11-10 19:00:00,34599.121999999996
2050-11-10 20:00:00,30728.196000000004
2050-11-10 21:00:00,28511.002000000004
2050-11-10 22:00:00,25949.082000000002
2050-11-10 23:00:00,24203.526
2050-11-11 00:00:00,24562.58
2050-11-11 01:00:00,24290.096
2050-11-11 02:00:00,23948.394
2050-11-11 03:00:00,23592.698000000004
2050-11-11 04:00:00,23132.144
2050-11-11 05:00:00,24452.102
2050-11-11 06:00:00,27172.070000000003
2050-11-11 07:00:00,28060.312
2050-11-11 08:00:00,31617.578000000005
2050-11-11 09:00:00,35932.542
2050-11-11 10:00:00,38666.348
2050-11-11 11:00:00,38378.842
2050-11-11 12:00:00,40525.78
2050-11-11 13:00:00,39586.824
2050-11-11 14:00:00,37580.454
2050-11-11 15:00:00,34677.604
2050-11-11 16:00:00,33608.56
2050-11-11 17:00:00,33353.192
2050-11-11 18:00:00,30472.332000000002
2050-11-11 19:00:00,26442.526
2050-11-11 20:00:00,24553.186
2050-11-11 21:00:00,23974.944000000003
2050-11-11 22:00:00,23201.484
2050-11-11 23:00:00,22876.764000000003
2050-11-12 00:00:00,22795.408
2050-11-12 01:00:00,22458.58
2050-11-12 02:00:00,22778.056
2050-11-12 03:00:00,22656.482000000004
2050-11-12 04:00:00,23890.910000000003
2050-11-12 05:00:00,25632.584000000003
2050-11-12 06:00:00,28161.904
2050-11-12 07:00:00,27536.678000000004
2050-11-12 08:00:00,30169.044
2050-11-12 09:00:00,33065.1
2050-11-12 10:00:00,37578.926
2050-11-12 11:00:00,38581.96
2050-11-12 12:00:00,36250.036
2050-11-12 13:00:00,34773.078
2050-11-12 14:00:00,31261.396000000004
2050-11-12 15:00:00,30100.958000000002
2050-11-12 16:00:00,27647.122
2050-11-12 17:00:00,28363.2
2050-11-12 18:00:00,26243.422
2050-11-12 19:00:00,23997.312
2050-11-12 20:00:00,23173.72
2050-11-12 21:00:00,21916.428
2050-11-12 22:00:00,20249.124
2050-11-12 23:00:00,19135.04
2050-11-13 00:00:00,18419.552
2050-11-13 01:00:00,18428.468
2050-11-13 02:00:00,19608.56
2050-11-13 03:00:00,20400.872000000003
2050-11-13 04:00:00,21246.03
2050-11-13 05:00:00,23768.652000000002
2050-11-13 06:00:00,26818.594
2050-11-13 07:00:00,28221.398
2050-11-13 08:00:00,29716.462
2050-11-13 09:00:00,32065.244000000002
2050-11-13 10:00:00,32691.978000000003
2050-11-13 11:00:00,32903.886
2050-11-13 12:00:00,32253.216
2050-11-13 13:00:00,31466.034000000003
2050-11-13 14:00:00,31102.032000000003
2050-11-13 15:00:00,28219.736
2050-11-13 16:00:00,27126.912
2050-11-13 17:00:00,26216.88
2050-11-13 18:00:00,25609.84
2050-11-13 19:00:00,24297.602
2050-11-13 20:00:00,24052.792
2050-11-13 21:00:00,22981.976000000002
2050-11-13 22:00:00,21264.838000000003
2050-11-13 23:00:00,20787.314000000002
2050-11-14 00:00:00,20742.996
2050-11-14 01:00:00,21418.972
2050-11-14 02:00:00,21729.952
2050-11-14 03:00:00,22935.218
2050-11-14 04:00:00,25390.578
2050-11-14 05:00:00,29730.284000000003
2050-11-14 06:00:00,30822.208000000002
2050-11-14 07:00:00,31758.302000000003
2050-11-14 08:00:00,33901.43
2050-11-14 09:00:00,35529.682
2050-11-14 10:00:00,36186.084
2050-11-14 11:00:00,36334.602000000006
2050-11-14 12:00:00,36353.716
2050-11-14 13:00:00,35496.912000000004
2050-11-14 14:00:00,35225.520000000004
2050-11-14 15:00:00,34907.896
2050-11-14 16:00:00,36075.098
2050-11-14 17:00:00,36782.93
2050-11-14 18:00:00,35694.018000000004
2050-11-14 19:00:00,33331.754
2050-11-14 20:00:00,30449.648
2050-11-14 21:00:00,28059.25
2050-11-14 22:00:00,26259.296000000002
2050-11-14 23:00:00,25268.422000000002
2050-11-15 00:00:00,23927.602
2050-11-15 01:00:00,22978.404000000002
2050-11-15 02:00:00,22860.694000000003
2050-11-15 03:00:00,22706.766000000003
2050-11-15 04:00:00,22423.786
2050-11-15 05:00:00,22955.562
2050-11-15 06:00:00,23474.976000000002
2050-11-15 07:00:00,25233.912
2050-11-15 08:00:00,27300.038
2050-11-15 09:00:00,29310.628000000004
2050-11-15 10:00:00,30769.021999999997
2050-11-15 11:00:00,31973.190000000002
2050-11-15 12:00:00,33044.572
2050-11-15 13:00:00,33402.858
2050-11-15 14:00:00,32137.47
2050-11-15 15:00:00,30745.282000000003
2050-11-15 16:00:00,29761.670000000002
2050-11-15 17:00:00,29772.665999999997
2050-11-15 18:00:00,30341.484000000004
2050-11-15 19:00:00,30117.974000000002
2050-11-15 20:00:00,28708.706000000002
2050-11-15 21:00:00,27456.942
2050-11-15 22:00:00,26182.468
2050-11-15 23:00:00,24603.122000000003
2050-11-16 00:00:00,24447.668
2050-11-16 01:00:00,23628.24
2050-11-16 02:00:00,23634.600000000002
2050-11-16 03:00:00,23137.278000000002
2050-11-16 04:00:00,23306.246
2050-11-16 05:00:00,25820.356
2050-11-16 06:00:00,27296.850000000002
2050-11-16 07:00:00,28919.046000000002
2050-11-16 08:00:00,31278.926000000003
2050-11-16 09:00:00,33711.448
2050-11-16 10:00:00,34974.532
2050-11-16 11:00:00,36068.462
2050-11-16 12:00:00,37661.53400000001
2050-11-16 13:00:00,37677.762
2050-11-16 14:00:00,38471.164000000004
2050-11-16 15:00:00,34646.03400000001
2050-11-16 16:00:00,32590.592
2050-11-16 17:00:00,31866.488
2050-11-16 18:00:00,31342.656000000003
2050-11-16 19:00:00,29864.692
2050-11-16 20:00:00,27406.456000000002
2050-11-16 21:00:00,25004.53
2050-11-16 22:00:00,20079.292
2050-11-16 23:00:00,19151.420000000002
2050-11-17 00:00:00,20406.762000000002
2050-11-17 01:00:00,21146.932
2050-11-17 02:00:00,22265.516000000003
2050-11-17 03:00:00,23302.848
2050-11-17 04:00:00,25232.622000000003
2050-11-17 05:00:00,28604.476000000002
2050-11-17 06:00:00,35014.19
2050-11-17 07:00:00,38185.992
2050-11-17 08:00:00,40720.596000000005
2050-11-17 09:00:00,45207.562000000005
2050-11-17 10:00:00,46685.132000000005
2050-11-17 11:00:00,49656.228
2050-11-17 12:00:00,49591.68
2050-11-17 13:00:00,48579.708000000006
2050-11-17 14:00:00,46106.468
2050-11-17 15:00:00,39627.182
2050-11-17 16:00:00,36884.670000000006
2050-11-17 17:00:00,35604.752
2050-11-17 18:00:00,34414.594000000005
2050-11-17 19:00:00,33472.63
2050-11-17 20:00:00,32364.820000000003
2050-11-17 21:00:00,29574.22
2050-11-17 22:00:00,24224.754
2050-11-17 23:00:00,22486.63
2050-11-18 00:00:00,22768.098
2050-11-18 01:00:00,23191.666
2050-11-18 02:00:00,23442.194000000003
2050-11-18 03:00:00,23583.316000000003
2050-11-18 04:00:00,26675.984000000004
2050-11-18 05:00:00,31830.526
2050-11-18 06:00:00,38499.134000000005
2050-11-18 07:00:00,39538.49600000001
2050-11-18 08:00:00,41237.37
2050-11-18 09:00:00,43704.5
2050-11-18 10:00:00,44470.876000000004
2050-11-18 11:00:00,45714.96
2050-11-18 12:00:00,48295.524000000005
2050-11-18 13:00:00,47208.668000000005
2050-11-18 14:00:00,43221.638000000006
2050-11-18 15:00:00,40326.266
2050-11-18 16:00:00,38636.450000000004
2050-11-18 17:00:00,39834.004
2050-11-18 18:00:00,39801.192
2050-11-18 19:00:00,39320.006
2050-11-18 20:00:00,37771.536
2050-11-18 21:00:00,35083.398
2050-11-18 22:00:00,32859.912000000004
2050-11-18 23:00:00,32444.464000000004
2050-11-19 00:00:00,31478.93
2050-11-19 01:00:00,32356.328000000005
2050-11-19 02:00:00,32282.206000000002
2050-11-19 03:00:00,32315.5
2050-11-19 04:00:00,32699.948
2050-11-19 05:00:00,35277.676
2050-11-19 06:00:00,37433.892
2050-11-19 07:00:00,37046.968
2050-11-19 08:00:00,35492.73
2050-11-19 09:00:00,37150.56
2050-11-19 10:00:00,37686.608
2050-11-19 11:00:00,39767.406
2050-11-19 12:00:00,42493.200000000004
2050-11-19 13:00:00,43124.778000000006
2050-11-19 14:00:00,44243.542
2050-11-19 15:00:00,43790.82800000001
2050-11-19 16:00:00,43194.696
2050-11-19 17:00:00,43624.542
2050-11-19 18:00:00,43709.452000000005
2050-11-19 19:00:00,43174.012
2050-11-19 20:00:00,38886.03400000001
2050-11-19 21:00:00,34996.708000000006
2050-11-19 22:00:00,31129.586
2050-11-19 23:00:00,27613.962
2050-11-20 00:00:00,26508.516
2050-11-20 01:00:00,24334.502
2050-11-20 02:00:00,24179.228000000003
2050-11-20 03:00:00,23890.210000000003
2050-11-20 04:00:00,27115.68
2050-11-20 05:00:00,32390.920000000002
2050-11-20 06:00:00,34381.740000000005
2050-11-20 07:00:00,35237.858
2050-11-20 08:00:00,40101.382000000005
2050-11-20 09:00:00,40922.544
2050-11-20 10:00:00,43621.206000000006
2050-11-20 11:00:00,42433.234000000004
2050-11-20 12:00:00,42499.748
2050-11-20 13:00:00,40599.432
2050-11-20 14:00:00,36656.438
2050-11-20 15:00:00,35405.044
2050-11-20 16:00:00,35008.132000000005
2050-11-20 17:00:00,34280.24600000001
2050-11-20 18:00:00,34265.9
2050-11-20 19:00:00,33753.558000000005
2050-11-20 20:00:00,33525.944
2050-11-20 21:00:00,31755.33
2050-11-20 22:00:00,30646.362
2050-11-20 23:00:00,31757.986
2050-11-21 00:00:00,31356.496000000003
2050-11-21 01:00:00,31364.836
2050-11-21 02:00:00,31367.218
2050-11-21 03:00:00,32147.004
2050-11-21 04:00:00,32565.002000000004
2050-11-21 05:00:00,33293.546
2050-11-21 06:00:00,34142.506
2050-11-21 07:00:00,35093.15
2050-11-21 08:00:00,43629.020000000004
2050-11-21 09:00:00,48962.598
2050-11-21 10:00:00,48405.264
2050-11-21 11:00:00,48163.004
2050-11-21 12:00:00,48367.01
2050-11-21 13:00:00,45698.742
2050-11-21 14:00:00,42170.880000000005
2050-11-21 15:00:00,34067.371999999996
2050-11-21 16:00:00,33033.092
2050-11-21 17:00:00,32581.415999999997
2050-11-21 18:00:00,32358.096000000005
2050-11-21 19:00:00,32790.098
2050-11-21 20:00:00,32734.304
2050-11-21 21:00:00,30843.858000000004
2050-11-21 22:00:00,29592.336
2050-11-21 23:00:00,27336.892
2050-11-22 00:00:00,24753.31
2050-11-22 01:00:00,24155.792
2050-11-22 02:00:00,23622.986
2050-11-22 03:00:00,24702.088000000003
2050-11-22 04:00:00,26180.520000000004
2050-11-22 05:00:00,28470.838000000003
2050-11-22 06:00:00,29330.350000000002
2050-11-22 07:00:00,31396.072
2050-11-22 08:00:00,38159.218
2050-11-22 09:00:00,40576.64000000001
2050-11-22 10:00:00,42725.286
2050-11-22 11:00:00,44080.554000000004
2050-11-22 12:00:00,46267.672
2050-11-22 13:00:00,46509.334
2050-11-22 14:00:00,45426.724
2050-11-22 15:00:00,39605.822
2050-11-22 16:00:00,38104.44
2050-11-22 17:00:00,38091.79
2050-11-22 18:00:00,37616.906
2050-11-22 19:00:00,36610.896
2050-11-22 20:00:00,35395.450000000004
2050-11-22 21:00:00,32918.24600000001
2050-11-22 22:00:00,31366.174
2050-11-22 23:00:00,29652.844
2050-11-23 00:00:00,29000.832000000002
2050-11-23 01:00:00,29028.126000000004
2050-11-23 02:00:00,30216.724000000002
2050-11-23 03:00:00,30060.942
2050-11-23 04:00:00,30230.334000000003
2050-11-23 05:00:00,31432.194000000003
2050-11-23 06:00:00,32336.890000000003
2050-11-23 07:00:00,33881.786
2050-11-23 08:00:00,35239.698
2050-11-23 09:00:00,37393.526000000005
2050-11-23 10:00:00,39249.566
2050-11-23 11:00:00,39067.708000000006
2050-11-23 12:00:00,36947.882000000005
2050-11-23 13:00:00,35537.159999999996
2050-11-23 14:00:00,35473.828
2050-11-23 15:00:00,35666.148
2050-11-23 16:00:00,36521.556000000004
2050-11-23 17:00:00,36296.968
2050-11-23 18:00:00,34743.458000000006
2050-11-23 19:00:00,33002.33
2050-11-23 20:00:00,31330.358000000004
2050-11-23 21:00:00,30078.865999999998
2050-11-23 22:00:00,26730.784000000003
2050-11-23 23:00:00,25887.924
2050-11-24 00:00:00,24671.716
2050-11-24 01:00:00,24134.812
2050-11-24 02:00:00,24020.646
2050-11-24 03:00:00,22961.224000000002
2050-11-24 04:00:00,25899.852
2050-11-24 05:00:00,30041.059999999998
2050-11-24 06:00:00,34965.524
2050-11-24 07:00:00,37843.588
2050-11-24 08:00:00,39231.504
2050-11-24 09:00:00,42104.574
2050-11-24 10:00:00,44975.844000000005
2050-11-24 11:00:00,43868.03200000001
2050-11-24 12:00:00,42957.29000000001
2050-11-24 13:00:00,39118.371999999996
2050-11-24 14:00:00,33479.61
2050-11-24 15:00:00,30040.558000000005
2050-11-24 16:00:00,29334.392
2050-11-24 17:00:00,28930.822
2050-11-24 18:00:00,28923.738
2050-11-24 19:00:00,28666.640000000003
2050-11-24 20:00:00,28121.996000000003
2050-11-24 21:00:00,27863.372
2050-11-24 22:00:00,26319.592
2050-11-24 23:00:00,24932.502
2050-11-25 00:00:00,24629.036
2050-11-25 01:00:00,23813.266000000003
2050-11-25 02:00:00,24234.226000000002
2050-11-25 03:00:00,26953.738
2050-11-25 04:00:00,31020.784000000003
2050-11-25 05:00:00,34753.202000000005
2050-11-25 06:00:00,38462.018000000004
2050-11-25 07:00:00,40413.96400000001
2050-11-25 08:00:00,42042.96
2050-11-25 09:00:00,43694.918000000005
2050-11-25 10:00:00,44835.53400000001
2050-11-25 11:00:00,45296.312000000005
2050-11-25 12:00:00,46823.874
2050-11-25 13:00:00,46029.32000000001
2050-11-25 14:00:00,43951.466
2050-11-25 15:00:00,41477.71400000001
2050-11-25 16:00:00,40368.322
2050-11-25 17:00:00,39471.286
2050-11-25 18:00:00,38195.73
2050-11-25 19:00:00,37323.55
2050-11-25 20:00:00,36558.342
2050-11-25 21:00:00,35214.038
2050-11-25 22:00:00,33730.902
2050-11-25 23:00:00,31559.65
2050-11-26 00:00:00,29893.974000000002
2050-11-26 01:00:00,28867.782000000003
2050-11-26 02:00:00,27797.804
2050-11-26 03:00:00,28010.394
2050-11-26 04:00:00,29632.23
2050-11-26 05:00:00,30783.278000000006
2050-11-26 06:00:00,31148.746000000003
2050-11-26 07:00:00,31239.418
2050-11-26 08:00:00,33107.938
2050-11-26 09:00:00,36421.840000000004
2050-11-26 10:00:00,38465.46
2050-11-26 11:00:00,39704.972
2050-11-26 12:00:00,39859.99600000001
2050-11-26 13:00:00,39105.226
2050-11-26 14:00:00,35775.764
2050-11-26 15:00:00,31393.758
2050-11-26 16:00:00,31371.218
2050-11-26 17:00:00,31558.352000000003
2050-11-26 18:00:00,32603.002000000004
2050-11-26 19:00:00,33052.268000000004
2050-11-26 20:00:00,33709.04
2050-11-26 21:00:00,34185.909999999996
2050-11-26 22:00:00,33472.53
2050-11-26 23:00:00,29626.588000000003
2050-11-27 00:00:00,27223.326
2050-11-27 01:00:00,26898.604
2050-11-27 02:00:00,26413.364
2050-11-27 03:00:00,27267.562
2050-11-27 04:00:00,29462.508
2050-11-27 05:00:00,33852.636
2050-11-27 06:00:00,38962.218
2050-11-27 07:00:00,41378.166
2050-11-27 08:00:00,42157.822
2050-11-27 09:00:00,42587.600000000006
2050-11-27 10:00:00,41925.956000000006
2050-11-27 11:00:00,41114.168000000005
2050-11-27 12:00:00,40811.788
2050-11-27 13:00:00,40779.57800000001
2050-11-27 14:00:00,40453.958000000006
2050-11-27 15:00:00,39804.39000000001
2050-11-27 16:00:00,39244.371999999996
2050-11-27 17:00:00,39302.988000000005
2050-11-27 18:00:00,38505.984000000004
2050-11-27 19:00:00,36282.798
2050-11-27 20:00:00,33799.742
2050-11-27 21:00:00,31857.870000000003
2050-11-27 22:00:00,30338.624
2050-11-27 23:00:00,28402.998
2050-11-28 00:00:00,27926.088000000003
2050-11-28 01:00:00,27427.384000000005
2050-11-28 02:00:00,27266.318
2050-11-28 03:00:00,27100.936
2050-11-28 04:00:00,27554.012000000002
2050-11-28 05:00:00,29067.324
2050-11-28 06:00:00,33895.904
2050-11-28 07:00:00,35309.064000000006
2050-11-28 08:00:00,34736.14000000001
2050-11-28 09:00:00,36594.478
2050-11-28 10:00:00,38858.121999999996
2050-11-28 11:00:00,40418.172
2050-11-28 12:00:00,40110.436
2050-11-28 13:00:00,39956.256
2050-11-28 14:00:00,39385.826
2050-11-28 15:00:00,38026.722
2050-11-28 16:00:00,38584.11
2050-11-28 17:00:00,38737.772
2050-11-28 18:00:00,38402.066
2050-11-28 19:00:00,35907.54
2050-11-28 20:00:00,32957.159999999996
2050-11-28 21:00:00,31392.21
2050-11-28 22:00:00,28039.998
2050-11-28 23:00:00,25888.946
2050-11-29 00:00:00,23310.506
2050-11-29 01:00:00,21719.362
2050-11-29 02:00:00,20277.438000000002
2050-11-29 03:00:00,20540.272
2050-11-29 04:00:00,22420.706000000002
2050-11-29 05:00:00,24684.658
2050-11-29 06:00:00,28900.682
2050-11-29 07:00:00,32323.264000000003
2050-11-29 08:00:00,35180.976
2050-11-29 09:00:00,38702.026000000005
2050-11-29 10:00:00,38993.76
2050-11-29 11:00:00,39256.816
2050-11-29 12:00:00,38443.368
2050-11-29 13:00:00,38474.628000000004
2050-11-29 14:00:00,36150.184
2050-11-29 15:00:00,34085.71
2050-11-29 16:00:00,33624.586
2050-11-29 17:00:00,33584.71
2050-11-29 18:00:00,32648.914000000004
2050-11-29 19:00:00,31073.208000000002
2050-11-29 20:00:00,28691.284000000003
2050-11-29 21:00:00,26656.514000000003
2050-11-29 22:00:00,24783.798000000003
2050-11-29 23:00:00,23418.152000000002
2050-11-30 00:00:00,23077.818
2050-11-30 01:00:00,23138.136
2050-11-30 02:00:00,22714.556
2050-11-30 03:00:00,23849.766000000003
2050-11-30 04:00:00,24078.13
2050-11-30 05:00:00,24938.99
2050-11-30 06:00:00,24718.54
2050-11-30 07:00:00,24919.264000000003
2050-11-30 08:00:00,26151.09
2050-11-30 09:00:00,30585.544
2050-11-30 10:00:00,37795.832
2050-11-30 11:00:00,38684.700000000004
2050-11-30 12:00:00,38405.56
2050-11-30 13:00:00,37452.148
2050-11-30 14:00:00,34468.456
2050-11-30 15:00:00,32371.271999999997
2050-11-30 16:00:00,31911.43
2050-11-30 17:00:00,31174.394
2050-11-30 18:00:00,30913.144
2050-11-30 19:00:00,29195.852000000003
2050-11-30 20:00:00,27700.698
2050-11-30 21:00:00,25965.382
2050-11-30 22:00:00,23269.902000000002
2050-11-30 23:00:00,20289.212
2050-12-01 00:00:00,20554.568
2050-12-01 01:00:00,21716.468
2050-12-01 02:00:00,23027.004
2050-12-01 03:00:00,24351.164000000004
2050-12-01 04:00:00,26464.858000000004
2050-12-01 05:00:00,29912.090000000004
2050-12-01 06:00:00,33532.96
2050-12-01 07:00:00,35809.364
2050-12-01 08:00:00,39212.234000000004
2050-12-01 09:00:00,43120.044
2050-12-01 10:00:00,44297.85800000001
2050-12-01 11:00:00,45345.486000000004
2050-12-01 12:00:00,45061.340000000004
2050-12-01 13:00:00,44280.840000000004
2050-12-01 14:00:00,42981.67600000001
2050-12-01 15:00:00,41927.71400000001
2050-12-01 16:00:00,42114.638000000006
2050-12-01 17:00:00,40929.15
2050-12-01 18:00:00,38989.434
2050-12-01 19:00:00,37494.144
2050-12-01 20:00:00,34838.28400000001
2050-12-01 21:00:00,33521.49600000001
2050-12-01 22:00:00,31866.856
2050-12-01 23:00:00,29647.444000000003
2050-12-02 00:00:00,29499.168
2050-12-02 01:00:00,29770.806
2050-12-02 02:00:00,30311.798
2050-12-02 03:00:00,30346.104
2050-12-02 04:00:00,30369.540000000005
2050-12-02 05:00:00,32404.4
2050-12-02 06:00:00,37480.582
2050-12-02 07:00:00,40216.68
2050-12-02 08:00:00,40311.33
2050-12-02 09:00:00,41192.23
2050-12-02 10:00:00,41684.224
2050-12-02 11:00:00,42393.392
2050-12-02 12:00:00,42070.612
2050-12-02 13:00:00,41389.618
2050-12-02 14:00:00,39487.450000000004
2050-12-02 15:00:00,37776.888
2050-12-02 16:00:00,37154.192
2050-12-02 17:00:00,36398.99600000001
2050-12-02 18:00:00,35884.032
2050-12-02 19:00:00,35000.852000000006
2050-12-02 20:00:00,33871.238000000005
2050-12-02 21:00:00,33004.384000000005
2050-12-02 22:00:00,31735.122
2050-12-02 23:00:00,29945.812
2050-12-03 00:00:00,29737.298
2050-12-03 01:00:00,29999.43
2050-12-03 02:00:00,29725.942
2050-12-03 03:00:00,29826.276
2050-12-03 04:00:00,30687.196000000004
2050-12-03 05:00:00,32304.354
2050-12-03 06:00:00,33437.632000000005
2050-12-03 07:00:00,33781.452000000005
2050-12-03 08:00:00,34422.308000000005
2050-12-03 09:00:00,35770.498
2050-12-03 10:00:00,37091.744
2050-12-03 11:00:00,37883.804
2050-12-03 12:00:00,38881.438
2050-12-03 13:00:00,37372.276000000005
2050-12-03 14:00:00,35893.724
2050-12-03 15:00:00,34180.692
2050-12-03 16:00:00,33710.4
2050-12-03 17:00:00,33581.54
2050-12-03 18:00:00,33717.966
2050-12-03 19:00:00,34111.882000000005
2050-12-03 20:00:00,33787.092
2050-12-03 21:00:00,32282.906000000003
2050-12-03 22:00:00,30754.690000000002
2050-12-03 23:00:00,30765.566
2050-12-04 00:00:00,29849.928000000004
2050-12-04 01:00:00,29277.756
2050-12-04 02:00:00,29142.021999999997
2050-12-04 03:00:00,29747.994000000002
2050-12-04 04:00:00,31691.51
2050-12-04 05:00:00,35108.014
2050-12-04 06:00:00,38172.738000000005
2050-12-04 07:00:00,39071.670000000006
2050-12-04 08:00:00,40314.476
2050-12-04 09:00:00,44760.456000000006
2050-12-04 10:00:00,48327.03400000001
2050-12-04 11:00:00,52475.52
2050-12-04 12:00:00,54065.688
2050-12-04 13:00:00,52443.342000000004
2050-12-04 14:00:00,46302.232
2050-12-04 15:00:00,43865.43400000001
2050-12-04 16:00:00,44700.868
2050-12-04 17:00:00,43536.008
2050-12-04 18:00:00,42594.924
2050-12-04 19:00:00,41671.518000000004
2050-12-04 20:00:00,38610.170000000006
2050-12-04 21:00:00,35531.182
2050-12-04 22:00:00,32924.515999999996
2050-12-04 23:00:00,31204.847999999998
2050-12-05 00:00:00,29121.668
2050-12-05 01:00:00,27866.606
2050-12-05 02:00:00,27237.892
2050-12-05 03:00:00,27844.194000000003
2050-12-05 04:00:00,29350.25
2050-12-05 05:00:00,31873.882
2050-12-05 06:00:00,33176.816
2050-12-05 07:00:00,33832.946
2050-12-05 08:00:00,34774.83
2050-12-05 09:00:00,37361.282
2050-12-05 10:00:00,38599.598
2050-12-05 11:00:00,39550.14600000001
2050-12-05 12:00:00,39624.432
2050-12-05 13:00:00,40037.39000000001
2050-12-05 14:00:00,39253.99600000001
2050-12-05 15:00:00,39686.596000000005
2050-12-05 16:00:00,41041.452000000005
2050-12-05 17:00:00,41231.29000000001
2050-12-05 18:00:00,40593.920000000006
2050-12-05 19:00:00,38087.64000000001
2050-12-05 20:00:00,36157.892
2050-12-05 21:00:00,34010.85
2050-12-05 22:00:00,30828.374
2050-12-05 23:00:00,27046.814000000002
2050-12-06 00:00:00,26120.14
2050-12-06 01:00:00,27110.770000000004
2050-12-06 02:00:00,27632.786
2050-12-06 03:00:00,28217.548
2050-12-06 04:00:00,28184.324
2050-12-06 05:00:00,28007.836
2050-12-06 06:00:00,29157.584000000003
2050-12-06 07:00:00,29668.906000000003
2050-12-06 08:00:00,30207.214000000004
2050-12-06 09:00:00,31909.422
2050-12-06 10:00:00,32047.126000000004
2050-12-06 11:00:00,32467.364
2050-12-06 12:00:00,32208.971999999998
2050-12-06 13:00:00,31645.971999999998
2050-12-06 14:00:00,30064.53
2050-12-06 15:00:00,29404.912
2050-12-06 16:00:00,29225.365999999998
2050-12-06 17:00:00,28330.476000000002
2050-12-06 18:00:00,28039.528000000006
2050-12-06 19:00:00,28352.908000000003
2050-12-06 20:00:00,27645.524
2050-12-06 21:00:00,26596.094
2050-12-06 22:00:00,26091.456000000002
2050-12-06 23:00:00,25021.214000000004
2050-12-07 00:00:00,24342.162
2050-12-07 01:00:00,23963.794
2050-12-07 02:00:00,23180.508
2050-12-07 03:00:00,22126.642000000003
2050-12-07 04:00:00,20654.354000000003
2050-12-07 05:00:00,19258.344
2050-12-07 06:00:00,20533.256
2050-12-07 07:00:00,23309.244000000002
2050-12-07 08:00:00,26651.438000000002
2050-12-07 09:00:00,29135.308000000005
2050-12-07 10:00:00,30478.906000000003
2050-12-07 11:00:00,30910.024
2050-12-07 12:00:00,31238.98
2050-12-07 13:00:00,30567.282000000003
2050-12-07 14:00:00,29662.358000000004
2050-12-07 15:00:00,30221.264000000003
2050-12-07 16:00:00,31492.542
2050-12-07 17:00:00,32014.228000000003
2050-12-07 18:00:00,30860.826
2050-12-07 19:00:00,29190.886
2050-12-07 20:00:00,28732.072
2050-12-07 21:00:00,28384.902000000002
2050-12-07 22:00:00,28236.858000000004
2050-12-07 23:00:00,27901.306
2050-12-08 00:00:00,27582.786
2050-12-08 01:00:00,26030.23
2050-12-08 02:00:00,24008.624
2050-12-08 03:00:00,23546.258
2050-12-08 04:00:00,23166.252
2050-12-08 05:00:00,24657.922000000002
2050-12-08 06:00:00,25731.796000000002
2050-12-08 07:00:00,28716.152000000002
2050-12-08 08:00:00,30484.370000000003
2050-12-08 09:00:00,32191.050000000003
2050-12-08 10:00:00,34208.668
2050-12-08 11:00:00,33726.392
2050-12-08 12:00:00,34588.92800000001
2050-12-08 13:00:00,35262.772
2050-12-08 14:00:00,35792.584
2050-12-08 15:00:00,34658.514
2050-12-08 16:00:00,33110.666
2050-12-08 17:00:00,31982.882
2050-12-08 18:00:00,31481.398
2050-12-08 19:00:00,29774.678000000004
2050-12-08 20:00:00,27096.58
2050-12-08 21:00:00,25278.834000000003
2050-12-08 22:00:00,23216.670000000002
2050-12-08 23:00:00,21036.984
2050-12-09 00:00:00,20017.954
2050-12-09 01:00:00,19263.568
2050-12-09 02:00:00,18691.396
2050-12-09 03:00:00,19482.062
2050-12-09 04:00:00,21048.012000000002
2050-12-09 05:00:00,27028.514000000003
2050-12-09 06:00:00,32039.41
2050-12-09 07:00:00,33353.234000000004
2050-12-09 08:00:00,33481.442
2050-12-09 09:00:00,34366.794
2050-12-09 10:00:00,37863.11
2050-12-09 11:00:00,39229.73
2050-12-09 12:00:00,40179.952000000005
2050-12-09 13:00:00,39877.134000000005
2050-12-09 14:00:00,38864.058000000005
2050-12-09 15:00:00,37224.39000000001
2050-12-09 16:00:00,37567.296
2050-12-09 17:00:00,37555.822
2050-12-09 18:00:00,37247.17800000001
2050-12-09 19:00:00,32042.398
2050-12-09 20:00:00,29160.868000000002
2050-12-09 21:00:00,27593.688000000002
2050-12-09 22:00:00,26798.544
2050-12-09 23:00:00,25671.174
2050-12-10 00:00:00,25130.402000000002
2050-12-10 01:00:00,24892.552
2050-12-10 02:00:00,23563.706000000002
2050-12-10 03:00:00,22046.848
2050-12-10 04:00:00,22331.144
2050-12-10 05:00:00,24708.364
2050-12-10 06:00:00,29777.042
2050-12-10 07:00:00,31795.286
2050-12-10 08:00:00,32862.371999999996
2050-12-10 09:00:00,35157.956
2050-12-10 10:00:00,36872.078
2050-12-10 11:00:00,39001.102000000006
2050-12-10 12:00:00,39643.224
2050-12-10 13:00:00,39839.450000000004
2050-12-10 14:00:00,38482.806000000004
2050-12-10 15:00:00,37496.371999999996
2050-12-10 16:00:00,37418.49600000001
2050-12-10 17:00:00,37099.374
2050-12-10 18:00:00,35672.576
2050-12-10 19:00:00,32580.46
2050-12-10 20:00:00,27974.5
2050-12-10 21:00:00,24891.28
2050-12-10 22:00:00,21310.818
2050-12-10 23:00:00,20658.49
2050-12-11 00:00:00,20682.358
2050-12-11 01:00:00,20520.808
2050-12-11 02:00:00,20097.13
2050-12-11 03:00:00,20217.184
2050-12-11 04:00:00,21346.296000000002
2050-12-11 05:00:00,25073.962
2050-12-11 06:00:00,31113.246000000003
2050-12-11 07:00:00,33555.015999999996
2050-12-11 08:00:00,34678.008
2050-12-11 09:00:00,36493.368
2050-12-11 10:00:00,38583.03
2050-12-11 11:00:00,40574.672
2050-12-11 12:00:00,40716.182
2050-12-11 13:00:00,38418.322
2050-12-11 14:00:00,35337.978
2050-12-11 15:00:00,31375.152000000002
2050-12-11 16:00:00,31860.244000000002
2050-12-11 17:00:00,33125.702000000005
2050-12-11 18:00:00,33668.992
2050-12-11 19:00:00,33037.992
2050-12-11 20:00:00,30446.47
2050-12-11 21:00:00,28013.368000000002
2050-12-11 22:00:00,26242.128000000004
2050-12-11 23:00:00,24537.570000000003
2050-12-12 00:00:00,24130.274
2050-12-12 01:00:00,24130.98
2050-12-12 02:00:00,25501.068
2050-12-12 03:00:00,26786.328000000005
2050-12-12 04:00:00,28494.784000000003
2050-12-12 05:00:00,30852.703999999998
2050-12-12 06:00:00,32557.090000000004
2050-12-12 07:00:00,33287.694
2050-12-12 08:00:00,33152.632000000005
2050-12-12 09:00:00,34420.53400000001
2050-12-12 10:00:00,35850.409999999996
2050-12-12 11:00:00,36695.520000000004
2050-12-12 12:00:00,35926.871999999996
2050-12-12 13:00:00,34796.754
2050-12-12 14:00:00,33688.638
2050-12-12 15:00:00,33653.954
2050-12-12 16:00:00,33914.638
2050-12-12 17:00:00,33962.53400000001
2050-12-12 18:00:00,34509.634000000005
2050-12-12 19:00:00,35049.954
2050-12-12 20:00:00,33066.636
2050-12-12 21:00:00,31377.994000000002
2050-12-12 22:00:00,30346.464000000004
2050-12-12 23:00:00,29538.690000000002
2050-12-13 00:00:00,29173.788
2050-12-13 01:00:00,28173.820000000003
2050-12-13 02:00:00,27721.824
2050-12-13 03:00:00,26328.136
2050-12-13 04:00:00,25312.49
2050-12-13 05:00:00,24172.436
2050-12-13 06:00:00,24134.624
2050-12-13 07:00:00,25157.672000000002
2050-12-13 08:00:00,27085.458000000002
2050-12-13 09:00:00,29568.63
2050-12-13 10:00:00,32813.736
2050-12-13 11:00:00,34515.04
2050-12-13 12:00:00,36965.228
2050-12-13 13:00:00,37574.544
2050-12-13 14:00:00,33811.621999999996
2050-12-13 15:00:00,27587.418
2050-12-13 16:00:00,27903.98
2050-12-13 17:00:00,28277.562
2050-12-13 18:00:00,28526.546000000002
2050-12-13 19:00:00,28031.96
2050-12-13 20:00:00,27496.300000000003
2050-12-13 21:00:00,26778.453999999998
2050-12-13 22:00:00,24857.864
2050-12-13 23:00:00,22130.68
2050-12-14 00:00:00,20179.122000000003
2050-12-14 01:00:00,20147.194000000003
2050-12-14 02:00:00,20581.888000000003
2050-12-14 03:00:00,21241.796000000002
2050-12-14 04:00:00,22896.986
2050-12-14 05:00:00,24654.146
2050-12-14 06:00:00,26957.032000000003
2050-12-14 07:00:00,28599.138000000003
2050-12-14 08:00:00,29836.812
2050-12-14 09:00:00,32984.13
2050-12-14 10:00:00,36848.858
2050-12-14 11:00:00,39019.164000000004
2050-12-14 12:00:00,38269.92800000001
2050-12-14 13:00:00,36121.026000000005
2050-12-14 14:00:00,34512.956
2050-12-14 15:00:00,33365.344000000005
2050-12-14 16:00:00,32948.724
2050-12-14 17:00:00,33299.53400000001
2050-12-14 18:00:00,32707.942
2050-12-14 19:00:00,31239.926000000003
2050-12-14 20:00:00,27927.784000000003
2050-12-14 21:00:00,28126.15
2050-12-14 22:00:00,27931.915999999997
2050-12-14 23:00:00,27211.318
2050-12-15 00:00:00,27191.418
2050-12-15 01:00:00,26173.182
2050-12-15 02:00:00,25351.168
2050-12-15 03:00:00,26294.22
2050-12-15 04:00:00,27718.518
2050-12-15 05:00:00,30711.142
2050-12-15 06:00:00,35463.104
2050-12-15 07:00:00,38048.812
2050-12-15 08:00:00,38955.426
2050-12-15 09:00:00,42309.806000000004
2050-12-15 10:00:00,43529.022
2050-12-15 11:00:00,45779.718
2050-12-15 12:00:00,46385.89600000001
2050-12-15 13:00:00,45090.336
2050-12-15 14:00:00,42132.016
2050-12-15 15:00:00,34556.594000000005
2050-12-15 16:00:00,32343.36
2050-12-15 17:00:00,32579.864
2050-12-15 18:00:00,33125.182
2050-12-15 19:00:00,32009.142
2050-12-15 20:00:00,29201.878000000004
2050-12-15 21:00:00,26332.48
2050-12-15 22:00:00,24069.61
2050-12-15 23:00:00,23678.672000000002
2050-12-16 00:00:00,23551.946
2050-12-16 01:00:00,23449.262000000002
2050-12-16 02:00:00,23818.11
2050-12-16 03:00:00,23823.794
2050-12-16 04:00:00,25146.88
2050-12-16 05:00:00,27778.65
2050-12-16 06:00:00,32185.752000000004
2050-12-16 07:00:00,33732.306000000004
2050-12-16 08:00:00,36002.414000000004
2050-12-16 09:00:00,39338.314000000006
2050-12-16 10:00:00,40442.832
2050-12-16 11:00:00,40682.15
2050-12-16 12:00:00,39545.312000000005
2050-12-16 13:00:00,37076.366
2050-12-16 14:00:00,34512.106
2050-12-16 15:00:00,31699.302000000003
2050-12-16 16:00:00,31444.314000000002
2050-12-16 17:00:00,30966.368000000002
2050-12-16 18:00:00,30748.392
2050-12-16 19:00:00,30337.854
2050-12-16 20:00:00,29751.882
2050-12-16 21:00:00,28481.703999999998
2050-12-16 22:00:00,27497.018
2050-12-16 23:00:00,26783.212
2050-12-17 00:00:00,26399.670000000002
2050-12-17 01:00:00,26370.13
2050-12-17 02:00:00,26141.706000000002
2050-12-17 03:00:00,26498.812
2050-12-17 04:00:00,27425.11
2050-12-17 05:00:00,29172.546000000002
2050-12-17 06:00:00,30748.352000000003
2050-12-17 07:00:00,30751.958000000002
2050-12-17 08:00:00,30874.365999999998
2050-12-17 09:00:00,32280.108000000004
2050-12-17 10:00:00,33713.036
2050-12-17 11:00:00,35229.132000000005
2050-12-17 12:00:00,35903.006
2050-12-17 13:00:00,36451.104
2050-12-17 14:00:00,36703.43
2050-12-17 15:00:00,36257.42800000001
2050-12-17 16:00:00,37381.926
2050-12-17 17:00:00,37548.718
2050-12-17 18:00:00,36332.5
2050-12-17 19:00:00,33882.846000000005
2050-12-17 20:00:00,33122.72
2050-12-17 21:00:00,30859.418
2050-12-17 22:00:00,27538.72
2050-12-17 23:00:00,25862.798000000003
2050-12-18 00:00:00,26063.04
2050-12-18 01:00:00,26062.014000000003
2050-12-18 02:00:00,26385.494000000002
2050-12-18 03:00:00,27182.365999999998
2050-12-18 04:00:00,28052.382
2050-12-18 05:00:00,29473.870000000003
2050-12-18 06:00:00,31423.542
2050-12-18 07:00:00,33010.672
2050-12-18 08:00:00,33489.35
2050-12-18 09:00:00,33841.554
2050-12-18 10:00:00,34837.544
2050-12-18 11:00:00,35695.374
2050-12-18 12:00:00,36725.742
2050-12-18 13:00:00,35383.238000000005
2050-12-18 14:00:00,32774.554
2050-12-18 15:00:00,30897.812
2050-12-18 16:00:00,31853.721999999998
2050-12-18 17:00:00,32126.534000000003
2050-12-18 18:00:00,30454.61
2050-12-18 19:00:00,28948.388000000003
2050-12-18 20:00:00,28442.192
2050-12-18 21:00:00,27951.594
2050-12-18 22:00:00,27344.304
2050-12-18 23:00:00,27174.964000000004
2050-12-19 00:00:00,26614.052000000003
2050-12-19 01:00:00,25643.362
2050-12-19 02:00:00,25211.496
2050-12-19 03:00:00,23576.746
2050-12-19 04:00:00,21398.284
2050-12-19 05:00:00,19892.724000000002
2050-12-19 06:00:00,23953.944000000003
2050-12-19 07:00:00,26725.490000000005
2050-12-19 08:00:00,27587.952000000005
2050-12-19 09:00:00,28392.236
2050-12-19 10:00:00,30909.71
2050-12-19 11:00:00,33670.54
2050-12-19 12:00:00,35336.788
2050-12-19 13:00:00,35105.396
2050-12-19 14:00:00,33701.058000000005
2050-12-19 15:00:00,32486.847999999998
2050-12-19 16:00:00,32462.494000000002
2050-12-19 17:00:00,32085.309999999998
2050-12-19 18:00:00,31367.070000000003
2050-12-19 19:00:00,30020.528000000006
2050-12-19 20:00:00,28519.122
2050-12-19 21:00:00,26618.078000000005
2050-12-19 22:00:00,25303.972
2050-12-19 23:00:00,24926.366
2050-12-20 00:00:00,24571.024
2050-12-20 01:00:00,24699.942000000003
2050-12-20 02:00:00,23789.22
2050-12-20 03:00:00,23406.134000000002
2050-12-20 04:00:00,24115.646
2050-12-20 05:00:00,24527.136
2050-12-20 06:00:00,26223.892
2050-12-20 07:00:00,26874.656000000003
2050-12-20 08:00:00,27587.442
2050-12-20 09:00:00,29990.028000000006
2050-12-20 10:00:00,32445.448
2050-12-20 11:00:00,32067.938000000002
2050-12-20 12:00:00,30990.524
2050-12-20 13:00:00,30922.228000000003
2050-12-20 14:00:00,30260.682
2050-12-20 15:00:00,29947.592
2050-12-20 16:00:00,30811.738
2050-12-20 17:00:00,31588.11
2050-12-20 18:00:00,32122.552000000003
2050-12-20 19:00:00,30741.992
2050-12-20 20:00:00,28706.850000000002
2050-12-20 21:00:00,26383.226000000002
2050-12-20 22:00:00,23642.022
2050-12-20 23:00:00,22729.452
2050-12-21 00:00:00,21866.22
2050-12-21 01:00:00,20843.024
2050-12-21 02:00:00,20524.558
2050-12-21 03:00:00,19810.146
2050-12-21 04:00:00,19661.684
2050-12-21 05:00:00,20134.258
2050-12-21 06:00:00,21813.784
2050-12-21 07:00:00,23755.656000000003
2050-12-21 08:00:00,24675.426000000003
2050-12-21 09:00:00,26983.600000000002
2050-12-21 10:00:00,30068.762000000002
2050-12-21 11:00:00,32088.114
2050-12-21 12:00:00,31172.136
2050-12-21 13:00:00,30912.544
2050-12-21 14:00:00,28814.414000000004
2050-12-21 15:00:00,26084.208
2050-12-21 16:00:00,26856.370000000003
2050-12-21 17:00:00,27246.578000000005
2050-12-21 18:00:00,26505.328000000005
2050-12-21 19:00:00,25671.248000000003
2050-12-21 20:00:00,24202.326
2050-12-21 21:00:00,24167.982000000004
2050-12-21 22:00:00,23922.024
2050-12-21 23:00:00,23845.468
2050-12-22 00:00:00,23110.848
2050-12-22 01:00:00,22255.034
2050-12-22 02:00:00,21044.472
2050-12-22 03:00:00,20496.138000000003
2050-12-22 04:00:00,20724.538
2050-12-22 05:00:00,23293.394
2050-12-22 06:00:00,27123.394
2050-12-22 07:00:00,31118.302000000003
2050-12-22 08:00:00,32728.488
2050-12-22 09:00:00,36199.458000000006
2050-12-22 10:00:00,37721.624
2050-12-22 11:00:00,38516.522
2050-12-22 12:00:00,38276.514
2050-12-22 13:00:00,36604.394
2050-12-22 14:00:00,35143.426
2050-12-22 15:00:00,34057.450000000004
2050-12-22 16:00:00,34781.412000000004
2050-12-22 17:00:00,35231.018000000004
2050-12-22 18:00:00,33758.934
2050-12-22 19:00:00,31873.21
2050-12-22 20:00:00,30635.566
2050-12-22 21:00:00,27679.602000000003
2050-12-22 22:00:00,25750.216
2050-12-22 23:00:00,24356.260000000002
2050-12-23 00:00:00,22898.142000000003
2050-12-23 01:00:00,23596.142000000003
2050-12-23 02:00:00,25063.928
2050-12-23 03:00:00,25391.252
2050-12-23 04:00:00,26158.300000000003
2050-12-23 05:00:00,27619.134000000005
2050-12-23 06:00:00,29396.436
2050-12-23 07:00:00,31477.16
2050-12-23 08:00:00,32099.312
2050-12-23 09:00:00,33634.624
2050-12-23 10:00:00,34940.002
2050-12-23 11:00:00,35501.916
2050-12-23 12:00:00,36327.768000000004
2050-12-23 13:00:00,36536.684
2050-12-23 14:00:00,35824.532
2050-12-23 15:00:00,35124.138
2050-12-23 16:00:00,35354.54
2050-12-23 17:00:00,34887.94
2050-12-23 18:00:00,33700.296
2050-12-23 19:00:00,31717.758
2050-12-23 20:00:00,30077.026
2050-12-23 21:00:00,29324.306
2050-12-23 22:00:00,28440.524
2050-12-23 23:00:00,26840.092
2050-12-24 00:00:00,26121.844
2050-12-24 01:00:00,25682.272
2050-12-24 02:00:00,25999.934
2050-12-24 03:00:00,26164.822
2050-12-24 04:00:00,26382.408000000003
2050-12-24 05:00:00,27069.798
2050-12-24 06:00:00,28674.006
2050-12-24 07:00:00,29756.304
2050-12-24 08:00:00,30836.944000000003
2050-12-24 09:00:00,38430.754
2050-12-24 10:00:00,45265.892
2050-12-24 11:00:00,47965.61
2050-12-24 12:00:00,48206.274000000005
2050-12-24 13:00:00,46314.052
2050-12-24 14:00:00,42272.372
2050-12-24 15:00:00,32105.122
2050-12-24 16:00:00,29789.93
2050-12-24 17:00:00,29994.504
2050-12-24 18:00:00,30687.192
2050-12-24 19:00:00,30662.932
2050-12-24 20:00:00,30918.608000000004
2050-12-24 21:00:00,30308.43
2050-12-24 22:00:00,29907.238
2050-12-24 23:00:00,29954.286
2050-12-25 00:00:00,29801.696000000004
2050-12-25 01:00:00,29415.892
2050-12-25 02:00:00,29261.626000000004
2050-12-25 03:00:00,29742.942
2050-12-25 04:00:00,29815.36
2050-12-25 05:00:00,31332.542
2050-12-25 06:00:00,32394.538
2050-12-25 07:00:00,32974.844000000005
2050-12-25 08:00:00,35633.942
2050-12-25 09:00:00,43783.85800000001
2050-12-25 10:00:00,50211.342000000004
2050-12-25 11:00:00,52030.15
2050-12-25 12:00:00,51364.406
2050-12-25 13:00:00,48538.292
2050-12-25 14:00:00,47197.73
2050-12-25 15:00:00,38692.638
2050-12-25 16:00:00,37586.298
2050-12-25 17:00:00,37851.528000000006
2050-12-25 18:00:00,37592.192
2050-12-25 19:00:00,37368.49600000001
2050-12-25 20:00:00,36201.39000000001
2050-12-25 21:00:00,34315.71
2050-12-25 22:00:00,31921.97
2050-12-25 23:00:00,31296.026
2050-12-26 00:00:00,29457.33
2050-12-26 01:00:00,28231.58
2050-12-26 02:00:00,27243.904
2050-12-26 03:00:00,27266.13
2050-12-26 04:00:00,28830.036
2050-12-26 05:00:00,30667.514000000003
2050-12-26 06:00:00,32746.636
2050-12-26 07:00:00,33585.876000000004
2050-12-26 08:00:00,32929.9
2050-12-26 09:00:00,41068.616
2050-12-26 10:00:00,49580.444
2050-12-26 11:00:00,51923.136
2050-12-26 12:00:00,51861.128000000004
2050-12-26 13:00:00,48555.932
2050-12-26 14:00:00,42990.204
2050-12-26 15:00:00,34057.192
2050-12-26 16:00:00,33858.876000000004
2050-12-26 17:00:00,33250.776000000005
2050-12-26 18:00:00,32568.296000000002
2050-12-26 19:00:00,30990.45
2050-12-26 20:00:00,30377.084000000003
2050-12-26 21:00:00,30259.182
2050-12-26 22:00:00,29415.462
2050-12-26 23:00:00,28524.282000000003
2050-12-27 00:00:00,27514.688000000002
2050-12-27 01:00:00,25637.046000000002
2050-12-27 02:00:00,23622.892000000003
2050-12-27 03:00:00,23845.312
2050-12-27 04:00:00,23906.93
2050-12-27 05:00:00,25145.718
2050-12-27 06:00:00,25940.208
2050-12-27 07:00:00,27469.216
2050-12-27 08:00:00,28596.498
2050-12-27 09:00:00,30275.21
2050-12-27 10:00:00,29438.488
2050-12-27 11:00:00,30267.346000000005
2050-12-27 12:00:00,30197.674
2050-12-27 13:00:00,30235.059999999998
2050-12-27 14:00:00,30907.956000000002
2050-12-27 15:00:00,31583.208000000002
2050-12-27 16:00:00,31919.521999999997
2050-12-27 17:00:00,31528.046000000002
2050-12-27 18:00:00,31125.316
2050-12-27 19:00:00,30147.21
2050-12-27 20:00:00,28770.502000000004
2050-12-27 21:00:00,25962.998000000003
2050-12-27 22:00:00,21996.820000000003
2050-12-27 23:00:00,19919.412
2050-12-28 00:00:00,19075.22
2050-12-28 01:00:00,19475.38
2050-12-28 02:00:00,19151.594
2050-12-28 03:00:00,18820.484
2050-12-28 04:00:00,17940.624
2050-12-28 05:00:00,18036.502
2050-12-28 06:00:00,19057.998000000003
2050-12-28 07:00:00,20253.782000000003
2050-12-28 08:00:00,21384.08
2050-12-28 09:00:00,26623.690000000002
2050-12-28 10:00:00,31575.718
2050-12-28 11:00:00,33533.036
2050-12-28 12:00:00,34215.36
2050-12-28 13:00:00,33854.908
2050-12-28 14:00:00,33479.486
2050-12-28 15:00:00,26613.592
2050-12-28 16:00:00,25228.826
2050-12-28 17:00:00,24932.012000000002
2050-12-28 18:00:00,24972.122000000003
2050-12-28 19:00:00,24546.208
2050-12-28 20:00:00,24222.816000000003
2050-12-28 21:00:00,23222.064000000002
2050-12-28 22:00:00,21260.476000000002
2050-12-28 23:00:00,21025.552
2050-12-29 00:00:00,21377.214000000004
2050-12-29 01:00:00,21628.862
2050-12-29 02:00:00,21718.768
2050-12-29 03:00:00,22503.368000000002
2050-12-29 04:00:00,23305.838000000003
2050-12-29 05:00:00,23661.022
2050-12-29 06:00:00,26606.212
2050-12-29 07:00:00,27664.508
2050-12-29 08:00:00,28003.142
2050-12-29 09:00:00,28494.588000000003
2050-12-29 10:00:00,29107.13
2050-12-29 11:00:00,29855.438000000002
2050-12-29 12:00:00,30482.915999999997
2050-12-29 13:00:00,32610.170000000002
2050-12-29 14:00:00,31672.018
2050-12-29 15:00:00,30890.844
2050-12-29 16:00:00,31087.444000000003
2050-12-29 17:00:00,31400.062
2050-12-29 18:00:00,31221.98
2050-12-29 19:00:00,29777.342
2050-12-29 20:00:00,27935.786
2050-12-29 21:00:00,24696.476000000002
2050-12-29 22:00:00,23423.636
2050-12-29 23:00:00,22729.194000000003
2050-12-30 00:00:00,22084.098
2050-12-30 01:00:00,21397.870000000003
2050-12-30 02:00:00,21885.426000000003
2050-12-30 03:00:00,21738.24
2050-12-30 04:00:00,21954.924
2050-12-30 05:00:00,23765.690000000002
2050-12-30 06:00:00,25340.338000000003
2050-12-30 07:00:00,26319.358000000004
2050-12-30 08:00:00,26814.892
2050-12-30 09:00:00,33405.196
2050-12-30 10:00:00,34551.082
2050-12-30 11:00:00,35436.82
2050-12-30 12:00:00,34470.018000000004
2050-12-30 13:00:00,35125.582
2050-12-30 14:00:00,35474.23
2050-12-30 15:00:00,28585.672
2050-12-30 16:00:00,27912.300000000003
2050-12-30 17:00:00,27482.978000000003
2050-12-30 18:00:00,27476.290000000005
2050-12-30 19:00:00,26933.804
2050-12-30 20:00:00,25864.732000000004
2050-12-30 21:00:00,25280.024
2050-12-30 22:00:00,22801.876000000004
2050-12-30 23:00:00,21549.766000000003
2050-12-31 00:00:00,20278.996
2050-12-31 01:00:00,19688.392000000003
2050-12-31 02:00:00,19893.838000000003
2050-12-31 03:00:00,19391.456000000002
2050-12-31 04:00:00,20998.016000000003
2050-12-31 05:00:00,23132.33
2050-12-31 06:00:00,25111.778000000002
2050-12-31 07:00:00,26824.990000000005
2050-12-31 08:00:00,29391.298
2050-12-31 09:00:00,33992.548
2050-12-31 10:00:00,37256.688
2050-12-31 11:00:00,39174.234000000004
2050-12-31 12:00:00,39930.954
2050-12-31 13:00:00,39161.714
2050-12-31 14:00:00,36939.200000000004
2050-12-31 15:00:00,34857.638
2050-12-31 16:00:00,32684.286
2050-12-31 17:00:00,32130.518
2050-12-31 18:00:00,31578.512000000002
2050-12-31 19:00:00,29967.196000000004
2050-12-31 20:00:00,28230.144
2050-12-31 21:00:00,26964.928000000004
2050-12-31 22:00:00,26708.712
