nodes,NLD
techs,demand_power
2050-01-01 00:00:00,37702.100999999995
2050-01-01 01:00:00,35812.383
2050-01-01 02:00:00,35698.83
2050-01-01 03:00:00,35078.883
2050-01-01 04:00:00,34016.715
2050-01-01 05:00:00,34873.403999999995
2050-01-01 06:00:00,36221.088
2050-01-01 07:00:00,34392.378
2050-01-01 08:00:00,34059.725999999995
2050-01-01 09:00:00,34345.428
2050-01-01 10:00:00,33417.534
2050-01-01 11:00:00,33327.909
2050-01-01 12:00:00,33245.814
2050-01-01 13:00:00,34448.142
2050-01-01 14:00:00,37318.008
2050-01-01 15:00:00,42324.477
2050-01-01 16:00:00,43805.276999999995
2050-01-01 17:00:00,41185.362
2050-01-01 18:00:00,39896.259
2050-01-01 19:00:00,38793.627
2050-01-01 20:00:00,39005.784
2050-01-01 21:00:00,39535.911
2050-01-01 22:00:00,39354.189
2050-01-01 23:00:00,38154.183
2050-01-02 00:00:00,36421.026
2050-01-02 01:00:00,29885.915999999997
2050-01-02 02:00:00,26870.031
2050-01-02 03:00:00,27267.149999999998
2050-01-02 04:00:00,29271.846
2050-01-02 05:00:00,33415.593
2050-01-02 06:00:00,37429.299
2050-01-02 07:00:00,39590.751000000004
2050-01-02 08:00:00,42702.933
2050-01-02 09:00:00,49110.195
2050-01-02 10:00:00,56470.782
2050-01-02 11:00:00,63323.585999999996
2050-01-02 12:00:00,64241.123999999996
2050-01-02 13:00:00,62081.831999999995
2050-01-02 14:00:00,55822.742999999995
2050-01-02 15:00:00,51769.578
2050-01-02 16:00:00,51085.668
2050-01-02 17:00:00,51595.265999999996
2050-01-02 18:00:00,49279.778999999995
2050-01-02 19:00:00,48235.08299999999
2050-01-02 20:00:00,44551.74
2050-01-02 21:00:00,41090.448
2050-01-02 22:00:00,36440.187
2050-01-02 23:00:00,32650.610999999997
2050-01-03 00:00:00,32289.015
2050-01-03 01:00:00,32353.025999999998
2050-01-03 02:00:00,31896.192
2050-01-03 03:00:00,32579.283
2050-01-03 04:00:00,35836.968
2050-01-03 05:00:00,40354.998
2050-01-03 06:00:00,44586.342000000004
2050-01-03 07:00:00,47456.892
2050-01-03 08:00:00,50488.791
2050-01-03 09:00:00,56355.501000000004
2050-01-03 10:00:00,59205.797999999995
2050-01-03 11:00:00,57010.332
2050-01-03 12:00:00,53074.752
2050-01-03 13:00:00,54630.267
2050-01-03 14:00:00,55567.377
2050-01-03 15:00:00,52782.912000000004
2050-01-03 16:00:00,51595.671
2050-01-03 17:00:00,49673.765999999996
2050-01-03 18:00:00,47539.032
2050-01-03 19:00:00,44833.776000000005
2050-01-03 20:00:00,43144.764
2050-01-03 21:00:00,39505.866
2050-01-03 22:00:00,35358.531
2050-01-03 23:00:00,33366.246
2050-01-04 00:00:00,33033.219
2050-01-04 01:00:00,30827.693999999996
2050-01-04 02:00:00,28244.856
2050-01-04 03:00:00,28648.071
2050-01-04 04:00:00,29498.265
2050-01-04 05:00:00,31964.303999999996
2050-01-04 06:00:00,33765.543
2050-01-04 07:00:00,38309.1
2050-01-04 08:00:00,42008.096999999994
2050-01-04 09:00:00,46748.829
2050-01-04 10:00:00,49028.01
2050-01-04 11:00:00,52843.476
2050-01-04 12:00:00,53956.644
2050-01-04 13:00:00,51445.581
2050-01-04 14:00:00,49046.589
2050-01-04 15:00:00,44404.905
2050-01-04 16:00:00,42930.342000000004
2050-01-04 17:00:00,42577.476
2050-01-04 18:00:00,42541.557
2050-01-04 19:00:00,41981.103
2050-01-04 20:00:00,39968.051999999996
2050-01-04 21:00:00,39276.528
2050-01-04 22:00:00,37929.297
2050-01-04 23:00:00,31130.792999999998
2050-01-05 00:00:00,27820.581000000002
2050-01-05 01:00:00,26245.643999999997
2050-01-05 02:00:00,28384.518
2050-01-05 03:00:00,29363.73
2050-01-05 04:00:00,32792.58
2050-01-05 05:00:00,35857.032
2050-01-05 06:00:00,38382.435
2050-01-05 07:00:00,41847.954
2050-01-05 08:00:00,42100.839
2050-01-05 09:00:00,43027.5
2050-01-05 10:00:00,45595.71
2050-01-05 11:00:00,46133.26499999999
2050-01-05 12:00:00,42129.005999999994
2050-01-05 13:00:00,40940.292
2050-01-05 14:00:00,39986.685000000005
2050-01-05 15:00:00,39468.401999999995
2050-01-05 16:00:00,39591.525
2050-01-05 17:00:00,39935.715
2050-01-05 18:00:00,39424.655999999995
2050-01-05 19:00:00,39184.568999999996
2050-01-05 20:00:00,40284.356999999996
2050-01-05 21:00:00,41295.221999999994
2050-01-05 22:00:00,41307.28799999999
2050-01-05 23:00:00,40811.16
2050-01-06 00:00:00,40880.63999999999
2050-01-06 01:00:00,41020.701
2050-01-06 02:00:00,40999.994999999995
2050-01-06 03:00:00,41132.067
2050-01-06 04:00:00,41692.208999999995
2050-01-06 05:00:00,42288.221999999994
2050-01-06 06:00:00,43644.219000000005
2050-01-06 07:00:00,44894.589
2050-01-06 08:00:00,45325.032
2050-01-06 09:00:00,46168.626000000004
2050-01-06 10:00:00,48060.723
2050-01-06 11:00:00,49145.132999999994
2050-01-06 12:00:00,47123.312999999995
2050-01-06 13:00:00,41674.605
2050-01-06 14:00:00,38830.965
2050-01-06 15:00:00,39922.509
2050-01-06 16:00:00,42104.35799999999
2050-01-06 17:00:00,45353.832
2050-01-06 18:00:00,45774.212999999996
2050-01-06 19:00:00,44093.16299999999
2050-01-06 20:00:00,43059.155999999995
2050-01-06 21:00:00,41732.109
2050-01-06 22:00:00,40390.767
2050-01-06 23:00:00,39320.079
2050-01-07 00:00:00,39218.562
2050-01-07 01:00:00,38647.038
2050-01-07 02:00:00,38321.781
2050-01-07 03:00:00,38271.78
2050-01-07 04:00:00,39319.371
2050-01-07 05:00:00,41615.892
2050-01-07 06:00:00,45823.907999999996
2050-01-07 07:00:00,49398.926999999996
2050-01-07 08:00:00,49521.267
2050-01-07 09:00:00,51668.871
2050-01-07 10:00:00,54305.174999999996
2050-01-07 11:00:00,55968.23099999999
2050-01-07 12:00:00,57282.140999999996
2050-01-07 13:00:00,54133.83299999999
2050-01-07 14:00:00,52407.489
2050-01-07 15:00:00,53197.269
2050-01-07 16:00:00,52403.526000000005
2050-01-07 17:00:00,52133.589
2050-01-07 18:00:00,50238.117000000006
2050-01-07 19:00:00,48231.78
2050-01-07 20:00:00,45532.239
2050-01-07 21:00:00,42650.63999999999
2050-01-07 22:00:00,40319.976
2050-01-07 23:00:00,38535.663
2050-01-08 00:00:00,37195.518
2050-01-08 01:00:00,36674.298
2050-01-08 02:00:00,37261.599
2050-01-08 03:00:00,36503.219999999994
2050-01-08 04:00:00,37715.82
2050-01-08 05:00:00,38821.44
2050-01-08 06:00:00,44269.296
2050-01-08 07:00:00,48075.285
2050-01-08 08:00:00,49816.452
2050-01-08 09:00:00,55262.52
2050-01-08 10:00:00,58641.969000000005
2050-01-08 11:00:00,59192.385
2050-01-08 12:00:00,58168.371
2050-01-08 13:00:00,52243.431
2050-01-08 14:00:00,49334.78999999999
2050-01-08 15:00:00,47647.503000000004
2050-01-08 16:00:00,47688.335999999996
2050-01-08 17:00:00,47521.866
2050-01-08 18:00:00,47644.23299999999
2050-01-08 19:00:00,45665.301
2050-01-08 20:00:00,40947.066
2050-01-08 21:00:00,36968.829
2050-01-08 22:00:00,31957.052999999996
2050-01-08 23:00:00,29654.25
2050-01-09 00:00:00,27729.027
2050-01-09 01:00:00,26682.396
2050-01-09 02:00:00,25953.842999999997
2050-01-09 03:00:00,27049.098
2050-01-09 04:00:00,29788.091999999997
2050-01-09 05:00:00,39985.869
2050-01-09 06:00:00,48899.196
2050-01-09 07:00:00,49946.20799999999
2050-01-09 08:00:00,49888.632
2050-01-09 09:00:00,51736.41299999999
2050-01-09 10:00:00,55753.958999999995
2050-01-09 11:00:00,65451.054
2050-01-09 12:00:00,73074.19499999999
2050-01-09 13:00:00,73680.15
2050-01-09 14:00:00,72924.954
2050-01-09 15:00:00,66212.96399999999
2050-01-09 16:00:00,66453.942
2050-01-09 17:00:00,65826.501
2050-01-09 18:00:00,63593.606999999996
2050-01-09 19:00:00,56818.137
2050-01-09 20:00:00,53254.19699999999
2050-01-09 21:00:00,47520.935999999994
2050-01-09 22:00:00,43103.841
2050-01-09 23:00:00,41010.894
2050-01-10 00:00:00,37970.369999999995
2050-01-10 01:00:00,35796.674999999996
2050-01-10 02:00:00,33957.162
2050-01-10 03:00:00,33370.65
2050-01-10 04:00:00,35800.854
2050-01-10 05:00:00,43277.78999999999
2050-01-10 06:00:00,53731.619999999995
2050-01-10 07:00:00,60576.104999999996
2050-01-10 08:00:00,61988.13
2050-01-10 09:00:00,70218.978
2050-01-10 10:00:00,75921.936
2050-01-10 11:00:00,77386.785
2050-01-10 12:00:00,76964.871
2050-01-10 13:00:00,71305.503
2050-01-10 14:00:00,65274.833999999995
2050-01-10 15:00:00,55754.712
2050-01-10 16:00:00,53993.112
2050-01-10 17:00:00,52237.82399999999
2050-01-10 18:00:00,50271.207
2050-01-10 19:00:00,50142.32399999999
2050-01-10 20:00:00,46780.179
2050-01-10 21:00:00,43017.696
2050-01-10 22:00:00,37411.299
2050-01-10 23:00:00,34814.102999999996
2050-01-11 00:00:00,33051.072
2050-01-11 01:00:00,32527.466999999997
2050-01-11 02:00:00,33022.083
2050-01-11 03:00:00,31913.823
2050-01-11 04:00:00,32786.346
2050-01-11 05:00:00,35620.71
2050-01-11 06:00:00,38958.894
2050-01-11 07:00:00,40815.719999999994
2050-01-11 08:00:00,46576.712999999996
2050-01-11 09:00:00,55988.282999999996
2050-01-11 10:00:00,57119.268
2050-01-11 11:00:00,54427.962
2050-01-11 12:00:00,55285.92
2050-01-11 13:00:00,54056.952
2050-01-11 14:00:00,52542.957
2050-01-11 15:00:00,47271.91499999999
2050-01-11 16:00:00,45785.703
2050-01-11 17:00:00,44852.304
2050-01-11 18:00:00,43986.903
2050-01-11 19:00:00,43375.914
2050-01-11 20:00:00,41645.898
2050-01-11 21:00:00,39434.853
2050-01-11 22:00:00,35105.394
2050-01-11 23:00:00,33419.973
2050-01-12 00:00:00,30349.398
2050-01-12 01:00:00,28531.365
2050-01-12 02:00:00,28487.049
2050-01-12 03:00:00,29250.141
2050-01-12 04:00:00,29096.949
2050-01-12 05:00:00,29498.069999999996
2050-01-12 06:00:00,31154.448
2050-01-12 07:00:00,32757.939
2050-01-12 08:00:00,34180.497
2050-01-12 09:00:00,37818.363
2050-01-12 10:00:00,40926.876000000004
2050-01-12 11:00:00,45184.386
2050-01-12 12:00:00,42561.344999999994
2050-01-12 13:00:00,44339.337
2050-01-12 14:00:00,46570.719000000005
2050-01-12 15:00:00,45573.075
2050-01-12 16:00:00,42122.238
2050-01-12 17:00:00,43578.33
2050-01-12 18:00:00,41977.676999999996
2050-01-12 19:00:00,42629.981999999996
2050-01-12 20:00:00,43467.905999999995
2050-01-12 21:00:00,43322.433
2050-01-12 22:00:00,38288.682
2050-01-12 23:00:00,36356.159999999996
2050-01-13 00:00:00,36337.418999999994
2050-01-13 01:00:00,37060.557
2050-01-13 02:00:00,37184.403
2050-01-13 03:00:00,38345.631
2050-01-13 04:00:00,42640.560000000005
2050-01-13 05:00:00,51921.789
2050-01-13 06:00:00,55408.581
2050-01-13 07:00:00,57701.286
2050-01-13 08:00:00,60422.651999999995
2050-01-13 09:00:00,73149.81599999999
2050-01-13 10:00:00,75180.90599999999
2050-01-13 11:00:00,77961.219
2050-01-13 12:00:00,77904.06
2050-01-13 13:00:00,77506.116
2050-01-13 14:00:00,74354.592
2050-01-13 15:00:00,62181.669
2050-01-13 16:00:00,58218.864
2050-01-13 17:00:00,56138.95799999999
2050-01-13 18:00:00,57384.096
2050-01-13 19:00:00,53954.541
2050-01-13 20:00:00,46461.957
2050-01-13 21:00:00,40209.831
2050-01-13 22:00:00,36914.304
2050-01-13 23:00:00,36036.941999999995
2050-01-14 00:00:00,35936.358
2050-01-14 01:00:00,36065.481
2050-01-14 02:00:00,38153.1
2050-01-14 03:00:00,39428.117999999995
2050-01-14 04:00:00,41109.327
2050-01-14 05:00:00,45320.319
2050-01-14 06:00:00,52850.877
2050-01-14 07:00:00,54053.630999999994
2050-01-14 08:00:00,53555.916
2050-01-14 09:00:00,54059.549999999996
2050-01-14 10:00:00,55181.16299999999
2050-01-14 11:00:00,56889.171
2050-01-14 12:00:00,57550.932
2050-01-14 13:00:00,56416.476
2050-01-14 14:00:00,50572.875
2050-01-14 15:00:00,51147.147
2050-01-14 16:00:00,50202.075
2050-01-14 17:00:00,46756.98299999999
2050-01-14 18:00:00,45445.956
2050-01-14 19:00:00,42684.021
2050-01-14 20:00:00,40501.581
2050-01-14 21:00:00,38546.907
2050-01-14 22:00:00,34746.321
2050-01-14 23:00:00,32169.009
2050-01-15 00:00:00,31332.333
2050-01-15 01:00:00,31228.317
2050-01-15 02:00:00,31128.485999999997
2050-01-15 03:00:00,32657.682
2050-01-15 04:00:00,38061.465
2050-01-15 05:00:00,47970.189
2050-01-15 06:00:00,52168.437
2050-01-15 07:00:00,53797.761
2050-01-15 08:00:00,54406.557
2050-01-15 09:00:00,56044.640999999996
2050-01-15 10:00:00,56947.878000000004
2050-01-15 11:00:00,58302.267
2050-01-15 12:00:00,58190.046
2050-01-15 13:00:00,57326.117999999995
2050-01-15 14:00:00,55093.25399999999
2050-01-15 15:00:00,52165.725
2050-01-15 16:00:00,52109.564999999995
2050-01-15 17:00:00,51407.991
2050-01-15 18:00:00,51268.491
2050-01-15 19:00:00,51233.943
2050-01-15 20:00:00,50634.426
2050-01-15 21:00:00,49944.984
2050-01-15 22:00:00,47319.356999999996
2050-01-15 23:00:00,48796.32
2050-01-16 00:00:00,48588.198
2050-01-16 01:00:00,47765.637
2050-01-16 02:00:00,46460.882999999994
2050-01-16 03:00:00,45013.839
2050-01-16 04:00:00,48108.204
2050-01-16 05:00:00,50556.267
2050-01-16 06:00:00,51822.828
2050-01-16 07:00:00,53566.566
2050-01-16 08:00:00,54891.15
2050-01-16 09:00:00,57889.45799999999
2050-01-16 10:00:00,59613.45
2050-01-16 11:00:00,61169.20799999999
2050-01-16 12:00:00,61819.167
2050-01-16 13:00:00,60420.126000000004
2050-01-16 14:00:00,58703.535
2050-01-16 15:00:00,56787.248999999996
2050-01-16 16:00:00,56952.195
2050-01-16 17:00:00,56017.842000000004
2050-01-16 18:00:00,56123.967000000004
2050-01-16 19:00:00,56065.335
2050-01-16 20:00:00,54764.685000000005
2050-01-16 21:00:00,54929.478
2050-01-16 22:00:00,54035.564999999995
2050-01-16 23:00:00,50127.176999999996
2050-01-17 00:00:00,50659.134
2050-01-17 01:00:00,49983.045
2050-01-17 02:00:00,49688.79899999999
2050-01-17 03:00:00,49070.073
2050-01-17 04:00:00,50131.187999999995
2050-01-17 05:00:00,53672.094000000005
2050-01-17 06:00:00,56028.501000000004
2050-01-17 07:00:00,56576.421
2050-01-17 08:00:00,56869.11
2050-01-17 09:00:00,56839.02
2050-01-17 10:00:00,58540.007999999994
2050-01-17 11:00:00,61230.41099999999
2050-01-17 12:00:00,61350.519
2050-01-17 13:00:00,60202.623
2050-01-17 14:00:00,58047.384
2050-01-17 15:00:00,55167.207
2050-01-17 16:00:00,55867.469999999994
2050-01-17 17:00:00,55570.863
2050-01-17 18:00:00,54448.560000000005
2050-01-17 19:00:00,53702.139
2050-01-17 20:00:00,52489.692
2050-01-17 21:00:00,50992.185000000005
2050-01-17 22:00:00,50698.305
2050-01-17 23:00:00,49827.291
2050-01-18 00:00:00,49018.851
2050-01-18 01:00:00,48894.473999999995
2050-01-18 02:00:00,47736.744
2050-01-18 03:00:00,47082.195
2050-01-18 04:00:00,47685.515999999996
2050-01-18 05:00:00,49060.437
2050-01-18 06:00:00,51274.146
2050-01-18 07:00:00,53461.08
2050-01-18 08:00:00,54640.937999999995
2050-01-18 09:00:00,55704.387
2050-01-18 10:00:00,56755.83
2050-01-18 11:00:00,60280.431
2050-01-18 12:00:00,60102.87899999999
2050-01-18 13:00:00,58920.042
2050-01-18 14:00:00,56543.310000000005
2050-01-18 15:00:00,54721.092000000004
2050-01-18 16:00:00,54540.519
2050-01-18 17:00:00,55204.773
2050-01-18 18:00:00,55800.609
2050-01-18 19:00:00,55346.034
2050-01-18 20:00:00,53839.119
2050-01-18 21:00:00,53016.918
2050-01-18 22:00:00,51980.943
2050-01-18 23:00:00,49829.307
2050-01-19 00:00:00,48244.341
2050-01-19 01:00:00,46658.16299999999
2050-01-19 02:00:00,47110.208999999995
2050-01-19 03:00:00,46998.746999999996
2050-01-19 04:00:00,46941.444
2050-01-19 05:00:00,46177.476
2050-01-19 06:00:00,47407.317
2050-01-19 07:00:00,48151.551
2050-01-19 08:00:00,49013.901000000005
2050-01-19 09:00:00,50842.476
2050-01-19 10:00:00,53068.130999999994
2050-01-19 11:00:00,55393.206
2050-01-19 12:00:00,55258.395
2050-01-19 13:00:00,54149.231999999996
2050-01-19 14:00:00,52860.303
2050-01-19 15:00:00,52892.903999999995
2050-01-19 16:00:00,52558.428
2050-01-19 17:00:00,54085.866
2050-01-19 18:00:00,52975.494
2050-01-19 19:00:00,52283.319
2050-01-19 20:00:00,51131.76
2050-01-19 21:00:00,50051.223
2050-01-19 22:00:00,48791.189999999995
2050-01-19 23:00:00,49710.672
2050-01-20 00:00:00,49099.593
2050-01-20 01:00:00,49514.067
2050-01-20 02:00:00,49839.155999999995
2050-01-20 03:00:00,50078.85
2050-01-20 04:00:00,51411.819
2050-01-20 05:00:00,53405.577
2050-01-20 06:00:00,55992.429
2050-01-20 07:00:00,58052.937
2050-01-20 08:00:00,58790.043
2050-01-20 09:00:00,60167.94899999999
2050-01-20 10:00:00,60757.509
2050-01-20 11:00:00,61957.44899999999
2050-01-20 12:00:00,63415.460999999996
2050-01-20 13:00:00,63891.422999999995
2050-01-20 14:00:00,63290.841
2050-01-20 15:00:00,62344.041
2050-01-20 16:00:00,62586.753
2050-01-20 17:00:00,62381.87699999999
2050-01-20 18:00:00,63128.412
2050-01-20 19:00:00,63633.237
2050-01-20 20:00:00,63510.926999999996
2050-01-20 21:00:00,62882.676
2050-01-20 22:00:00,59894.721
2050-01-20 23:00:00,58444.128000000004
2050-01-21 00:00:00,56533.13999999999
2050-01-21 01:00:00,56333.769
2050-01-21 02:00:00,57379.215
2050-01-21 03:00:00,58776.867000000006
2050-01-21 04:00:00,61373.397
2050-01-21 05:00:00,63780.045
2050-01-21 06:00:00,64724.931
2050-01-21 07:00:00,64910.826
2050-01-21 08:00:00,65290.60799999999
2050-01-21 09:00:00,67369.52399999999
2050-01-21 10:00:00,68419.89
2050-01-21 11:00:00,68321.277
2050-01-21 12:00:00,67222.449
2050-01-21 13:00:00,65773.47899999999
2050-01-21 14:00:00,63944.352
2050-01-21 15:00:00,60561.09
2050-01-21 16:00:00,58666.023
2050-01-21 17:00:00,59282.469
2050-01-21 18:00:00,59606.223
2050-01-21 19:00:00,59222.094
2050-01-21 20:00:00,58513.992000000006
2050-01-21 21:00:00,57286.208999999995
2050-01-21 22:00:00,54568.707
2050-01-21 23:00:00,51329.205
2050-01-22 00:00:00,49622.955
2050-01-22 01:00:00,48815.651999999995
2050-01-22 02:00:00,47759.58
2050-01-22 03:00:00,48509.517
2050-01-22 04:00:00,50409.396
2050-01-22 05:00:00,53089.455
2050-01-22 06:00:00,54643.416
2050-01-22 07:00:00,54589.82399999999
2050-01-22 08:00:00,54789.135
2050-01-22 09:00:00,57600.42
2050-01-22 10:00:00,59189.7
2050-01-22 11:00:00,58675.251000000004
2050-01-22 12:00:00,58364.03999999999
2050-01-22 13:00:00,56477.361
2050-01-22 14:00:00,54285.782999999996
2050-01-22 15:00:00,52033.08
2050-01-22 16:00:00,50888.367000000006
2050-01-22 17:00:00,50166.984
2050-01-22 18:00:00,50182.82399999999
2050-01-22 19:00:00,47850.462
2050-01-22 20:00:00,43639.647
2050-01-22 21:00:00,41967.003000000004
2050-01-22 22:00:00,36882.111
2050-01-22 23:00:00,34932.522
2050-01-23 00:00:00,32404.914
2050-01-23 01:00:00,33201.333
2050-01-23 02:00:00,33123.890999999996
2050-01-23 03:00:00,35195.702999999994
2050-01-23 04:00:00,39121.866
2050-01-23 05:00:00,43611.942
2050-01-23 06:00:00,50857.371
2050-01-23 07:00:00,52351.871999999996
2050-01-23 08:00:00,53171.793
2050-01-23 09:00:00,55553.744999999995
2050-01-23 10:00:00,56877.135
2050-01-23 11:00:00,57797.394
2050-01-23 12:00:00,57277.284
2050-01-23 13:00:00,57653.139
2050-01-23 14:00:00,55075.542
2050-01-23 15:00:00,54365.979
2050-01-23 16:00:00,55270.473
2050-01-23 17:00:00,53054.442
2050-01-23 18:00:00,51582.642
2050-01-23 19:00:00,49977.9
2050-01-23 20:00:00,47858.91
2050-01-23 21:00:00,46195.704
2050-01-23 22:00:00,44317.57199999999
2050-01-23 23:00:00,41670.005999999994
2050-01-24 00:00:00,38816.532
2050-01-24 01:00:00,37011.452999999994
2050-01-24 02:00:00,37369.352999999996
2050-01-24 03:00:00,37423.568999999996
2050-01-24 04:00:00,38825.295
2050-01-24 05:00:00,42945.15
2050-01-24 06:00:00,47660.454
2050-01-24 07:00:00,50350.66499999999
2050-01-24 08:00:00,51151.151999999995
2050-01-24 09:00:00,51979.179
2050-01-24 10:00:00,51888.513
2050-01-24 11:00:00,51170.403
2050-01-24 12:00:00,50922.876000000004
2050-01-24 13:00:00,50653.38
2050-01-24 14:00:00,50698.569
2050-01-24 15:00:00,49951.761
2050-01-24 16:00:00,49831.566
2050-01-24 17:00:00,49491.984
2050-01-24 18:00:00,47743.428
2050-01-24 19:00:00,42701.466
2050-01-24 20:00:00,38553.992999999995
2050-01-24 21:00:00,34874.538
2050-01-24 22:00:00,31802.219999999998
2050-01-24 23:00:00,27129.251999999997
2050-01-25 00:00:00,24873.975
2050-01-25 01:00:00,22481.268
2050-01-25 02:00:00,22217.982
2050-01-25 03:00:00,20375.514
2050-01-25 04:00:00,20875.305
2050-01-25 05:00:00,21202.518
2050-01-25 06:00:00,21792.357
2050-01-25 07:00:00,23303.666999999998
2050-01-25 08:00:00,26593.488
2050-01-25 09:00:00,29787.506999999998
2050-01-25 10:00:00,32681.715
2050-01-25 11:00:00,36606.674999999996
2050-01-25 12:00:00,37428.515999999996
2050-01-25 13:00:00,40707.468
2050-01-25 14:00:00,41955.681
2050-01-25 15:00:00,37516.653
2050-01-25 16:00:00,35437.104
2050-01-25 17:00:00,35292.558
2050-01-25 18:00:00,34736.009999999995
2050-01-25 19:00:00,33696.369
2050-01-25 20:00:00,33209.592
2050-01-25 21:00:00,32617.433999999997
2050-01-25 22:00:00,31094.964
2050-01-25 23:00:00,27491.967
2050-01-26 00:00:00,25435.74
2050-01-26 01:00:00,24432.363
2050-01-26 02:00:00,23728.461
2050-01-26 03:00:00,22896.518999999997
2050-01-26 04:00:00,22651.559999999998
2050-01-26 05:00:00,24227.168999999998
2050-01-26 06:00:00,27938.85
2050-01-26 07:00:00,31163.439
2050-01-26 08:00:00,34905.825
2050-01-26 09:00:00,44522.95799999999
2050-01-26 10:00:00,54377.231999999996
2050-01-26 11:00:00,61488.609
2050-01-26 12:00:00,61717.064999999995
2050-01-26 13:00:00,55798.130999999994
2050-01-26 14:00:00,51442.806
2050-01-26 15:00:00,50010.801
2050-01-26 16:00:00,49715.739
2050-01-26 17:00:00,50436.632999999994
2050-01-26 18:00:00,48830.889
2050-01-26 19:00:00,47036.046
2050-01-26 20:00:00,45688.335
2050-01-26 21:00:00,44785.67399999999
2050-01-26 22:00:00,43110.021
2050-01-26 23:00:00,40626.140999999996
2050-01-27 00:00:00,39132.288
2050-01-27 01:00:00,40424.319
2050-01-27 02:00:00,41468.451
2050-01-27 03:00:00,42913.893
2050-01-27 04:00:00,45236.20799999999
2050-01-27 05:00:00,46995.096
2050-01-27 06:00:00,47755.914
2050-01-27 07:00:00,47936.559
2050-01-27 08:00:00,49728.132
2050-01-27 09:00:00,57730.005
2050-01-27 10:00:00,63752.97899999999
2050-01-27 11:00:00,67125.64499999999
2050-01-27 12:00:00,67733.682
2050-01-27 13:00:00,63771.314999999995
2050-01-27 14:00:00,62855.117999999995
2050-01-27 15:00:00,55988.613
2050-01-27 16:00:00,47009.397
2050-01-27 17:00:00,45263.241
2050-01-27 18:00:00,44711.295
2050-01-27 19:00:00,43118.969999999994
2050-01-27 20:00:00,42008.271
2050-01-27 21:00:00,41020.575
2050-01-27 22:00:00,39074.829
2050-01-27 23:00:00,38912.721
2050-01-28 00:00:00,40176.873
2050-01-28 01:00:00,41452.251000000004
2050-01-28 02:00:00,40393.365
2050-01-28 03:00:00,38299.62899999999
2050-01-28 04:00:00,38625.335999999996
2050-01-28 05:00:00,42091.047
2050-01-28 06:00:00,48514.734
2050-01-28 07:00:00,50394.918
2050-01-28 08:00:00,52341.828
2050-01-28 09:00:00,58267.098
2050-01-28 10:00:00,63138.285
2050-01-28 11:00:00,62608.63799999999
2050-01-28 12:00:00,59608.269
2050-01-28 13:00:00,56104.842000000004
2050-01-28 14:00:00,53603.231999999996
2050-01-28 15:00:00,52002.762
2050-01-28 16:00:00,51222.746999999996
2050-01-28 17:00:00,51893.901000000005
2050-01-28 18:00:00,51162.363
2050-01-28 19:00:00,49167.87899999999
2050-01-28 20:00:00,45997.809
2050-01-28 21:00:00,42242.892
2050-01-28 22:00:00,40204.51499999999
2050-01-28 23:00:00,38687.907
2050-01-29 00:00:00,38279.873999999996
2050-01-29 01:00:00,38939.403
2050-01-29 02:00:00,38516.325
2050-01-29 03:00:00,40258.130999999994
2050-01-29 04:00:00,42082.785
2050-01-29 05:00:00,45818.373
2050-01-29 06:00:00,50991.681
2050-01-29 07:00:00,53028.798
2050-01-29 08:00:00,53054.964
2050-01-29 09:00:00,54334.272
2050-01-29 10:00:00,54991.614
2050-01-29 11:00:00,55272.399
2050-01-29 12:00:00,52867.28999999999
2050-01-29 13:00:00,54105.992999999995
2050-01-29 14:00:00,53534.361
2050-01-29 15:00:00,52361.067
2050-01-29 16:00:00,48168.551999999996
2050-01-29 17:00:00,45121.416
2050-01-29 18:00:00,44082.669
2050-01-29 19:00:00,41829.278999999995
2050-01-29 20:00:00,37201.182
2050-01-29 21:00:00,34085.718
2050-01-29 22:00:00,29610.449999999997
2050-01-29 23:00:00,30460.173
2050-01-30 00:00:00,30170.298
2050-01-30 01:00:00,30136.722
2050-01-30 02:00:00,30089.256
2050-01-30 03:00:00,31453.284
2050-01-30 04:00:00,35266.316999999995
2050-01-30 05:00:00,41160.905999999995
2050-01-30 06:00:00,49967.153999999995
2050-01-30 07:00:00,53222.682
2050-01-30 08:00:00,52871.547
2050-01-30 09:00:00,54525.537000000004
2050-01-30 10:00:00,57083.63999999999
2050-01-30 11:00:00,59989.75199999999
2050-01-30 12:00:00,60839.385
2050-01-30 13:00:00,60681.246
2050-01-30 14:00:00,61390.721999999994
2050-01-30 15:00:00,60836.558999999994
2050-01-30 16:00:00,56709.212999999996
2050-01-30 17:00:00,56251.187999999995
2050-01-30 18:00:00,54812.889
2050-01-30 19:00:00,55118.268
2050-01-30 20:00:00,52545.294
2050-01-30 21:00:00,47058.969000000005
2050-01-30 22:00:00,42262.986
2050-01-30 23:00:00,41215.53
2050-01-31 00:00:00,41581.401000000005
2050-01-31 01:00:00,40628.553
2050-01-31 02:00:00,39533.946
2050-01-31 03:00:00,40357.377
2050-01-31 04:00:00,42918.09
2050-01-31 05:00:00,47948.442
2050-01-31 06:00:00,54043.526999999995
2050-01-31 07:00:00,54992.028
2050-01-31 08:00:00,57720.437999999995
2050-01-31 09:00:00,61872.10799999999
2050-01-31 10:00:00,67201.69499999999
2050-01-31 11:00:00,68046.051
2050-01-31 12:00:00,68899.377
2050-01-31 13:00:00,68121.096
2050-01-31 14:00:00,68001.12
2050-01-31 15:00:00,56769.021
2050-01-31 16:00:00,51436.176
2050-01-31 17:00:00,51093.678
2050-01-31 18:00:00,50702.898
2050-01-31 19:00:00,49935.735
2050-01-31 20:00:00,49406.301
2050-01-31 21:00:00,48167.532
2050-01-31 22:00:00,43768.005
2050-01-31 23:00:00,40755.273
2050-02-01 00:00:00,38849.225999999995
2050-02-01 01:00:00,38616.0
2050-02-01 02:00:00,38301.099
2050-02-01 03:00:00,37946.253
2050-02-01 04:00:00,38113.119
2050-02-01 05:00:00,39107.037
2050-02-01 06:00:00,42636.998999999996
2050-02-01 07:00:00,44423.898
2050-02-01 08:00:00,51951.639
2050-02-01 09:00:00,63469.977
2050-02-01 10:00:00,63559.66499999999
2050-02-01 11:00:00,65507.634
2050-02-01 12:00:00,65263.17
2050-02-01 13:00:00,64204.971
2050-02-01 14:00:00,61733.53799999999
2050-02-01 15:00:00,57698.592000000004
2050-02-01 16:00:00,47266.737
2050-02-01 17:00:00,47654.667
2050-02-01 18:00:00,47465.34
2050-02-01 19:00:00,47919.759
2050-02-01 20:00:00,47196.816
2050-02-01 21:00:00,45262.265999999996
2050-02-01 22:00:00,41879.079
2050-02-01 23:00:00,42036.998999999996
2050-02-02 00:00:00,39142.929
2050-02-02 01:00:00,37264.413
2050-02-02 02:00:00,35785.100999999995
2050-02-02 03:00:00,35434.392
2050-02-02 04:00:00,36098.091
2050-02-02 05:00:00,37468.854
2050-02-02 06:00:00,39073.272
2050-02-02 07:00:00,40612.512
2050-02-02 08:00:00,55518.846
2050-02-02 09:00:00,67134.186
2050-02-02 10:00:00,74001.255
2050-02-02 11:00:00,71322.855
2050-02-02 12:00:00,67668.984
2050-02-02 13:00:00,64217.558999999994
2050-02-02 14:00:00,60457.26
2050-02-02 15:00:00,56412.045
2050-02-02 16:00:00,49451.013
2050-02-02 17:00:00,50228.051999999996
2050-02-02 18:00:00,50925.705
2050-02-02 19:00:00,50762.859
2050-02-02 20:00:00,50495.865
2050-02-02 21:00:00,50192.403
2050-02-02 22:00:00,43263.70799999999
2050-02-02 23:00:00,41260.617000000006
2050-02-03 00:00:00,41686.746
2050-02-03 01:00:00,42732.473999999995
2050-02-03 02:00:00,43082.022
2050-02-03 03:00:00,42708.669
2050-02-03 04:00:00,45548.994
2050-02-03 05:00:00,52032.971999999994
2050-02-03 06:00:00,53988.596999999994
2050-02-03 07:00:00,55143.102
2050-02-03 08:00:00,66640.023
2050-02-03 09:00:00,76139.667
2050-02-03 10:00:00,79568.26199999999
2050-02-03 11:00:00,76986.516
2050-02-03 12:00:00,76292.268
2050-02-03 13:00:00,74683.995
2050-02-03 14:00:00,72243.864
2050-02-03 15:00:00,66560.553
2050-02-03 16:00:00,57106.695
2050-02-03 17:00:00,57619.532999999996
2050-02-03 18:00:00,57465.689999999995
2050-02-03 19:00:00,57270.489
2050-02-03 20:00:00,57226.536
2050-02-03 21:00:00,55477.191
2050-02-03 22:00:00,50114.139
2050-02-03 23:00:00,47988.78
2050-02-04 00:00:00,44569.182
2050-02-04 01:00:00,44387.706
2050-02-04 02:00:00,45388.011
2050-02-04 03:00:00,47643.140999999996
2050-02-04 04:00:00,51687.23099999999
2050-02-04 05:00:00,58541.886
2050-02-04 06:00:00,61047.515999999996
2050-02-04 07:00:00,63700.476
2050-02-04 08:00:00,65540.142
2050-02-04 09:00:00,66570.216
2050-02-04 10:00:00,65869.953
2050-02-04 11:00:00,66659.799
2050-02-04 12:00:00,67282.62299999999
2050-02-04 13:00:00,68994.837
2050-02-04 14:00:00,67568.451
2050-02-04 15:00:00,67708.38299999999
2050-02-04 16:00:00,67087.458
2050-02-04 17:00:00,66279.549
2050-02-04 18:00:00,66600.53099999999
2050-02-04 19:00:00,63806.996999999996
2050-02-04 20:00:00,57896.712
2050-02-04 21:00:00,53746.77
2050-02-04 22:00:00,50978.763
2050-02-04 23:00:00,48280.13999999999
2050-02-05 00:00:00,46883.748
2050-02-05 01:00:00,45189.99
2050-02-05 02:00:00,42487.958999999995
2050-02-05 03:00:00,42008.409
2050-02-05 04:00:00,43373.916
2050-02-05 05:00:00,47772.96
2050-02-05 06:00:00,53381.25
2050-02-05 07:00:00,52739.907
2050-02-05 08:00:00,53977.017
2050-02-05 09:00:00,58392.378000000004
2050-02-05 10:00:00,62914.973999999995
2050-02-05 11:00:00,66234.291
2050-02-05 12:00:00,69144.576
2050-02-05 13:00:00,67124.796
2050-02-05 14:00:00,63229.794
2050-02-05 15:00:00,58112.736
2050-02-05 16:00:00,52918.280999999995
2050-02-05 17:00:00,51483.672
2050-02-05 18:00:00,50944.428
2050-02-05 19:00:00,50555.193
2050-02-05 20:00:00,50100.534
2050-02-05 21:00:00,48769.68
2050-02-05 22:00:00,46509.375
2050-02-05 23:00:00,46324.275
2050-02-06 00:00:00,46179.458999999995
2050-02-06 01:00:00,46222.721999999994
2050-02-06 02:00:00,47034.248999999996
2050-02-06 03:00:00,48017.775
2050-02-06 04:00:00,48848.223
2050-02-06 05:00:00,51650.307
2050-02-06 06:00:00,53312.217000000004
2050-02-06 07:00:00,54740.75399999999
2050-02-06 08:00:00,57009.636
2050-02-06 09:00:00,61676.382
2050-02-06 10:00:00,66279.87
2050-02-06 11:00:00,72077.046
2050-02-06 12:00:00,73814.655
2050-02-06 13:00:00,73245.357
2050-02-06 14:00:00,76356.80399999999
2050-02-06 15:00:00,71646.294
2050-02-06 16:00:00,63873.29699999999
2050-02-06 17:00:00,63246.687
2050-02-06 18:00:00,64259.373
2050-02-06 19:00:00,64472.685
2050-02-06 20:00:00,59822.262
2050-02-06 21:00:00,55209.411
2050-02-06 22:00:00,49366.17
2050-02-06 23:00:00,43788.423
2050-02-07 00:00:00,42845.931
2050-02-07 01:00:00,45842.448
2050-02-07 02:00:00,48353.046
2050-02-07 03:00:00,49288.578
2050-02-07 04:00:00,51633.912000000004
2050-02-07 05:00:00,55747.212
2050-02-07 06:00:00,59159.739
2050-02-07 07:00:00,60396.471
2050-02-07 08:00:00,63241.215
2050-02-07 09:00:00,65345.25
2050-02-07 10:00:00,66907.52399999999
2050-02-07 11:00:00,70042.13399999999
2050-02-07 12:00:00,70405.371
2050-02-07 13:00:00,66989.742
2050-02-07 14:00:00,65795.796
2050-02-07 15:00:00,63553.013999999996
2050-02-07 16:00:00,62249.27399999999
2050-02-07 17:00:00,60932.564999999995
2050-02-07 18:00:00,59588.511
2050-02-07 19:00:00,56703.966
2050-02-07 20:00:00,53871.684
2050-02-07 21:00:00,52235.606999999996
2050-02-07 22:00:00,49632.744
2050-02-07 23:00:00,46760.898
2050-02-08 00:00:00,43960.062
2050-02-08 01:00:00,42358.671
2050-02-08 02:00:00,42056.751000000004
2050-02-08 03:00:00,41995.25399999999
2050-02-08 04:00:00,43526.867999999995
2050-02-08 05:00:00,44668.064999999995
2050-02-08 06:00:00,47295.975
2050-02-08 07:00:00,48435.843
2050-02-08 08:00:00,50791.778999999995
2050-02-08 09:00:00,50808.587999999996
2050-02-08 10:00:00,51989.837999999996
2050-02-08 11:00:00,52895.418
2050-02-08 12:00:00,52343.594999999994
2050-02-08 13:00:00,50348.994
2050-02-08 14:00:00,50219.295
2050-02-08 15:00:00,50688.705
2050-02-08 16:00:00,49384.875
2050-02-08 17:00:00,48518.210999999996
2050-02-08 18:00:00,47509.640999999996
2050-02-08 19:00:00,47103.42
2050-02-08 20:00:00,45780.954
2050-02-08 21:00:00,45283.842000000004
2050-02-08 22:00:00,43282.83299999999
2050-02-08 23:00:00,36203.256
2050-02-09 00:00:00,32998.719
2050-02-09 01:00:00,31581.066
2050-02-09 02:00:00,29568.072
2050-02-09 03:00:00,28633.572
2050-02-09 04:00:00,29275.217999999997
2050-02-09 05:00:00,29759.064
2050-02-09 06:00:00,31879.628999999997
2050-02-09 07:00:00,33303.344999999994
2050-02-09 08:00:00,36842.867999999995
2050-02-09 09:00:00,42869.549999999996
2050-02-09 10:00:00,48788.390999999996
2050-02-09 11:00:00,51117.905999999995
2050-02-09 12:00:00,54465.984
2050-02-09 13:00:00,53482.248
2050-02-09 14:00:00,51832.901999999995
2050-02-09 15:00:00,52004.994
2050-02-09 16:00:00,47667.33299999999
2050-02-09 17:00:00,48377.484
2050-02-09 18:00:00,47567.369999999995
2050-02-09 19:00:00,47598.678
2050-02-09 20:00:00,47397.942
2050-02-09 21:00:00,47164.776000000005
2050-02-09 22:00:00,45341.448
2050-02-09 23:00:00,42643.236
2050-02-10 00:00:00,41831.355
2050-02-10 01:00:00,40953.546
2050-02-10 02:00:00,41794.32
2050-02-10 03:00:00,43858.71
2050-02-10 04:00:00,48138.969000000005
2050-02-10 05:00:00,53016.6
2050-02-10 06:00:00,58111.605
2050-02-10 07:00:00,59486.895
2050-02-10 08:00:00,61401.524999999994
2050-02-10 09:00:00,63767.475
2050-02-10 10:00:00,64941.248999999996
2050-02-10 11:00:00,64958.361
2050-02-10 12:00:00,63938.994
2050-02-10 13:00:00,63562.671
2050-02-10 14:00:00,61296.771
2050-02-10 15:00:00,59277.458999999995
2050-02-10 16:00:00,57278.981999999996
2050-02-10 17:00:00,56911.848
2050-02-10 18:00:00,55680.153
2050-02-10 19:00:00,54169.460999999996
2050-02-10 20:00:00,52170.576
2050-02-10 21:00:00,48459.755999999994
2050-02-10 22:00:00,46137.795
2050-02-10 23:00:00,45025.505999999994
2050-02-11 00:00:00,43709.763
2050-02-11 01:00:00,42419.007
2050-02-11 02:00:00,41827.869
2050-02-11 03:00:00,41809.377
2050-02-11 04:00:00,43347.102
2050-02-11 05:00:00,46907.397
2050-02-11 06:00:00,54196.07399999999
2050-02-11 07:00:00,57788.562
2050-02-11 08:00:00,60487.706999999995
2050-02-11 09:00:00,60429.369
2050-02-11 10:00:00,60449.028
2050-02-11 11:00:00,60557.657999999996
2050-02-11 12:00:00,59759.532
2050-02-11 13:00:00,58438.047
2050-02-11 14:00:00,57153.669
2050-02-11 15:00:00,55026.945
2050-02-11 16:00:00,53908.62899999999
2050-02-11 17:00:00,52588.785
2050-02-11 18:00:00,51505.032
2050-02-11 19:00:00,49027.62899999999
2050-02-11 20:00:00,46992.78
2050-02-11 21:00:00,42236.892
2050-02-11 22:00:00,37620.483
2050-02-11 23:00:00,36502.011
2050-02-12 00:00:00,35801.94
2050-02-12 01:00:00,34180.373999999996
2050-02-12 02:00:00,33540.102
2050-02-12 03:00:00,33920.799
2050-02-12 04:00:00,36702.36
2050-02-12 05:00:00,42751.695
2050-02-12 06:00:00,46665.411
2050-02-12 07:00:00,47930.426999999996
2050-02-12 08:00:00,48659.67
2050-02-12 09:00:00,52151.214
2050-02-12 10:00:00,54339.867000000006
2050-02-12 11:00:00,55989.710999999996
2050-02-12 12:00:00,56813.217000000004
2050-02-12 13:00:00,54674.310000000005
2050-02-12 14:00:00,52852.02
2050-02-12 15:00:00,51434.42399999999
2050-02-12 16:00:00,50029.539
2050-02-12 17:00:00,50081.246999999996
2050-02-12 18:00:00,49124.132999999994
2050-02-12 19:00:00,48876.273
2050-02-12 20:00:00,48950.262
2050-02-12 21:00:00,48395.060999999994
2050-02-12 22:00:00,47037.962999999996
2050-02-12 23:00:00,45204.375
2050-02-13 00:00:00,45843.342000000004
2050-02-13 01:00:00,47140.011
2050-02-13 02:00:00,48211.728
2050-02-13 03:00:00,49091.507999999994
2050-02-13 04:00:00,50542.992000000006
2050-02-13 05:00:00,55885.566
2050-02-13 06:00:00,59699.817
2050-02-13 07:00:00,60171.744
2050-02-13 08:00:00,60945.335999999996
2050-02-13 09:00:00,61717.835999999996
2050-02-13 10:00:00,64291.505999999994
2050-02-13 11:00:00,67063.146
2050-02-13 12:00:00,65255.994
2050-02-13 13:00:00,63733.272
2050-02-13 14:00:00,63808.869
2050-02-13 15:00:00,60338.037
2050-02-13 16:00:00,56073.987
2050-02-13 17:00:00,53452.365
2050-02-13 18:00:00,51606.303
2050-02-13 19:00:00,49324.371
2050-02-13 20:00:00,47647.29899999999
2050-02-13 21:00:00,46319.996999999996
2050-02-13 22:00:00,43373.69699999999
2050-02-13 23:00:00,42581.712
2050-02-14 00:00:00,42487.359
2050-02-14 01:00:00,42064.416
2050-02-14 02:00:00,41856.07199999999
2050-02-14 03:00:00,42499.248
2050-02-14 04:00:00,43540.371
2050-02-14 05:00:00,46686.546
2050-02-14 06:00:00,48463.221
2050-02-14 07:00:00,49480.505999999994
2050-02-14 08:00:00,53877.429
2050-02-14 09:00:00,60954.444
2050-02-14 10:00:00,64399.03799999999
2050-02-14 11:00:00,65885.667
2050-02-14 12:00:00,62058.956999999995
2050-02-14 13:00:00,57943.998
2050-02-14 14:00:00,54846.594000000005
2050-02-14 15:00:00,52737.09
2050-02-14 16:00:00,48989.517
2050-02-14 17:00:00,48723.666
2050-02-14 18:00:00,49411.647
2050-02-14 19:00:00,48732.237
2050-02-14 20:00:00,47706.792
2050-02-14 21:00:00,47641.725
2050-02-14 22:00:00,46830.882
2050-02-14 23:00:00,45103.752
2050-02-15 00:00:00,43112.67
2050-02-15 01:00:00,42116.630999999994
2050-02-15 02:00:00,42390.585
2050-02-15 03:00:00,42229.803
2050-02-15 04:00:00,42433.57199999999
2050-02-15 05:00:00,43483.398
2050-02-15 06:00:00,45489.636
2050-02-15 07:00:00,48176.85
2050-02-15 08:00:00,52278.513
2050-02-15 09:00:00,56399.142
2050-02-15 10:00:00,60163.278
2050-02-15 11:00:00,61064.867999999995
2050-02-15 12:00:00,59266.068
2050-02-15 13:00:00,56737.431
2050-02-15 14:00:00,53697.417
2050-02-15 15:00:00,51556.187999999995
2050-02-15 16:00:00,49075.932
2050-02-15 17:00:00,48727.02
2050-02-15 18:00:00,48859.569
2050-02-15 19:00:00,48557.721
2050-02-15 20:00:00,47296.353
2050-02-15 21:00:00,45619.623
2050-02-15 22:00:00,43782.185999999994
2050-02-15 23:00:00,43825.725
2050-02-16 00:00:00,42126.918
2050-02-16 01:00:00,40180.86
2050-02-16 02:00:00,39150.816
2050-02-16 03:00:00,39987.693
2050-02-16 04:00:00,39346.179
2050-02-16 05:00:00,40877.706
2050-02-16 06:00:00,43962.819
2050-02-16 07:00:00,47491.962
2050-02-16 08:00:00,55946.616
2050-02-16 09:00:00,64896.437999999995
2050-02-16 10:00:00,72031.78199999999
2050-02-16 11:00:00,78531.912
2050-02-16 12:00:00,81235.82999999999
2050-02-16 13:00:00,79766.80799999999
2050-02-16 14:00:00,77405.262
2050-02-16 15:00:00,73954.011
2050-02-16 16:00:00,64631.58
2050-02-16 17:00:00,59063.867999999995
2050-02-16 18:00:00,58924.323
2050-02-16 19:00:00,58122.632999999994
2050-02-16 20:00:00,57848.07
2050-02-16 21:00:00,55686.426
2050-02-16 22:00:00,50338.434
2050-02-16 23:00:00,46531.818
2050-02-17 00:00:00,45618.935999999994
2050-02-17 01:00:00,45191.369999999995
2050-02-17 02:00:00,44716.854
2050-02-17 03:00:00,45892.032
2050-02-17 04:00:00,46814.112
2050-02-17 05:00:00,50623.509
2050-02-17 06:00:00,51804.219000000005
2050-02-17 07:00:00,55225.542
2050-02-17 08:00:00,71634.699
2050-02-17 09:00:00,80299.56599999999
2050-02-17 10:00:00,83687.74500000001
2050-02-17 11:00:00,84509.454
2050-02-17 12:00:00,82059.432
2050-02-17 13:00:00,79874.43299999999
2050-02-17 14:00:00,75837.516
2050-02-17 15:00:00,68257.5
2050-02-17 16:00:00,57048.212999999996
2050-02-17 17:00:00,51986.405999999995
2050-02-17 18:00:00,52259.841
2050-02-17 19:00:00,53227.278
2050-02-17 20:00:00,53881.011
2050-02-17 21:00:00,53103.957
2050-02-17 22:00:00,52202.934
2050-02-17 23:00:00,50609.996999999996
2050-02-18 00:00:00,47536.59
2050-02-18 01:00:00,47571.23099999999
2050-02-18 02:00:00,47281.437
2050-02-18 03:00:00,49436.528999999995
2050-02-18 04:00:00,52186.67399999999
2050-02-18 05:00:00,55859.172
2050-02-18 06:00:00,57272.46
2050-02-18 07:00:00,59851.551
2050-02-18 08:00:00,70959.882
2050-02-18 09:00:00,75695.79299999999
2050-02-18 10:00:00,76255.677
2050-02-18 11:00:00,78878.634
2050-02-18 12:00:00,79753.206
2050-02-18 13:00:00,79110.67199999999
2050-02-18 14:00:00,78628.698
2050-02-18 15:00:00,75044.901
2050-02-18 16:00:00,70682.47499999999
2050-02-18 17:00:00,65935.485
2050-02-18 18:00:00,65322.057
2050-02-18 19:00:00,64371.242999999995
2050-02-18 20:00:00,59182.36499999999
2050-02-18 21:00:00,51623.928
2050-02-18 22:00:00,45882.314999999995
2050-02-18 23:00:00,44151.21
2050-02-19 00:00:00,43842.363
2050-02-19 01:00:00,44747.916
2050-02-19 02:00:00,45373.179
2050-02-19 03:00:00,45522.939
2050-02-19 04:00:00,46795.869
2050-02-19 05:00:00,51750.414
2050-02-19 06:00:00,56486.142
2050-02-19 07:00:00,60440.112
2050-02-19 08:00:00,68930.019
2050-02-19 09:00:00,70266.32699999999
2050-02-19 10:00:00,73775.478
2050-02-19 11:00:00,71226.717
2050-02-19 12:00:00,69974.667
2050-02-19 13:00:00,71866.809
2050-02-19 14:00:00,64116.135
2050-02-19 15:00:00,57160.856999999996
2050-02-19 16:00:00,52475.058
2050-02-19 17:00:00,47902.851
2050-02-19 18:00:00,48623.484
2050-02-19 19:00:00,47057.718
2050-02-19 20:00:00,42151.428
2050-02-19 21:00:00,39115.428
2050-02-19 22:00:00,35293.193999999996
2050-02-19 23:00:00,31612.914
2050-02-20 00:00:00,29099.865
2050-02-20 01:00:00,27854.904
2050-02-20 02:00:00,26718.333
2050-02-20 03:00:00,26441.933999999997
2050-02-20 04:00:00,29442.560999999998
2050-02-20 05:00:00,33966.474
2050-02-20 06:00:00,38367.719999999994
2050-02-20 07:00:00,39999.627
2050-02-20 08:00:00,44286.648
2050-02-20 09:00:00,47899.119
2050-02-20 10:00:00,52122.564
2050-02-20 11:00:00,57843.776999999995
2050-02-20 12:00:00,57417.366
2050-02-20 13:00:00,53363.604
2050-02-20 14:00:00,49347.054
2050-02-20 15:00:00,47527.827
2050-02-20 16:00:00,46780.814999999995
2050-02-20 17:00:00,45872.244
2050-02-20 18:00:00,46266.38999999999
2050-02-20 19:00:00,45145.818
2050-02-20 20:00:00,42692.210999999996
2050-02-20 21:00:00,41975.214
2050-02-20 22:00:00,39578.778
2050-02-20 23:00:00,37959.645
2050-02-21 00:00:00,35308.224
2050-02-21 01:00:00,31748.699999999997
2050-02-21 02:00:00,29791.119
2050-02-21 03:00:00,28936.191
2050-02-21 04:00:00,30265.268999999997
2050-02-21 05:00:00,33525.768
2050-02-21 06:00:00,35729.276999999995
2050-02-21 07:00:00,37473.714
2050-02-21 08:00:00,44775.890999999996
2050-02-21 09:00:00,55245.057
2050-02-21 10:00:00,63476.939999999995
2050-02-21 11:00:00,70355.92199999999
2050-02-21 12:00:00,70508.625
2050-02-21 13:00:00,65028.38999999999
2050-02-21 14:00:00,55642.407
2050-02-21 15:00:00,48486.168
2050-02-21 16:00:00,42627.942
2050-02-21 17:00:00,40006.215
2050-02-21 18:00:00,38382.96
2050-02-21 19:00:00,38150.988
2050-02-21 20:00:00,36552.168
2050-02-21 21:00:00,33682.53
2050-02-21 22:00:00,31440.0
2050-02-21 23:00:00,28247.421000000002
2050-02-22 00:00:00,27061.62
2050-02-22 01:00:00,27301.257
2050-02-22 02:00:00,28068.002999999997
2050-02-22 03:00:00,28284.549
2050-02-22 04:00:00,28452.516
2050-02-22 05:00:00,29263.416
2050-02-22 06:00:00,30562.908
2050-02-22 07:00:00,32064.950999999997
2050-02-22 08:00:00,35804.985
2050-02-22 09:00:00,38375.496
2050-02-22 10:00:00,39640.164
2050-02-22 11:00:00,39950.898
2050-02-22 12:00:00,39429.627
2050-02-22 13:00:00,36151.839
2050-02-22 14:00:00,32293.83
2050-02-22 15:00:00,33359.568
2050-02-22 16:00:00,33482.225999999995
2050-02-22 17:00:00,34438.125
2050-02-22 18:00:00,35482.106999999996
2050-02-22 19:00:00,34937.174999999996
2050-02-22 20:00:00,33345.792
2050-02-22 21:00:00,32921.975999999995
2050-02-22 22:00:00,29718.023999999998
2050-02-22 23:00:00,26165.748
2050-02-23 00:00:00,25071.780000000002
2050-02-23 01:00:00,24422.435999999998
2050-02-23 02:00:00,24472.764
2050-02-23 03:00:00,23478.348
2050-02-23 04:00:00,23454.048
2050-02-23 05:00:00,24372.308999999997
2050-02-23 06:00:00,27588.072
2050-02-23 07:00:00,29714.825999999997
2050-02-23 08:00:00,33341.772
2050-02-23 09:00:00,40554.978
2050-02-23 10:00:00,52748.769
2050-02-23 11:00:00,66047.481
2050-02-23 12:00:00,72496.575
2050-02-23 13:00:00,71218.044
2050-02-23 14:00:00,62603.037
2050-02-23 15:00:00,52565.328
2050-02-23 16:00:00,44006.4
2050-02-23 17:00:00,39012.195
2050-02-23 18:00:00,38506.002
2050-02-23 19:00:00,38667.96
2050-02-23 20:00:00,38473.776
2050-02-23 21:00:00,38958.519
2050-02-23 22:00:00,38774.268
2050-02-23 23:00:00,37579.089
2050-02-24 00:00:00,37755.327
2050-02-24 01:00:00,38332.716
2050-02-24 02:00:00,38217.534
2050-02-24 03:00:00,38541.864
2050-02-24 04:00:00,39016.296
2050-02-24 05:00:00,40647.195
2050-02-24 06:00:00,43546.707
2050-02-24 07:00:00,46634.985
2050-02-24 08:00:00,49984.173
2050-02-24 09:00:00,52082.1
2050-02-24 10:00:00,54662.523
2050-02-24 11:00:00,54411.261
2050-02-24 12:00:00,53075.409
2050-02-24 13:00:00,50387.268
2050-02-24 14:00:00,51484.689
2050-02-24 15:00:00,51152.343
2050-02-24 16:00:00,51461.991
2050-02-24 17:00:00,50391.344999999994
2050-02-24 18:00:00,48733.113
2050-02-24 19:00:00,47292.38999999999
2050-02-24 20:00:00,44968.155
2050-02-24 21:00:00,41727.812999999995
2050-02-24 22:00:00,38023.521
2050-02-24 23:00:00,34799.901
2050-02-25 00:00:00,33009.366
2050-02-25 01:00:00,31664.114999999998
2050-02-25 02:00:00,30841.83
2050-02-25 03:00:00,30284.106
2050-02-25 04:00:00,33802.799999999996
2050-02-25 05:00:00,42101.793
2050-02-25 06:00:00,44624.91
2050-02-25 07:00:00,46216.689
2050-02-25 08:00:00,48719.139
2050-02-25 09:00:00,54485.364
2050-02-25 10:00:00,56578.578
2050-02-25 11:00:00,56157.693
2050-02-25 12:00:00,56060.721
2050-02-25 13:00:00,53695.623
2050-02-25 14:00:00,50236.41299999999
2050-02-25 15:00:00,47986.95
2050-02-25 16:00:00,45301.218
2050-02-25 17:00:00,44430.162000000004
2050-02-25 18:00:00,44073.674999999996
2050-02-25 19:00:00,44016.437999999995
2050-02-25 20:00:00,43984.554
2050-02-25 21:00:00,42997.827
2050-02-25 22:00:00,41847.155999999995
2050-02-25 23:00:00,41115.873
2050-02-26 00:00:00,40946.939999999995
2050-02-26 01:00:00,41436.423
2050-02-26 02:00:00,42348.873
2050-02-26 03:00:00,42191.448
2050-02-26 04:00:00,41601.909
2050-02-26 05:00:00,42426.453
2050-02-26 06:00:00,43441.937999999995
2050-02-26 07:00:00,45682.956
2050-02-26 08:00:00,53888.00399999999
2050-02-26 09:00:00,62230.03799999999
2050-02-26 10:00:00,69708.828
2050-02-26 11:00:00,74457.528
2050-02-26 12:00:00,73279.392
2050-02-26 13:00:00,69701.43299999999
2050-02-26 14:00:00,69446.20199999999
2050-02-26 15:00:00,63665.409
2050-02-26 16:00:00,59587.926
2050-02-26 17:00:00,57405.335999999996
2050-02-26 18:00:00,57532.989
2050-02-26 19:00:00,58733.123999999996
2050-02-26 20:00:00,56490.10799999999
2050-02-26 21:00:00,52291.026000000005
2050-02-26 22:00:00,48791.226
2050-02-26 23:00:00,47055.996
2050-02-27 00:00:00,44289.278999999995
2050-02-27 01:00:00,42668.772
2050-02-27 02:00:00,40814.928
2050-02-27 03:00:00,39635.772
2050-02-27 04:00:00,40322.931
2050-02-27 05:00:00,43976.892
2050-02-27 06:00:00,45534.144
2050-02-27 07:00:00,47724.612
2050-02-27 08:00:00,51420.92399999999
2050-02-27 09:00:00,56667.069
2050-02-27 10:00:00,61895.967000000004
2050-02-27 11:00:00,65632.01999999999
2050-02-27 12:00:00,63690.479999999996
2050-02-27 13:00:00,66425.328
2050-02-27 14:00:00,63788.682
2050-02-27 15:00:00,59668.494
2050-02-27 16:00:00,56369.364
2050-02-27 17:00:00,55583.142
2050-02-27 18:00:00,55677.44699999999
2050-02-27 19:00:00,58202.547
2050-02-27 20:00:00,57852.012
2050-02-27 21:00:00,58167.234
2050-02-27 22:00:00,57214.685999999994
2050-02-27 23:00:00,52255.505999999994
2050-02-28 00:00:00,50520.036
2050-02-28 01:00:00,49546.179
2050-02-28 02:00:00,48443.435999999994
2050-02-28 03:00:00,45712.851
2050-02-28 04:00:00,46069.98
2050-02-28 05:00:00,47980.761
2050-02-28 06:00:00,49340.259
2050-02-28 07:00:00,52505.667
2050-02-28 08:00:00,56893.07399999999
2050-02-28 09:00:00,64457.145
2050-02-28 10:00:00,65645.754
2050-02-28 11:00:00,68261.961
2050-02-28 12:00:00,69791.148
2050-02-28 13:00:00,65895.648
2050-02-28 14:00:00,64153.373999999996
2050-02-28 15:00:00,60695.240999999995
2050-02-28 16:00:00,54279.84
2050-02-28 17:00:00,48494.376000000004
2050-02-28 18:00:00,46911.564
2050-02-28 19:00:00,45467.528999999995
2050-02-28 20:00:00,44685.84
2050-02-28 21:00:00,44098.911
2050-02-28 22:00:00,41201.844000000005
2050-02-28 23:00:00,41517.636
2050-03-01 00:00:00,40384.721999999994
2050-03-01 01:00:00,40638.786
2050-03-01 02:00:00,40469.202
2050-03-01 03:00:00,40662.297
2050-03-01 04:00:00,40570.551
2050-03-01 05:00:00,39914.187
2050-03-01 06:00:00,40985.037000000004
2050-03-01 07:00:00,43747.455
2050-03-01 08:00:00,48315.119999999995
2050-03-01 09:00:00,52157.007
2050-03-01 10:00:00,52258.028999999995
2050-03-01 11:00:00,55629.314999999995
2050-03-01 12:00:00,55171.899
2050-03-01 13:00:00,52735.695
2050-03-01 14:00:00,49134.354
2050-03-01 15:00:00,49253.973
2050-03-01 16:00:00,48078.530999999995
2050-03-01 17:00:00,43079.058
2050-03-01 18:00:00,42421.653
2050-03-01 19:00:00,41093.568
2050-03-01 20:00:00,40873.782
2050-03-01 21:00:00,39627.945
2050-03-01 22:00:00,33871.059
2050-03-01 23:00:00,29723.702999999998
2050-03-02 00:00:00,28781.444999999996
2050-03-02 01:00:00,27067.011
2050-03-02 02:00:00,27448.182
2050-03-02 03:00:00,27243.434999999998
2050-03-02 04:00:00,27191.453999999998
2050-03-02 05:00:00,28282.674
2050-03-02 06:00:00,29664.189
2050-03-02 07:00:00,33100.413
2050-03-02 08:00:00,38577.566999999995
2050-03-02 09:00:00,43511.780999999995
2050-03-02 10:00:00,51349.74
2050-03-02 11:00:00,58958.082
2050-03-02 12:00:00,57317.604
2050-03-02 13:00:00,52660.17
2050-03-02 14:00:00,49325.549999999996
2050-03-02 15:00:00,42246.078
2050-03-02 16:00:00,40841.969999999994
2050-03-02 17:00:00,35167.074
2050-03-02 18:00:00,34871.376
2050-03-02 19:00:00,35188.263
2050-03-02 20:00:00,35188.293
2050-03-02 21:00:00,34697.553
2050-03-02 22:00:00,32691.950999999997
2050-03-02 23:00:00,31738.472999999998
2050-03-03 00:00:00,32273.597999999998
2050-03-03 01:00:00,31742.078999999998
2050-03-03 02:00:00,31851.672
2050-03-03 03:00:00,32718.569999999996
2050-03-03 04:00:00,35557.773
2050-03-03 05:00:00,39826.74
2050-03-03 06:00:00,41407.761
2050-03-03 07:00:00,50767.809
2050-03-03 08:00:00,57824.52
2050-03-03 09:00:00,54425.337
2050-03-03 10:00:00,59123.067
2050-03-03 11:00:00,63860.91299999999
2050-03-03 12:00:00,59373.876000000004
2050-03-03 13:00:00,61389.714
2050-03-03 14:00:00,57011.691
2050-03-03 15:00:00,52839.417
2050-03-03 16:00:00,49683.546
2050-03-03 17:00:00,42055.167
2050-03-03 18:00:00,41474.898
2050-03-03 19:00:00,40534.929
2050-03-03 20:00:00,40169.487
2050-03-03 21:00:00,37932.54
2050-03-03 22:00:00,35073.443999999996
2050-03-03 23:00:00,35510.532
2050-03-04 00:00:00,35048.076
2050-03-04 01:00:00,34659.560999999994
2050-03-04 02:00:00,35118.117
2050-03-04 03:00:00,36555.768
2050-03-04 04:00:00,38304.78
2050-03-04 05:00:00,41521.503000000004
2050-03-04 06:00:00,42138.024
2050-03-04 07:00:00,45452.382
2050-03-04 08:00:00,50232.918
2050-03-04 09:00:00,52526.796
2050-03-04 10:00:00,59421.617999999995
2050-03-04 11:00:00,60043.08
2050-03-04 12:00:00,65160.555
2050-03-04 13:00:00,61436.024999999994
2050-03-04 14:00:00,55208.096999999994
2050-03-04 15:00:00,50423.157
2050-03-04 16:00:00,51401.61
2050-03-04 17:00:00,43607.268
2050-03-04 18:00:00,43438.227
2050-03-04 19:00:00,42106.748999999996
2050-03-04 20:00:00,39171.176999999996
2050-03-04 21:00:00,33435.093
2050-03-04 22:00:00,30321.891
2050-03-04 23:00:00,27397.242
2050-03-05 00:00:00,27054.933
2050-03-05 01:00:00,27024.752999999997
2050-03-05 02:00:00,26411.049
2050-03-05 03:00:00,28107.275999999998
2050-03-05 04:00:00,31450.392
2050-03-05 05:00:00,35275.305
2050-03-05 06:00:00,35307.882
2050-03-05 07:00:00,43329.018
2050-03-05 08:00:00,50706.632999999994
2050-03-05 09:00:00,51951.687
2050-03-05 10:00:00,47592.966
2050-03-05 11:00:00,45276.596999999994
2050-03-05 12:00:00,42915.798
2050-03-05 13:00:00,42237.873
2050-03-05 14:00:00,46328.145
2050-03-05 15:00:00,53412.183
2050-03-05 16:00:00,70071.732
2050-03-05 17:00:00,64012.685999999994
2050-03-05 18:00:00,58712.502
2050-03-05 19:00:00,50826.573
2050-03-05 20:00:00,42976.416
2050-03-05 21:00:00,33286.77
2050-03-05 22:00:00,29574.663
2050-03-05 23:00:00,28341.198
2050-03-06 00:00:00,26895.297000000002
2050-03-06 01:00:00,26984.024999999998
2050-03-06 02:00:00,26889.732
2050-03-06 03:00:00,27719.607
2050-03-06 04:00:00,30501.668999999998
2050-03-06 05:00:00,35661.747
2050-03-06 06:00:00,37059.719999999994
2050-03-06 07:00:00,41239.244999999995
2050-03-06 08:00:00,46064.892
2050-03-06 09:00:00,53198.7
2050-03-06 10:00:00,58633.746
2050-03-06 11:00:00,56842.782
2050-03-06 12:00:00,58996.95599999999
2050-03-06 13:00:00,61326.429
2050-03-06 14:00:00,57296.814
2050-03-06 15:00:00,56516.846999999994
2050-03-06 16:00:00,54330.468
2050-03-06 17:00:00,46056.153
2050-03-06 18:00:00,44608.917
2050-03-06 19:00:00,43282.583999999995
2050-03-06 20:00:00,40737.441
2050-03-06 21:00:00,37973.102999999996
2050-03-06 22:00:00,33195.935999999994
2050-03-06 23:00:00,30612.039
2050-03-07 00:00:00,30880.253999999997
2050-03-07 01:00:00,29746.676999999996
2050-03-07 02:00:00,29571.261
2050-03-07 03:00:00,30537.461999999996
2050-03-07 04:00:00,33277.197
2050-03-07 05:00:00,38046.75
2050-03-07 06:00:00,39492.782999999996
2050-03-07 07:00:00,42809.255999999994
2050-03-07 08:00:00,48651.909
2050-03-07 09:00:00,55252.676999999996
2050-03-07 10:00:00,61348.344
2050-03-07 11:00:00,64261.596
2050-03-07 12:00:00,63880.45799999999
2050-03-07 13:00:00,61408.113
2050-03-07 14:00:00,58447.689
2050-03-07 15:00:00,54996.681
2050-03-07 16:00:00,49356.768
2050-03-07 17:00:00,42231.393
2050-03-07 18:00:00,41253.755999999994
2050-03-07 19:00:00,40976.69699999999
2050-03-07 20:00:00,42267.16499999999
2050-03-07 21:00:00,40004.810999999994
2050-03-07 22:00:00,36275.7
2050-03-07 23:00:00,37603.764
2050-03-08 00:00:00,39162.165
2050-03-08 01:00:00,39302.04
2050-03-08 02:00:00,38557.398
2050-03-08 03:00:00,38226.935999999994
2050-03-08 04:00:00,37817.139
2050-03-08 05:00:00,35683.356
2050-03-08 06:00:00,34287.977999999996
2050-03-08 07:00:00,34450.767
2050-03-08 08:00:00,41813.655
2050-03-08 09:00:00,50908.941
2050-03-08 10:00:00,58528.569
2050-03-08 11:00:00,57664.485
2050-03-08 12:00:00,58302.444
2050-03-08 13:00:00,61243.539
2050-03-08 14:00:00,56846.706
2050-03-08 15:00:00,51829.569
2050-03-08 16:00:00,50023.835999999996
2050-03-08 17:00:00,41419.284
2050-03-08 18:00:00,38784.411
2050-03-08 19:00:00,33132.312
2050-03-08 20:00:00,31420.158
2050-03-08 21:00:00,32484.432
2050-03-08 22:00:00,30779.475
2050-03-08 23:00:00,28487.619
2050-03-09 00:00:00,27343.749
2050-03-09 01:00:00,26142.432
2050-03-09 02:00:00,26121.842999999997
2050-03-09 03:00:00,26216.666999999998
2050-03-09 04:00:00,27103.599
2050-03-09 05:00:00,25299.536999999997
2050-03-09 06:00:00,22981.299
2050-03-09 07:00:00,28455.114
2050-03-09 08:00:00,40235.457
2050-03-09 09:00:00,51329.471999999994
2050-03-09 10:00:00,53606.630999999994
2050-03-09 11:00:00,56399.369999999995
2050-03-09 12:00:00,56520.465
2050-03-09 13:00:00,53213.787000000004
2050-03-09 14:00:00,50032.755
2050-03-09 15:00:00,43901.205
2050-03-09 16:00:00,42806.478
2050-03-09 17:00:00,41535.105
2050-03-09 18:00:00,43140.909
2050-03-09 19:00:00,43253.526000000005
2050-03-09 20:00:00,43258.187999999995
2050-03-09 21:00:00,41605.901999999995
2050-03-09 22:00:00,39282.264
2050-03-09 23:00:00,36094.577999999994
2050-03-10 00:00:00,34242.648
2050-03-10 01:00:00,33924.617999999995
2050-03-10 02:00:00,34309.323
2050-03-10 03:00:00,35627.534999999996
2050-03-10 04:00:00,39341.765999999996
2050-03-10 05:00:00,41927.661
2050-03-10 06:00:00,43640.63999999999
2050-03-10 07:00:00,51335.457
2050-03-10 08:00:00,57572.172
2050-03-10 09:00:00,61882.473
2050-03-10 10:00:00,65868.582
2050-03-10 11:00:00,68807.84999999999
2050-03-10 12:00:00,69357.249
2050-03-10 13:00:00,68227.596
2050-03-10 14:00:00,65191.932
2050-03-10 15:00:00,61434.342000000004
2050-03-10 16:00:00,56483.621999999996
2050-03-10 17:00:00,48724.95
2050-03-10 18:00:00,48007.598999999995
2050-03-10 19:00:00,47778.299999999996
2050-03-10 20:00:00,46288.752
2050-03-10 21:00:00,44349.453
2050-03-10 22:00:00,41184.801
2050-03-10 23:00:00,42466.424999999996
2050-03-11 00:00:00,42117.312
2050-03-11 01:00:00,42385.803
2050-03-11 02:00:00,43759.721999999994
2050-03-11 03:00:00,45915.246
2050-03-11 04:00:00,46251.282
2050-03-11 05:00:00,51128.397
2050-03-11 06:00:00,54022.905
2050-03-11 07:00:00,55866.348
2050-03-11 08:00:00,58392.786
2050-03-11 09:00:00,58515.192
2050-03-11 10:00:00,60787.794
2050-03-11 11:00:00,64180.467000000004
2050-03-11 12:00:00,71813.44499999999
2050-03-11 13:00:00,69229.254
2050-03-11 14:00:00,66803.448
2050-03-11 15:00:00,69165.738
2050-03-11 16:00:00,63870.075
2050-03-11 17:00:00,58661.835
2050-03-11 18:00:00,54920.145
2050-03-11 19:00:00,52567.059
2050-03-11 20:00:00,50445.003000000004
2050-03-11 21:00:00,47035.353
2050-03-11 22:00:00,44498.808
2050-03-11 23:00:00,41846.676
2050-03-12 00:00:00,41292.729
2050-03-12 01:00:00,41572.014
2050-03-12 02:00:00,41756.046
2050-03-12 03:00:00,42667.893
2050-03-12 04:00:00,44946.026999999995
2050-03-12 05:00:00,47525.096999999994
2050-03-12 06:00:00,49262.604
2050-03-12 07:00:00,54899.454
2050-03-12 08:00:00,64104.35399999999
2050-03-12 09:00:00,70872.396
2050-03-12 10:00:00,74136.534
2050-03-12 11:00:00,75467.169
2050-03-12 12:00:00,72755.991
2050-03-12 13:00:00,71068.98
2050-03-12 14:00:00,66299.079
2050-03-12 15:00:00,62873.97899999999
2050-03-12 16:00:00,58767.905999999995
2050-03-12 17:00:00,49429.068
2050-03-12 18:00:00,46634.57399999999
2050-03-12 19:00:00,46258.814999999995
2050-03-12 20:00:00,45876.147
2050-03-12 21:00:00,44836.094999999994
2050-03-12 22:00:00,44133.831
2050-03-12 23:00:00,42546.039
2050-03-13 00:00:00,41719.403999999995
2050-03-13 01:00:00,41499.798
2050-03-13 02:00:00,41715.828
2050-03-13 03:00:00,41899.002
2050-03-13 04:00:00,43390.958999999995
2050-03-13 05:00:00,46988.808
2050-03-13 06:00:00,49208.382
2050-03-13 07:00:00,57037.83
2050-03-13 08:00:00,62826.876000000004
2050-03-13 09:00:00,68888.319
2050-03-13 10:00:00,69892.323
2050-03-13 11:00:00,70257.018
2050-03-13 12:00:00,69949.344
2050-03-13 13:00:00,70796.397
2050-03-13 14:00:00,68147.955
2050-03-13 15:00:00,69725.106
2050-03-13 16:00:00,64688.793
2050-03-13 17:00:00,57176.262
2050-03-13 18:00:00,53671.575
2050-03-13 19:00:00,50740.464
2050-03-13 20:00:00,49525.785
2050-03-13 21:00:00,46769.064
2050-03-13 22:00:00,45918.51
2050-03-13 23:00:00,44910.291
2050-03-14 00:00:00,44503.602
2050-03-14 01:00:00,44328.719999999994
2050-03-14 02:00:00,44758.98299999999
2050-03-14 03:00:00,45173.931
2050-03-14 04:00:00,45605.979
2050-03-14 05:00:00,47286.057
2050-03-14 06:00:00,49415.019
2050-03-14 07:00:00,59507.528999999995
2050-03-14 08:00:00,66189.105
2050-03-14 09:00:00,70225.434
2050-03-14 10:00:00,72131.44499999999
2050-03-14 11:00:00,71585.08799999999
2050-03-14 12:00:00,73312.242
2050-03-14 13:00:00,70741.56599999999
2050-03-14 14:00:00,70039.533
2050-03-14 15:00:00,69329.826
2050-03-14 16:00:00,67271.89499999999
2050-03-14 17:00:00,62051.153999999995
2050-03-14 18:00:00,57886.149
2050-03-14 19:00:00,57584.139
2050-03-14 20:00:00,52436.268
2050-03-14 21:00:00,48889.08
2050-03-14 22:00:00,43980.207
2050-03-14 23:00:00,40303.401000000005
2050-03-15 00:00:00,34901.472
2050-03-15 01:00:00,34606.593
2050-03-15 02:00:00,34233.354
2050-03-15 03:00:00,35955.792
2050-03-15 04:00:00,36955.043999999994
2050-03-15 05:00:00,39053.772
2050-03-15 06:00:00,41545.937999999995
2050-03-15 07:00:00,49666.560000000005
2050-03-15 08:00:00,61190.685
2050-03-15 09:00:00,69380.409
2050-03-15 10:00:00,74661.528
2050-03-15 11:00:00,73025.535
2050-03-15 12:00:00,69784.01999999999
2050-03-15 13:00:00,64365.812999999995
2050-03-15 14:00:00,65708.916
2050-03-15 15:00:00,64010.955
2050-03-15 16:00:00,65496.776999999995
2050-03-15 17:00:00,62642.469
2050-03-15 18:00:00,57092.562
2050-03-15 19:00:00,52707.843
2050-03-15 20:00:00,48033.494999999995
2050-03-15 21:00:00,44533.19699999999
2050-03-15 22:00:00,38996.247
2050-03-15 23:00:00,34699.998
2050-03-16 00:00:00,30905.619
2050-03-16 01:00:00,28521.102
2050-03-16 02:00:00,26957.388000000003
2050-03-16 03:00:00,27273.978
2050-03-16 04:00:00,28120.944
2050-03-16 05:00:00,28391.631
2050-03-16 06:00:00,28665.275999999998
2050-03-16 07:00:00,39410.178
2050-03-16 08:00:00,47572.844999999994
2050-03-16 09:00:00,55050.672
2050-03-16 10:00:00,58946.664
2050-03-16 11:00:00,58782.888
2050-03-16 12:00:00,58008.546
2050-03-16 13:00:00,59148.278999999995
2050-03-16 14:00:00,56343.33299999999
2050-03-16 15:00:00,50106.789
2050-03-16 16:00:00,50842.176
2050-03-16 17:00:00,48311.04899999999
2050-03-16 18:00:00,44553.458999999995
2050-03-16 19:00:00,41121.63
2050-03-16 20:00:00,36289.407
2050-03-16 21:00:00,33903.278999999995
2050-03-16 22:00:00,31940.247
2050-03-16 23:00:00,31919.024999999998
2050-03-17 00:00:00,30451.206
2050-03-17 01:00:00,28381.461
2050-03-17 02:00:00,28232.018999999997
2050-03-17 03:00:00,32298.156
2050-03-17 04:00:00,38678.979
2050-03-17 05:00:00,46489.728
2050-03-17 06:00:00,49628.630999999994
2050-03-17 07:00:00,56898.282
2050-03-17 08:00:00,60556.962
2050-03-17 09:00:00,70122.147
2050-03-17 10:00:00,74768.436
2050-03-17 11:00:00,75401.772
2050-03-17 12:00:00,77106.402
2050-03-17 13:00:00,78680.61899999999
2050-03-17 14:00:00,71801.994
2050-03-17 15:00:00,71587.87199999999
2050-03-17 16:00:00,71106.08099999999
2050-03-17 17:00:00,61654.164
2050-03-17 18:00:00,55782.060000000005
2050-03-17 19:00:00,54398.528999999995
2050-03-17 20:00:00,52342.239
2050-03-17 21:00:00,46388.901000000005
2050-03-17 22:00:00,42720.828
2050-03-17 23:00:00,41651.541
2050-03-18 00:00:00,39626.801999999996
2050-03-18 01:00:00,38605.074
2050-03-18 02:00:00,36687.882
2050-03-18 03:00:00,36521.142
2050-03-18 04:00:00,38339.772
2050-03-18 05:00:00,41846.373
2050-03-18 06:00:00,44697.369
2050-03-18 07:00:00,52184.241
2050-03-18 08:00:00,56474.571
2050-03-18 09:00:00,64576.017
2050-03-18 10:00:00,66765.105
2050-03-18 11:00:00,71757.117
2050-03-18 12:00:00,73987.746
2050-03-18 13:00:00,76568.625
2050-03-18 14:00:00,72990.522
2050-03-18 15:00:00,69805.902
2050-03-18 16:00:00,69729.285
2050-03-18 17:00:00,59906.183999999994
2050-03-18 18:00:00,54238.053
2050-03-18 19:00:00,52408.496999999996
2050-03-18 20:00:00,49076.214
2050-03-18 21:00:00,45291.687
2050-03-18 22:00:00,41619.195
2050-03-18 23:00:00,39466.767
2050-03-19 00:00:00,37779.06
2050-03-19 01:00:00,37215.804
2050-03-19 02:00:00,36391.968
2050-03-19 03:00:00,38292.048
2050-03-19 04:00:00,42074.723999999995
2050-03-19 05:00:00,44060.649
2050-03-19 06:00:00,46822.161
2050-03-19 07:00:00,51507.498
2050-03-19 08:00:00,52801.035
2050-03-19 09:00:00,58228.028999999995
2050-03-19 10:00:00,63980.35799999999
2050-03-19 11:00:00,61634.679
2050-03-19 12:00:00,61777.191
2050-03-19 13:00:00,62937.057
2050-03-19 14:00:00,57783.551999999996
2050-03-19 15:00:00,54967.617000000006
2050-03-19 16:00:00,54548.16299999999
2050-03-19 17:00:00,46871.559
2050-03-19 18:00:00,44334.846
2050-03-19 19:00:00,43671.462
2050-03-19 20:00:00,43837.668
2050-03-19 21:00:00,42969.437999999995
2050-03-19 22:00:00,38328.597
2050-03-19 23:00:00,34622.805
2050-03-20 00:00:00,32900.943
2050-03-20 01:00:00,32556.564
2050-03-20 02:00:00,33282.009
2050-03-20 03:00:00,34656.96
2050-03-20 04:00:00,38356.188
2050-03-20 05:00:00,41140.151999999995
2050-03-20 06:00:00,43422.984
2050-03-20 07:00:00,45600.135
2050-03-20 08:00:00,45197.544
2050-03-20 09:00:00,51941.907
2050-03-20 10:00:00,57888.087
2050-03-20 11:00:00,60632.496
2050-03-20 12:00:00,60968.943
2050-03-20 13:00:00,57603.17399999999
2050-03-20 14:00:00,53161.671
2050-03-20 15:00:00,53883.513
2050-03-20 16:00:00,50226.63
2050-03-20 17:00:00,47082.992999999995
2050-03-20 18:00:00,45362.919
2050-03-20 19:00:00,45728.706
2050-03-20 20:00:00,45696.309
2050-03-20 21:00:00,42721.791
2050-03-20 22:00:00,39396.098999999995
2050-03-20 23:00:00,36505.377
2050-03-21 00:00:00,34695.231
2050-03-21 01:00:00,33594.543
2050-03-21 02:00:00,33793.347
2050-03-21 03:00:00,34993.119
2050-03-21 04:00:00,37168.833
2050-03-21 05:00:00,38141.102999999996
2050-03-21 06:00:00,41578.035
2050-03-21 07:00:00,48458.817
2050-03-21 08:00:00,55284.962999999996
2050-03-21 09:00:00,63494.95799999999
2050-03-21 10:00:00,73110.867
2050-03-21 11:00:00,74299.362
2050-03-21 12:00:00,75846.939
2050-03-21 13:00:00,72837.64499999999
2050-03-21 14:00:00,69771.273
2050-03-21 15:00:00,58522.587
2050-03-21 16:00:00,48573.066
2050-03-21 17:00:00,38337.102
2050-03-21 18:00:00,34511.166
2050-03-21 19:00:00,34975.481999999996
2050-03-21 20:00:00,35236.707
2050-03-21 21:00:00,34426.748999999996
2050-03-21 22:00:00,33871.221
2050-03-21 23:00:00,32145.159
2050-03-22 00:00:00,31074.668999999998
2050-03-22 01:00:00,29629.299
2050-03-22 02:00:00,28675.335
2050-03-22 03:00:00,28091.232
2050-03-22 04:00:00,26924.01
2050-03-22 05:00:00,25486.001999999997
2050-03-22 06:00:00,29520.549
2050-03-22 07:00:00,39129.452999999994
2050-03-22 08:00:00,45857.844000000005
2050-03-22 09:00:00,53221.5
2050-03-22 10:00:00,59016.083999999995
2050-03-22 11:00:00,64348.75199999999
2050-03-22 12:00:00,61661.255999999994
2050-03-22 13:00:00,52847.268
2050-03-22 14:00:00,45822.966
2050-03-22 15:00:00,41830.323
2050-03-22 16:00:00,35574.465
2050-03-22 17:00:00,32014.389
2050-03-22 18:00:00,31173.42
2050-03-22 19:00:00,29842.065
2050-03-22 20:00:00,28999.71
2050-03-22 21:00:00,26724.693
2050-03-22 22:00:00,27775.731
2050-03-22 23:00:00,24445.476
2050-03-23 00:00:00,22299.444
2050-03-23 01:00:00,21619.245
2050-03-23 02:00:00,20950.257
2050-03-23 03:00:00,20162.163
2050-03-23 04:00:00,18226.191
2050-03-23 05:00:00,17886.038999999997
2050-03-23 06:00:00,19014.567
2050-03-23 07:00:00,23815.938000000002
2050-03-23 08:00:00,30962.768999999997
2050-03-23 09:00:00,37659.471
2050-03-23 10:00:00,39753.99
2050-03-23 11:00:00,45910.66499999999
2050-03-23 12:00:00,48042.639
2050-03-23 13:00:00,43702.182
2050-03-23 14:00:00,39025.518
2050-03-23 15:00:00,34876.011
2050-03-23 16:00:00,32985.57
2050-03-23 17:00:00,32129.753999999997
2050-03-23 18:00:00,31495.638
2050-03-23 19:00:00,30670.700999999997
2050-03-23 20:00:00,30288.288
2050-03-23 21:00:00,30910.164
2050-03-23 22:00:00,30254.951999999997
2050-03-23 23:00:00,30732.885
2050-03-24 00:00:00,31308.143999999997
2050-03-24 01:00:00,31764.846
2050-03-24 02:00:00,32730.339
2050-03-24 03:00:00,34015.83
2050-03-24 04:00:00,35114.721
2050-03-24 05:00:00,37432.536
2050-03-24 06:00:00,40671.864
2050-03-24 07:00:00,44894.226
2050-03-24 08:00:00,49336.137
2050-03-24 09:00:00,58785.885
2050-03-24 10:00:00,69781.563
2050-03-24 11:00:00,70704.3
2050-03-24 12:00:00,69720.522
2050-03-24 13:00:00,67538.14499999999
2050-03-24 14:00:00,65648.193
2050-03-24 15:00:00,59950.157999999996
2050-03-24 16:00:00,53108.073
2050-03-24 17:00:00,48811.371
2050-03-24 18:00:00,44752.551
2050-03-24 19:00:00,42517.602
2050-03-24 20:00:00,40186.047
2050-03-24 21:00:00,38849.759999999995
2050-03-24 22:00:00,37263.102
2050-03-24 23:00:00,36037.98
2050-03-25 00:00:00,35244.441
2050-03-25 01:00:00,35595.231
2050-03-25 02:00:00,36493.122
2050-03-25 03:00:00,37286.07
2050-03-25 04:00:00,38147.235
2050-03-25 05:00:00,42044.967000000004
2050-03-25 06:00:00,45343.856999999996
2050-03-25 07:00:00,50937.998999999996
2050-03-25 08:00:00,54590.139
2050-03-25 09:00:00,58130.268
2050-03-25 10:00:00,64149.921
2050-03-25 11:00:00,68165.93999999999
2050-03-25 12:00:00,66008.511
2050-03-25 13:00:00,58922.79899999999
2050-03-25 14:00:00,52274.405999999995
2050-03-25 15:00:00,47719.389
2050-03-25 16:00:00,45507.645
2050-03-25 17:00:00,44383.575
2050-03-25 18:00:00,44865.789
2050-03-25 19:00:00,44663.52
2050-03-25 20:00:00,44175.87899999999
2050-03-25 21:00:00,40458.951
2050-03-25 22:00:00,34035.276
2050-03-25 23:00:00,31902.816
2050-03-26 00:00:00,31228.517999999996
2050-03-26 01:00:00,30956.702999999998
2050-03-26 02:00:00,30595.934999999998
2050-03-26 03:00:00,30868.224
2050-03-26 04:00:00,32305.058999999997
2050-03-26 05:00:00,35925.048
2050-03-26 06:00:00,39663.99
2050-03-26 07:00:00,43642.923
2050-03-26 08:00:00,46535.916
2050-03-26 09:00:00,50259.369
2050-03-26 10:00:00,51731.85599999999
2050-03-26 11:00:00,52865.796
2050-03-26 12:00:00,54926.355
2050-03-26 13:00:00,51913.32
2050-03-26 14:00:00,49356.435000000005
2050-03-26 15:00:00,48021.969000000005
2050-03-26 16:00:00,45684.426
2050-03-26 17:00:00,42887.708999999995
2050-03-26 18:00:00,38467.185
2050-03-26 19:00:00,38059.460999999996
2050-03-26 20:00:00,37482.134999999995
2050-03-26 21:00:00,36440.007
2050-03-26 22:00:00,32699.175
2050-03-26 23:00:00,31359.293999999998
2050-03-27 00:00:00,31275.125999999997
2050-03-27 01:00:00,31012.559999999998
2050-03-27 02:00:00,31629.275999999998
2050-03-27 03:00:00,31252.248
2050-03-27 04:00:00,33247.905
2050-03-27 05:00:00,36230.985
2050-03-27 06:00:00,42186.615
2050-03-27 07:00:00,49947.735
2050-03-27 08:00:00,54564.312
2050-03-27 09:00:00,61343.060999999994
2050-03-27 10:00:00,67951.749
2050-03-27 11:00:00,70572.042
2050-03-27 12:00:00,70086.32699999999
2050-03-27 13:00:00,65676.303
2050-03-27 14:00:00,58228.532999999996
2050-03-27 15:00:00,51694.989
2050-03-27 16:00:00,50087.496
2050-03-27 17:00:00,43873.60799999999
2050-03-27 18:00:00,40770.810000000005
2050-03-27 19:00:00,40793.873999999996
2050-03-27 20:00:00,39101.286
2050-03-27 21:00:00,37034.435999999994
2050-03-27 22:00:00,32064.822
2050-03-27 23:00:00,29234.694
2050-03-28 00:00:00,26659.08
2050-03-28 01:00:00,24377.109
2050-03-28 02:00:00,23576.393999999997
2050-03-28 03:00:00,25498.602
2050-03-28 04:00:00,30124.341
2050-03-28 05:00:00,33931.983
2050-03-28 06:00:00,38377.221
2050-03-28 07:00:00,44879.835
2050-03-28 08:00:00,50209.671
2050-03-28 09:00:00,54068.739
2050-03-28 10:00:00,54751.346999999994
2050-03-28 11:00:00,58517.418
2050-03-28 12:00:00,59686.2
2050-03-28 13:00:00,58247.492999999995
2050-03-28 14:00:00,50983.806
2050-03-28 15:00:00,44113.308
2050-03-28 16:00:00,40944.942
2050-03-28 17:00:00,39468.405
2050-03-28 18:00:00,37506.321
2050-03-28 19:00:00,36879.0
2050-03-28 20:00:00,37043.313
2050-03-28 21:00:00,35511.162
2050-03-28 22:00:00,30737.085
2050-03-28 23:00:00,25812.396
2050-03-29 00:00:00,25520.538
2050-03-29 01:00:00,24803.835
2050-03-29 02:00:00,24408.558
2050-03-29 03:00:00,23953.191
2050-03-29 04:00:00,22775.913
2050-03-29 05:00:00,22367.889
2050-03-29 06:00:00,25837.274999999998
2050-03-29 07:00:00,36468.144
2050-03-29 08:00:00,49957.218
2050-03-29 09:00:00,58458.776999999995
2050-03-29 10:00:00,62701.265999999996
2050-03-29 11:00:00,57263.4
2050-03-29 12:00:00,68106.402
2050-03-29 13:00:00,66923.90699999999
2050-03-29 14:00:00,58145.592000000004
2050-03-29 15:00:00,47134.469999999994
2050-03-29 16:00:00,38946.611999999994
2050-03-29 17:00:00,34510.782
2050-03-29 18:00:00,31635.636
2050-03-29 19:00:00,33762.474
2050-03-29 20:00:00,32590.256999999998
2050-03-29 21:00:00,31821.549
2050-03-29 22:00:00,33439.352999999996
2050-03-29 23:00:00,34442.991
2050-03-30 00:00:00,37275.549
2050-03-30 01:00:00,34744.077
2050-03-30 02:00:00,38892.621
2050-03-30 03:00:00,38551.56
2050-03-30 04:00:00,37679.981999999996
2050-03-30 05:00:00,38336.109
2050-03-30 06:00:00,40614.15
2050-03-30 07:00:00,46317.155999999995
2050-03-30 08:00:00,54682.017
2050-03-30 09:00:00,63071.80799999999
2050-03-30 10:00:00,67645.401
2050-03-30 11:00:00,70470.75899999999
2050-03-30 12:00:00,71697.846
2050-03-30 13:00:00,67568.175
2050-03-30 14:00:00,62633.046
2050-03-30 15:00:00,58349.715
2050-03-30 16:00:00,48959.976
2050-03-30 17:00:00,41978.475
2050-03-30 18:00:00,38029.95
2050-03-30 19:00:00,38409.140999999996
2050-03-30 20:00:00,37470.558
2050-03-30 21:00:00,37117.233
2050-03-30 22:00:00,34902.969
2050-03-30 23:00:00,31703.493
2050-03-31 00:00:00,29064.456000000002
2050-03-31 01:00:00,28634.148
2050-03-31 02:00:00,27240.744
2050-03-31 03:00:00,30034.736999999997
2050-03-31 04:00:00,35349.318
2050-03-31 05:00:00,39173.892
2050-03-31 06:00:00,41456.385
2050-03-31 07:00:00,48059.511
2050-03-31 08:00:00,52964.04899999999
2050-03-31 09:00:00,60233.376000000004
2050-03-31 10:00:00,64586.87699999999
2050-03-31 11:00:00,70250.991
2050-03-31 12:00:00,70703.319
2050-03-31 13:00:00,69763.59899999999
2050-03-31 14:00:00,64611.674999999996
2050-03-31 15:00:00,59801.981999999996
2050-03-31 16:00:00,56563.77
2050-03-31 17:00:00,48833.43
2050-03-31 18:00:00,41957.343
2050-03-31 19:00:00,39488.073
2050-03-31 20:00:00,37232.343
2050-03-31 21:00:00,32137.502999999997
2050-03-31 22:00:00,28334.493
2050-03-31 23:00:00,28388.003999999997
2050-04-01 00:00:00,28231.566
2050-04-01 01:00:00,27282.333
2050-04-01 02:00:00,28382.576999999997
2050-04-01 03:00:00,30635.457
2050-04-01 04:00:00,37964.241
2050-04-01 05:00:00,40632.653999999995
2050-04-01 06:00:00,46097.16
2050-04-01 07:00:00,50354.715
2050-04-01 08:00:00,51380.955
2050-04-01 09:00:00,61931.403
2050-04-01 10:00:00,70224.66
2050-04-01 11:00:00,71259.819
2050-04-01 12:00:00,74239.182
2050-04-01 13:00:00,71626.143
2050-04-01 14:00:00,71272.52399999999
2050-04-01 15:00:00,64698.75
2050-04-01 16:00:00,60681.801
2050-04-01 17:00:00,55567.11
2050-04-01 18:00:00,46933.685999999994
2050-04-01 19:00:00,39385.911
2050-04-01 20:00:00,31176.935999999998
2050-04-01 21:00:00,27340.62
2050-04-01 22:00:00,24770.745
2050-04-01 23:00:00,21922.563000000002
2050-04-02 00:00:00,18581.712
2050-04-02 01:00:00,17742.717
2050-04-02 02:00:00,17996.399999999998
2050-04-02 03:00:00,20571.927
2050-04-02 04:00:00,28051.826999999997
2050-04-02 05:00:00,32662.056
2050-04-02 06:00:00,39748.593
2050-04-02 07:00:00,50445.717000000004
2050-04-02 08:00:00,64545.92399999999
2050-04-02 09:00:00,72746.676
2050-04-02 10:00:00,79357.29299999999
2050-04-02 11:00:00,82139.568
2050-04-02 12:00:00,82485.20099999999
2050-04-02 13:00:00,79483.947
2050-04-02 14:00:00,72669.525
2050-04-02 15:00:00,64568.26499999999
2050-04-02 16:00:00,55294.25399999999
2050-04-02 17:00:00,46080.717000000004
2050-04-02 18:00:00,37402.989
2050-04-02 19:00:00,35144.796
2050-04-02 20:00:00,32789.502
2050-04-02 21:00:00,30676.484999999997
2050-04-02 22:00:00,30663.035999999996
2050-04-02 23:00:00,29071.887
2050-04-03 00:00:00,27675.416999999998
2050-04-03 01:00:00,27414.12
2050-04-03 02:00:00,27231.114
2050-04-03 03:00:00,28303.392
2050-04-03 04:00:00,34582.998
2050-04-03 05:00:00,36723.890999999996
2050-04-03 06:00:00,42848.079
2050-04-03 07:00:00,50411.946
2050-04-03 08:00:00,60865.278
2050-04-03 09:00:00,64956.176999999996
2050-04-03 10:00:00,69384.252
2050-04-03 11:00:00,72420.444
2050-04-03 12:00:00,73081.548
2050-04-03 13:00:00,70877.41799999999
2050-04-03 14:00:00,68553.393
2050-04-03 15:00:00,61073.024999999994
2050-04-03 16:00:00,54625.143
2050-04-03 17:00:00,43244.817
2050-04-03 18:00:00,33921.915
2050-04-03 19:00:00,32845.53
2050-04-03 20:00:00,30471.809999999998
2050-04-03 21:00:00,27055.347
2050-04-03 22:00:00,28765.098
2050-04-03 23:00:00,28534.623
2050-04-04 00:00:00,26588.823
2050-04-04 01:00:00,25914.0
2050-04-04 02:00:00,25822.788
2050-04-04 03:00:00,27573.495
2050-04-04 04:00:00,30879.531
2050-04-04 05:00:00,32719.857
2050-04-04 06:00:00,38676.261
2050-04-04 07:00:00,40674.909
2050-04-04 08:00:00,48976.359
2050-04-04 09:00:00,58639.685999999994
2050-04-04 10:00:00,65660.37
2050-04-04 11:00:00,70270.983
2050-04-04 12:00:00,69550.389
2050-04-04 13:00:00,67474.704
2050-04-04 14:00:00,63977.030999999995
2050-04-04 15:00:00,57509.13
2050-04-04 16:00:00,54698.462999999996
2050-04-04 17:00:00,47398.844999999994
2050-04-04 18:00:00,40346.364
2050-04-04 19:00:00,36662.883
2050-04-04 20:00:00,33062.058
2050-04-04 21:00:00,28978.019999999997
2050-04-04 22:00:00,26881.451999999997
2050-04-04 23:00:00,24837.597
2050-04-05 00:00:00,21554.7
2050-04-05 01:00:00,18858.426
2050-04-05 02:00:00,18755.082
2050-04-05 03:00:00,20451.771
2050-04-05 04:00:00,22067.814000000002
2050-04-05 05:00:00,23538.456000000002
2050-04-05 06:00:00,32167.052999999996
2050-04-05 07:00:00,47893.725
2050-04-05 08:00:00,61445.240999999995
2050-04-05 09:00:00,71519.346
2050-04-05 10:00:00,76969.143
2050-04-05 11:00:00,80317.197
2050-04-05 12:00:00,80313.525
2050-04-05 13:00:00,76718.505
2050-04-05 14:00:00,71207.11499999999
2050-04-05 15:00:00,65539.863
2050-04-05 16:00:00,55819.59
2050-04-05 17:00:00,45370.455
2050-04-05 18:00:00,36833.25
2050-04-05 19:00:00,33400.875
2050-04-05 20:00:00,30501.650999999998
2050-04-05 21:00:00,29857.659
2050-04-05 22:00:00,29187.225
2050-04-05 23:00:00,28155.609
2050-04-06 00:00:00,26490.311999999998
2050-04-06 01:00:00,25337.784
2050-04-06 02:00:00,24862.299
2050-04-06 03:00:00,25918.011
2050-04-06 04:00:00,26103.302999999996
2050-04-06 05:00:00,25984.422000000002
2050-04-06 06:00:00,33562.901999999995
2050-04-06 07:00:00,48671.924999999996
2050-04-06 08:00:00,57647.748
2050-04-06 09:00:00,65494.806
2050-04-06 10:00:00,70816.17899999999
2050-04-06 11:00:00,73367.67
2050-04-06 12:00:00,72624.708
2050-04-06 13:00:00,68122.767
2050-04-06 14:00:00,60508.490999999995
2050-04-06 15:00:00,58053.114
2050-04-06 16:00:00,49988.88
2050-04-06 17:00:00,45415.532999999996
2050-04-06 18:00:00,38806.197
2050-04-06 19:00:00,35787.303
2050-04-06 20:00:00,34545.068999999996
2050-04-06 21:00:00,30246.657
2050-04-06 22:00:00,27188.319
2050-04-06 23:00:00,25907.574
2050-04-07 00:00:00,25083.153
2050-04-07 01:00:00,24751.005
2050-04-07 02:00:00,25061.391
2050-04-07 03:00:00,29135.717999999997
2050-04-07 04:00:00,34718.810999999994
2050-04-07 05:00:00,38224.632
2050-04-07 06:00:00,45346.092000000004
2050-04-07 07:00:00,50587.583999999995
2050-04-07 08:00:00,54026.715
2050-04-07 09:00:00,59879.919
2050-04-07 10:00:00,66580.116
2050-04-07 11:00:00,69351.54
2050-04-07 12:00:00,69429.264
2050-04-07 13:00:00,66476.502
2050-04-07 14:00:00,62778.609
2050-04-07 15:00:00,63333.147
2050-04-07 16:00:00,62956.917
2050-04-07 17:00:00,54946.346999999994
2050-04-07 18:00:00,49313.502
2050-04-07 19:00:00,46870.155
2050-04-07 20:00:00,42629.382
2050-04-07 21:00:00,40745.952
2050-04-07 22:00:00,37697.718
2050-04-07 23:00:00,36836.616
2050-04-08 00:00:00,35547.140999999996
2050-04-08 01:00:00,34681.293
2050-04-08 02:00:00,35591.384999999995
2050-04-08 03:00:00,37573.32
2050-04-08 04:00:00,39220.914
2050-04-08 05:00:00,40689.204
2050-04-08 06:00:00,47586.369
2050-04-08 07:00:00,54362.751000000004
2050-04-08 08:00:00,55869.768
2050-04-08 09:00:00,59612.61
2050-04-08 10:00:00,64965.111
2050-04-08 11:00:00,66621.564
2050-04-08 12:00:00,67010.775
2050-04-08 13:00:00,63327.638999999996
2050-04-08 14:00:00,60901.077
2050-04-08 15:00:00,60132.393
2050-04-08 16:00:00,59935.41299999999
2050-04-08 17:00:00,52405.668
2050-04-08 18:00:00,46846.044
2050-04-08 19:00:00,44432.073
2050-04-08 20:00:00,43547.805
2050-04-08 21:00:00,40555.263
2050-04-08 22:00:00,36715.059
2050-04-08 23:00:00,34678.218
2050-04-09 00:00:00,34135.971
2050-04-09 01:00:00,33529.104
2050-04-09 02:00:00,33224.739
2050-04-09 03:00:00,35459.481
2050-04-09 04:00:00,39824.238
2050-04-09 05:00:00,43040.841
2050-04-09 06:00:00,46346.715
2050-04-09 07:00:00,50610.782999999996
2050-04-09 08:00:00,51213.384
2050-04-09 09:00:00,56694.696
2050-04-09 10:00:00,64289.409
2050-04-09 11:00:00,64661.886
2050-04-09 12:00:00,66280.52399999999
2050-04-09 13:00:00,69962.412
2050-04-09 14:00:00,66036.86099999999
2050-04-09 15:00:00,59111.886
2050-04-09 16:00:00,57928.32
2050-04-09 17:00:00,56815.23299999999
2050-04-09 18:00:00,52101.114
2050-04-09 19:00:00,47098.617000000006
2050-04-09 20:00:00,43437.894
2050-04-09 21:00:00,38828.214
2050-04-09 22:00:00,37403.772
2050-04-09 23:00:00,36057.348
2050-04-10 00:00:00,35792.4
2050-04-10 01:00:00,35810.015999999996
2050-04-10 02:00:00,37073.223
2050-04-10 03:00:00,37729.844999999994
2050-04-10 04:00:00,42275.127
2050-04-10 05:00:00,44619.693
2050-04-10 06:00:00,46779.318
2050-04-10 07:00:00,48567.144
2050-04-10 08:00:00,49289.115
2050-04-10 09:00:00,49881.642
2050-04-10 10:00:00,53745.921
2050-04-10 11:00:00,57114.69899999999
2050-04-10 12:00:00,61286.831999999995
2050-04-10 13:00:00,62272.023
2050-04-10 14:00:00,61624.623
2050-04-10 15:00:00,53706.399
2050-04-10 16:00:00,49564.068
2050-04-10 17:00:00,43794.414
2050-04-10 18:00:00,36913.5
2050-04-10 19:00:00,34125.363
2050-04-10 20:00:00,31377.074999999997
2050-04-10 21:00:00,29025.198
2050-04-10 22:00:00,28672.253999999997
2050-04-10 23:00:00,28245.771
2050-04-11 00:00:00,27901.473
2050-04-11 01:00:00,27614.1
2050-04-11 02:00:00,28294.614
2050-04-11 03:00:00,27811.382999999998
2050-04-11 04:00:00,28587.225
2050-04-11 05:00:00,31603.71
2050-04-11 06:00:00,37462.596
2050-04-11 07:00:00,43001.52
2050-04-11 08:00:00,51718.236
2050-04-11 09:00:00,57273.615
2050-04-11 10:00:00,64116.740999999995
2050-04-11 11:00:00,66868.62
2050-04-11 12:00:00,65699.976
2050-04-11 13:00:00,60641.558999999994
2050-04-11 14:00:00,51769.869
2050-04-11 15:00:00,46413.375
2050-04-11 16:00:00,40994.169
2050-04-11 17:00:00,35289.560999999994
2050-04-11 18:00:00,29045.949
2050-04-11 19:00:00,27332.342999999997
2050-04-11 20:00:00,26741.018999999997
2050-04-11 21:00:00,25281.507
2050-04-11 22:00:00,25486.149
2050-04-11 23:00:00,25328.346
2050-04-12 00:00:00,25144.325999999997
2050-04-12 01:00:00,25447.436999999998
2050-04-12 02:00:00,25262.739
2050-04-12 03:00:00,26337.081000000002
2050-04-12 04:00:00,27105.789
2050-04-12 05:00:00,28743.999
2050-04-12 06:00:00,33791.352
2050-04-12 07:00:00,39077.210999999996
2050-04-12 08:00:00,49663.671
2050-04-12 09:00:00,55179.147
2050-04-12 10:00:00,61561.89899999999
2050-04-12 11:00:00,65543.136
2050-04-12 12:00:00,67251.21
2050-04-12 13:00:00,65061.951
2050-04-12 14:00:00,59306.715
2050-04-12 15:00:00,57636.6
2050-04-12 16:00:00,52350.558
2050-04-12 17:00:00,44523.380999999994
2050-04-12 18:00:00,35479.509
2050-04-12 19:00:00,32169.002999999997
2050-04-12 20:00:00,29121.416999999998
2050-04-12 21:00:00,26672.43
2050-04-12 22:00:00,24927.597
2050-04-12 23:00:00,24006.75
2050-04-13 00:00:00,22265.336999999996
2050-04-13 01:00:00,21605.571
2050-04-13 02:00:00,20716.767
2050-04-13 03:00:00,21529.356
2050-04-13 04:00:00,21078.96
2050-04-13 05:00:00,22813.998
2050-04-13 06:00:00,27597.075
2050-04-13 07:00:00,35282.61
2050-04-13 08:00:00,43069.212
2050-04-13 09:00:00,52884.87899999999
2050-04-13 10:00:00,55991.85599999999
2050-04-13 11:00:00,60209.708999999995
2050-04-13 12:00:00,63341.19899999999
2050-04-13 13:00:00,62607.576
2050-04-13 14:00:00,56886.399
2050-04-13 15:00:00,51715.287000000004
2050-04-13 16:00:00,47613.587999999996
2050-04-13 17:00:00,43566.957
2050-04-13 18:00:00,39298.647
2050-04-13 19:00:00,37907.187
2050-04-13 20:00:00,35213.907
2050-04-13 21:00:00,33156.818999999996
2050-04-13 22:00:00,34153.352999999996
2050-04-13 23:00:00,32741.285999999996
2050-04-14 00:00:00,31635.549
2050-04-14 01:00:00,30170.324999999997
2050-04-14 02:00:00,29424.542999999998
2050-04-14 03:00:00,30692.721
2050-04-14 04:00:00,32598.194999999996
2050-04-14 05:00:00,35383.475999999995
2050-04-14 06:00:00,39729.848999999995
2050-04-14 07:00:00,44629.29899999999
2050-04-14 08:00:00,51114.278999999995
2050-04-14 09:00:00,57887.985
2050-04-14 10:00:00,61588.704
2050-04-14 11:00:00,60960.432
2050-04-14 12:00:00,61299.543
2050-04-14 13:00:00,56349.246
2050-04-14 14:00:00,51513.366
2050-04-14 15:00:00,49482.458999999995
2050-04-14 16:00:00,44347.583999999995
2050-04-14 17:00:00,37710.903
2050-04-14 18:00:00,33515.013
2050-04-14 19:00:00,33401.25
2050-04-14 20:00:00,31005.128999999997
2050-04-14 21:00:00,28765.563000000002
2050-04-14 22:00:00,26658.672000000002
2050-04-14 23:00:00,25365.402
2050-04-15 00:00:00,24501.324
2050-04-15 01:00:00,24357.141
2050-04-15 02:00:00,24835.698
2050-04-15 03:00:00,27461.082
2050-04-15 04:00:00,31123.782
2050-04-15 05:00:00,35588.034
2050-04-15 06:00:00,42123.639
2050-04-15 07:00:00,48023.687999999995
2050-04-15 08:00:00,54289.011
2050-04-15 09:00:00,57562.032
2050-04-15 10:00:00,62735.679
2050-04-15 11:00:00,53520.057
2050-04-15 12:00:00,53778.54899999999
2050-04-15 13:00:00,45534.894
2050-04-15 14:00:00,43127.028
2050-04-15 15:00:00,42833.35799999999
2050-04-15 16:00:00,37980.474
2050-04-15 17:00:00,34605.465
2050-04-15 18:00:00,30678.147
2050-04-15 19:00:00,29640.255
2050-04-15 20:00:00,27475.916999999998
2050-04-15 21:00:00,25797.567
2050-04-15 22:00:00,24954.33
2050-04-15 23:00:00,24990.069
2050-04-16 00:00:00,27144.69
2050-04-16 01:00:00,28028.268
2050-04-16 02:00:00,30090.935999999998
2050-04-16 03:00:00,32265.396
2050-04-16 04:00:00,35650.206
2050-04-16 05:00:00,39137.123999999996
2050-04-16 06:00:00,39988.407
2050-04-16 07:00:00,39141.633
2050-04-16 08:00:00,39430.901999999995
2050-04-16 09:00:00,39417.564
2050-04-16 10:00:00,42525.407999999996
2050-04-16 11:00:00,42693.782999999996
2050-04-16 12:00:00,42756.996
2050-04-16 13:00:00,40247.025
2050-04-16 14:00:00,39116.241
2050-04-16 15:00:00,39136.446
2050-04-16 16:00:00,39204.165
2050-04-16 17:00:00,35648.651999999995
2050-04-16 18:00:00,33042.299999999996
2050-04-16 19:00:00,32739.045
2050-04-16 20:00:00,31383.567
2050-04-16 21:00:00,28232.786999999997
2050-04-16 22:00:00,23475.666
2050-04-16 23:00:00,22868.325
2050-04-17 00:00:00,22453.683
2050-04-17 01:00:00,21493.061999999998
2050-04-17 02:00:00,22905.528
2050-04-17 03:00:00,24989.994
2050-04-17 04:00:00,27669.978
2050-04-17 05:00:00,29750.069999999996
2050-04-17 06:00:00,31769.505
2050-04-17 07:00:00,33944.193
2050-04-17 08:00:00,36766.056
2050-04-17 09:00:00,38614.164
2050-04-17 10:00:00,40451.139
2050-04-17 11:00:00,42050.352
2050-04-17 12:00:00,43707.560999999994
2050-04-17 13:00:00,41454.966
2050-04-17 14:00:00,37523.676
2050-04-17 15:00:00,37089.183
2050-04-17 16:00:00,35158.023
2050-04-17 17:00:00,33476.676
2050-04-17 18:00:00,32314.992
2050-04-17 19:00:00,30954.726
2050-04-17 20:00:00,28571.7
2050-04-17 21:00:00,27803.265
2050-04-17 22:00:00,27819.644999999997
2050-04-17 23:00:00,26425.292999999998
2050-04-18 00:00:00,24928.674
2050-04-18 01:00:00,24663.066
2050-04-18 02:00:00,24628.887
2050-04-18 03:00:00,25271.360999999997
2050-04-18 04:00:00,26407.292999999998
2050-04-18 05:00:00,28400.907
2050-04-18 06:00:00,32256.045
2050-04-18 07:00:00,35945.781
2050-04-18 08:00:00,39032.403
2050-04-18 09:00:00,41230.953
2050-04-18 10:00:00,44145.348
2050-04-18 11:00:00,51241.926
2050-04-18 12:00:00,55513.778999999995
2050-04-18 13:00:00,55842.774
2050-04-18 14:00:00,52962.051
2050-04-18 15:00:00,52224.309
2050-04-18 16:00:00,49826.298
2050-04-18 17:00:00,43901.085
2050-04-18 18:00:00,38940.15
2050-04-18 19:00:00,37959.906
2050-04-18 20:00:00,34869.401999999995
2050-04-18 21:00:00,30757.790999999997
2050-04-18 22:00:00,25808.336999999996
2050-04-18 23:00:00,22512.041999999998
2050-04-19 00:00:00,20731.007999999998
2050-04-19 01:00:00,19963.149
2050-04-19 02:00:00,20217.369
2050-04-19 03:00:00,20718.803999999996
2050-04-19 04:00:00,22399.23
2050-04-19 05:00:00,24918.953999999998
2050-04-19 06:00:00,31892.417999999998
2050-04-19 07:00:00,40295.939999999995
2050-04-19 08:00:00,49419.621
2050-04-19 09:00:00,56280.009
2050-04-19 10:00:00,58512.719999999994
2050-04-19 11:00:00,64137.576
2050-04-19 12:00:00,67396.098
2050-04-19 13:00:00,65901.993
2050-04-19 14:00:00,67165.92
2050-04-19 15:00:00,59232.387
2050-04-19 16:00:00,52249.446
2050-04-19 17:00:00,45279.456
2050-04-19 18:00:00,37295.793
2050-04-19 19:00:00,33534.324
2050-04-19 20:00:00,31397.576999999997
2050-04-19 21:00:00,29817.372
2050-04-19 22:00:00,28454.307
2050-04-19 23:00:00,26855.561999999998
2050-04-20 00:00:00,25943.859
2050-04-20 01:00:00,25754.327999999998
2050-04-20 02:00:00,25254.714
2050-04-20 03:00:00,25231.023
2050-04-20 04:00:00,25327.176
2050-04-20 05:00:00,25957.665
2050-04-20 06:00:00,28631.856
2050-04-20 07:00:00,32978.787
2050-04-20 08:00:00,39184.583999999995
2050-04-20 09:00:00,46711.524
2050-04-20 10:00:00,51847.208999999995
2050-04-20 11:00:00,56724.38999999999
2050-04-20 12:00:00,56057.75399999999
2050-04-20 13:00:00,51487.851
2050-04-20 14:00:00,41898.03
2050-04-20 15:00:00,41915.42399999999
2050-04-20 16:00:00,38495.292
2050-04-20 17:00:00,35582.441999999995
2050-04-20 18:00:00,31306.455
2050-04-20 19:00:00,29174.715
2050-04-20 20:00:00,27445.947
2050-04-20 21:00:00,25899.069
2050-04-20 22:00:00,25303.217999999997
2050-04-20 23:00:00,25217.76
2050-04-21 00:00:00,24075.434999999998
2050-04-21 01:00:00,22675.164
2050-04-21 02:00:00,22585.623
2050-04-21 03:00:00,22820.856
2050-04-21 04:00:00,22992.522
2050-04-21 05:00:00,23462.301
2050-04-21 06:00:00,25492.887
2050-04-21 07:00:00,27511.23
2050-04-21 08:00:00,29831.43
2050-04-21 09:00:00,34711.452
2050-04-21 10:00:00,36914.655
2050-04-21 11:00:00,33186.926999999996
2050-04-21 12:00:00,32063.078999999998
2050-04-21 13:00:00,29531.984999999997
2050-04-21 14:00:00,29703.506999999998
2050-04-21 15:00:00,35325.63
2050-04-21 16:00:00,36738.81
2050-04-21 17:00:00,32364.761999999995
2050-04-21 18:00:00,30105.84
2050-04-21 19:00:00,30488.642999999996
2050-04-21 20:00:00,31536.438000000002
2050-04-21 21:00:00,30425.196
2050-04-21 22:00:00,27634.725
2050-04-21 23:00:00,27593.997
2050-04-22 00:00:00,27598.386
2050-04-22 01:00:00,27768.578999999998
2050-04-22 02:00:00,28027.677
2050-04-22 03:00:00,30053.706
2050-04-22 04:00:00,33854.997
2050-04-22 05:00:00,35214.39
2050-04-22 06:00:00,38029.071
2050-04-22 07:00:00,42521.255999999994
2050-04-22 08:00:00,43549.389
2050-04-22 09:00:00,46025.121
2050-04-22 10:00:00,51977.625
2050-04-22 11:00:00,55136.271
2050-04-22 12:00:00,60588.342000000004
2050-04-22 13:00:00,60150.657
2050-04-22 14:00:00,57336.066
2050-04-22 15:00:00,54122.112
2050-04-22 16:00:00,47245.401000000005
2050-04-22 17:00:00,39973.944
2050-04-22 18:00:00,33774.342
2050-04-22 19:00:00,33169.383
2050-04-22 20:00:00,33605.384999999995
2050-04-22 21:00:00,32304.726
2050-04-22 22:00:00,30851.193
2050-04-22 23:00:00,30026.199
2050-04-23 00:00:00,29588.909999999996
2050-04-23 01:00:00,29372.448
2050-04-23 02:00:00,29301.575999999997
2050-04-23 03:00:00,30270.831
2050-04-23 04:00:00,31946.976
2050-04-23 05:00:00,33851.816999999995
2050-04-23 06:00:00,38146.389
2050-04-23 07:00:00,43203.6
2050-04-23 08:00:00,45071.817
2050-04-23 09:00:00,45251.292
2050-04-23 10:00:00,46022.316
2050-04-23 11:00:00,45025.611
2050-04-23 12:00:00,44698.73099999999
2050-04-23 13:00:00,46555.365
2050-04-23 14:00:00,44123.132999999994
2050-04-23 15:00:00,45045.678
2050-04-23 16:00:00,41376.155999999995
2050-04-23 17:00:00,39938.202
2050-04-23 18:00:00,37286.475
2050-04-23 19:00:00,36783.99
2050-04-23 20:00:00,36821.168999999994
2050-04-23 21:00:00,34581.318
2050-04-23 22:00:00,33837.611999999994
2050-04-23 23:00:00,33189.189
2050-04-24 00:00:00,33086.174999999996
2050-04-24 01:00:00,34072.986
2050-04-24 02:00:00,35268.617999999995
2050-04-24 03:00:00,37451.528999999995
2050-04-24 04:00:00,43854.189
2050-04-24 05:00:00,46673.276999999995
2050-04-24 06:00:00,48736.659
2050-04-24 07:00:00,49857.75
2050-04-24 08:00:00,49110.03
2050-04-24 09:00:00,50308.844999999994
2050-04-24 10:00:00,51242.091
2050-04-24 11:00:00,49932.162000000004
2050-04-24 12:00:00,51480.267
2050-04-24 13:00:00,53373.087
2050-04-24 14:00:00,53754.344999999994
2050-04-24 15:00:00,52412.568
2050-04-24 16:00:00,53572.611
2050-04-24 17:00:00,50143.704
2050-04-24 18:00:00,45725.511
2050-04-24 19:00:00,43715.475
2050-04-24 20:00:00,41045.253000000004
2050-04-24 21:00:00,36197.706
2050-04-24 22:00:00,34002.6
2050-04-24 23:00:00,31413.18
2050-04-25 00:00:00,29760.216
2050-04-25 01:00:00,28888.793999999998
2050-04-25 02:00:00,29748.138
2050-04-25 03:00:00,31635.650999999998
2050-04-25 04:00:00,37385.693999999996
2050-04-25 05:00:00,40573.725
2050-04-25 06:00:00,44428.797
2050-04-25 07:00:00,48415.803
2050-04-25 08:00:00,49360.83
2050-04-25 09:00:00,51413.979
2050-04-25 10:00:00,52281.786
2050-04-25 11:00:00,55123.554
2050-04-25 12:00:00,55671.705
2050-04-25 13:00:00,52282.725
2050-04-25 14:00:00,49767.693
2050-04-25 15:00:00,49147.532999999996
2050-04-25 16:00:00,51332.507999999994
2050-04-25 17:00:00,45363.905999999995
2050-04-25 18:00:00,37810.818
2050-04-25 19:00:00,35054.4
2050-04-25 20:00:00,33810.684
2050-04-25 21:00:00,30731.327999999998
2050-04-25 22:00:00,27808.107
2050-04-25 23:00:00,26337.39
2050-04-26 00:00:00,25170.351
2050-04-26 01:00:00,24776.085
2050-04-26 02:00:00,25007.892
2050-04-26 03:00:00,24407.753999999997
2050-04-26 04:00:00,24731.214
2050-04-26 05:00:00,27485.843999999997
2050-04-26 06:00:00,31439.547
2050-04-26 07:00:00,35288.127
2050-04-26 08:00:00,44737.434
2050-04-26 09:00:00,50594.772
2050-04-26 10:00:00,57898.310999999994
2050-04-26 11:00:00,61224.458999999995
2050-04-26 12:00:00,58489.13999999999
2050-04-26 13:00:00,54847.049999999996
2050-04-26 14:00:00,50108.316
2050-04-26 15:00:00,46394.58299999999
2050-04-26 16:00:00,39286.716
2050-04-26 17:00:00,34422.393
2050-04-26 18:00:00,27401.309999999998
2050-04-26 19:00:00,23931.171000000002
2050-04-26 20:00:00,22886.682
2050-04-26 21:00:00,21148.14
2050-04-26 22:00:00,19249.257
2050-04-26 23:00:00,18077.808
2050-04-27 00:00:00,15780.483
2050-04-27 01:00:00,14004.492
2050-04-27 02:00:00,13770.219000000001
2050-04-27 03:00:00,13283.696999999998
2050-04-27 04:00:00,13557.932999999999
2050-04-27 05:00:00,16657.512
2050-04-27 06:00:00,25393.667999999998
2050-04-27 07:00:00,37231.263
2050-04-27 08:00:00,48421.346999999994
2050-04-27 09:00:00,57296.960999999996
2050-04-27 10:00:00,62724.78599999999
2050-04-27 11:00:00,65044.455
2050-04-27 12:00:00,63386.634
2050-04-27 13:00:00,59858.26499999999
2050-04-27 14:00:00,53913.513
2050-04-27 15:00:00,44837.286
2050-04-27 16:00:00,38053.676999999996
2050-04-27 17:00:00,35459.157
2050-04-27 18:00:00,28817.969999999998
2050-04-27 19:00:00,25437.915
2050-04-27 20:00:00,23916.041999999998
2050-04-27 21:00:00,22168.521
2050-04-27 22:00:00,19583.007
2050-04-27 23:00:00,19076.979
2050-04-28 00:00:00,19374.048
2050-04-28 01:00:00,19586.061
2050-04-28 02:00:00,21053.514
2050-04-28 03:00:00,24616.2
2050-04-28 04:00:00,27664.638000000003
2050-04-28 05:00:00,32479.722
2050-04-28 06:00:00,40918.799999999996
2050-04-28 07:00:00,40806.342000000004
2050-04-28 08:00:00,46897.07399999999
2050-04-28 09:00:00,50581.007999999994
2050-04-28 10:00:00,55774.017
2050-04-28 11:00:00,58472.487
2050-04-28 12:00:00,58338.774
2050-04-28 13:00:00,55029.551999999996
2050-04-28 14:00:00,53501.268
2050-04-28 15:00:00,47739.693
2050-04-28 16:00:00,45195.321
2050-04-28 17:00:00,38056.539
2050-04-28 18:00:00,31438.811999999998
2050-04-28 19:00:00,27704.393999999997
2050-04-28 20:00:00,26453.409
2050-04-28 21:00:00,25801.884
2050-04-28 22:00:00,24669.744
2050-04-28 23:00:00,22202.327999999998
2050-04-29 00:00:00,21897.615
2050-04-29 01:00:00,22163.565
2050-04-29 02:00:00,22481.525999999998
2050-04-29 03:00:00,22998.467999999997
2050-04-29 04:00:00,26327.252999999997
2050-04-29 05:00:00,31682.153999999995
2050-04-29 06:00:00,39508.005
2050-04-29 07:00:00,42482.784
2050-04-29 08:00:00,48488.810999999994
2050-04-29 09:00:00,50958.903
2050-04-29 10:00:00,56640.261
2050-04-29 11:00:00,59162.867999999995
2050-04-29 12:00:00,58942.583999999995
2050-04-29 13:00:00,56530.944
2050-04-29 14:00:00,55623.831
2050-04-29 15:00:00,50602.452
2050-04-29 16:00:00,50508.582
2050-04-29 17:00:00,42719.837999999996
2050-04-29 18:00:00,34791.276
2050-04-29 19:00:00,32129.157
2050-04-29 20:00:00,31440.942
2050-04-29 21:00:00,30677.013
2050-04-29 22:00:00,29433.236999999997
2050-04-29 23:00:00,28476.756
2050-04-30 00:00:00,28369.989
2050-04-30 01:00:00,26939.399999999998
2050-04-30 02:00:00,26422.433999999997
2050-04-30 03:00:00,26902.524
2050-04-30 04:00:00,27769.605
2050-04-30 05:00:00,32670.0
2050-04-30 06:00:00,40375.863
2050-04-30 07:00:00,40989.18
2050-04-30 08:00:00,47187.062999999995
2050-04-30 09:00:00,51512.58299999999
2050-04-30 10:00:00,56593.965
2050-04-30 11:00:00,59038.875
2050-04-30 12:00:00,57878.435999999994
2050-04-30 13:00:00,55751.964
2050-04-30 14:00:00,55621.992000000006
2050-04-30 15:00:00,49290.714
2050-04-30 16:00:00,47156.26499999999
2050-04-30 17:00:00,39984.075
2050-04-30 18:00:00,32322.077999999998
2050-04-30 19:00:00,28996.62
2050-04-30 20:00:00,27972.774
2050-04-30 21:00:00,27146.603999999996
2050-04-30 22:00:00,24981.141
2050-04-30 23:00:00,22920.657
2050-05-01 00:00:00,21973.001999999997
2050-05-01 01:00:00,21551.277
2050-05-01 02:00:00,21062.592
2050-05-01 03:00:00,20895.069
2050-05-01 04:00:00,21407.946
2050-05-01 05:00:00,25413.096
2050-05-01 06:00:00,28927.515
2050-05-01 07:00:00,34211.574
2050-05-01 08:00:00,43763.028
2050-05-01 09:00:00,51220.761
2050-05-01 10:00:00,55839.66
2050-05-01 11:00:00,57686.241
2050-05-01 12:00:00,56976.471
2050-05-01 13:00:00,53255.04899999999
2050-05-01 14:00:00,46123.871999999996
2050-05-01 15:00:00,42103.839
2050-05-01 16:00:00,36586.844999999994
2050-05-01 17:00:00,31829.075999999997
2050-05-01 18:00:00,25379.486999999997
2050-05-01 19:00:00,23301.66
2050-05-01 20:00:00,22699.359
2050-05-01 21:00:00,21331.992
2050-05-01 22:00:00,17766.915
2050-05-01 23:00:00,15081.123
2050-05-02 00:00:00,14457.333
2050-05-02 01:00:00,13621.686
2050-05-02 02:00:00,14434.749
2050-05-02 03:00:00,16240.883999999998
2050-05-02 04:00:00,16910.583
2050-05-02 05:00:00,22160.856
2050-05-02 06:00:00,29266.685999999998
2050-05-02 07:00:00,32473.671000000002
2050-05-02 08:00:00,38837.796
2050-05-02 09:00:00,41280.91499999999
2050-05-02 10:00:00,39487.569
2050-05-02 11:00:00,42188.382
2050-05-02 12:00:00,51427.685999999994
2050-05-02 13:00:00,56870.577
2050-05-02 14:00:00,57593.471999999994
2050-05-02 15:00:00,49529.52
2050-05-02 16:00:00,46201.725
2050-05-02 17:00:00,40019.469000000005
2050-05-02 18:00:00,33346.338
2050-05-02 19:00:00,30171.546000000002
2050-05-02 20:00:00,29566.956
2050-05-02 21:00:00,28475.475
2050-05-02 22:00:00,23256.993
2050-05-02 23:00:00,21250.524
2050-05-03 00:00:00,20145.791999999998
2050-05-03 01:00:00,19630.686
2050-05-03 02:00:00,19249.839
2050-05-03 03:00:00,19207.515
2050-05-03 04:00:00,18342.498
2050-05-03 05:00:00,22449.809999999998
2050-05-03 06:00:00,26653.194
2050-05-03 07:00:00,34878.083999999995
2050-05-03 08:00:00,44425.479
2050-05-03 09:00:00,51926.030999999995
2050-05-03 10:00:00,54103.887
2050-05-03 11:00:00,55651.329
2050-05-03 12:00:00,57039.689999999995
2050-05-03 13:00:00,50684.274
2050-05-03 14:00:00,47709.99
2050-05-03 15:00:00,51372.176999999996
2050-05-03 16:00:00,49005.273
2050-05-03 17:00:00,43434.543
2050-05-03 18:00:00,39026.019
2050-05-03 19:00:00,33909.579
2050-05-03 20:00:00,31301.003999999997
2050-05-03 21:00:00,28994.882999999998
2050-05-03 22:00:00,24778.944
2050-05-03 23:00:00,21582.809999999998
2050-05-04 00:00:00,20874.819
2050-05-04 01:00:00,20745.396
2050-05-04 02:00:00,20993.574
2050-05-04 03:00:00,24594.803999999996
2050-05-04 04:00:00,23246.751
2050-05-04 05:00:00,25871.132999999998
2050-05-04 06:00:00,33547.164
2050-05-04 07:00:00,39877.29899999999
2050-05-04 08:00:00,45277.062
2050-05-04 09:00:00,54486.66299999999
2050-05-04 10:00:00,58134.27
2050-05-04 11:00:00,64614.546
2050-05-04 12:00:00,58274.541
2050-05-04 13:00:00,60616.013999999996
2050-05-04 14:00:00,59160.678
2050-05-04 15:00:00,51562.503000000004
2050-05-04 16:00:00,45857.241
2050-05-04 17:00:00,42157.092000000004
2050-05-04 18:00:00,34701.282
2050-05-04 19:00:00,29064.807
2050-05-04 20:00:00,25841.25
2050-05-04 21:00:00,23051.388000000003
2050-05-04 22:00:00,21304.967999999997
2050-05-04 23:00:00,19783.842
2050-05-05 00:00:00,19059.393
2050-05-05 01:00:00,18363.558
2050-05-05 02:00:00,18235.374
2050-05-05 03:00:00,20779.011
2050-05-05 04:00:00,24756.626999999997
2050-05-05 05:00:00,30607.235999999997
2050-05-05 06:00:00,38830.941
2050-05-05 07:00:00,52439.469000000005
2050-05-05 08:00:00,66215.421
2050-05-05 09:00:00,69220.167
2050-05-05 10:00:00,72925.79699999999
2050-05-05 11:00:00,75538.914
2050-05-05 12:00:00,73715.481
2050-05-05 13:00:00,73794.141
2050-05-05 14:00:00,69894.216
2050-05-05 15:00:00,64987.827
2050-05-05 16:00:00,61784.385
2050-05-05 17:00:00,53249.634
2050-05-05 18:00:00,45916.098
2050-05-05 19:00:00,39234.795
2050-05-05 20:00:00,34770.546
2050-05-05 21:00:00,31824.498
2050-05-05 22:00:00,29123.285999999996
2050-05-05 23:00:00,27063.198
2050-05-06 00:00:00,25511.211
2050-05-06 01:00:00,25813.608
2050-05-06 02:00:00,27694.769999999997
2050-05-06 03:00:00,28881.759
2050-05-06 04:00:00,30655.122
2050-05-06 05:00:00,36408.768
2050-05-06 06:00:00,43201.182
2050-05-06 07:00:00,46329.003000000004
2050-05-06 08:00:00,50959.662000000004
2050-05-06 09:00:00,54893.967000000004
2050-05-06 10:00:00,55134.837
2050-05-06 11:00:00,54252.228
2050-05-06 12:00:00,55700.943
2050-05-06 13:00:00,54467.867999999995
2050-05-06 14:00:00,51264.162000000004
2050-05-06 15:00:00,49688.784
2050-05-06 16:00:00,49798.562999999995
2050-05-06 17:00:00,49348.223999999995
2050-05-06 18:00:00,44056.94699999999
2050-05-06 19:00:00,40057.62899999999
2050-05-06 20:00:00,36939.833999999995
2050-05-06 21:00:00,34661.184
2050-05-06 22:00:00,32897.775
2050-05-06 23:00:00,29675.124
2050-05-07 00:00:00,27624.33
2050-05-07 01:00:00,26837.46
2050-05-07 02:00:00,26645.607
2050-05-07 03:00:00,27571.806
2050-05-07 04:00:00,29704.083
2050-05-07 05:00:00,34027.296
2050-05-07 06:00:00,41822.739
2050-05-07 07:00:00,49162.968
2050-05-07 08:00:00,49993.479
2050-05-07 09:00:00,52132.272
2050-05-07 10:00:00,55546.767
2050-05-07 11:00:00,62959.926
2050-05-07 12:00:00,62992.62899999999
2050-05-07 13:00:00,60636.768
2050-05-07 14:00:00,60039.812999999995
2050-05-07 15:00:00,56212.407
2050-05-07 16:00:00,56977.839
2050-05-07 17:00:00,50537.793
2050-05-07 18:00:00,42963.564
2050-05-07 19:00:00,36981.356999999996
2050-05-07 20:00:00,35294.604
2050-05-07 21:00:00,34811.556
2050-05-07 22:00:00,32381.609999999997
2050-05-07 23:00:00,30618.569999999996
2050-05-08 00:00:00,28862.763000000003
2050-05-08 01:00:00,27814.382999999998
2050-05-08 02:00:00,27231.414
2050-05-08 03:00:00,27504.717
2050-05-08 04:00:00,29948.349
2050-05-08 05:00:00,36219.825
2050-05-08 06:00:00,43166.478
2050-05-08 07:00:00,49613.657999999996
2050-05-08 08:00:00,53813.865
2050-05-08 09:00:00,62041.208999999995
2050-05-08 10:00:00,67751.025
2050-05-08 11:00:00,67630.614
2050-05-08 12:00:00,65575.73999999999
2050-05-08 13:00:00,59260.884
2050-05-08 14:00:00,55269.609
2050-05-08 15:00:00,52075.305
2050-05-08 16:00:00,50762.778
2050-05-08 17:00:00,45867.021
2050-05-08 18:00:00,39780.114
2050-05-08 19:00:00,33775.854
2050-05-08 20:00:00,30572.082
2050-05-08 21:00:00,29728.751999999997
2050-05-08 22:00:00,28082.331000000002
2050-05-08 23:00:00,27127.284
2050-05-09 00:00:00,25775.301
2050-05-09 01:00:00,25197.783
2050-05-09 02:00:00,24901.178999999996
2050-05-09 03:00:00,25389.021
2050-05-09 04:00:00,26234.103
2050-05-09 05:00:00,32751.897
2050-05-09 06:00:00,39957.117000000006
2050-05-09 07:00:00,42958.382999999994
2050-05-09 08:00:00,53873.706
2050-05-09 09:00:00,63414.83099999999
2050-05-09 10:00:00,64015.428
2050-05-09 11:00:00,66994.731
2050-05-09 12:00:00,63752.526
2050-05-09 13:00:00,58870.863
2050-05-09 14:00:00,61197.918
2050-05-09 15:00:00,58780.887
2050-05-09 16:00:00,57597.498
2050-05-09 17:00:00,52030.25399999999
2050-05-09 18:00:00,44551.806
2050-05-09 19:00:00,36939.639
2050-05-09 20:00:00,33883.35
2050-05-09 21:00:00,31206.740999999998
2050-05-09 22:00:00,27486.075
2050-05-09 23:00:00,24289.451999999997
2050-05-10 00:00:00,23158.292999999998
2050-05-10 01:00:00,21180.063000000002
2050-05-10 02:00:00,19510.862999999998
2050-05-10 03:00:00,18669.6
2050-05-10 04:00:00,19608.629999999997
2050-05-10 05:00:00,23952.002999999997
2050-05-10 06:00:00,30983.265
2050-05-10 07:00:00,40181.625
2050-05-10 08:00:00,46506.314999999995
2050-05-10 09:00:00,54923.205
2050-05-10 10:00:00,61039.73999999999
2050-05-10 11:00:00,64422.285
2050-05-10 12:00:00,64411.428
2050-05-10 13:00:00,62105.41499999999
2050-05-10 14:00:00,56569.698
2050-05-10 15:00:00,54446.271
2050-05-10 16:00:00,51402.91499999999
2050-05-10 17:00:00,47737.992000000006
2050-05-10 18:00:00,42251.397
2050-05-10 19:00:00,35065.791
2050-05-10 20:00:00,30729.93
2050-05-10 21:00:00,26731.757999999998
2050-05-10 22:00:00,24709.782
2050-05-10 23:00:00,24311.358
2050-05-11 00:00:00,21396.972
2050-05-11 01:00:00,19554.3
2050-05-11 02:00:00,17710.944
2050-05-11 03:00:00,16456.479
2050-05-11 04:00:00,15257.991
2050-05-11 05:00:00,20917.791
2050-05-11 06:00:00,31947.542999999998
2050-05-11 07:00:00,41066.82
2050-05-11 08:00:00,50380.671
2050-05-11 09:00:00,59304.636
2050-05-11 10:00:00,66322.722
2050-05-11 11:00:00,69031.89899999999
2050-05-11 12:00:00,67142.988
2050-05-11 13:00:00,62220.192
2050-05-11 14:00:00,53961.992999999995
2050-05-11 15:00:00,46068.60599999999
2050-05-11 16:00:00,41343.984
2050-05-11 17:00:00,37854.776999999995
2050-05-11 18:00:00,31367.114999999998
2050-05-11 19:00:00,25875.123
2050-05-11 20:00:00,25890.981
2050-05-11 21:00:00,26324.397
2050-05-11 22:00:00,24316.659
2050-05-11 23:00:00,24857.064000000002
2050-05-12 00:00:00,23601.467999999997
2050-05-12 01:00:00,23328.353999999996
2050-05-12 02:00:00,22753.769999999997
2050-05-12 03:00:00,23167.728
2050-05-12 04:00:00,27725.64
2050-05-12 05:00:00,35835.386999999995
2050-05-12 06:00:00,44444.304
2050-05-12 07:00:00,50734.326
2050-05-12 08:00:00,54817.326
2050-05-12 09:00:00,63261.393
2050-05-12 10:00:00,69666.366
2050-05-12 11:00:00,73282.257
2050-05-12 12:00:00,73306.011
2050-05-12 13:00:00,69659.913
2050-05-12 14:00:00,63488.22899999999
2050-05-12 15:00:00,64059.864
2050-05-12 16:00:00,59341.905
2050-05-12 17:00:00,54469.596
2050-05-12 18:00:00,46560.957
2050-05-12 19:00:00,37203.282
2050-05-12 20:00:00,32142.524999999998
2050-05-12 21:00:00,26791.767
2050-05-12 22:00:00,24898.202999999998
2050-05-12 23:00:00,23967.611999999997
2050-05-13 00:00:00,22903.566
2050-05-13 01:00:00,23420.733
2050-05-13 02:00:00,25968.686999999998
2050-05-13 03:00:00,29693.369999999995
2050-05-13 04:00:00,34287.003
2050-05-13 05:00:00,40977.093
2050-05-13 06:00:00,45214.13999999999
2050-05-13 07:00:00,48954.216
2050-05-13 08:00:00,58026.6
2050-05-13 09:00:00,61907.478
2050-05-13 10:00:00,68618.655
2050-05-13 11:00:00,70470.126
2050-05-13 12:00:00,69280.12199999999
2050-05-13 13:00:00,65711.415
2050-05-13 14:00:00,66084.28199999999
2050-05-13 15:00:00,58762.752
2050-05-13 16:00:00,53882.862
2050-05-13 17:00:00,50620.106999999996
2050-05-13 18:00:00,45970.935000000005
2050-05-13 19:00:00,40438.386
2050-05-13 20:00:00,37268.009999999995
2050-05-13 21:00:00,33727.994999999995
2050-05-13 22:00:00,31969.371
2050-05-13 23:00:00,29699.684999999998
2050-05-14 00:00:00,27502.274999999998
2050-05-14 01:00:00,26028.456000000002
2050-05-14 02:00:00,24964.989
2050-05-14 03:00:00,24841.122
2050-05-14 04:00:00,27441.200999999997
2050-05-14 05:00:00,34034.82
2050-05-14 06:00:00,38415.909
2050-05-14 07:00:00,41910.039
2050-05-14 08:00:00,51414.945
2050-05-14 09:00:00,56378.223
2050-05-14 10:00:00,64667.841
2050-05-14 11:00:00,69567.489
2050-05-14 12:00:00,69536.004
2050-05-14 13:00:00,70375.119
2050-05-14 14:00:00,68662.743
2050-05-14 15:00:00,63737.91299999999
2050-05-14 16:00:00,57680.316
2050-05-14 17:00:00,54617.196
2050-05-14 18:00:00,47409.437999999995
2050-05-14 19:00:00,41238.492000000006
2050-05-14 20:00:00,39474.192
2050-05-14 21:00:00,33647.457
2050-05-14 22:00:00,29814.885
2050-05-14 23:00:00,27925.023
2050-05-15 00:00:00,27167.277
2050-05-15 01:00:00,26135.757
2050-05-15 02:00:00,27360.891
2050-05-15 03:00:00,28036.761
2050-05-15 04:00:00,30261.492
2050-05-15 05:00:00,35527.281
2050-05-15 06:00:00,40934.829
2050-05-15 07:00:00,45126.76499999999
2050-05-15 08:00:00,53979.195
2050-05-15 09:00:00,58952.57399999999
2050-05-15 10:00:00,66985.569
2050-05-15 11:00:00,73535.13
2050-05-15 12:00:00,75040.131
2050-05-15 13:00:00,73982.53199999999
2050-05-15 14:00:00,70141.55399999999
2050-05-15 15:00:00,64453.935
2050-05-15 16:00:00,59789.26499999999
2050-05-15 17:00:00,54650.814
2050-05-15 18:00:00,51241.212
2050-05-15 19:00:00,42929.333999999995
2050-05-15 20:00:00,37644.267
2050-05-15 21:00:00,33313.788
2050-05-15 22:00:00,29528.931
2050-05-15 23:00:00,26256.69
2050-05-16 00:00:00,23228.501999999997
2050-05-16 01:00:00,20901.002999999997
2050-05-16 02:00:00,20190.632999999998
2050-05-16 03:00:00,21041.76
2050-05-16 04:00:00,23933.313000000002
2050-05-16 05:00:00,31160.900999999998
2050-05-16 06:00:00,39718.2
2050-05-16 07:00:00,48492.864
2050-05-16 08:00:00,55237.767
2050-05-16 09:00:00,59147.304
2050-05-16 10:00:00,64619.526
2050-05-16 11:00:00,67574.127
2050-05-16 12:00:00,66510.201
2050-05-16 13:00:00,62431.45799999999
2050-05-16 14:00:00,56928.657
2050-05-16 15:00:00,53681.907
2050-05-16 16:00:00,49320.948
2050-05-16 17:00:00,45953.373
2050-05-16 18:00:00,41771.67
2050-05-16 19:00:00,37135.242
2050-05-16 20:00:00,33898.566
2050-05-16 21:00:00,30157.869
2050-05-16 22:00:00,24582.351
2050-05-16 23:00:00,22452.591
2050-05-17 00:00:00,20148.291
2050-05-17 01:00:00,19175.139
2050-05-17 02:00:00,18795.113999999998
2050-05-17 03:00:00,18391.029
2050-05-17 04:00:00,19484.25
2050-05-17 05:00:00,23960.406
2050-05-17 06:00:00,35689.424999999996
2050-05-17 07:00:00,48675.257999999994
2050-05-17 08:00:00,57035.784
2050-05-17 09:00:00,61447.95
2050-05-17 10:00:00,65189.271
2050-05-17 11:00:00,69948.687
2050-05-17 12:00:00,70128.624
2050-05-17 13:00:00,68191.455
2050-05-17 14:00:00,63063.494999999995
2050-05-17 15:00:00,58537.263
2050-05-17 16:00:00,48178.431
2050-05-17 17:00:00,41718.714
2050-05-17 18:00:00,35806.797
2050-05-17 19:00:00,30894.585
2050-05-17 20:00:00,30187.155
2050-05-17 21:00:00,27287.763000000003
2050-05-17 22:00:00,24734.226
2050-05-17 23:00:00,23058.192
2050-05-18 00:00:00,22199.067
2050-05-18 01:00:00,20621.046000000002
2050-05-18 02:00:00,19671.734999999997
2050-05-18 03:00:00,18259.035
2050-05-18 04:00:00,16552.584
2050-05-18 05:00:00,17961.282
2050-05-18 06:00:00,23151.933
2050-05-18 07:00:00,29531.646
2050-05-18 08:00:00,36356.475
2050-05-18 09:00:00,40618.704
2050-05-18 10:00:00,41858.549999999996
2050-05-18 11:00:00,41026.524
2050-05-18 12:00:00,44670.327
2050-05-18 13:00:00,51014.625
2050-05-18 14:00:00,43811.28
2050-05-18 15:00:00,47782.496999999996
2050-05-18 16:00:00,43133.592000000004
2050-05-18 17:00:00,38537.208
2050-05-18 18:00:00,32936.055
2050-05-18 19:00:00,26532.528
2050-05-18 20:00:00,24980.514
2050-05-18 21:00:00,23551.131
2050-05-18 22:00:00,21381.423
2050-05-18 23:00:00,20525.397
2050-05-19 00:00:00,19999.793999999998
2050-05-19 01:00:00,20134.983
2050-05-19 02:00:00,20947.158
2050-05-19 03:00:00,21762.053999999996
2050-05-19 04:00:00,24574.872
2050-05-19 05:00:00,31925.511
2050-05-19 06:00:00,41518.532999999996
2050-05-19 07:00:00,47551.049999999996
2050-05-19 08:00:00,53753.682
2050-05-19 09:00:00,61338.83099999999
2050-05-19 10:00:00,67914.33
2050-05-19 11:00:00,70076.31
2050-05-19 12:00:00,69745.335
2050-05-19 13:00:00,68050.584
2050-05-19 14:00:00,65435.27399999999
2050-05-19 15:00:00,63265.893
2050-05-19 16:00:00,57029.549999999996
2050-05-19 17:00:00,50512.481999999996
2050-05-19 18:00:00,43748.41499999999
2050-05-19 19:00:00,37058.25
2050-05-19 20:00:00,31846.484999999997
2050-05-19 21:00:00,27217.608
2050-05-19 22:00:00,25448.727
2050-05-19 23:00:00,24795.549
2050-05-20 00:00:00,24222.12
2050-05-20 01:00:00,23261.601
2050-05-20 02:00:00,22632.444
2050-05-20 03:00:00,23055.048
2050-05-20 04:00:00,25690.751999999997
2050-05-20 05:00:00,32977.161
2050-05-20 06:00:00,40391.484
2050-05-20 07:00:00,45735.534
2050-05-20 08:00:00,54323.655
2050-05-20 09:00:00,63665.772
2050-05-20 10:00:00,59695.547999999995
2050-05-20 11:00:00,62062.077
2050-05-20 12:00:00,63392.27399999999
2050-05-20 13:00:00,70256.99699999999
2050-05-20 14:00:00,66022.482
2050-05-20 15:00:00,63603.021
2050-05-20 16:00:00,56111.496
2050-05-20 17:00:00,48865.002
2050-05-20 18:00:00,39594.717000000004
2050-05-20 19:00:00,32439.207
2050-05-20 20:00:00,28009.557
2050-05-20 21:00:00,25590.447
2050-05-20 22:00:00,24614.892
2050-05-20 23:00:00,22650.275999999998
2050-05-21 00:00:00,21651.275999999998
2050-05-21 01:00:00,22013.244
2050-05-21 02:00:00,22914.45
2050-05-21 03:00:00,24031.623
2050-05-21 04:00:00,27427.95
2050-05-21 05:00:00,33977.229
2050-05-21 06:00:00,41506.953
2050-05-21 07:00:00,47883.636
2050-05-21 08:00:00,53263.932
2050-05-21 09:00:00,58687.926
2050-05-21 10:00:00,55130.865
2050-05-21 11:00:00,59523.951
2050-05-21 12:00:00,59223.417
2050-05-21 13:00:00,58146.954
2050-05-21 14:00:00,55563.32399999999
2050-05-21 15:00:00,59560.005
2050-05-21 16:00:00,53044.130999999994
2050-05-21 17:00:00,48680.649
2050-05-21 18:00:00,43894.085999999996
2050-05-21 19:00:00,37610.826
2050-05-21 20:00:00,34216.167
2050-05-21 21:00:00,31520.496
2050-05-21 22:00:00,30660.117
2050-05-21 23:00:00,29303.247
2050-05-22 00:00:00,28076.589
2050-05-22 01:00:00,25317.297000000002
2050-05-22 02:00:00,25363.431
2050-05-22 03:00:00,27756.621000000003
2050-05-22 04:00:00,29478.141
2050-05-22 05:00:00,36659.295
2050-05-22 06:00:00,44414.865
2050-05-22 07:00:00,54030.003000000004
2050-05-22 08:00:00,59326.96799999999
2050-05-22 09:00:00,65408.454
2050-05-22 10:00:00,73529.703
2050-05-22 11:00:00,78545.60399999999
2050-05-22 12:00:00,77744.721
2050-05-22 13:00:00,74620.701
2050-05-22 14:00:00,67853.24699999999
2050-05-22 15:00:00,62406.819
2050-05-22 16:00:00,55929.344999999994
2050-05-22 17:00:00,49376.616
2050-05-22 18:00:00,44724.617999999995
2050-05-22 19:00:00,37385.439
2050-05-22 20:00:00,35123.151
2050-05-22 21:00:00,33356.409
2050-05-22 22:00:00,31348.739999999998
2050-05-22 23:00:00,26691.842999999997
2050-05-23 00:00:00,26893.103999999996
2050-05-23 01:00:00,27663.663
2050-05-23 02:00:00,27945.063000000002
2050-05-23 03:00:00,30374.715
2050-05-23 04:00:00,33456.837
2050-05-23 05:00:00,40657.764
2050-05-23 06:00:00,48692.775
2050-05-23 07:00:00,55968.91499999999
2050-05-23 08:00:00,59359.056
2050-05-23 09:00:00,60923.193
2050-05-23 10:00:00,68156.64
2050-05-23 11:00:00,64960.11
2050-05-23 12:00:00,67510.437
2050-05-23 13:00:00,62758.11
2050-05-23 14:00:00,65634.66
2050-05-23 15:00:00,57675.621
2050-05-23 16:00:00,53896.07399999999
2050-05-23 17:00:00,46065.669
2050-05-23 18:00:00,36911.852999999996
2050-05-23 19:00:00,29278.998
2050-05-23 20:00:00,27223.365
2050-05-23 21:00:00,27230.697
2050-05-23 22:00:00,24740.259
2050-05-23 23:00:00,22580.627999999997
2050-05-24 00:00:00,22441.71
2050-05-24 01:00:00,22249.404
2050-05-24 02:00:00,22519.335
2050-05-24 03:00:00,22952.721
2050-05-24 04:00:00,25387.392
2050-05-24 05:00:00,31256.018999999997
2050-05-24 06:00:00,37795.371
2050-05-24 07:00:00,42888.477
2050-05-24 08:00:00,45915.57
2050-05-24 09:00:00,45979.337999999996
2050-05-24 10:00:00,46610.271
2050-05-24 11:00:00,44421.183
2050-05-24 12:00:00,42678.257999999994
2050-05-24 13:00:00,38723.934
2050-05-24 14:00:00,38206.197
2050-05-24 15:00:00,38466.888
2050-05-24 16:00:00,39095.534999999996
2050-05-24 17:00:00,35322.401999999995
2050-05-24 18:00:00,32755.148999999998
2050-05-24 19:00:00,30860.355
2050-05-24 20:00:00,30404.892
2050-05-24 21:00:00,30710.615999999998
2050-05-24 22:00:00,30796.778999999995
2050-05-24 23:00:00,31122.408
2050-05-25 00:00:00,31523.966999999997
2050-05-25 01:00:00,32142.567
2050-05-25 02:00:00,31926.261
2050-05-25 03:00:00,32654.852999999996
2050-05-25 04:00:00,32756.358
2050-05-25 05:00:00,35756.178
2050-05-25 06:00:00,39624.33
2050-05-25 07:00:00,41637.672
2050-05-25 08:00:00,44840.577
2050-05-25 09:00:00,49842.555
2050-05-25 10:00:00,62048.271
2050-05-25 11:00:00,63618.62699999999
2050-05-25 12:00:00,61507.476
2050-05-25 13:00:00,58667.69699999999
2050-05-25 14:00:00,51225.596999999994
2050-05-25 15:00:00,45639.234
2050-05-25 16:00:00,39253.014
2050-05-25 17:00:00,32196.377999999997
2050-05-25 18:00:00,27488.763000000003
2050-05-25 19:00:00,24065.717999999997
2050-05-25 20:00:00,23132.94
2050-05-25 21:00:00,21398.126999999997
2050-05-25 22:00:00,20552.709
2050-05-25 23:00:00,19365.606
2050-05-26 00:00:00,21051.675
2050-05-26 01:00:00,22352.055
2050-05-26 02:00:00,22084.164
2050-05-26 03:00:00,21138.207
2050-05-26 04:00:00,26004.569999999996
2050-05-26 05:00:00,33444.519
2050-05-26 06:00:00,41937.207
2050-05-26 07:00:00,52513.28999999999
2050-05-26 08:00:00,58653.816
2050-05-26 09:00:00,63639.564
2050-05-26 10:00:00,68704.662
2050-05-26 11:00:00,74994.723
2050-05-26 12:00:00,75022.257
2050-05-26 13:00:00,75553.005
2050-05-26 14:00:00,67305.717
2050-05-26 15:00:00,64248.371999999996
2050-05-26 16:00:00,58505.085
2050-05-26 17:00:00,54889.505999999994
2050-05-26 18:00:00,46938.537000000004
2050-05-26 19:00:00,42594.957
2050-05-26 20:00:00,39797.487
2050-05-26 21:00:00,35481.702
2050-05-26 22:00:00,33576.414
2050-05-26 23:00:00,32871.816
2050-05-27 00:00:00,33585.921
2050-05-27 01:00:00,34523.82
2050-05-27 02:00:00,35728.475999999995
2050-05-27 03:00:00,37323.924
2050-05-27 04:00:00,38741.426999999996
2050-05-27 05:00:00,42210.828
2050-05-27 06:00:00,44289.285
2050-05-27 07:00:00,46717.287000000004
2050-05-27 08:00:00,48623.433
2050-05-27 09:00:00,52122.66299999999
2050-05-27 10:00:00,56345.637
2050-05-27 11:00:00,60800.187
2050-05-27 12:00:00,62436.083999999995
2050-05-27 13:00:00,64449.312
2050-05-27 14:00:00,52499.994
2050-05-27 15:00:00,41092.973999999995
2050-05-27 16:00:00,39826.676999999996
2050-05-27 17:00:00,38944.287
2050-05-27 18:00:00,38823.48
2050-05-27 19:00:00,38466.054
2050-05-27 20:00:00,36371.337
2050-05-27 21:00:00,36208.032
2050-05-27 22:00:00,35382.168
2050-05-27 23:00:00,36470.318999999996
2050-05-28 00:00:00,36117.551999999996
2050-05-28 01:00:00,36432.657
2050-05-28 02:00:00,35656.748999999996
2050-05-28 03:00:00,36172.455
2050-05-28 04:00:00,37192.583999999995
2050-05-28 05:00:00,38290.202999999994
2050-05-28 06:00:00,41940.237
2050-05-28 07:00:00,44220.846
2050-05-28 08:00:00,45139.251000000004
2050-05-28 09:00:00,49666.569
2050-05-28 10:00:00,51773.871
2050-05-28 11:00:00,55669.293
2050-05-28 12:00:00,53447.229
2050-05-28 13:00:00,57876.63
2050-05-28 14:00:00,56112.03
2050-05-28 15:00:00,57198.519
2050-05-28 16:00:00,49691.685000000005
2050-05-28 17:00:00,41282.10599999999
2050-05-28 18:00:00,34108.164
2050-05-28 19:00:00,26913.693
2050-05-28 20:00:00,24244.149
2050-05-28 21:00:00,22539.501
2050-05-28 22:00:00,21963.842999999997
2050-05-28 23:00:00,18912.144
2050-05-29 00:00:00,17512.965
2050-05-29 01:00:00,18101.507999999998
2050-05-29 02:00:00,18137.232
2050-05-29 03:00:00,17881.518
2050-05-29 04:00:00,19390.641
2050-05-29 05:00:00,21556.992
2050-05-29 06:00:00,22878.944999999996
2050-05-29 07:00:00,27791.64
2050-05-29 08:00:00,33127.272
2050-05-29 09:00:00,40691.88
2050-05-29 10:00:00,45549.873
2050-05-29 11:00:00,43432.38
2050-05-29 12:00:00,44908.626000000004
2050-05-29 13:00:00,49713.468
2050-05-29 14:00:00,51653.142
2050-05-29 15:00:00,49801.901999999995
2050-05-29 16:00:00,50089.944
2050-05-29 17:00:00,43581.309
2050-05-29 18:00:00,39538.244999999995
2050-05-29 19:00:00,36042.986999999994
2050-05-29 20:00:00,35046.083999999995
2050-05-29 21:00:00,34171.524
2050-05-29 22:00:00,33523.596
2050-05-29 23:00:00,32414.018999999997
2050-05-30 00:00:00,30138.869999999995
2050-05-30 01:00:00,27565.284
2050-05-30 02:00:00,25183.058999999997
2050-05-30 03:00:00,24601.043999999998
2050-05-30 04:00:00,26996.799
2050-05-30 05:00:00,32724.131999999998
2050-05-30 06:00:00,40885.002
2050-05-30 07:00:00,47090.282999999996
2050-05-30 08:00:00,51750.28799999999
2050-05-30 09:00:00,57054.264
2050-05-30 10:00:00,63870.797999999995
2050-05-30 11:00:00,68229.147
2050-05-30 12:00:00,68702.22899999999
2050-05-30 13:00:00,68531.379
2050-05-30 14:00:00,60135.719999999994
2050-05-30 15:00:00,54831.768
2050-05-30 16:00:00,48694.821
2050-05-30 17:00:00,41785.403999999995
2050-05-30 18:00:00,33395.534999999996
2050-05-30 19:00:00,27242.768999999997
2050-05-30 20:00:00,24999.138000000003
2050-05-30 21:00:00,23498.331000000002
2050-05-30 22:00:00,23174.103
2050-05-30 23:00:00,22239.021
2050-05-31 00:00:00,19891.566
2050-05-31 01:00:00,18671.555999999997
2050-05-31 02:00:00,18970.245
2050-05-31 03:00:00,18494.586
2050-05-31 04:00:00,19484.226
2050-05-31 05:00:00,21578.378999999997
2050-05-31 06:00:00,26899.902
2050-05-31 07:00:00,36310.028999999995
2050-05-31 08:00:00,40804.83299999999
2050-05-31 09:00:00,43768.644
2050-05-31 10:00:00,44753.178
2050-05-31 11:00:00,46082.657999999996
2050-05-31 12:00:00,50520.939
2050-05-31 13:00:00,50653.59
2050-05-31 14:00:00,46421.778
2050-05-31 15:00:00,41111.112
2050-05-31 16:00:00,37653.227999999996
2050-05-31 17:00:00,33818.969999999994
2050-05-31 18:00:00,29477.742
2050-05-31 19:00:00,26780.448
2050-05-31 20:00:00,27264.864
2050-05-31 21:00:00,25388.7
2050-05-31 22:00:00,23110.176
2050-05-31 23:00:00,19509.948
2050-06-01 00:00:00,18530.142
2050-06-01 01:00:00,19373.787
2050-06-01 02:00:00,18612.683999999997
2050-06-01 03:00:00,17337.642
2050-06-01 04:00:00,19419.453
2050-06-01 05:00:00,25895.240999999998
2050-06-01 06:00:00,32971.316999999995
2050-06-01 07:00:00,37513.475999999995
2050-06-01 08:00:00,44291.48099999999
2050-06-01 09:00:00,46974.201
2050-06-01 10:00:00,52232.903999999995
2050-06-01 11:00:00,52429.308
2050-06-01 12:00:00,52550.892
2050-06-01 13:00:00,52206.948
2050-06-01 14:00:00,56592.87899999999
2050-06-01 15:00:00,56690.28
2050-06-01 16:00:00,54305.934
2050-06-01 17:00:00,44612.75399999999
2050-06-01 18:00:00,37484.091
2050-06-01 19:00:00,31490.715
2050-06-01 20:00:00,28436.601
2050-06-01 21:00:00,26603.607
2050-06-01 22:00:00,25480.182
2050-06-01 23:00:00,22894.347
2050-06-02 00:00:00,20518.592999999997
2050-06-02 01:00:00,18718.683
2050-06-02 02:00:00,17790.087
2050-06-02 03:00:00,19230.837
2050-06-02 04:00:00,22868.601
2050-06-02 05:00:00,29277.171000000002
2050-06-02 06:00:00,37375.989
2050-06-02 07:00:00,42651.126000000004
2050-06-02 08:00:00,51507.833999999995
2050-06-02 09:00:00,55273.632
2050-06-02 10:00:00,61653.426
2050-06-02 11:00:00,62264.70599999999
2050-06-02 12:00:00,62626.388999999996
2050-06-02 13:00:00,64648.871999999996
2050-06-02 14:00:00,62469.432
2050-06-02 15:00:00,58547.007
2050-06-02 16:00:00,51995.153999999995
2050-06-02 17:00:00,45129.587999999996
2050-06-02 18:00:00,35871.297
2050-06-02 19:00:00,31151.193
2050-06-02 20:00:00,29582.205
2050-06-02 21:00:00,28915.451999999997
2050-06-02 22:00:00,27183.899999999998
2050-06-02 23:00:00,24678.069
2050-06-03 00:00:00,25296.306
2050-06-03 01:00:00,24317.003999999997
2050-06-03 02:00:00,26177.711999999996
2050-06-03 03:00:00,28705.793999999998
2050-06-03 04:00:00,34478.94
2050-06-03 05:00:00,40930.814999999995
2050-06-03 06:00:00,48074.772
2050-06-03 07:00:00,55642.416
2050-06-03 08:00:00,64491.437999999995
2050-06-03 09:00:00,71997.13799999999
2050-06-03 10:00:00,75466.233
2050-06-03 11:00:00,79216.503
2050-06-03 12:00:00,78751.713
2050-06-03 13:00:00,72647.643
2050-06-03 14:00:00,64701.255
2050-06-03 15:00:00,56832.401999999995
2050-06-03 16:00:00,52318.335
2050-06-03 17:00:00,50335.581
2050-06-03 18:00:00,45474.966
2050-06-03 19:00:00,41647.101
2050-06-03 20:00:00,39235.206
2050-06-03 21:00:00,33360.162
2050-06-03 22:00:00,29737.821
2050-06-03 23:00:00,27632.355
2050-06-04 00:00:00,26955.009
2050-06-04 01:00:00,25696.671000000002
2050-06-04 02:00:00,23276.796000000002
2050-06-04 03:00:00,24542.148
2050-06-04 04:00:00,26038.515
2050-06-04 05:00:00,29832.593999999997
2050-06-04 06:00:00,34855.434
2050-06-04 07:00:00,39439.062
2050-06-04 08:00:00,44959.562999999995
2050-06-04 09:00:00,47476.284
2050-06-04 10:00:00,53589.38999999999
2050-06-04 11:00:00,55282.244999999995
2050-06-04 12:00:00,58944.318
2050-06-04 13:00:00,65021.367
2050-06-04 14:00:00,62245.746
2050-06-04 15:00:00,54441.303
2050-06-04 16:00:00,52976.46
2050-06-04 17:00:00,47083.74
2050-06-04 18:00:00,41689.68
2050-06-04 19:00:00,35870.217
2050-06-04 20:00:00,33413.276999999995
2050-06-04 21:00:00,29007.657
2050-06-04 22:00:00,25787.13
2050-06-04 23:00:00,25157.565
2050-06-05 00:00:00,25083.681
2050-06-05 01:00:00,25286.664
2050-06-05 02:00:00,25830.291
2050-06-05 03:00:00,26267.660999999996
2050-06-05 04:00:00,29603.271
2050-06-05 05:00:00,35771.613
2050-06-05 06:00:00,43475.496
2050-06-05 07:00:00,49595.10599999999
2050-06-05 08:00:00,55959.617999999995
2050-06-05 09:00:00,56413.173
2050-06-05 10:00:00,51503.172
2050-06-05 11:00:00,49548.651000000005
2050-06-05 12:00:00,53097.632999999994
2050-06-05 13:00:00,60098.793
2050-06-05 14:00:00,59657.376000000004
2050-06-05 15:00:00,51937.848
2050-06-05 16:00:00,47041.077
2050-06-05 17:00:00,42551.79899999999
2050-06-05 18:00:00,40015.284
2050-06-05 19:00:00,37909.95
2050-06-05 20:00:00,37612.212
2050-06-05 21:00:00,31989.353999999996
2050-06-05 22:00:00,31722.471
2050-06-05 23:00:00,30535.071
2050-06-06 00:00:00,31003.476
2050-06-06 01:00:00,31316.532
2050-06-06 02:00:00,31319.892
2050-06-06 03:00:00,31986.542999999998
2050-06-06 04:00:00,35360.934
2050-06-06 05:00:00,41350.392
2050-06-06 06:00:00,48456.405
2050-06-06 07:00:00,57391.439999999995
2050-06-06 08:00:00,63448.69499999999
2050-06-06 09:00:00,67572.42
2050-06-06 10:00:00,72165.71399999999
2050-06-06 11:00:00,71953.68
2050-06-06 12:00:00,72460.755
2050-06-06 13:00:00,64974.42
2050-06-06 14:00:00,59940.76499999999
2050-06-06 15:00:00,56394.714
2050-06-06 16:00:00,50917.212
2050-06-06 17:00:00,45093.042
2050-06-06 18:00:00,37494.227999999996
2050-06-06 19:00:00,30739.994999999995
2050-06-06 20:00:00,27312.393
2050-06-06 21:00:00,26459.439000000002
2050-06-06 22:00:00,23971.875
2050-06-06 23:00:00,23018.871000000003
2050-06-07 00:00:00,21223.263000000003
2050-06-07 01:00:00,21891.948
2050-06-07 02:00:00,21522.336
2050-06-07 03:00:00,21911.444999999996
2050-06-07 04:00:00,20973.159
2050-06-07 05:00:00,23456.082
2050-06-07 06:00:00,27854.958
2050-06-07 07:00:00,34079.202
2050-06-07 08:00:00,36726.216
2050-06-07 09:00:00,43792.401000000005
2050-06-07 10:00:00,47773.278
2050-06-07 11:00:00,49525.557
2050-06-07 12:00:00,54374.571
2050-06-07 13:00:00,57484.596
2050-06-07 14:00:00,50988.147
2050-06-07 15:00:00,51769.23299999999
2050-06-07 16:00:00,46531.422
2050-06-07 17:00:00,43979.388
2050-06-07 18:00:00,35747.532
2050-06-07 19:00:00,28439.018999999997
2050-06-07 20:00:00,25665.336
2050-06-07 21:00:00,21281.325
2050-06-07 22:00:00,16085.658
2050-06-07 23:00:00,16989.723
2050-06-08 00:00:00,20488.647
2050-06-08 01:00:00,23523.045
2050-06-08 02:00:00,27268.314000000002
2050-06-08 03:00:00,26465.592
2050-06-08 04:00:00,25211.859
2050-06-08 05:00:00,26472.12
2050-06-08 06:00:00,32008.409999999996
2050-06-08 07:00:00,38953.062
2050-06-08 08:00:00,43291.017
2050-06-08 09:00:00,49904.651999999995
2050-06-08 10:00:00,55468.403999999995
2050-06-08 11:00:00,55999.485
2050-06-08 12:00:00,57916.335
2050-06-08 13:00:00,58533.267
2050-06-08 14:00:00,55661.331
2050-06-08 15:00:00,51199.035
2050-06-08 16:00:00,50719.314
2050-06-08 17:00:00,42795.321
2050-06-08 18:00:00,32669.183999999997
2050-06-08 19:00:00,23876.301
2050-06-08 20:00:00,20703.410999999996
2050-06-08 21:00:00,20256.867
2050-06-08 22:00:00,19131.342
2050-06-08 23:00:00,18890.907
2050-06-09 00:00:00,17215.908
2050-06-09 01:00:00,15855.99
2050-06-09 02:00:00,14802.699
2050-06-09 03:00:00,14088.458999999999
2050-06-09 04:00:00,15164.889
2050-06-09 05:00:00,20793.387
2050-06-09 06:00:00,29855.634
2050-06-09 07:00:00,37532.051999999996
2050-06-09 08:00:00,46086.555
2050-06-09 09:00:00,52086.78
2050-06-09 10:00:00,51957.212999999996
2050-06-09 11:00:00,54702.795
2050-06-09 12:00:00,51540.91499999999
2050-06-09 13:00:00,51890.058
2050-06-09 14:00:00,50776.424999999996
2050-06-09 15:00:00,49747.614
2050-06-09 16:00:00,46215.98099999999
2050-06-09 17:00:00,40305.560999999994
2050-06-09 18:00:00,36145.164
2050-06-09 19:00:00,31676.982
2050-06-09 20:00:00,30780.924
2050-06-09 21:00:00,30179.768999999997
2050-06-09 22:00:00,27634.572
2050-06-09 23:00:00,25187.163
2050-06-10 00:00:00,26276.144999999997
2050-06-10 01:00:00,27566.247
2050-06-10 02:00:00,27988.425
2050-06-10 03:00:00,29712.909
2050-06-10 04:00:00,32599.521
2050-06-10 05:00:00,36671.721
2050-06-10 06:00:00,41793.195
2050-06-10 07:00:00,45505.089
2050-06-10 08:00:00,47689.293
2050-06-10 09:00:00,47023.203
2050-06-10 10:00:00,49341.075
2050-06-10 11:00:00,51045.23099999999
2050-06-10 12:00:00,53553.189
2050-06-10 13:00:00,57525.66299999999
2050-06-10 14:00:00,56991.6
2050-06-10 15:00:00,56054.846999999994
2050-06-10 16:00:00,53089.973999999995
2050-06-10 17:00:00,45163.137
2050-06-10 18:00:00,38312.625
2050-06-10 19:00:00,30054.066
2050-06-10 20:00:00,24455.091
2050-06-10 21:00:00,21530.571
2050-06-10 22:00:00,20124.780000000002
2050-06-10 23:00:00,18904.206
2050-06-11 00:00:00,18167.67
2050-06-11 01:00:00,17793.282
2050-06-11 02:00:00,17594.55
2050-06-11 03:00:00,18518.376
2050-06-11 04:00:00,22298.841
2050-06-11 05:00:00,28816.490999999998
2050-06-11 06:00:00,36039.411
2050-06-11 07:00:00,37421.28
2050-06-11 08:00:00,42381.717000000004
2050-06-11 09:00:00,45449.151000000005
2050-06-11 10:00:00,46680.123
2050-06-11 11:00:00,51589.937999999995
2050-06-11 12:00:00,55944.617999999995
2050-06-11 13:00:00,56102.246999999996
2050-06-11 14:00:00,56686.367999999995
2050-06-11 15:00:00,51476.193
2050-06-11 16:00:00,49719.242999999995
2050-06-11 17:00:00,46744.257
2050-06-11 18:00:00,42044.82
2050-06-11 19:00:00,36648.369
2050-06-11 20:00:00,35058.051
2050-06-11 21:00:00,33119.196
2050-06-11 22:00:00,27633.978
2050-06-11 23:00:00,26968.325999999997
2050-06-12 00:00:00,26575.26
2050-06-12 01:00:00,27158.853
2050-06-12 02:00:00,27057.803999999996
2050-06-12 03:00:00,27423.507
2050-06-12 04:00:00,31983.041999999998
2050-06-12 05:00:00,39558.435000000005
2050-06-12 06:00:00,48463.481999999996
2050-06-12 07:00:00,58633.695
2050-06-12 08:00:00,67476.312
2050-06-12 09:00:00,75902.844
2050-06-12 10:00:00,83280.882
2050-06-12 11:00:00,86634.024
2050-06-12 12:00:00,86021.226
2050-06-12 13:00:00,81284.511
2050-06-12 14:00:00,75215.181
2050-06-12 15:00:00,67940.427
2050-06-12 16:00:00,58469.382
2050-06-12 17:00:00,49901.585999999996
2050-06-12 18:00:00,42054.432
2050-06-12 19:00:00,33478.506
2050-06-12 20:00:00,29099.886
2050-06-12 21:00:00,23411.319
2050-06-12 22:00:00,21298.71
2050-06-12 23:00:00,20380.347
2050-06-13 00:00:00,20021.748
2050-06-13 01:00:00,19647.009
2050-06-13 02:00:00,19424.898
2050-06-13 03:00:00,19668.933
2050-06-13 04:00:00,22475.715
2050-06-13 05:00:00,29089.356
2050-06-13 06:00:00,37462.509
2050-06-13 07:00:00,43304.787000000004
2050-06-13 08:00:00,48070.548
2050-06-13 09:00:00,54194.76
2050-06-13 10:00:00,55113.075
2050-06-13 11:00:00,57061.007999999994
2050-06-13 12:00:00,58113.299999999996
2050-06-13 13:00:00,55713.054
2050-06-13 14:00:00,54337.721999999994
2050-06-13 15:00:00,49303.98299999999
2050-06-13 16:00:00,44295.24
2050-06-13 17:00:00,39708.261
2050-06-13 18:00:00,33776.877
2050-06-13 19:00:00,29277.471
2050-06-13 20:00:00,28985.976
2050-06-13 21:00:00,26729.918999999998
2050-06-13 22:00:00,25426.553999999996
2050-06-13 23:00:00,24056.835
2050-06-14 00:00:00,24122.217
2050-06-14 01:00:00,22218.573
2050-06-14 02:00:00,19207.089
2050-06-14 03:00:00,17042.313
2050-06-14 04:00:00,16439.736
2050-06-14 05:00:00,21111.501
2050-06-14 06:00:00,29920.488
2050-06-14 07:00:00,36472.212
2050-06-14 08:00:00,46267.611
2050-06-14 09:00:00,49818.078
2050-06-14 10:00:00,48708.579
2050-06-14 11:00:00,46838.7
2050-06-14 12:00:00,40905.971999999994
2050-06-14 13:00:00,37299.984
2050-06-14 14:00:00,36614.577
2050-06-14 15:00:00,42965.994
2050-06-14 16:00:00,43607.210999999996
2050-06-14 17:00:00,43658.184
2050-06-14 18:00:00,39935.832
2050-06-14 19:00:00,35015.325
2050-06-14 20:00:00,31466.247
2050-06-14 21:00:00,27365.766
2050-06-14 22:00:00,25659.297000000002
2050-06-14 23:00:00,22746.324
2050-06-15 00:00:00,21579.114
2050-06-15 01:00:00,20662.182
2050-06-15 02:00:00,19112.994
2050-06-15 03:00:00,18006.288
2050-06-15 04:00:00,17768.814
2050-06-15 05:00:00,19868.574
2050-06-15 06:00:00,28194.99
2050-06-15 07:00:00,37442.187
2050-06-15 08:00:00,41691.951
2050-06-15 09:00:00,50041.821
2050-06-15 10:00:00,58692.468
2050-06-15 11:00:00,62176.280999999995
2050-06-15 12:00:00,64408.473
2050-06-15 13:00:00,59519.924999999996
2050-06-15 14:00:00,56800.923
2050-06-15 15:00:00,58287.185999999994
2050-06-15 16:00:00,50836.911
2050-06-15 17:00:00,45227.373
2050-06-15 18:00:00,37945.242
2050-06-15 19:00:00,30953.505
2050-06-15 20:00:00,26742.308999999997
2050-06-15 21:00:00,23250.734999999997
2050-06-15 22:00:00,19677.567
2050-06-15 23:00:00,16576.074
2050-06-16 00:00:00,14699.187
2050-06-16 01:00:00,13546.287
2050-06-16 02:00:00,14772.966
2050-06-16 03:00:00,16393.422
2050-06-16 04:00:00,19985.717999999997
2050-06-16 05:00:00,27090.876
2050-06-16 06:00:00,36083.046
2050-06-16 07:00:00,42177.327
2050-06-16 08:00:00,45056.457
2050-06-16 09:00:00,50671.587
2050-06-16 10:00:00,54210.021
2050-06-16 11:00:00,55260.558
2050-06-16 12:00:00,62141.793
2050-06-16 13:00:00,62860.51499999999
2050-06-16 14:00:00,59350.617
2050-06-16 15:00:00,52310.32199999999
2050-06-16 16:00:00,47619.882
2050-06-16 17:00:00,40366.614
2050-06-16 18:00:00,32546.093999999997
2050-06-16 19:00:00,27118.076999999997
2050-06-16 20:00:00,24166.127999999997
2050-06-16 21:00:00,21939.434999999998
2050-06-16 22:00:00,21558.981
2050-06-16 23:00:00,19676.556
2050-06-17 00:00:00,19737.24
2050-06-17 01:00:00,19580.106
2050-06-17 02:00:00,19749.485999999997
2050-06-17 03:00:00,20373.363
2050-06-17 04:00:00,24486.836999999996
2050-06-17 05:00:00,32683.436999999998
2050-06-17 06:00:00,39826.335
2050-06-17 07:00:00,47488.893
2050-06-17 08:00:00,56271.51
2050-06-17 09:00:00,60184.95599999999
2050-06-17 10:00:00,65309.619
2050-06-17 11:00:00,67416.51
2050-06-17 12:00:00,64838.708999999995
2050-06-17 13:00:00,58254.066
2050-06-17 14:00:00,55358.706
2050-06-17 15:00:00,49399.227
2050-06-17 16:00:00,44647.149
2050-06-17 17:00:00,40304.169
2050-06-17 18:00:00,33781.401
2050-06-17 19:00:00,29639.922
2050-06-17 20:00:00,27023.796000000002
2050-06-17 21:00:00,26357.364
2050-06-17 22:00:00,26187.416999999998
2050-06-17 23:00:00,23229.816
2050-06-18 00:00:00,21539.739
2050-06-18 01:00:00,21262.286999999997
2050-06-18 02:00:00,21386.847
2050-06-18 03:00:00,21568.928999999996
2050-06-18 04:00:00,24739.749
2050-06-18 05:00:00,31577.823
2050-06-18 06:00:00,37794.645
2050-06-18 07:00:00,40660.392
2050-06-18 08:00:00,49238.112
2050-06-18 09:00:00,57300.225
2050-06-18 10:00:00,56254.761
2050-06-18 11:00:00,58018.439999999995
2050-06-18 12:00:00,56643.609
2050-06-18 13:00:00,57783.384
2050-06-18 14:00:00,57585.117000000006
2050-06-18 15:00:00,52281.627
2050-06-18 16:00:00,49788.768
2050-06-18 17:00:00,45624.585
2050-06-18 18:00:00,37348.77
2050-06-18 19:00:00,29936.547
2050-06-18 20:00:00,26117.177999999996
2050-06-18 21:00:00,25207.197
2050-06-18 22:00:00,24373.014
2050-06-18 23:00:00,22842.066
2050-06-19 00:00:00,20966.196
2050-06-19 01:00:00,19790.825999999997
2050-06-19 02:00:00,19407.362999999998
2050-06-19 03:00:00,19855.173
2050-06-19 04:00:00,23406.041999999998
2050-06-19 05:00:00,27287.988
2050-06-19 06:00:00,30838.545
2050-06-19 07:00:00,39468.437999999995
2050-06-19 08:00:00,44438.109
2050-06-19 09:00:00,50741.721
2050-06-19 10:00:00,52359.567
2050-06-19 11:00:00,55462.640999999996
2050-06-19 12:00:00,55496.634
2050-06-19 13:00:00,50625.954
2050-06-19 14:00:00,48739.71
2050-06-19 15:00:00,47224.439999999995
2050-06-19 16:00:00,41613.212999999996
2050-06-19 17:00:00,38257.938
2050-06-19 18:00:00,35845.365
2050-06-19 19:00:00,31983.909
2050-06-19 20:00:00,28701.132
2050-06-19 21:00:00,26837.376
2050-06-19 22:00:00,25426.617
2050-06-19 23:00:00,24213.909
2050-06-20 00:00:00,23862.825
2050-06-20 01:00:00,23943.762
2050-06-20 02:00:00,24226.977
2050-06-20 03:00:00,24629.003999999997
2050-06-20 04:00:00,28154.832
2050-06-20 05:00:00,34438.803
2050-06-20 06:00:00,40993.871999999996
2050-06-20 07:00:00,45069.689999999995
2050-06-20 08:00:00,52291.041
2050-06-20 09:00:00,59386.644
2050-06-20 10:00:00,64714.20599999999
2050-06-20 11:00:00,60313.265999999996
2050-06-20 12:00:00,61672.662
2050-06-20 13:00:00,63829.932
2050-06-20 14:00:00,59543.35799999999
2050-06-20 15:00:00,54914.769
2050-06-20 16:00:00,49338.075
2050-06-20 17:00:00,43108.395
2050-06-20 18:00:00,36840.093
2050-06-20 19:00:00,30353.01
2050-06-20 20:00:00,28109.514
2050-06-20 21:00:00,27886.926
2050-06-20 22:00:00,28774.176
2050-06-20 23:00:00,27886.586999999996
2050-06-21 00:00:00,24699.267
2050-06-21 01:00:00,22959.359999999997
2050-06-21 02:00:00,21582.12
2050-06-21 03:00:00,20766.452999999998
2050-06-21 04:00:00,21023.652
2050-06-21 05:00:00,25107.636
2050-06-21 06:00:00,31424.958
2050-06-21 07:00:00,42168.735
2050-06-21 08:00:00,51673.239
2050-06-21 09:00:00,54612.894
2050-06-21 10:00:00,60267.864
2050-06-21 11:00:00,62605.301999999996
2050-06-21 12:00:00,61798.937999999995
2050-06-21 13:00:00,57828.282
2050-06-21 14:00:00,56394.657
2050-06-21 15:00:00,47953.965
2050-06-21 16:00:00,42200.331
2050-06-21 17:00:00,37126.856999999996
2050-06-21 18:00:00,31499.177999999996
2050-06-21 19:00:00,27447.842999999997
2050-06-21 20:00:00,27228.203999999998
2050-06-21 21:00:00,26454.365999999998
2050-06-21 22:00:00,24800.193
2050-06-21 23:00:00,21404.907
2050-06-22 00:00:00,17954.592
2050-06-22 01:00:00,17477.649
2050-06-22 02:00:00,17750.412
2050-06-22 03:00:00,18707.064
2050-06-22 04:00:00,22746.267
2050-06-22 05:00:00,27549.915
2050-06-22 06:00:00,33961.481999999996
2050-06-22 07:00:00,43272.119999999995
2050-06-22 08:00:00,50367.207
2050-06-22 09:00:00,47188.937999999995
2050-06-22 10:00:00,41049.155999999995
2050-06-22 11:00:00,36342.204
2050-06-22 12:00:00,35117.562
2050-06-22 13:00:00,40475.16
2050-06-22 14:00:00,52518.66299999999
2050-06-22 15:00:00,57568.494
2050-06-22 16:00:00,51825.96
2050-06-22 17:00:00,44234.832
2050-06-22 18:00:00,39246.789
2050-06-22 19:00:00,35017.659
2050-06-22 20:00:00,34007.031
2050-06-22 21:00:00,32838.50399999999
2050-06-22 22:00:00,32005.509
2050-06-22 23:00:00,32340.225
2050-06-23 00:00:00,33075.986999999994
2050-06-23 01:00:00,31498.358999999997
2050-06-23 02:00:00,31570.034999999996
2050-06-23 03:00:00,31761.878999999997
2050-06-23 04:00:00,33914.907
2050-06-23 05:00:00,39490.887
2050-06-23 06:00:00,42248.117999999995
2050-06-23 07:00:00,48894.294
2050-06-23 08:00:00,54527.796
2050-06-23 09:00:00,57919.221
2050-06-23 10:00:00,67376.853
2050-06-23 11:00:00,75575.607
2050-06-23 12:00:00,77787.516
2050-06-23 13:00:00,76438.794
2050-06-23 14:00:00,69358.62
2050-06-23 15:00:00,61058.58
2050-06-23 16:00:00,55991.853
2050-06-23 17:00:00,45840.494999999995
2050-06-23 18:00:00,38279.463
2050-06-23 19:00:00,31302.744
2050-06-23 20:00:00,27161.496000000003
2050-06-23 21:00:00,24035.150999999998
2050-06-23 22:00:00,21363.672000000002
2050-06-23 23:00:00,19842.63
2050-06-24 00:00:00,18977.571
2050-06-24 01:00:00,17898.519
2050-06-24 02:00:00,17966.034
2050-06-24 03:00:00,19144.176
2050-06-24 04:00:00,22504.5
2050-06-24 05:00:00,30228.21
2050-06-24 06:00:00,37474.085999999996
2050-06-24 07:00:00,46720.035
2050-06-24 08:00:00,51562.419
2050-06-24 09:00:00,58928.217000000004
2050-06-24 10:00:00,59289.083999999995
2050-06-24 11:00:00,55124.355
2050-06-24 12:00:00,49296.579
2050-06-24 13:00:00,48059.115
2050-06-24 14:00:00,48934.386
2050-06-24 15:00:00,50359.161
2050-06-24 16:00:00,51379.407
2050-06-24 17:00:00,49159.373999999996
2050-06-24 18:00:00,44125.062
2050-06-24 19:00:00,39129.102
2050-06-24 20:00:00,35793.099
2050-06-24 21:00:00,33214.989
2050-06-24 22:00:00,30196.085999999996
2050-06-24 23:00:00,27710.666999999998
2050-06-25 00:00:00,26337.336
2050-06-25 01:00:00,23834.739
2050-06-25 02:00:00,22859.358
2050-06-25 03:00:00,22188.222
2050-06-25 04:00:00,25061.346
2050-06-25 05:00:00,30660.705
2050-06-25 06:00:00,37801.251
2050-06-25 07:00:00,41170.92
2050-06-25 08:00:00,41530.505999999994
2050-06-25 09:00:00,42487.242000000006
2050-06-25 10:00:00,47046.53999999999
2050-06-25 11:00:00,52725.318
2050-06-25 12:00:00,55579.314
2050-06-25 13:00:00,56299.173
2050-06-25 14:00:00,54127.901999999995
2050-06-25 15:00:00,50190.926999999996
2050-06-25 16:00:00,42890.214
2050-06-25 17:00:00,39126.426
2050-06-25 18:00:00,34648.014
2050-06-25 19:00:00,30319.631999999998
2050-06-25 20:00:00,28565.637
2050-06-25 21:00:00,27803.417999999998
2050-06-25 22:00:00,28714.731
2050-06-25 23:00:00,29318.427
2050-06-26 00:00:00,29749.341
2050-06-26 01:00:00,29177.168999999998
2050-06-26 02:00:00,28317.477
2050-06-26 03:00:00,29031.66
2050-06-26 04:00:00,31208.411999999997
2050-06-26 05:00:00,33696.627
2050-06-26 06:00:00,35656.875
2050-06-26 07:00:00,36546.45
2050-06-26 08:00:00,38009.082
2050-06-26 09:00:00,39447.945
2050-06-26 10:00:00,46333.064999999995
2050-06-26 11:00:00,54117.66299999999
2050-06-26 12:00:00,56941.059
2050-06-26 13:00:00,56709.27
2050-06-26 14:00:00,59017.626000000004
2050-06-26 15:00:00,56266.956
2050-06-26 16:00:00,50436.615
2050-06-26 17:00:00,46499.505
2050-06-26 18:00:00,45569.808
2050-06-26 19:00:00,40529.996999999996
2050-06-26 20:00:00,35105.949
2050-06-26 21:00:00,31124.715
2050-06-26 22:00:00,25195.751999999997
2050-06-26 23:00:00,21528.957
2050-06-27 00:00:00,19217.703
2050-06-27 01:00:00,18131.345999999998
2050-06-27 02:00:00,18814.89
2050-06-27 03:00:00,20354.519999999997
2050-06-27 04:00:00,22405.731
2050-06-27 05:00:00,24290.529
2050-06-27 06:00:00,28654.808999999997
2050-06-27 07:00:00,35885.376
2050-06-27 08:00:00,42745.536
2050-06-27 09:00:00,49694.469000000005
2050-06-27 10:00:00,47978.13
2050-06-27 11:00:00,52442.282999999996
2050-06-27 12:00:00,55681.106999999996
2050-06-27 13:00:00,54321.291
2050-06-27 14:00:00,54830.793
2050-06-27 15:00:00,58707.371999999996
2050-06-27 16:00:00,54853.296
2050-06-27 17:00:00,50578.446
2050-06-27 18:00:00,45949.185000000005
2050-06-27 19:00:00,41945.507999999994
2050-06-27 20:00:00,39646.157999999996
2050-06-27 21:00:00,37902.119999999995
2050-06-27 22:00:00,35567.852999999996
2050-06-27 23:00:00,30793.722
2050-06-28 00:00:00,27613.782
2050-06-28 01:00:00,25729.521
2050-06-28 02:00:00,24744.719999999998
2050-06-28 03:00:00,24237.359999999997
2050-06-28 04:00:00,26973.732
2050-06-28 05:00:00,34265.577
2050-06-28 06:00:00,44137.023
2050-06-28 07:00:00,52837.685999999994
2050-06-28 08:00:00,56805.28799999999
2050-06-28 09:00:00,56007.27
2050-06-28 10:00:00,54534.23099999999
2050-06-28 11:00:00,55529.034
2050-06-28 12:00:00,57183.909
2050-06-28 13:00:00,56346.621
2050-06-28 14:00:00,53799.429
2050-06-28 15:00:00,52614.261
2050-06-28 16:00:00,51788.985
2050-06-28 17:00:00,48426.948
2050-06-28 18:00:00,45742.301999999996
2050-06-28 19:00:00,39480.486
2050-06-28 20:00:00,36555.753
2050-06-28 21:00:00,33509.751
2050-06-28 22:00:00,30950.915999999997
2050-06-28 23:00:00,29613.765
2050-06-29 00:00:00,27046.098
2050-06-29 01:00:00,23057.76
2050-06-29 02:00:00,20630.772
2050-06-29 03:00:00,19020.921
2050-06-29 04:00:00,20045.561999999998
2050-06-29 05:00:00,23095.2
2050-06-29 06:00:00,30193.422
2050-06-29 07:00:00,40386.50399999999
2050-06-29 08:00:00,43967.94899999999
2050-06-29 09:00:00,51855.774
2050-06-29 10:00:00,54706.57199999999
2050-06-29 11:00:00,56915.20799999999
2050-06-29 12:00:00,57625.104
2050-06-29 13:00:00,56119.62899999999
2050-06-29 14:00:00,53927.43
2050-06-29 15:00:00,51973.71
2050-06-29 16:00:00,45476.787000000004
2050-06-29 17:00:00,40786.248
2050-06-29 18:00:00,34692.426
2050-06-29 19:00:00,28891.083
2050-06-29 20:00:00,26176.26
2050-06-29 21:00:00,25705.839
2050-06-29 22:00:00,24936.057
2050-06-29 23:00:00,24661.572
2050-06-30 00:00:00,24887.589
2050-06-30 01:00:00,24711.675
2050-06-30 02:00:00,24921.243
2050-06-30 03:00:00,25769.43
2050-06-30 04:00:00,30410.603999999996
2050-06-30 05:00:00,37390.089
2050-06-30 06:00:00,47232.92399999999
2050-06-30 07:00:00,52527.833999999995
2050-06-30 08:00:00,54718.5
2050-06-30 09:00:00,61481.109
2050-06-30 10:00:00,67941.71399999999
2050-06-30 11:00:00,64670.625
2050-06-30 12:00:00,69271.074
2050-06-30 13:00:00,66128.235
2050-06-30 14:00:00,62168.142
2050-06-30 15:00:00,61103.268
2050-06-30 16:00:00,57067.071
2050-06-30 17:00:00,48459.18
2050-06-30 18:00:00,39778.953
2050-06-30 19:00:00,35148.921
2050-06-30 20:00:00,33436.59
2050-06-30 21:00:00,32089.38
2050-06-30 22:00:00,32171.199
2050-06-30 23:00:00,31932.878999999997
2050-07-01 00:00:00,32350.301999999996
2050-07-01 01:00:00,32132.036999999997
2050-07-01 02:00:00,31016.157
2050-07-01 03:00:00,29697.443999999996
2050-07-01 04:00:00,31367.540999999997
2050-07-01 05:00:00,36856.35
2050-07-01 06:00:00,45611.073
2050-07-01 07:00:00,53695.098
2050-07-01 08:00:00,55730.19899999999
2050-07-01 09:00:00,56548.407
2050-07-01 10:00:00,61103.112
2050-07-01 11:00:00,63737.28
2050-07-01 12:00:00,62569.346999999994
2050-07-01 13:00:00,60446.628
2050-07-01 14:00:00,58251.738
2050-07-01 15:00:00,56612.48099999999
2050-07-01 16:00:00,49213.164
2050-07-01 17:00:00,39920.526000000005
2050-07-01 18:00:00,33765.615
2050-07-01 19:00:00,29042.309999999998
2050-07-01 20:00:00,28027.926
2050-07-01 21:00:00,26017.473
2050-07-01 22:00:00,24061.233
2050-07-01 23:00:00,22362.492
2050-07-02 00:00:00,21260.955
2050-07-02 01:00:00,21117.035999999996
2050-07-02 02:00:00,21778.092
2050-07-02 03:00:00,21685.995
2050-07-02 04:00:00,25910.709
2050-07-02 05:00:00,31417.886999999995
2050-07-02 06:00:00,38393.543999999994
2050-07-02 07:00:00,45795.864
2050-07-02 08:00:00,51650.241
2050-07-02 09:00:00,55444.068
2050-07-02 10:00:00,62434.331999999995
2050-07-02 11:00:00,66731.364
2050-07-02 12:00:00,65663.772
2050-07-02 13:00:00,64235.937
2050-07-02 14:00:00,59500.791
2050-07-02 15:00:00,57180.24
2050-07-02 16:00:00,46950.38999999999
2050-07-02 17:00:00,41714.405999999995
2050-07-02 18:00:00,39876.237
2050-07-02 19:00:00,35814.903
2050-07-02 20:00:00,34102.856999999996
2050-07-02 21:00:00,33694.752
2050-07-02 22:00:00,35509.602
2050-07-02 23:00:00,34651.793999999994
2050-07-03 00:00:00,34301.214
2050-07-03 01:00:00,32811.114
2050-07-03 02:00:00,31772.774999999998
2050-07-03 03:00:00,30684.740999999998
2050-07-03 04:00:00,34372.32
2050-07-03 05:00:00,41125.83
2050-07-03 06:00:00,47968.78799999999
2050-07-03 07:00:00,53640.123
2050-07-03 08:00:00,58121.397
2050-07-03 09:00:00,60993.273
2050-07-03 10:00:00,64181.682
2050-07-03 11:00:00,67051.791
2050-07-03 12:00:00,66477.93299999999
2050-07-03 13:00:00,67162.12199999999
2050-07-03 14:00:00,61652.435999999994
2050-07-03 15:00:00,53458.956
2050-07-03 16:00:00,50199.366
2050-07-03 17:00:00,43897.512
2050-07-03 18:00:00,35087.739
2050-07-03 19:00:00,27703.716
2050-07-03 20:00:00,24983.994
2050-07-03 21:00:00,24399.756
2050-07-03 22:00:00,24391.44
2050-07-03 23:00:00,23774.256
2050-07-04 00:00:00,24162.467999999997
2050-07-04 01:00:00,24485.757
2050-07-04 02:00:00,24820.115999999998
2050-07-04 03:00:00,26468.393999999997
2050-07-04 04:00:00,30750.63
2050-07-04 05:00:00,38347.338
2050-07-04 06:00:00,47729.721
2050-07-04 07:00:00,53028.729
2050-07-04 08:00:00,59262.62699999999
2050-07-04 09:00:00,67438.98
2050-07-04 10:00:00,67767.48
2050-07-04 11:00:00,65982.231
2050-07-04 12:00:00,63999.807
2050-07-04 13:00:00,60356.255999999994
2050-07-04 14:00:00,60920.837999999996
2050-07-04 15:00:00,57168.774
2050-07-04 16:00:00,56264.85
2050-07-04 17:00:00,52736.778
2050-07-04 18:00:00,47102.91299999999
2050-07-04 19:00:00,40353.119999999995
2050-07-04 20:00:00,38357.73
2050-07-04 21:00:00,38206.053
2050-07-04 22:00:00,33554.384999999995
2050-07-04 23:00:00,30477.494999999995
2050-07-05 00:00:00,28269.552
2050-07-05 01:00:00,26494.566
2050-07-05 02:00:00,25749.030000000002
2050-07-05 03:00:00,25545.99
2050-07-05 04:00:00,25748.150999999998
2050-07-05 05:00:00,32091.306
2050-07-05 06:00:00,36668.975999999995
2050-07-05 07:00:00,38549.553
2050-07-05 08:00:00,43365.798
2050-07-05 09:00:00,54839.007
2050-07-05 10:00:00,59206.416
2050-07-05 11:00:00,54129.003000000004
2050-07-05 12:00:00,53158.45799999999
2050-07-05 13:00:00,56951.319
2050-07-05 14:00:00,50809.614
2050-07-05 15:00:00,50878.439999999995
2050-07-05 16:00:00,46357.047
2050-07-05 17:00:00,42785.00399999999
2050-07-05 18:00:00,42692.409
2050-07-05 19:00:00,40210.635
2050-07-05 20:00:00,39660.966
2050-07-05 21:00:00,39158.532
2050-07-05 22:00:00,38870.538
2050-07-05 23:00:00,37011.549
2050-07-06 00:00:00,35479.373999999996
2050-07-06 01:00:00,33825.84
2050-07-06 02:00:00,30615.564
2050-07-06 03:00:00,26798.376
2050-07-06 04:00:00,23077.902
2050-07-06 05:00:00,23529.696
2050-07-06 06:00:00,26808.593999999997
2050-07-06 07:00:00,30578.181
2050-07-06 08:00:00,32755.83
2050-07-06 09:00:00,33331.151999999995
2050-07-06 10:00:00,33332.693999999996
2050-07-06 11:00:00,28384.011
2050-07-06 12:00:00,28877.589
2050-07-06 13:00:00,29930.886
2050-07-06 14:00:00,32478.273
2050-07-06 15:00:00,37366.100999999995
2050-07-06 16:00:00,36570.165
2050-07-06 17:00:00,32219.603999999996
2050-07-06 18:00:00,28647.503999999997
2050-07-06 19:00:00,26273.132999999998
2050-07-06 20:00:00,25570.596
2050-07-06 21:00:00,25515.836999999996
2050-07-06 22:00:00,23286.234
2050-07-06 23:00:00,23695.899
2050-07-07 00:00:00,23990.247
2050-07-07 01:00:00,25172.847
2050-07-07 02:00:00,26686.134
2050-07-07 03:00:00,28988.271
2050-07-07 04:00:00,32712.405
2050-07-07 05:00:00,39434.952
2050-07-07 06:00:00,44627.601
2050-07-07 07:00:00,52597.386
2050-07-07 08:00:00,57967.401000000005
2050-07-07 09:00:00,58094.592000000004
2050-07-07 10:00:00,59168.35799999999
2050-07-07 11:00:00,66555.585
2050-07-07 12:00:00,70086.231
2050-07-07 13:00:00,71598.246
2050-07-07 14:00:00,68208.348
2050-07-07 15:00:00,63730.539
2050-07-07 16:00:00,59813.268
2050-07-07 17:00:00,53724.51
2050-07-07 18:00:00,46152.33
2050-07-07 19:00:00,37850.562
2050-07-07 20:00:00,31364.73
2050-07-07 21:00:00,26190.135
2050-07-07 22:00:00,25427.360999999997
2050-07-07 23:00:00,25878.269999999997
2050-07-08 00:00:00,27068.177999999996
2050-07-08 01:00:00,26005.877999999997
2050-07-08 02:00:00,25802.355
2050-07-08 03:00:00,26239.941
2050-07-08 04:00:00,29819.861999999997
2050-07-08 05:00:00,35327.622
2050-07-08 06:00:00,41149.587
2050-07-08 07:00:00,48439.94699999999
2050-07-08 08:00:00,51406.032
2050-07-08 09:00:00,61641.13799999999
2050-07-08 10:00:00,64461.861
2050-07-08 11:00:00,66467.33099999999
2050-07-08 12:00:00,70205.364
2050-07-08 13:00:00,61561.776
2050-07-08 14:00:00,57503.742000000006
2050-07-08 15:00:00,55156.935000000005
2050-07-08 16:00:00,50570.505
2050-07-08 17:00:00,45646.83
2050-07-08 18:00:00,38500.998
2050-07-08 19:00:00,32592.818999999996
2050-07-08 20:00:00,28908.666
2050-07-08 21:00:00,26542.338
2050-07-08 22:00:00,25303.743
2050-07-08 23:00:00,23766.147
2050-07-09 00:00:00,23824.245
2050-07-09 01:00:00,23459.421000000002
2050-07-09 02:00:00,22978.641
2050-07-09 03:00:00,22906.718999999997
2050-07-09 04:00:00,25594.305
2050-07-09 05:00:00,30623.540999999997
2050-07-09 06:00:00,35106.963
2050-07-09 07:00:00,46909.272
2050-07-09 08:00:00,50150.307
2050-07-09 09:00:00,51013.007999999994
2050-07-09 10:00:00,57854.478
2050-07-09 11:00:00,60303.27
2050-07-09 12:00:00,66085.45199999999
2050-07-09 13:00:00,64779.069
2050-07-09 14:00:00,60063.206999999995
2050-07-09 15:00:00,55801.884
2050-07-09 16:00:00,50374.032
2050-07-09 17:00:00,43180.223999999995
2050-07-09 18:00:00,34183.449
2050-07-09 19:00:00,28018.530000000002
2050-07-09 20:00:00,25364.322
2050-07-09 21:00:00,24259.632
2050-07-09 22:00:00,24870.582
2050-07-09 23:00:00,25405.038
2050-07-10 00:00:00,25267.941
2050-07-10 01:00:00,25882.038
2050-07-10 02:00:00,26273.450999999997
2050-07-10 03:00:00,26160.939000000002
2050-07-10 04:00:00,28770.972
2050-07-10 05:00:00,32902.365
2050-07-10 06:00:00,36813.474
2050-07-10 07:00:00,39819.969000000005
2050-07-10 08:00:00,39081.789
2050-07-10 09:00:00,42871.032
2050-07-10 10:00:00,51894.996
2050-07-10 11:00:00,50461.215
2050-07-10 12:00:00,51452.634
2050-07-10 13:00:00,55878.456
2050-07-10 14:00:00,55882.536
2050-07-10 15:00:00,56047.977
2050-07-10 16:00:00,53108.055
2050-07-10 17:00:00,45877.469999999994
2050-07-10 18:00:00,37282.587
2050-07-10 19:00:00,31106.597999999998
2050-07-10 20:00:00,27806.990999999998
2050-07-10 21:00:00,26534.547000000002
2050-07-10 22:00:00,24193.671000000002
2050-07-10 23:00:00,24389.097
2050-07-11 00:00:00,24023.871000000003
2050-07-11 01:00:00,24049.143
2050-07-11 02:00:00,24287.805
2050-07-11 03:00:00,24900.165
2050-07-11 04:00:00,27361.628999999997
2050-07-11 05:00:00,30719.807999999997
2050-07-11 06:00:00,34788.378
2050-07-11 07:00:00,40606.367999999995
2050-07-11 08:00:00,42025.725
2050-07-11 09:00:00,43027.173
2050-07-11 10:00:00,45483.423
2050-07-11 11:00:00,50401.157999999996
2050-07-11 12:00:00,53550.966
2050-07-11 13:00:00,53530.308
2050-07-11 14:00:00,52671.894
2050-07-11 15:00:00,50611.244999999995
2050-07-11 16:00:00,47189.295
2050-07-11 17:00:00,44039.26499999999
2050-07-11 18:00:00,37806.171
2050-07-11 19:00:00,31459.572
2050-07-11 20:00:00,28441.967999999997
2050-07-11 21:00:00,27237.636
2050-07-11 22:00:00,27199.775999999998
2050-07-11 23:00:00,26340.282
2050-07-12 00:00:00,25800.803999999996
2050-07-12 01:00:00,26117.876999999997
2050-07-12 02:00:00,26079.999
2050-07-12 03:00:00,24453.375
2050-07-12 04:00:00,22626.819
2050-07-12 05:00:00,23890.677
2050-07-12 06:00:00,27707.364
2050-07-12 07:00:00,36704.43
2050-07-12 08:00:00,48080.655
2050-07-12 09:00:00,60858.918
2050-07-12 10:00:00,69071.322
2050-07-12 11:00:00,72233.484
2050-07-12 12:00:00,70840.593
2050-07-12 13:00:00,69889.503
2050-07-12 14:00:00,63085.490999999995
2050-07-12 15:00:00,56975.055
2050-07-12 16:00:00,53217.33299999999
2050-07-12 17:00:00,45994.280999999995
2050-07-12 18:00:00,40436.946
2050-07-12 19:00:00,34914.036
2050-07-12 20:00:00,32784.21
2050-07-12 21:00:00,32170.343999999997
2050-07-12 22:00:00,31407.846
2050-07-12 23:00:00,30513.33
2050-07-13 00:00:00,29367.96
2050-07-13 01:00:00,28595.067
2050-07-13 02:00:00,27944.511
2050-07-13 03:00:00,26097.876
2050-07-13 04:00:00,26276.841
2050-07-13 05:00:00,26627.990999999998
2050-07-13 06:00:00,24642.858
2050-07-13 07:00:00,27459.21
2050-07-13 08:00:00,30352.382999999998
2050-07-13 09:00:00,37737.248999999996
2050-07-13 10:00:00,42144.684
2050-07-13 11:00:00,42239.373
2050-07-13 12:00:00,48186.342000000004
2050-07-13 13:00:00,48460.014
2050-07-13 14:00:00,44956.221
2050-07-13 15:00:00,40172.736
2050-07-13 16:00:00,41061.417
2050-07-13 17:00:00,40469.292
2050-07-13 18:00:00,35728.704
2050-07-13 19:00:00,31384.305
2050-07-13 20:00:00,29431.152
2050-07-13 21:00:00,29161.368
2050-07-13 22:00:00,28540.284
2050-07-13 23:00:00,28152.911999999997
2050-07-14 00:00:00,27827.574
2050-07-14 01:00:00,27711.897
2050-07-14 02:00:00,28109.058
2050-07-14 03:00:00,28802.109
2050-07-14 04:00:00,31550.016
2050-07-14 05:00:00,36785.318999999996
2050-07-14 06:00:00,43120.782
2050-07-14 07:00:00,47386.467000000004
2050-07-14 08:00:00,47434.212
2050-07-14 09:00:00,50155.488
2050-07-14 10:00:00,50882.898
2050-07-14 11:00:00,53910.273
2050-07-14 12:00:00,52021.23
2050-07-14 13:00:00,56545.173
2050-07-14 14:00:00,57275.796
2050-07-14 15:00:00,58316.996999999996
2050-07-14 16:00:00,60925.077
2050-07-14 17:00:00,57460.329
2050-07-14 18:00:00,55015.776000000005
2050-07-14 19:00:00,50933.73
2050-07-14 20:00:00,47853.501000000004
2050-07-14 21:00:00,46706.63999999999
2050-07-14 22:00:00,45687.828
2050-07-14 23:00:00,42243.714
2050-07-15 00:00:00,41469.848999999995
2050-07-15 01:00:00,40088.643
2050-07-15 02:00:00,38784.813
2050-07-15 03:00:00,34907.271
2050-07-15 04:00:00,34338.335999999996
2050-07-15 05:00:00,38889.432
2050-07-15 06:00:00,47549.67
2050-07-15 07:00:00,53443.51499999999
2050-07-15 08:00:00,56745.221999999994
2050-07-15 09:00:00,62569.445999999996
2050-07-15 10:00:00,63787.662
2050-07-15 11:00:00,63478.56
2050-07-15 12:00:00,71433.921
2050-07-15 13:00:00,72004.614
2050-07-15 14:00:00,62089.671
2050-07-15 15:00:00,56947.944
2050-07-15 16:00:00,58188.012
2050-07-15 17:00:00,59003.50199999999
2050-07-15 18:00:00,52243.125
2050-07-15 19:00:00,47756.568
2050-07-15 20:00:00,45017.996999999996
2050-07-15 21:00:00,43068.009
2050-07-15 22:00:00,41765.924999999996
2050-07-15 23:00:00,35379.617999999995
2050-07-16 00:00:00,31409.003999999997
2050-07-16 01:00:00,27617.882999999998
2050-07-16 02:00:00,26113.257
2050-07-16 03:00:00,28781.157
2050-07-16 04:00:00,30393.39
2050-07-16 05:00:00,34770.297
2050-07-16 06:00:00,40789.712999999996
2050-07-16 07:00:00,47133.16499999999
2050-07-16 08:00:00,47472.248999999996
2050-07-16 09:00:00,47068.854
2050-07-16 10:00:00,48208.007999999994
2050-07-16 11:00:00,53293.185000000005
2050-07-16 12:00:00,55329.996
2050-07-16 13:00:00,52854.16499999999
2050-07-16 14:00:00,54613.218
2050-07-16 15:00:00,53682.978
2050-07-16 16:00:00,54023.112
2050-07-16 17:00:00,50080.089
2050-07-16 18:00:00,42096.945
2050-07-16 19:00:00,35430.588
2050-07-16 20:00:00,32164.455
2050-07-16 21:00:00,31719.108
2050-07-16 22:00:00,30739.59
2050-07-16 23:00:00,28908.876
2050-07-17 00:00:00,26430.968999999997
2050-07-17 01:00:00,26023.557
2050-07-17 02:00:00,26025.516
2050-07-17 03:00:00,26676.084
2050-07-17 04:00:00,29686.875
2050-07-17 05:00:00,36047.435999999994
2050-07-17 06:00:00,43354.017
2050-07-17 07:00:00,45311.589
2050-07-17 08:00:00,48093.632999999994
2050-07-17 09:00:00,54160.071
2050-07-17 10:00:00,56422.491
2050-07-17 11:00:00,62463.890999999996
2050-07-17 12:00:00,58447.994999999995
2050-07-17 13:00:00,56540.276999999995
2050-07-17 14:00:00,54906.102
2050-07-17 15:00:00,51603.10799999999
2050-07-17 16:00:00,50241.596999999994
2050-07-17 17:00:00,46108.635
2050-07-17 18:00:00,38829.507
2050-07-17 19:00:00,33699.176999999996
2050-07-17 20:00:00,32711.097
2050-07-17 21:00:00,32579.163
2050-07-17 22:00:00,32021.892
2050-07-17 23:00:00,31026.068999999996
2050-07-18 00:00:00,30945.744
2050-07-18 01:00:00,30589.317
2050-07-18 02:00:00,30910.700999999997
2050-07-18 03:00:00,31287.701999999997
2050-07-18 04:00:00,33164.628
2050-07-18 05:00:00,37963.854
2050-07-18 06:00:00,43917.366
2050-07-18 07:00:00,46512.582
2050-07-18 08:00:00,44020.524
2050-07-18 09:00:00,48766.88999999999
2050-07-18 10:00:00,54844.542
2050-07-18 11:00:00,57944.865
2050-07-18 12:00:00,55012.78799999999
2050-07-18 13:00:00,49227.782999999996
2050-07-18 14:00:00,50892.926999999996
2050-07-18 15:00:00,50277.387
2050-07-18 16:00:00,50609.528999999995
2050-07-18 17:00:00,46018.2
2050-07-18 18:00:00,39628.062
2050-07-18 19:00:00,35991.297
2050-07-18 20:00:00,35743.773
2050-07-18 21:00:00,37030.619999999995
2050-07-18 22:00:00,38315.117999999995
2050-07-18 23:00:00,37459.422
2050-07-19 00:00:00,37528.835999999996
2050-07-19 01:00:00,37326.036
2050-07-19 02:00:00,37217.73
2050-07-19 03:00:00,36768.333
2050-07-19 04:00:00,35681.205
2050-07-19 05:00:00,35837.505
2050-07-19 06:00:00,35695.848
2050-07-19 07:00:00,41900.969999999994
2050-07-19 08:00:00,48996.51
2050-07-19 09:00:00,59993.132999999994
2050-07-19 10:00:00,61577.739
2050-07-19 11:00:00,63936.135
2050-07-19 12:00:00,63936.492
2050-07-19 13:00:00,63803.426999999996
2050-07-19 14:00:00,51633.639
2050-07-19 15:00:00,46989.848999999995
2050-07-19 16:00:00,47851.382999999994
2050-07-19 17:00:00,44996.528999999995
2050-07-19 18:00:00,39881.523
2050-07-19 19:00:00,38513.142
2050-07-19 20:00:00,35781.825
2050-07-19 21:00:00,32727.582
2050-07-19 22:00:00,32925.207
2050-07-19 23:00:00,32407.826999999997
2050-07-20 00:00:00,31316.828999999998
2050-07-20 01:00:00,30636.983999999997
2050-07-20 02:00:00,30374.597999999998
2050-07-20 03:00:00,29714.652
2050-07-20 04:00:00,29189.075999999997
2050-07-20 05:00:00,26124.333
2050-07-20 06:00:00,23121.344999999998
2050-07-20 07:00:00,25759.826999999997
2050-07-20 08:00:00,38098.467
2050-07-20 09:00:00,47668.07399999999
2050-07-20 10:00:00,49703.571
2050-07-20 11:00:00,50744.835
2050-07-20 12:00:00,43314.462
2050-07-20 13:00:00,41777.532
2050-07-20 14:00:00,37067.943
2050-07-20 15:00:00,36454.809
2050-07-20 16:00:00,44118.975
2050-07-20 17:00:00,38111.856
2050-07-20 18:00:00,34735.875
2050-07-20 19:00:00,31642.352999999996
2050-07-20 20:00:00,30961.649999999998
2050-07-20 21:00:00,30434.819999999996
2050-07-20 22:00:00,29354.768999999997
2050-07-20 23:00:00,25153.098
2050-07-21 00:00:00,24835.506
2050-07-21 01:00:00,25865.841
2050-07-21 02:00:00,27774.536999999997
2050-07-21 03:00:00,28734.024
2050-07-21 04:00:00,30405.369
2050-07-21 05:00:00,37305.566999999995
2050-07-21 06:00:00,46653.366
2050-07-21 07:00:00,57577.716
2050-07-21 08:00:00,62773.056
2050-07-21 09:00:00,63590.598
2050-07-21 10:00:00,62742.083999999995
2050-07-21 11:00:00,62817.159
2050-07-21 12:00:00,60109.293
2050-07-21 13:00:00,56569.026000000005
2050-07-21 14:00:00,60194.76
2050-07-21 15:00:00,50750.219999999994
2050-07-21 16:00:00,53824.926
2050-07-21 17:00:00,47332.856999999996
2050-07-21 18:00:00,39943.428
2050-07-21 19:00:00,37449.255
2050-07-21 20:00:00,36261.948
2050-07-21 21:00:00,35549.534999999996
2050-07-21 22:00:00,33847.122
2050-07-21 23:00:00,32401.605
2050-07-22 00:00:00,31904.781
2050-07-22 01:00:00,32307.710999999996
2050-07-22 02:00:00,32740.374
2050-07-22 03:00:00,34936.352999999996
2050-07-22 04:00:00,35750.712
2050-07-22 05:00:00,39346.25399999999
2050-07-22 06:00:00,43434.248999999996
2050-07-22 07:00:00,48256.575
2050-07-22 08:00:00,50081.526000000005
2050-07-22 09:00:00,54115.827
2050-07-22 10:00:00,58942.373999999996
2050-07-22 11:00:00,60962.739
2050-07-22 12:00:00,53403.306
2050-07-22 13:00:00,56782.323
2050-07-22 14:00:00,57265.761
2050-07-22 15:00:00,58690.854
2050-07-22 16:00:00,58765.206
2050-07-22 17:00:00,57567.111
2050-07-22 18:00:00,51255.38999999999
2050-07-22 19:00:00,44728.88999999999
2050-07-22 20:00:00,41312.187
2050-07-22 21:00:00,35063.196
2050-07-22 22:00:00,25554.402
2050-07-22 23:00:00,22651.443
2050-07-23 00:00:00,21513.009
2050-07-23 01:00:00,20865.827999999998
2050-07-23 02:00:00,21458.295
2050-07-23 03:00:00,21830.126999999997
2050-07-23 04:00:00,22666.443
2050-07-23 05:00:00,25978.677
2050-07-23 06:00:00,32103.981
2050-07-23 07:00:00,37757.244
2050-07-23 08:00:00,40174.809
2050-07-23 09:00:00,45195.674999999996
2050-07-23 10:00:00,48504.507
2050-07-23 11:00:00,52625.462999999996
2050-07-23 12:00:00,55433.172
2050-07-23 13:00:00,54647.651999999995
2050-07-23 14:00:00,52519.179
2050-07-23 15:00:00,50073.10799999999
2050-07-23 16:00:00,52119.429
2050-07-23 17:00:00,51689.312999999995
2050-07-23 18:00:00,43837.191
2050-07-23 19:00:00,38073.348
2050-07-23 20:00:00,37327.611
2050-07-23 21:00:00,36462.588
2050-07-23 22:00:00,35190.501
2050-07-23 23:00:00,33947.847
2050-07-24 00:00:00,33359.622
2050-07-24 01:00:00,33218.724
2050-07-24 02:00:00,32046.246
2050-07-24 03:00:00,31360.425
2050-07-24 04:00:00,33821.496
2050-07-24 05:00:00,38616.729
2050-07-24 06:00:00,45302.00399999999
2050-07-24 07:00:00,51586.791
2050-07-24 08:00:00,50989.640999999996
2050-07-24 09:00:00,52856.172
2050-07-24 10:00:00,60097.16099999999
2050-07-24 11:00:00,64957.611
2050-07-24 12:00:00,63468.723
2050-07-24 13:00:00,64047.356999999996
2050-07-24 14:00:00,57441.297
2050-07-24 15:00:00,58827.543
2050-07-24 16:00:00,57230.901000000005
2050-07-24 17:00:00,47705.091
2050-07-24 18:00:00,41960.085
2050-07-24 19:00:00,36727.452
2050-07-24 20:00:00,35506.202999999994
2050-07-24 21:00:00,34994.994
2050-07-24 22:00:00,34603.911
2050-07-24 23:00:00,35419.707
2050-07-25 00:00:00,35155.301999999996
2050-07-25 01:00:00,34922.463
2050-07-25 02:00:00,36081.957
2050-07-25 03:00:00,36855.159
2050-07-25 04:00:00,37849.98
2050-07-25 05:00:00,40136.475
2050-07-25 06:00:00,43355.034
2050-07-25 07:00:00,45484.443
2050-07-25 08:00:00,43293.776999999995
2050-07-25 09:00:00,40166.214
2050-07-25 10:00:00,39948.473999999995
2050-07-25 11:00:00,41675.259
2050-07-25 12:00:00,46229.994
2050-07-25 13:00:00,46626.278999999995
2050-07-25 14:00:00,47599.71
2050-07-25 15:00:00,46765.905
2050-07-25 16:00:00,46519.62899999999
2050-07-25 17:00:00,47257.187999999995
2050-07-25 18:00:00,40091.087999999996
2050-07-25 19:00:00,35248.932
2050-07-25 20:00:00,34152.636
2050-07-25 21:00:00,33677.04
2050-07-25 22:00:00,32447.150999999998
2050-07-25 23:00:00,31722.668999999998
2050-07-26 00:00:00,32128.896
2050-07-26 01:00:00,32435.463
2050-07-26 02:00:00,31367.25
2050-07-26 03:00:00,30641.868
2050-07-26 04:00:00,28912.182
2050-07-26 05:00:00,31095.288
2050-07-26 06:00:00,32495.409
2050-07-26 07:00:00,39699.312
2050-07-26 08:00:00,48481.275
2050-07-26 09:00:00,55429.704
2050-07-26 10:00:00,55598.421
2050-07-26 11:00:00,57540.525
2050-07-26 12:00:00,49405.173
2050-07-26 13:00:00,46280.015999999996
2050-07-26 14:00:00,37550.52
2050-07-26 15:00:00,36198.195
2050-07-26 16:00:00,39247.926
2050-07-26 17:00:00,43961.919
2050-07-26 18:00:00,40306.428
2050-07-26 19:00:00,35899.344
2050-07-26 20:00:00,34391.466
2050-07-26 21:00:00,34152.036
2050-07-26 22:00:00,34230.963
2050-07-26 23:00:00,33994.640999999996
2050-07-27 00:00:00,32102.607
2050-07-27 01:00:00,30059.028
2050-07-27 02:00:00,28653.318
2050-07-27 03:00:00,27667.035
2050-07-27 04:00:00,25764.591
2050-07-27 05:00:00,26980.253999999997
2050-07-27 06:00:00,31161.3
2050-07-27 07:00:00,32266.182
2050-07-27 08:00:00,35832.252
2050-07-27 09:00:00,41582.178
2050-07-27 10:00:00,43413.237
2050-07-27 11:00:00,45232.929
2050-07-27 12:00:00,45053.517
2050-07-27 13:00:00,43756.362
2050-07-27 14:00:00,45718.056
2050-07-27 15:00:00,42671.244
2050-07-27 16:00:00,50631.909
2050-07-27 17:00:00,49699.284
2050-07-27 18:00:00,43277.808
2050-07-27 19:00:00,38356.923
2050-07-27 20:00:00,34980.617999999995
2050-07-27 21:00:00,35030.025
2050-07-27 22:00:00,34982.145
2050-07-27 23:00:00,34753.617
2050-07-28 00:00:00,35450.486999999994
2050-07-28 01:00:00,34134.659999999996
2050-07-28 02:00:00,34502.07
2050-07-28 03:00:00,35417.631
2050-07-28 04:00:00,36476.406
2050-07-28 05:00:00,39824.132999999994
2050-07-28 06:00:00,44207.001000000004
2050-07-28 07:00:00,51024.225
2050-07-28 08:00:00,53861.025
2050-07-28 09:00:00,55272.306
2050-07-28 10:00:00,58074.63
2050-07-28 11:00:00,61216.20599999999
2050-07-28 12:00:00,62697.348
2050-07-28 13:00:00,62425.512
2050-07-28 14:00:00,61887.687
2050-07-28 15:00:00,54621.710999999996
2050-07-28 16:00:00,56567.241
2050-07-28 17:00:00,54396.299999999996
2050-07-28 18:00:00,46448.723999999995
2050-07-28 19:00:00,37937.019
2050-07-28 20:00:00,34016.934
2050-07-28 21:00:00,33276.138
2050-07-28 22:00:00,26140.863
2050-07-28 23:00:00,22795.548
2050-07-29 00:00:00,21806.594999999998
2050-07-29 01:00:00,21431.277
2050-07-29 02:00:00,22341.654
2050-07-29 03:00:00,22687.488
2050-07-29 04:00:00,23828.990999999998
2050-07-29 05:00:00,27617.355
2050-07-29 06:00:00,33679.943999999996
2050-07-29 07:00:00,41172.674999999996
2050-07-29 08:00:00,45746.94899999999
2050-07-29 09:00:00,51579.462
2050-07-29 10:00:00,55493.744999999995
2050-07-29 11:00:00,58756.464
2050-07-29 12:00:00,59255.867999999995
2050-07-29 13:00:00,56507.35799999999
2050-07-29 14:00:00,48340.5
2050-07-29 15:00:00,46015.884
2050-07-29 16:00:00,46564.373999999996
2050-07-29 17:00:00,44213.484
2050-07-29 18:00:00,37780.14
2050-07-29 19:00:00,32709.789
2050-07-29 20:00:00,30521.739
2050-07-29 21:00:00,30063.099
2050-07-29 22:00:00,27220.557
2050-07-29 23:00:00,24444.147
2050-07-30 00:00:00,23463.222
2050-07-30 01:00:00,24045.12
2050-07-30 02:00:00,24705.536999999997
2050-07-30 03:00:00,25486.14
2050-07-30 04:00:00,26851.908
2050-07-30 05:00:00,31140.611999999997
2050-07-30 06:00:00,37871.463
2050-07-30 07:00:00,41873.676
2050-07-30 08:00:00,45710.649
2050-07-30 09:00:00,56468.196
2050-07-30 10:00:00,61926.162
2050-07-30 11:00:00,64998.28799999999
2050-07-30 12:00:00,67297.644
2050-07-30 13:00:00,66824.76
2050-07-30 14:00:00,58969.398
2050-07-30 15:00:00,55636.13999999999
2050-07-30 16:00:00,50422.488
2050-07-30 17:00:00,47612.976
2050-07-30 18:00:00,41104.203
2050-07-30 19:00:00,37915.23
2050-07-30 20:00:00,36470.463
2050-07-30 21:00:00,34528.713
2050-07-30 22:00:00,29642.693999999996
2050-07-30 23:00:00,28568.748
2050-07-31 00:00:00,26700.986999999997
2050-07-31 01:00:00,26558.969999999998
2050-07-31 02:00:00,25105.815
2050-07-31 03:00:00,24383.688000000002
2050-07-31 04:00:00,25180.098
2050-07-31 05:00:00,27533.778
2050-07-31 06:00:00,33431.331
2050-07-31 07:00:00,36137.172
2050-07-31 08:00:00,40007.043
2050-07-31 09:00:00,44808.444
2050-07-31 10:00:00,54211.128000000004
2050-07-31 11:00:00,51814.187999999995
2050-07-31 12:00:00,50113.29899999999
2050-07-31 13:00:00,44014.66499999999
2050-07-31 14:00:00,37299.407999999996
2050-07-31 15:00:00,38251.778999999995
2050-07-31 16:00:00,42238.071
2050-07-31 17:00:00,41238.653999999995
2050-07-31 18:00:00,36917.145
2050-07-31 19:00:00,32040.816
2050-07-31 20:00:00,29272.857
2050-07-31 21:00:00,27358.934999999998
2050-07-31 22:00:00,26209.815
2050-07-31 23:00:00,25706.91
2050-08-01 00:00:00,25773.996000000003
2050-08-01 01:00:00,26093.715
2050-08-01 02:00:00,26739.744
2050-08-01 03:00:00,27162.369
2050-08-01 04:00:00,29275.497
2050-08-01 05:00:00,33610.458
2050-08-01 06:00:00,40317.407999999996
2050-08-01 07:00:00,43252.896
2050-08-01 08:00:00,46695.78
2050-08-01 09:00:00,53016.264
2050-08-01 10:00:00,59109.998999999996
2050-08-01 11:00:00,60918.84299999999
2050-08-01 12:00:00,60731.541
2050-08-01 13:00:00,64395.522
2050-08-01 14:00:00,62517.003
2050-08-01 15:00:00,63021.603
2050-08-01 16:00:00,57794.337
2050-08-01 17:00:00,53618.331
2050-08-01 18:00:00,46696.659
2050-08-01 19:00:00,40166.955
2050-08-01 20:00:00,37334.217
2050-08-01 21:00:00,36428.765999999996
2050-08-01 22:00:00,34668.375
2050-08-01 23:00:00,30857.256
2050-08-02 00:00:00,28424.622
2050-08-02 01:00:00,28771.806
2050-08-02 02:00:00,29195.450999999997
2050-08-02 03:00:00,30280.217999999997
2050-08-02 04:00:00,29548.727999999996
2050-08-02 05:00:00,32358.023999999998
2050-08-02 06:00:00,36575.592
2050-08-02 07:00:00,38517.515999999996
2050-08-02 08:00:00,44741.903999999995
2050-08-02 09:00:00,48367.431
2050-08-02 10:00:00,54861.212999999996
2050-08-02 11:00:00,61339.979999999996
2050-08-02 12:00:00,58909.611
2050-08-02 13:00:00,53306.19899999999
2050-08-02 14:00:00,53370.204
2050-08-02 15:00:00,46009.344000000005
2050-08-02 16:00:00,40699.851
2050-08-02 17:00:00,38263.239
2050-08-02 18:00:00,31424.589
2050-08-02 19:00:00,24956.913
2050-08-02 20:00:00,22220.214
2050-08-02 21:00:00,21510.423
2050-08-02 22:00:00,17695.767
2050-08-02 23:00:00,17495.643
2050-08-03 00:00:00,18100.176
2050-08-03 01:00:00,19835.561999999998
2050-08-03 02:00:00,21012.984
2050-08-03 03:00:00,21368.186999999998
2050-08-03 04:00:00,19759.089
2050-08-03 05:00:00,20974.559999999998
2050-08-03 06:00:00,27556.011
2050-08-03 07:00:00,38135.394
2050-08-03 08:00:00,51872.994
2050-08-03 09:00:00,60981.032999999996
2050-08-03 10:00:00,66429.44099999999
2050-08-03 11:00:00,68986.779
2050-08-03 12:00:00,69299.853
2050-08-03 13:00:00,64846.242
2050-08-03 14:00:00,59452.45799999999
2050-08-03 15:00:00,57187.053
2050-08-03 16:00:00,48893.805
2050-08-03 17:00:00,37127.82
2050-08-03 18:00:00,31134.42
2050-08-03 19:00:00,26771.619
2050-08-03 20:00:00,23501.211
2050-08-03 21:00:00,21141.768
2050-08-03 22:00:00,19752.981
2050-08-03 23:00:00,17857.505999999998
2050-08-04 00:00:00,15756.761999999999
2050-08-04 01:00:00,13919.396999999999
2050-08-04 02:00:00,12473.154
2050-08-04 03:00:00,12792.69
2050-08-04 04:00:00,14774.798999999999
2050-08-04 05:00:00,18804.087
2050-08-04 06:00:00,26296.512
2050-08-04 07:00:00,33495.951
2050-08-04 08:00:00,41022.384
2050-08-04 09:00:00,49096.614
2050-08-04 10:00:00,55322.35799999999
2050-08-04 11:00:00,62874.78
2050-08-04 12:00:00,61573.280999999995
2050-08-04 13:00:00,57154.077
2050-08-04 14:00:00,51480.458999999995
2050-08-04 15:00:00,51242.10599999999
2050-08-04 16:00:00,45821.255999999994
2050-08-04 17:00:00,41024.817
2050-08-04 18:00:00,38140.263
2050-08-04 19:00:00,36930.615
2050-08-04 20:00:00,35505.396
2050-08-04 21:00:00,30632.742
2050-08-04 22:00:00,23663.453999999998
2050-08-04 23:00:00,22360.71
2050-08-05 00:00:00,21000.024
2050-08-05 01:00:00,20957.76
2050-08-05 02:00:00,21157.038
2050-08-05 03:00:00,21401.334
2050-08-05 04:00:00,22521.849
2050-08-05 05:00:00,26093.682
2050-08-05 06:00:00,37526.736
2050-08-05 07:00:00,53785.494
2050-08-05 08:00:00,64699.95
2050-08-05 09:00:00,67312.965
2050-08-05 10:00:00,70079.22
2050-08-05 11:00:00,70759.83
2050-08-05 12:00:00,67702.17
2050-08-05 13:00:00,62357.442
2050-08-05 14:00:00,61827.812999999995
2050-08-05 15:00:00,59387.844
2050-08-05 16:00:00,51585.909
2050-08-05 17:00:00,41888.022
2050-08-05 18:00:00,32369.358
2050-08-05 19:00:00,26509.427999999996
2050-08-05 20:00:00,24113.763000000003
2050-08-05 21:00:00,23793.177
2050-08-05 22:00:00,21933.933
2050-08-05 23:00:00,19745.664
2050-08-06 00:00:00,19084.505999999998
2050-08-06 01:00:00,18553.032
2050-08-06 02:00:00,18298.602
2050-08-06 03:00:00,19200.21
2050-08-06 04:00:00,19214.232
2050-08-06 05:00:00,23503.464
2050-08-06 06:00:00,31061.931
2050-08-06 07:00:00,40446.9
2050-08-06 08:00:00,48209.043
2050-08-06 09:00:00,51370.596
2050-08-06 10:00:00,51050.823
2050-08-06 11:00:00,55762.899
2050-08-06 12:00:00,57181.695
2050-08-06 13:00:00,57163.332
2050-08-06 14:00:00,59366.853
2050-08-06 15:00:00,53703.719999999994
2050-08-06 16:00:00,48268.542
2050-08-06 17:00:00,42588.710999999996
2050-08-06 18:00:00,36234.818999999996
2050-08-06 19:00:00,34187.852999999996
2050-08-06 20:00:00,33786.309
2050-08-06 21:00:00,33500.271
2050-08-06 22:00:00,31831.400999999998
2050-08-06 23:00:00,29113.08
2050-08-07 00:00:00,28247.949
2050-08-07 01:00:00,27642.858
2050-08-07 02:00:00,26785.896
2050-08-07 03:00:00,26728.628999999997
2050-08-07 04:00:00,29275.125
2050-08-07 05:00:00,33446.577
2050-08-07 06:00:00,37386.045
2050-08-07 07:00:00,38407.695
2050-08-07 08:00:00,47822.07
2050-08-07 09:00:00,55685.577
2050-08-07 10:00:00,60894.237
2050-08-07 11:00:00,64403.643
2050-08-07 12:00:00,59652.17399999999
2050-08-07 13:00:00,56721.651000000005
2050-08-07 14:00:00,54417.221999999994
2050-08-07 15:00:00,51908.214
2050-08-07 16:00:00,53169.519
2050-08-07 17:00:00,51243.939
2050-08-07 18:00:00,47942.568
2050-08-07 19:00:00,44242.473
2050-08-07 20:00:00,41968.554
2050-08-07 21:00:00,39153.236999999994
2050-08-07 22:00:00,34899.731999999996
2050-08-07 23:00:00,31587.176999999996
2050-08-08 00:00:00,31095.308999999997
2050-08-08 01:00:00,30550.160999999996
2050-08-08 02:00:00,30580.98
2050-08-08 03:00:00,30457.89
2050-08-08 04:00:00,30693.074999999997
2050-08-08 05:00:00,31174.581
2050-08-08 06:00:00,36278.636999999995
2050-08-08 07:00:00,39770.10599999999
2050-08-08 08:00:00,39204.534
2050-08-08 09:00:00,42030.477
2050-08-08 10:00:00,46244.286
2050-08-08 11:00:00,50183.352
2050-08-08 12:00:00,48560.996999999996
2050-08-08 13:00:00,43363.424999999996
2050-08-08 14:00:00,42686.895
2050-08-08 15:00:00,41560.905
2050-08-08 16:00:00,45373.851
2050-08-08 17:00:00,45305.312999999995
2050-08-08 18:00:00,39650.589
2050-08-08 19:00:00,35355.246
2050-08-08 20:00:00,34740.483
2050-08-08 21:00:00,34390.74
2050-08-08 22:00:00,33455.409
2050-08-08 23:00:00,32461.199999999997
2050-08-09 00:00:00,28497.575999999997
2050-08-09 01:00:00,27140.439000000002
2050-08-09 02:00:00,26860.394999999997
2050-08-09 03:00:00,26433.906
2050-08-09 04:00:00,26053.755
2050-08-09 05:00:00,25830.177
2050-08-09 06:00:00,23079.911999999997
2050-08-09 07:00:00,30867.939
2050-08-09 08:00:00,44389.742999999995
2050-08-09 09:00:00,54183.318
2050-08-09 10:00:00,61593.632999999994
2050-08-09 11:00:00,64469.517
2050-08-09 12:00:00,67652.103
2050-08-09 13:00:00,62563.064999999995
2050-08-09 14:00:00,58024.742999999995
2050-08-09 15:00:00,54507.786
2050-08-09 16:00:00,48081.414
2050-08-09 17:00:00,43144.45799999999
2050-08-09 18:00:00,34463.094
2050-08-09 19:00:00,27982.524
2050-08-09 20:00:00,27243.308999999997
2050-08-09 21:00:00,25781.457
2050-08-09 22:00:00,24244.427999999996
2050-08-09 23:00:00,20728.506
2050-08-10 00:00:00,18262.191
2050-08-10 01:00:00,18032.471999999998
2050-08-10 02:00:00,17739.434999999998
2050-08-10 03:00:00,17119.449
2050-08-10 04:00:00,17018.733
2050-08-10 05:00:00,16879.916999999998
2050-08-10 06:00:00,23048.427
2050-08-10 07:00:00,31699.332
2050-08-10 08:00:00,41420.145
2050-08-10 09:00:00,48570.75
2050-08-10 10:00:00,54650.826
2050-08-10 11:00:00,54217.203
2050-08-10 12:00:00,54943.695
2050-08-10 13:00:00,52945.842000000004
2050-08-10 14:00:00,49913.691
2050-08-10 15:00:00,46681.014
2050-08-10 16:00:00,44153.769
2050-08-10 17:00:00,41295.375
2050-08-10 18:00:00,35608.479
2050-08-10 19:00:00,31886.619
2050-08-10 20:00:00,31463.399999999998
2050-08-10 21:00:00,31139.792999999998
2050-08-10 22:00:00,31751.810999999998
2050-08-10 23:00:00,31391.142
2050-08-11 00:00:00,31361.475
2050-08-11 01:00:00,31133.907
2050-08-11 02:00:00,31319.193
2050-08-11 03:00:00,31211.856
2050-08-11 04:00:00,33243.864
2050-08-11 05:00:00,37643.394
2050-08-11 06:00:00,44222.594999999994
2050-08-11 07:00:00,43199.973
2050-08-11 08:00:00,46066.134
2050-08-11 09:00:00,52614.543
2050-08-11 10:00:00,58880.523
2050-08-11 11:00:00,61330.602
2050-08-11 12:00:00,60574.041
2050-08-11 13:00:00,58937.994
2050-08-11 14:00:00,56961.344999999994
2050-08-11 15:00:00,56946.387
2050-08-11 16:00:00,57280.167
2050-08-11 17:00:00,50499.594000000005
2050-08-11 18:00:00,43625.43
2050-08-11 19:00:00,41203.310999999994
2050-08-11 20:00:00,39942.543
2050-08-11 21:00:00,39037.617
2050-08-11 22:00:00,37105.008
2050-08-11 23:00:00,36135.87899999999
2050-08-12 00:00:00,36552.708
2050-08-12 01:00:00,35798.898
2050-08-12 02:00:00,35009.168999999994
2050-08-12 03:00:00,34677.119999999995
2050-08-12 04:00:00,34481.271
2050-08-12 05:00:00,37317.140999999996
2050-08-12 06:00:00,42254.435999999994
2050-08-12 07:00:00,40363.632
2050-08-12 08:00:00,41661.456
2050-08-12 09:00:00,45207.816
2050-08-12 10:00:00,50986.19699999999
2050-08-12 11:00:00,58201.32
2050-08-12 12:00:00,61695.816
2050-08-12 13:00:00,61219.871999999996
2050-08-12 14:00:00,59277.51
2050-08-12 15:00:00,59422.401
2050-08-12 16:00:00,58071.555
2050-08-12 17:00:00,48775.113
2050-08-12 18:00:00,40709.82
2050-08-12 19:00:00,38815.431
2050-08-12 20:00:00,39548.478
2050-08-12 21:00:00,38023.56
2050-08-12 22:00:00,35585.418
2050-08-12 23:00:00,34777.098
2050-08-13 00:00:00,34241.159999999996
2050-08-13 01:00:00,33831.57
2050-08-13 02:00:00,33318.483
2050-08-13 03:00:00,34140.384
2050-08-13 04:00:00,34947.534
2050-08-13 05:00:00,39526.263
2050-08-13 06:00:00,46624.17
2050-08-13 07:00:00,51246.831
2050-08-13 08:00:00,50661.951
2050-08-13 09:00:00,53180.928
2050-08-13 10:00:00,57611.35799999999
2050-08-13 11:00:00,58448.348999999995
2050-08-13 12:00:00,57951.155999999995
2050-08-13 13:00:00,55708.494
2050-08-13 14:00:00,53052.759
2050-08-13 15:00:00,53548.293
2050-08-13 16:00:00,49644.135
2050-08-13 17:00:00,42793.685999999994
2050-08-13 18:00:00,37850.594999999994
2050-08-13 19:00:00,35976.378
2050-08-13 20:00:00,35587.793999999994
2050-08-13 21:00:00,35401.551
2050-08-13 22:00:00,35383.92
2050-08-13 23:00:00,35782.634999999995
2050-08-14 00:00:00,36295.776
2050-08-14 01:00:00,36631.524
2050-08-14 02:00:00,36242.991
2050-08-14 03:00:00,37341.609
2050-08-14 04:00:00,37043.873999999996
2050-08-14 05:00:00,38639.787
2050-08-14 06:00:00,42623.103
2050-08-14 07:00:00,42597.278999999995
2050-08-14 08:00:00,44970.738
2050-08-14 09:00:00,53270.85599999999
2050-08-14 10:00:00,58803.888
2050-08-14 11:00:00,60835.623
2050-08-14 12:00:00,61988.48999999999
2050-08-14 13:00:00,62593.344
2050-08-14 14:00:00,63213.581999999995
2050-08-14 15:00:00,64462.229999999996
2050-08-14 16:00:00,62746.239
2050-08-14 17:00:00,54153.083999999995
2050-08-14 18:00:00,45363.07199999999
2050-08-14 19:00:00,39886.310999999994
2050-08-14 20:00:00,38187.134999999995
2050-08-14 21:00:00,37598.301
2050-08-14 22:00:00,36280.611
2050-08-14 23:00:00,37354.608
2050-08-15 00:00:00,37000.59
2050-08-15 01:00:00,36434.969999999994
2050-08-15 02:00:00,36031.074
2050-08-15 03:00:00,35937.606
2050-08-15 04:00:00,36451.361999999994
2050-08-15 05:00:00,39479.316
2050-08-15 06:00:00,46310.112
2050-08-15 07:00:00,45389.712
2050-08-15 08:00:00,46734.909
2050-08-15 09:00:00,53720.187
2050-08-15 10:00:00,58139.169
2050-08-15 11:00:00,58283.844000000005
2050-08-15 12:00:00,59547.171
2050-08-15 13:00:00,58929.458999999995
2050-08-15 14:00:00,58915.851
2050-08-15 15:00:00,56349.684
2050-08-15 16:00:00,62003.60399999999
2050-08-15 17:00:00,53275.737
2050-08-15 18:00:00,42745.32
2050-08-15 19:00:00,37995.054
2050-08-15 20:00:00,37751.256
2050-08-15 21:00:00,38475.021
2050-08-15 22:00:00,38180.421
2050-08-15 23:00:00,38118.21
2050-08-16 00:00:00,34485.384
2050-08-16 01:00:00,33565.634999999995
2050-08-16 02:00:00,33792.621
2050-08-16 03:00:00,34275.072
2050-08-16 04:00:00,33945.639
2050-08-16 05:00:00,32494.17
2050-08-16 06:00:00,30509.622
2050-08-16 07:00:00,29670.135
2050-08-16 08:00:00,32694.461999999996
2050-08-16 09:00:00,36824.748
2050-08-16 10:00:00,40655.013
2050-08-16 11:00:00,47472.378000000004
2050-08-16 12:00:00,49806.534
2050-08-16 13:00:00,50049.219000000005
2050-08-16 14:00:00,48570.78
2050-08-16 15:00:00,47914.5
2050-08-16 16:00:00,45847.875
2050-08-16 17:00:00,45215.685000000005
2050-08-16 18:00:00,38400.519
2050-08-16 19:00:00,33811.767
2050-08-16 20:00:00,30866.658
2050-08-16 21:00:00,28933.155000000002
2050-08-16 22:00:00,28105.284
2050-08-16 23:00:00,27504.369
2050-08-17 00:00:00,27845.481
2050-08-17 01:00:00,27270.699
2050-08-17 02:00:00,27650.088
2050-08-17 03:00:00,27723.45
2050-08-17 04:00:00,26543.946
2050-08-17 05:00:00,26518.217999999997
2050-08-17 06:00:00,24946.413
2050-08-17 07:00:00,28607.514
2050-08-17 08:00:00,34374.522
2050-08-17 09:00:00,33610.839
2050-08-17 10:00:00,36849.648
2050-08-17 11:00:00,38782.179
2050-08-17 12:00:00,34870.458
2050-08-17 13:00:00,32245.433999999997
2050-08-17 14:00:00,30555.053999999996
2050-08-17 15:00:00,32481.428999999996
2050-08-17 16:00:00,40738.044
2050-08-17 17:00:00,42627.401999999995
2050-08-17 18:00:00,38722.844999999994
2050-08-17 19:00:00,37017.462
2050-08-17 20:00:00,36297.350999999995
2050-08-17 21:00:00,35854.623
2050-08-17 22:00:00,35450.051999999996
2050-08-17 23:00:00,34674.366
2050-08-18 00:00:00,34173.890999999996
2050-08-18 01:00:00,33653.973
2050-08-18 02:00:00,32522.801999999996
2050-08-18 03:00:00,32715.467999999997
2050-08-18 04:00:00,33480.633
2050-08-18 05:00:00,36054.195
2050-08-18 06:00:00,42581.373
2050-08-18 07:00:00,46240.742999999995
2050-08-18 08:00:00,45465.894
2050-08-18 09:00:00,49902.426
2050-08-18 10:00:00,52023.735
2050-08-18 11:00:00,55447.791
2050-08-18 12:00:00,53375.157
2050-08-18 13:00:00,57491.808
2050-08-18 14:00:00,59520.638999999996
2050-08-18 15:00:00,63275.594999999994
2050-08-18 16:00:00,63047.801999999996
2050-08-18 17:00:00,56464.068
2050-08-18 18:00:00,48296.35799999999
2050-08-18 19:00:00,45051.123
2050-08-18 20:00:00,43409.67
2050-08-18 21:00:00,42172.575
2050-08-18 22:00:00,41114.981999999996
2050-08-18 23:00:00,40000.416
2050-08-19 00:00:00,38252.388
2050-08-19 01:00:00,36822.366
2050-08-19 02:00:00,35952.384
2050-08-19 03:00:00,36161.214
2050-08-19 04:00:00,37707.021
2050-08-19 05:00:00,42760.17
2050-08-19 06:00:00,51179.967000000004
2050-08-19 07:00:00,53647.605
2050-08-19 08:00:00,54579.119999999995
2050-08-19 09:00:00,61970.898
2050-08-19 10:00:00,66239.064
2050-08-19 11:00:00,66786.435
2050-08-19 12:00:00,70256.442
2050-08-19 13:00:00,71593.71
2050-08-19 14:00:00,69546.699
2050-08-19 15:00:00,69674.241
2050-08-19 16:00:00,69794.091
2050-08-19 17:00:00,63271.835999999996
2050-08-19 18:00:00,54916.362
2050-08-19 19:00:00,49117.362
2050-08-19 20:00:00,48309.66
2050-08-19 21:00:00,47524.023
2050-08-19 22:00:00,45738.903
2050-08-19 23:00:00,43778.067
2050-08-20 00:00:00,41173.272
2050-08-20 01:00:00,39451.431
2050-08-20 02:00:00,39203.693999999996
2050-08-20 03:00:00,39115.896
2050-08-20 04:00:00,40323.17399999999
2050-08-20 05:00:00,42843.198
2050-08-20 06:00:00,48585.82199999999
2050-08-20 07:00:00,48832.78799999999
2050-08-20 08:00:00,49877.04899999999
2050-08-20 09:00:00,53506.002
2050-08-20 10:00:00,62310.342000000004
2050-08-20 11:00:00,66912.618
2050-08-20 12:00:00,66971.208
2050-08-20 13:00:00,67540.5
2050-08-20 14:00:00,65813.451
2050-08-20 15:00:00,66896.163
2050-08-20 16:00:00,67316.16
2050-08-20 17:00:00,63368.043
2050-08-20 18:00:00,55487.78999999999
2050-08-20 19:00:00,50758.503000000004
2050-08-20 20:00:00,48299.787000000004
2050-08-20 21:00:00,47512.098
2050-08-20 22:00:00,45614.877
2050-08-20 23:00:00,43718.48099999999
2050-08-21 00:00:00,42742.098
2050-08-21 01:00:00,42722.148
2050-08-21 02:00:00,42678.339
2050-08-21 03:00:00,42140.924999999996
2050-08-21 04:00:00,43318.887
2050-08-21 05:00:00,46270.875
2050-08-21 06:00:00,54143.219999999994
2050-08-21 07:00:00,57277.989
2050-08-21 08:00:00,66315.51
2050-08-21 09:00:00,69145.314
2050-08-21 10:00:00,76868.955
2050-08-21 11:00:00,76820.673
2050-08-21 12:00:00,76390.07699999999
2050-08-21 13:00:00,71742.792
2050-08-21 14:00:00,67723.128
2050-08-21 15:00:00,66247.305
2050-08-21 16:00:00,68505.846
2050-08-21 17:00:00,62515.83
2050-08-21 18:00:00,53945.007
2050-08-21 19:00:00,48886.78799999999
2050-08-21 20:00:00,45615.192
2050-08-21 21:00:00,43470.639
2050-08-21 22:00:00,40735.161
2050-08-21 23:00:00,38521.059
2050-08-22 00:00:00,37113.623999999996
2050-08-22 01:00:00,35999.181
2050-08-22 02:00:00,35640.494999999995
2050-08-22 03:00:00,35051.58
2050-08-22 04:00:00,35779.386
2050-08-22 05:00:00,37724.441999999995
2050-08-22 06:00:00,41971.13999999999
2050-08-22 07:00:00,43259.26499999999
2050-08-22 08:00:00,43474.989
2050-08-22 09:00:00,41441.82
2050-08-22 10:00:00,39417.024
2050-08-22 11:00:00,43699.121999999996
2050-08-22 12:00:00,43640.34
2050-08-22 13:00:00,42399.111
2050-08-22 14:00:00,41559.555
2050-08-22 15:00:00,44012.210999999996
2050-08-22 16:00:00,46657.562999999995
2050-08-22 17:00:00,44545.25399999999
2050-08-22 18:00:00,40440.807
2050-08-22 19:00:00,37833.174
2050-08-22 20:00:00,37864.881
2050-08-22 21:00:00,38370.939
2050-08-22 22:00:00,35680.467
2050-08-22 23:00:00,29347.158
2050-08-23 00:00:00,25843.836
2050-08-23 01:00:00,22573.967999999997
2050-08-23 02:00:00,23326.455
2050-08-23 03:00:00,23006.148
2050-08-23 04:00:00,23021.034
2050-08-23 05:00:00,23942.417999999998
2050-08-23 06:00:00,27317.603999999996
2050-08-23 07:00:00,33412.526999999995
2050-08-23 08:00:00,40333.707
2050-08-23 09:00:00,46202.448
2050-08-23 10:00:00,51243.489
2050-08-23 11:00:00,52280.706
2050-08-23 12:00:00,53928.828
2050-08-23 13:00:00,50110.064999999995
2050-08-23 14:00:00,48161.316
2050-08-23 15:00:00,43015.2
2050-08-23 16:00:00,44665.002
2050-08-23 17:00:00,41935.851
2050-08-23 18:00:00,33151.134
2050-08-23 19:00:00,30040.553999999996
2050-08-23 20:00:00,29192.64
2050-08-23 21:00:00,28466.619
2050-08-23 22:00:00,28525.605
2050-08-23 23:00:00,26093.139
2050-08-24 00:00:00,23513.589
2050-08-24 01:00:00,23405.658
2050-08-24 02:00:00,22078.146
2050-08-24 03:00:00,21842.247
2050-08-24 04:00:00,21381.858
2050-08-24 05:00:00,20674.341
2050-08-24 06:00:00,23439.416999999998
2050-08-24 07:00:00,30303.333
2050-08-24 08:00:00,36553.392
2050-08-24 09:00:00,43537.134
2050-08-24 10:00:00,45775.526999999995
2050-08-24 11:00:00,47692.521
2050-08-24 12:00:00,44954.166
2050-08-24 13:00:00,48911.448
2050-08-24 14:00:00,43172.475
2050-08-24 15:00:00,44015.246999999996
2050-08-24 16:00:00,45248.832
2050-08-24 17:00:00,42444.38999999999
2050-08-24 18:00:00,36098.333999999995
2050-08-24 19:00:00,34152.468
2050-08-24 20:00:00,33759.933
2050-08-24 21:00:00,33477.441
2050-08-24 22:00:00,33059.333999999995
2050-08-24 23:00:00,33211.497
2050-08-25 00:00:00,33498.792
2050-08-25 01:00:00,33787.707
2050-08-25 02:00:00,34074.312
2050-08-25 03:00:00,34467.048
2050-08-25 04:00:00,35112.258
2050-08-25 05:00:00,38021.388
2050-08-25 06:00:00,45140.462999999996
2050-08-25 07:00:00,43066.994999999995
2050-08-25 08:00:00,45860.787000000004
2050-08-25 09:00:00,51450.869999999995
2050-08-25 10:00:00,55763.549999999996
2050-08-25 11:00:00,56545.698
2050-08-25 12:00:00,56158.44899999999
2050-08-25 13:00:00,54858.36
2050-08-25 14:00:00,50002.02
2050-08-25 15:00:00,48270.674999999996
2050-08-25 16:00:00,52453.725
2050-08-25 17:00:00,45425.022
2050-08-25 18:00:00,39433.803
2050-08-25 19:00:00,38329.989
2050-08-25 20:00:00,38243.046
2050-08-25 21:00:00,38610.354
2050-08-25 22:00:00,38806.704
2050-08-25 23:00:00,38878.923
2050-08-26 00:00:00,39560.63999999999
2050-08-26 01:00:00,40383.066
2050-08-26 02:00:00,40874.169
2050-08-26 03:00:00,41745.248999999996
2050-08-26 04:00:00,41601.819
2050-08-26 05:00:00,43621.803
2050-08-26 06:00:00,51184.683
2050-08-26 07:00:00,51351.252
2050-08-26 08:00:00,52992.246
2050-08-26 09:00:00,59706.78599999999
2050-08-26 10:00:00,64450.509
2050-08-26 11:00:00,64108.57199999999
2050-08-26 12:00:00,56795.259
2050-08-26 13:00:00,50670.435000000005
2050-08-26 14:00:00,52546.167
2050-08-26 15:00:00,60824.742
2050-08-26 16:00:00,63808.782
2050-08-26 17:00:00,57857.462999999996
2050-08-26 18:00:00,52882.596
2050-08-26 19:00:00,49252.151999999995
2050-08-26 20:00:00,46988.189999999995
2050-08-26 21:00:00,45257.174999999996
2050-08-26 22:00:00,41697.135
2050-08-26 23:00:00,40884.021
2050-08-27 00:00:00,40039.367999999995
2050-08-27 01:00:00,39790.187999999995
2050-08-27 02:00:00,40370.808
2050-08-27 03:00:00,41710.68
2050-08-27 04:00:00,42656.751000000004
2050-08-27 05:00:00,44244.28799999999
2050-08-27 06:00:00,50976.84
2050-08-27 07:00:00,59444.456999999995
2050-08-27 08:00:00,62504.787
2050-08-27 09:00:00,59754.149999999994
2050-08-27 10:00:00,62359.331999999995
2050-08-27 11:00:00,67134.603
2050-08-27 12:00:00,61440.242999999995
2050-08-27 13:00:00,53419.66499999999
2050-08-27 14:00:00,55016.403
2050-08-27 15:00:00,58418.541
2050-08-27 16:00:00,54328.560000000005
2050-08-27 17:00:00,47298.042
2050-08-27 18:00:00,41804.079
2050-08-27 19:00:00,40208.988
2050-08-27 20:00:00,39744.573
2050-08-27 21:00:00,39644.79899999999
2050-08-27 22:00:00,38082.024
2050-08-27 23:00:00,38761.149
2050-08-28 00:00:00,37970.757
2050-08-28 01:00:00,38349.119999999995
2050-08-28 02:00:00,38509.683
2050-08-28 03:00:00,38748.501
2050-08-28 04:00:00,38641.983
2050-08-28 05:00:00,40254.864
2050-08-28 06:00:00,44584.73099999999
2050-08-28 07:00:00,48854.976
2050-08-28 08:00:00,53813.26499999999
2050-08-28 09:00:00,59047.10399999999
2050-08-28 10:00:00,66502.923
2050-08-28 11:00:00,67794.528
2050-08-28 12:00:00,63402.342000000004
2050-08-28 13:00:00,58927.062
2050-08-28 14:00:00,65136.051
2050-08-28 15:00:00,66098.328
2050-08-28 16:00:00,63928.986
2050-08-28 17:00:00,57960.615
2050-08-28 18:00:00,51258.44699999999
2050-08-28 19:00:00,48451.41299999999
2050-08-28 20:00:00,49372.719000000005
2050-08-28 21:00:00,47226.645
2050-08-28 22:00:00,39452.657999999996
2050-08-28 23:00:00,34105.085999999996
2050-08-29 00:00:00,33135.744
2050-08-29 01:00:00,32844.687
2050-08-29 02:00:00,31852.943999999996
2050-08-29 03:00:00,34011.876
2050-08-29 04:00:00,35541.348
2050-08-29 05:00:00,37921.373999999996
2050-08-29 06:00:00,45195.762
2050-08-29 07:00:00,52865.814
2050-08-29 08:00:00,60078.342000000004
2050-08-29 09:00:00,70930.269
2050-08-29 10:00:00,72677.877
2050-08-29 11:00:00,71023.494
2050-08-29 12:00:00,62201.22899999999
2050-08-29 13:00:00,56993.846999999994
2050-08-29 14:00:00,54419.328
2050-08-29 15:00:00,57955.215
2050-08-29 16:00:00,55451.969999999994
2050-08-29 17:00:00,50980.116
2050-08-29 18:00:00,46364.553
2050-08-29 19:00:00,43408.092000000004
2050-08-29 20:00:00,42928.944
2050-08-29 21:00:00,40405.194
2050-08-29 22:00:00,38392.14
2050-08-29 23:00:00,34084.29
2050-08-30 00:00:00,33232.481999999996
2050-08-30 01:00:00,31058.958
2050-08-30 02:00:00,30133.299
2050-08-30 03:00:00,28613.684999999998
2050-08-30 04:00:00,28034.013000000003
2050-08-30 05:00:00,29348.360999999997
2050-08-30 06:00:00,36561.45
2050-08-30 07:00:00,44142.755999999994
2050-08-30 08:00:00,49602.996
2050-08-30 09:00:00,57903.819
2050-08-30 10:00:00,57461.079
2050-08-30 11:00:00,60079.172999999995
2050-08-30 12:00:00,59970.903
2050-08-30 13:00:00,58217.457
2050-08-30 14:00:00,58271.505
2050-08-30 15:00:00,51416.727
2050-08-30 16:00:00,49357.059
2050-08-30 17:00:00,44466.0
2050-08-30 18:00:00,39352.719000000005
2050-08-30 19:00:00,38885.484
2050-08-30 20:00:00,40616.361
2050-08-30 21:00:00,34429.608
2050-08-30 22:00:00,32904.846
2050-08-30 23:00:00,30834.302999999996
2050-08-31 00:00:00,31535.766
2050-08-31 01:00:00,32041.926
2050-08-31 02:00:00,31589.060999999998
2050-08-31 03:00:00,30816.039
2050-08-31 04:00:00,28926.051
2050-08-31 05:00:00,27337.359
2050-08-31 06:00:00,26814.801
2050-08-31 07:00:00,29584.089
2050-08-31 08:00:00,35191.532999999996
2050-08-31 09:00:00,43966.764
2050-08-31 10:00:00,46953.648
2050-08-31 11:00:00,46205.451
2050-08-31 12:00:00,45407.772
2050-08-31 13:00:00,40691.721
2050-08-31 14:00:00,35335.032
2050-08-31 15:00:00,35190.099
2050-08-31 16:00:00,38421.474
2050-08-31 17:00:00,35409.234
2050-08-31 18:00:00,32383.296000000002
2050-08-31 19:00:00,32316.021
2050-08-31 20:00:00,31533.78
2050-08-31 21:00:00,27593.43
2050-08-31 22:00:00,19613.541
2050-08-31 23:00:00,17249.436
2050-09-01 00:00:00,17270.180999999997
2050-09-01 01:00:00,17384.150999999998
2050-09-01 02:00:00,18594.303
2050-09-01 03:00:00,19860.393
2050-09-01 04:00:00,24552.972
2050-09-01 05:00:00,26389.791
2050-09-01 06:00:00,30588.428999999996
2050-09-01 07:00:00,35788.536
2050-09-01 08:00:00,38231.748
2050-09-01 09:00:00,47297.030999999995
2050-09-01 10:00:00,55028.706
2050-09-01 11:00:00,63155.907
2050-09-01 12:00:00,69621.678
2050-09-01 13:00:00,70693.23
2050-09-01 14:00:00,64707.636
2050-09-01 15:00:00,63512.67
2050-09-01 16:00:00,57911.559
2050-09-01 17:00:00,47668.53
2050-09-01 18:00:00,41088.705
2050-09-01 19:00:00,39001.605
2050-09-01 20:00:00,39180.483
2050-09-01 21:00:00,36391.797
2050-09-01 22:00:00,37440.531
2050-09-01 23:00:00,33744.114
2050-09-02 00:00:00,33712.83
2050-09-02 01:00:00,33744.426
2050-09-02 02:00:00,33411.36
2050-09-02 03:00:00,36327.42
2050-09-02 04:00:00,40595.348999999995
2050-09-02 05:00:00,43395.318
2050-09-02 06:00:00,49540.521
2050-09-02 07:00:00,52880.181
2050-09-02 08:00:00,59125.155
2050-09-02 09:00:00,65488.02
2050-09-02 10:00:00,66450.852
2050-09-02 11:00:00,75844.794
2050-09-02 12:00:00,69163.968
2050-09-02 13:00:00,67702.734
2050-09-02 14:00:00,62302.473
2050-09-02 15:00:00,59267.157
2050-09-02 16:00:00,57242.103
2050-09-02 17:00:00,50586.909
2050-09-02 18:00:00,45011.352
2050-09-02 19:00:00,45004.965
2050-09-02 20:00:00,44471.903999999995
2050-09-02 21:00:00,39474.075
2050-09-02 22:00:00,34169.778
2050-09-02 23:00:00,32756.931
2050-09-03 00:00:00,32115.665999999997
2050-09-03 01:00:00,32952.549
2050-09-03 02:00:00,33593.918999999994
2050-09-03 03:00:00,33995.127
2050-09-03 04:00:00,36693.284999999996
2050-09-03 05:00:00,38363.724
2050-09-03 06:00:00,43836.192
2050-09-03 07:00:00,46661.901000000005
2050-09-03 08:00:00,48272.231999999996
2050-09-03 09:00:00,50292.456
2050-09-03 10:00:00,49816.899
2050-09-03 11:00:00,54737.454
2050-09-03 12:00:00,53849.619
2050-09-03 13:00:00,52054.485
2050-09-03 14:00:00,54012.873
2050-09-03 15:00:00,52403.373
2050-09-03 16:00:00,51776.841
2050-09-03 17:00:00,46300.59
2050-09-03 18:00:00,41300.619
2050-09-03 19:00:00,38734.236
2050-09-03 20:00:00,37255.488
2050-09-03 21:00:00,35243.646
2050-09-03 22:00:00,33278.64
2050-09-03 23:00:00,34066.401
2050-09-04 00:00:00,33540.963
2050-09-04 01:00:00,32941.65
2050-09-04 02:00:00,32190.359999999997
2050-09-04 03:00:00,32874.327
2050-09-04 04:00:00,35894.448
2050-09-04 05:00:00,38211.813
2050-09-04 06:00:00,44993.139
2050-09-04 07:00:00,52305.801
2050-09-04 08:00:00,63149.462999999996
2050-09-04 09:00:00,72269.37
2050-09-04 10:00:00,73089.12299999999
2050-09-04 11:00:00,74760.783
2050-09-04 12:00:00,71995.59
2050-09-04 13:00:00,63849.441
2050-09-04 14:00:00,62823.76499999999
2050-09-04 15:00:00,65111.41499999999
2050-09-04 16:00:00,59584.68
2050-09-04 17:00:00,52753.842000000004
2050-09-04 18:00:00,49896.005999999994
2050-09-04 19:00:00,49430.973
2050-09-04 20:00:00,46569.465
2050-09-04 21:00:00,45095.703
2050-09-04 22:00:00,43160.589
2050-09-04 23:00:00,41728.023
2050-09-05 00:00:00,38744.187
2050-09-05 01:00:00,36010.956
2050-09-05 02:00:00,34957.497
2050-09-05 03:00:00,34988.883
2050-09-05 04:00:00,35747.43
2050-09-05 05:00:00,37403.102999999996
2050-09-05 06:00:00,45192.123
2050-09-05 07:00:00,55311.303
2050-09-05 08:00:00,56413.82399999999
2050-09-05 09:00:00,58740.237
2050-09-05 10:00:00,58167.351
2050-09-05 11:00:00,58910.706
2050-09-05 12:00:00,62643.609
2050-09-05 13:00:00,57458.718
2050-09-05 14:00:00,54902.028
2050-09-05 15:00:00,51018.617999999995
2050-09-05 16:00:00,51721.371
2050-09-05 17:00:00,42227.28
2050-09-05 18:00:00,34104.102
2050-09-05 19:00:00,32597.801999999996
2050-09-05 20:00:00,31845.78
2050-09-05 21:00:00,31732.521
2050-09-05 22:00:00,29348.399999999998
2050-09-05 23:00:00,27209.949
2050-09-06 00:00:00,25798.011
2050-09-06 01:00:00,25749.621000000003
2050-09-06 02:00:00,25851.933
2050-09-06 03:00:00,24695.073
2050-09-06 04:00:00,24426.084
2050-09-06 05:00:00,24921.12
2050-09-06 06:00:00,28735.083
2050-09-06 07:00:00,33598.403999999995
2050-09-06 08:00:00,43576.161
2050-09-06 09:00:00,48084.216
2050-09-06 10:00:00,53637.378000000004
2050-09-06 11:00:00,52965.458999999995
2050-09-06 12:00:00,49530.812999999995
2050-09-06 13:00:00,44558.25
2050-09-06 14:00:00,39011.463
2050-09-06 15:00:00,35362.494
2050-09-06 16:00:00,40679.547
2050-09-06 17:00:00,37105.665
2050-09-06 18:00:00,34468.583999999995
2050-09-06 19:00:00,32828.025
2050-09-06 20:00:00,28149.069
2050-09-06 21:00:00,24677.439000000002
2050-09-06 22:00:00,20904.903
2050-09-06 23:00:00,21057.231
2050-09-07 00:00:00,20472.935999999998
2050-09-07 01:00:00,20088.393
2050-09-07 02:00:00,20437.751999999997
2050-09-07 03:00:00,21015.878999999997
2050-09-07 04:00:00,21397.623
2050-09-07 05:00:00,22541.664
2050-09-07 06:00:00,30782.925
2050-09-07 07:00:00,42956.723999999995
2050-09-07 08:00:00,52523.694
2050-09-07 09:00:00,63499.128
2050-09-07 10:00:00,70454.556
2050-09-07 11:00:00,73153.995
2050-09-07 12:00:00,72153.825
2050-09-07 13:00:00,69681.255
2050-09-07 14:00:00,64221.83099999999
2050-09-07 15:00:00,59093.04899999999
2050-09-07 16:00:00,47961.375
2050-09-07 17:00:00,34090.878
2050-09-07 18:00:00,25511.199
2050-09-07 19:00:00,24134.244
2050-09-07 20:00:00,23678.453999999998
2050-09-07 21:00:00,20836.638000000003
2050-09-07 22:00:00,18383.433
2050-09-07 23:00:00,17181.699
2050-09-08 00:00:00,17718.672
2050-09-08 01:00:00,17622.501
2050-09-08 02:00:00,18787.274999999998
2050-09-08 03:00:00,21439.113
2050-09-08 04:00:00,29186.199
2050-09-08 05:00:00,32065.844999999998
2050-09-08 06:00:00,34417.488
2050-09-08 07:00:00,38526.776999999995
2050-09-08 08:00:00,37244.049
2050-09-08 09:00:00,41438.7
2050-09-08 10:00:00,49712.859
2050-09-08 11:00:00,57159.596999999994
2050-09-08 12:00:00,55506.153
2050-09-08 13:00:00,56824.977
2050-09-08 14:00:00,55656.639
2050-09-08 15:00:00,50393.235
2050-09-08 16:00:00,42553.085999999996
2050-09-08 17:00:00,33423.321
2050-09-08 18:00:00,30236.909999999996
2050-09-08 19:00:00,30084.677999999996
2050-09-08 20:00:00,29415.024
2050-09-08 21:00:00,29144.997
2050-09-08 22:00:00,27898.566
2050-09-08 23:00:00,27784.292999999998
2050-09-09 00:00:00,27983.103
2050-09-09 01:00:00,27854.118
2050-09-09 02:00:00,27985.757999999998
2050-09-09 03:00:00,28274.607
2050-09-09 04:00:00,29154.632999999998
2050-09-09 05:00:00,28858.769999999997
2050-09-09 06:00:00,29912.622
2050-09-09 07:00:00,31264.875
2050-09-09 08:00:00,31825.017
2050-09-09 09:00:00,32918.151
2050-09-09 10:00:00,33975.366
2050-09-09 11:00:00,35546.109
2050-09-09 12:00:00,38765.604
2050-09-09 13:00:00,45204.051
2050-09-09 14:00:00,47502.117000000006
2050-09-09 15:00:00,46618.880999999994
2050-09-09 16:00:00,42213.024
2050-09-09 17:00:00,35529.24
2050-09-09 18:00:00,31801.713
2050-09-09 19:00:00,32398.488
2050-09-09 20:00:00,33117.486
2050-09-09 21:00:00,32302.122
2050-09-09 22:00:00,31070.415
2050-09-09 23:00:00,29869.307999999997
2050-09-10 00:00:00,29630.219999999998
2050-09-10 01:00:00,29878.517999999996
2050-09-10 02:00:00,29907.834
2050-09-10 03:00:00,31579.773
2050-09-10 04:00:00,32843.898
2050-09-10 05:00:00,33682.986
2050-09-10 06:00:00,39421.66499999999
2050-09-10 07:00:00,46481.553
2050-09-10 08:00:00,50813.282999999996
2050-09-10 09:00:00,53443.839
2050-09-10 10:00:00,61879.68299999999
2050-09-10 11:00:00,68065.08899999999
2050-09-10 12:00:00,69068.913
2050-09-10 13:00:00,65876.286
2050-09-10 14:00:00,58909.03799999999
2050-09-10 15:00:00,51374.832
2050-09-10 16:00:00,45652.476
2050-09-10 17:00:00,40016.064
2050-09-10 18:00:00,38040.303
2050-09-10 19:00:00,38468.613
2050-09-10 20:00:00,36232.491
2050-09-10 21:00:00,32023.335
2050-09-10 22:00:00,29343.203999999998
2050-09-10 23:00:00,28025.453999999998
2050-09-11 00:00:00,27755.748
2050-09-11 01:00:00,29445.650999999998
2050-09-11 02:00:00,30597.842999999997
2050-09-11 03:00:00,31729.094999999998
2050-09-11 04:00:00,34925.397
2050-09-11 05:00:00,33591.429
2050-09-11 06:00:00,36177.827999999994
2050-09-11 07:00:00,43725.567
2050-09-11 08:00:00,51439.121999999996
2050-09-11 09:00:00,63245.421
2050-09-11 10:00:00,58010.528999999995
2050-09-11 11:00:00,54647.775
2050-09-11 12:00:00,57627.032999999996
2050-09-11 13:00:00,52376.853
2050-09-11 14:00:00,51477.393
2050-09-11 15:00:00,49800.375
2050-09-11 16:00:00,50039.837999999996
2050-09-11 17:00:00,43421.53799999999
2050-09-11 18:00:00,37319.922
2050-09-11 19:00:00,35378.333999999995
2050-09-11 20:00:00,31545.131999999998
2050-09-11 21:00:00,30848.13
2050-09-11 22:00:00,31880.540999999997
2050-09-11 23:00:00,29939.111999999997
2050-09-12 00:00:00,30392.744999999995
2050-09-12 01:00:00,31224.275999999998
2050-09-12 02:00:00,30768.528
2050-09-12 03:00:00,32418.423
2050-09-12 04:00:00,32457.125999999997
2050-09-12 05:00:00,33403.911
2050-09-12 06:00:00,41502.185999999994
2050-09-12 07:00:00,54200.685000000005
2050-09-12 08:00:00,62671.78799999999
2050-09-12 09:00:00,67529.271
2050-09-12 10:00:00,63860.990999999995
2050-09-12 11:00:00,58993.932
2050-09-12 12:00:00,63648.594
2050-09-12 13:00:00,65595.159
2050-09-12 14:00:00,64442.88
2050-09-12 15:00:00,56767.992000000006
2050-09-12 16:00:00,49250.535
2050-09-12 17:00:00,46226.015999999996
2050-09-12 18:00:00,41356.377
2050-09-12 19:00:00,39112.14
2050-09-12 20:00:00,39081.185999999994
2050-09-12 21:00:00,32071.943999999996
2050-09-12 22:00:00,28972.425
2050-09-12 23:00:00,29866.661999999997
2050-09-13 00:00:00,29832.783
2050-09-13 01:00:00,27945.803999999996
2050-09-13 02:00:00,27434.331000000002
2050-09-13 03:00:00,27798.765
2050-09-13 04:00:00,28247.904
2050-09-13 05:00:00,29599.71
2050-09-13 06:00:00,33480.551999999996
2050-09-13 07:00:00,43573.905
2050-09-13 08:00:00,55704.84
2050-09-13 09:00:00,59971.058999999994
2050-09-13 10:00:00,62913.083999999995
2050-09-13 11:00:00,63980.712
2050-09-13 12:00:00,58933.581
2050-09-13 13:00:00,54112.164
2050-09-13 14:00:00,50107.83299999999
2050-09-13 15:00:00,41809.164
2050-09-13 16:00:00,39765.846
2050-09-13 17:00:00,37307.376
2050-09-13 18:00:00,32817.156
2050-09-13 19:00:00,30776.990999999998
2050-09-13 20:00:00,27329.139
2050-09-13 21:00:00,26234.810999999998
2050-09-13 22:00:00,24081.924
2050-09-13 23:00:00,23852.34
2050-09-14 00:00:00,24920.399999999998
2050-09-14 01:00:00,23956.718999999997
2050-09-14 02:00:00,23712.813000000002
2050-09-14 03:00:00,21969.086999999996
2050-09-14 04:00:00,20404.83
2050-09-14 05:00:00,20097.114
2050-09-14 06:00:00,27328.910999999996
2050-09-14 07:00:00,39465.16499999999
2050-09-14 08:00:00,50414.873999999996
2050-09-14 09:00:00,61136.831999999995
2050-09-14 10:00:00,67568.376
2050-09-14 11:00:00,63406.794
2050-09-14 12:00:00,60525.67199999999
2050-09-14 13:00:00,53382.105
2050-09-14 14:00:00,47690.205
2050-09-14 15:00:00,41453.487
2050-09-14 16:00:00,35990.231999999996
2050-09-14 17:00:00,34038.611999999994
2050-09-14 18:00:00,35559.242999999995
2050-09-14 19:00:00,36671.316
2050-09-14 20:00:00,32320.926
2050-09-14 21:00:00,32094.891
2050-09-14 22:00:00,30845.432999999997
2050-09-14 23:00:00,31326.321
2050-09-15 00:00:00,31498.961999999996
2050-09-15 01:00:00,32506.71
2050-09-15 02:00:00,33331.59
2050-09-15 03:00:00,33012.501
2050-09-15 04:00:00,35469.381
2050-09-15 05:00:00,36290.541
2050-09-15 06:00:00,42567.098999999995
2050-09-15 07:00:00,52854.746999999996
2050-09-15 08:00:00,58208.082
2050-09-15 09:00:00,58446.176999999996
2050-09-15 10:00:00,61063.212
2050-09-15 11:00:00,63089.892
2050-09-15 12:00:00,62268.966
2050-09-15 13:00:00,62867.231999999996
2050-09-15 14:00:00,56389.619999999995
2050-09-15 15:00:00,54278.981999999996
2050-09-15 16:00:00,48359.037000000004
2050-09-15 17:00:00,40679.505
2050-09-15 18:00:00,38711.667
2050-09-15 19:00:00,38055.119999999995
2050-09-15 20:00:00,37716.75
2050-09-15 21:00:00,37477.257
2050-09-15 22:00:00,36483.639
2050-09-15 23:00:00,34870.599
2050-09-16 00:00:00,34352.217
2050-09-16 01:00:00,35291.793
2050-09-16 02:00:00,35224.094999999994
2050-09-16 03:00:00,36915.267
2050-09-16 04:00:00,36878.973
2050-09-16 05:00:00,36430.521
2050-09-16 06:00:00,39477.045
2050-09-16 07:00:00,47002.007999999994
2050-09-16 08:00:00,54073.851
2050-09-16 09:00:00,61639.509
2050-09-16 10:00:00,57686.703
2050-09-16 11:00:00,59489.174999999996
2050-09-16 12:00:00,53538.846
2050-09-16 13:00:00,50816.835
2050-09-16 14:00:00,50157.005999999994
2050-09-16 15:00:00,48656.41499999999
2050-09-16 16:00:00,43805.397
2050-09-16 17:00:00,37748.937
2050-09-16 18:00:00,34371.723
2050-09-16 19:00:00,33351.117
2050-09-16 20:00:00,30600.041999999998
2050-09-16 21:00:00,26680.667999999998
2050-09-16 22:00:00,24899.034
2050-09-16 23:00:00,23343.069
2050-09-17 00:00:00,21850.242
2050-09-17 01:00:00,20566.332
2050-09-17 02:00:00,20357.298
2050-09-17 03:00:00,23706.546000000002
2050-09-17 04:00:00,28789.769999999997
2050-09-17 05:00:00,31705.815
2050-09-17 06:00:00,34448.852999999996
2050-09-17 07:00:00,36579.201
2050-09-17 08:00:00,35354.307
2050-09-17 09:00:00,39479.355
2050-09-17 10:00:00,44974.557
2050-09-17 11:00:00,46961.826
2050-09-17 12:00:00,47607.168
2050-09-17 13:00:00,45644.664
2050-09-17 14:00:00,44959.481999999996
2050-09-17 15:00:00,49356.081
2050-09-17 16:00:00,49713.219000000005
2050-09-17 17:00:00,49046.304
2050-09-17 18:00:00,47874.237
2050-09-17 19:00:00,44345.43
2050-09-17 20:00:00,39903.335999999996
2050-09-17 21:00:00,37218.219
2050-09-17 22:00:00,35840.136
2050-09-17 23:00:00,34915.532999999996
2050-09-18 00:00:00,34233.324
2050-09-18 01:00:00,33959.475
2050-09-18 02:00:00,33004.907999999996
2050-09-18 03:00:00,32739.063000000002
2050-09-18 04:00:00,34733.565
2050-09-18 05:00:00,36878.673
2050-09-18 06:00:00,37523.52
2050-09-18 07:00:00,39320.073
2050-09-18 08:00:00,41560.08299999999
2050-09-18 09:00:00,44919.804
2050-09-18 10:00:00,48237.992999999995
2050-09-18 11:00:00,47451.551999999996
2050-09-18 12:00:00,47223.726
2050-09-18 13:00:00,48010.317
2050-09-18 14:00:00,48590.832
2050-09-18 15:00:00,48674.16299999999
2050-09-18 16:00:00,53874.852
2050-09-18 17:00:00,53526.494999999995
2050-09-18 18:00:00,50783.985
2050-09-18 19:00:00,47232.33
2050-09-18 20:00:00,42390.666
2050-09-18 21:00:00,36633.174
2050-09-18 22:00:00,33105.867
2050-09-18 23:00:00,30233.205
2050-09-19 00:00:00,28953.542999999998
2050-09-19 01:00:00,27600.87
2050-09-19 02:00:00,26915.150999999998
2050-09-19 03:00:00,28295.132999999998
2050-09-19 04:00:00,32841.639
2050-09-19 05:00:00,33775.907999999996
2050-09-19 06:00:00,36962.646
2050-09-19 07:00:00,40832.310000000005
2050-09-19 08:00:00,44915.333999999995
2050-09-19 09:00:00,55039.884
2050-09-19 10:00:00,62329.68299999999
2050-09-19 11:00:00,60705.873
2050-09-19 12:00:00,59305.208999999995
2050-09-19 13:00:00,59327.92199999999
2050-09-19 14:00:00,54611.964
2050-09-19 15:00:00,53143.593
2050-09-19 16:00:00,43679.928
2050-09-19 17:00:00,32929.373999999996
2050-09-19 18:00:00,31522.778999999995
2050-09-19 19:00:00,31651.718999999997
2050-09-19 20:00:00,28657.052999999996
2050-09-19 21:00:00,24467.990999999998
2050-09-19 22:00:00,22533.275999999998
2050-09-19 23:00:00,19788.353999999996
2050-09-20 00:00:00,18716.031
2050-09-20 01:00:00,16858.341
2050-09-20 02:00:00,16805.706
2050-09-20 03:00:00,16901.43
2050-09-20 04:00:00,17198.283
2050-09-20 05:00:00,17109.434999999998
2050-09-20 06:00:00,18327.069
2050-09-20 07:00:00,24005.594999999998
2050-09-20 08:00:00,36121.251
2050-09-20 09:00:00,45714.32399999999
2050-09-20 10:00:00,41523.969000000005
2050-09-20 11:00:00,33531.054
2050-09-20 12:00:00,27425.453999999998
2050-09-20 13:00:00,27771.825
2050-09-20 14:00:00,29048.04
2050-09-20 15:00:00,35501.985
2050-09-20 16:00:00,38720.369999999995
2050-09-20 17:00:00,35641.481999999996
2050-09-20 18:00:00,34248.24
2050-09-20 19:00:00,33850.53
2050-09-20 20:00:00,30139.703999999998
2050-09-20 21:00:00,30091.451999999997
2050-09-20 22:00:00,32190.141
2050-09-20 23:00:00,32488.863
2050-09-21 00:00:00,34720.563
2050-09-21 01:00:00,35871.273
2050-09-21 02:00:00,37123.443
2050-09-21 03:00:00,36959.73
2050-09-21 04:00:00,36291.068999999996
2050-09-21 05:00:00,35761.356
2050-09-21 06:00:00,38908.026
2050-09-21 07:00:00,40794.653999999995
2050-09-21 08:00:00,43455.083999999995
2050-09-21 09:00:00,44731.944
2050-09-21 10:00:00,43070.528999999995
2050-09-21 11:00:00,42422.405999999995
2050-09-21 12:00:00,43146.309
2050-09-21 13:00:00,40119.441
2050-09-21 14:00:00,42716.673
2050-09-21 15:00:00,46858.344000000005
2050-09-21 16:00:00,43388.75399999999
2050-09-21 17:00:00,33343.113
2050-09-21 18:00:00,30266.540999999997
2050-09-21 19:00:00,28562.319
2050-09-21 20:00:00,28238.649
2050-09-21 21:00:00,25923.785999999996
2050-09-21 22:00:00,23279.16
2050-09-21 23:00:00,22384.017
2050-09-22 00:00:00,21724.977
2050-09-22 01:00:00,21698.886
2050-09-22 02:00:00,21575.715
2050-09-22 03:00:00,25336.436999999998
2050-09-22 04:00:00,30991.722
2050-09-22 05:00:00,33159.096
2050-09-22 06:00:00,36029.826
2050-09-22 07:00:00,44324.793
2050-09-22 08:00:00,54773.007
2050-09-22 09:00:00,67530.387
2050-09-22 10:00:00,66622.644
2050-09-22 11:00:00,72327.018
2050-09-22 12:00:00,72329.31599999999
2050-09-22 13:00:00,69339.693
2050-09-22 14:00:00,63419.087999999996
2050-09-22 15:00:00,58134.825
2050-09-22 16:00:00,54282.363
2050-09-22 17:00:00,43275.396
2050-09-22 18:00:00,40070.394
2050-09-22 19:00:00,37726.784999999996
2050-09-22 20:00:00,34279.308
2050-09-22 21:00:00,32977.818
2050-09-22 22:00:00,31465.286999999997
2050-09-22 23:00:00,30127.134
2050-09-23 00:00:00,29357.529
2050-09-23 01:00:00,29794.409999999996
2050-09-23 02:00:00,29455.146
2050-09-23 03:00:00,30222.618
2050-09-23 04:00:00,32643.326999999997
2050-09-23 05:00:00,33261.648
2050-09-23 06:00:00,37299.54
2050-09-23 07:00:00,45802.035
2050-09-23 08:00:00,53764.488
2050-09-23 09:00:00,58969.917
2050-09-23 10:00:00,60405.083999999995
2050-09-23 11:00:00,59209.125
2050-09-23 12:00:00,54095.219999999994
2050-09-23 13:00:00,58016.955
2050-09-23 14:00:00,62422.95
2050-09-23 15:00:00,59183.621999999996
2050-09-23 16:00:00,55084.923
2050-09-23 17:00:00,47239.929
2050-09-23 18:00:00,43198.794
2050-09-23 19:00:00,41633.196
2050-09-23 20:00:00,40809.935999999994
2050-09-23 21:00:00,34941.278999999995
2050-09-23 22:00:00,30872.078999999998
2050-09-23 23:00:00,27931.449
2050-09-24 00:00:00,27371.607
2050-09-24 01:00:00,27429.927
2050-09-24 02:00:00,28259.541
2050-09-24 03:00:00,28802.688000000002
2050-09-24 04:00:00,33581.282999999996
2050-09-24 05:00:00,36429.534
2050-09-24 06:00:00,43546.389
2050-09-24 07:00:00,53088.168
2050-09-24 08:00:00,58300.973999999995
2050-09-24 09:00:00,67627.19099999999
2050-09-24 10:00:00,72034.863
2050-09-24 11:00:00,69659.511
2050-09-24 12:00:00,72417.762
2050-09-24 13:00:00,73206.61499999999
2050-09-24 14:00:00,66290.421
2050-09-24 15:00:00,60938.28
2050-09-24 16:00:00,55280.405999999995
2050-09-24 17:00:00,43913.778
2050-09-24 18:00:00,32824.494
2050-09-24 19:00:00,30951.621
2050-09-24 20:00:00,28155.686999999998
2050-09-24 21:00:00,29002.248
2050-09-24 22:00:00,30013.703999999998
2050-09-24 23:00:00,29537.540999999997
2050-09-25 00:00:00,30497.111999999997
2050-09-25 01:00:00,30069.531
2050-09-25 02:00:00,31050.290999999997
2050-09-25 03:00:00,34242.315
2050-09-25 04:00:00,39706.73099999999
2050-09-25 05:00:00,43182.51
2050-09-25 06:00:00,46887.978
2050-09-25 07:00:00,56696.214
2050-09-25 08:00:00,60656.202
2050-09-25 09:00:00,64303.685999999994
2050-09-25 10:00:00,67119.954
2050-09-25 11:00:00,73080.06
2050-09-25 12:00:00,72941.631
2050-09-25 13:00:00,66804.105
2050-09-25 14:00:00,59823.63
2050-09-25 15:00:00,53741.604
2050-09-25 16:00:00,46271.087999999996
2050-09-25 17:00:00,41806.593
2050-09-25 18:00:00,31770.696
2050-09-25 19:00:00,30555.836999999996
2050-09-25 20:00:00,29774.67
2050-09-25 21:00:00,33798.555
2050-09-25 22:00:00,31112.501999999997
2050-09-25 23:00:00,29262.699
2050-09-26 00:00:00,30252.551999999996
2050-09-26 01:00:00,31094.057999999997
2050-09-26 02:00:00,30838.749
2050-09-26 03:00:00,33598.122
2050-09-26 04:00:00,36782.265
2050-09-26 05:00:00,39247.467
2050-09-26 06:00:00,40861.134
2050-09-26 07:00:00,44999.328
2050-09-26 08:00:00,48767.16
2050-09-26 09:00:00,50444.231999999996
2050-09-26 10:00:00,54441.76499999999
2050-09-26 11:00:00,53619.246
2050-09-26 12:00:00,49399.17
2050-09-26 13:00:00,48223.371
2050-09-26 14:00:00,50055.075
2050-09-26 15:00:00,45035.292
2050-09-26 16:00:00,38982.435
2050-09-26 17:00:00,35037.984
2050-09-26 18:00:00,33897.963
2050-09-26 19:00:00,32275.368
2050-09-26 20:00:00,29797.268999999997
2050-09-26 21:00:00,27535.425
2050-09-26 22:00:00,24042.387
2050-09-26 23:00:00,23097.009
2050-09-27 00:00:00,23059.127999999997
2050-09-27 01:00:00,23043.045
2050-09-27 02:00:00,23896.188000000002
2050-09-27 03:00:00,24316.956000000002
2050-09-27 04:00:00,25255.248
2050-09-27 05:00:00,25934.784
2050-09-27 06:00:00,27593.79
2050-09-27 07:00:00,32222.016
2050-09-27 08:00:00,35416.056
2050-09-27 09:00:00,38494.989
2050-09-27 10:00:00,41652.648
2050-09-27 11:00:00,42716.325
2050-09-27 12:00:00,39052.899
2050-09-27 13:00:00,37203.315
2050-09-27 14:00:00,37331.724
2050-09-27 15:00:00,39894.195
2050-09-27 16:00:00,34646.657999999996
2050-09-27 17:00:00,31531.193999999996
2050-09-27 18:00:00,30999.963
2050-09-27 19:00:00,30732.536999999997
2050-09-27 20:00:00,30851.022
2050-09-27 21:00:00,30773.334
2050-09-27 22:00:00,29936.435999999998
2050-09-27 23:00:00,28628.1
2050-09-28 00:00:00,26589.489
2050-09-28 01:00:00,26115.888000000003
2050-09-28 02:00:00,26396.652
2050-09-28 03:00:00,26753.925
2050-09-28 04:00:00,27125.535
2050-09-28 05:00:00,27297.603
2050-09-28 06:00:00,30105.092999999997
2050-09-28 07:00:00,36722.600999999995
2050-09-28 08:00:00,41528.780999999995
2050-09-28 09:00:00,47589.69899999999
2050-09-28 10:00:00,53668.155
2050-09-28 11:00:00,55134.03
2050-09-28 12:00:00,49897.047
2050-09-28 13:00:00,45486.204
2050-09-28 14:00:00,39760.68
2050-09-28 15:00:00,42820.569
2050-09-28 16:00:00,36168.674999999996
2050-09-28 17:00:00,31181.378999999997
2050-09-28 18:00:00,30542.652
2050-09-28 19:00:00,30447.33
2050-09-28 20:00:00,30583.341
2050-09-28 21:00:00,29861.483999999997
2050-09-28 22:00:00,28099.197
2050-09-28 23:00:00,27907.113
2050-09-29 00:00:00,27947.367
2050-09-29 01:00:00,28017.906
2050-09-29 02:00:00,28577.808
2050-09-29 03:00:00,29632.197
2050-09-29 04:00:00,31083.518999999997
2050-09-29 05:00:00,32667.141
2050-09-29 06:00:00,34273.524
2050-09-29 07:00:00,40239.998999999996
2050-09-29 08:00:00,46142.751000000004
2050-09-29 09:00:00,48900.918
2050-09-29 10:00:00,53801.076
2050-09-29 11:00:00,53037.582
2050-09-29 12:00:00,53779.619999999995
2050-09-29 13:00:00,50416.265999999996
2050-09-29 14:00:00,51720.15
2050-09-29 15:00:00,46935.237
2050-09-29 16:00:00,39387.042
2050-09-29 17:00:00,34999.416
2050-09-29 18:00:00,34863.566999999995
2050-09-29 19:00:00,34596.867
2050-09-29 20:00:00,33981.972
2050-09-29 21:00:00,32896.758
2050-09-29 22:00:00,30871.103999999996
2050-09-29 23:00:00,31288.839
2050-09-30 00:00:00,31098.926999999996
2050-09-30 01:00:00,30723.738
2050-09-30 02:00:00,31132.548
2050-09-30 03:00:00,30626.532
2050-09-30 04:00:00,32661.557999999997
2050-09-30 05:00:00,33506.369999999995
2050-09-30 06:00:00,34994.433
2050-09-30 07:00:00,40103.846999999994
2050-09-30 08:00:00,46763.087999999996
2050-09-30 09:00:00,48337.581
2050-09-30 10:00:00,53303.013
2050-09-30 11:00:00,56831.142
2050-09-30 12:00:00,55751.403
2050-09-30 13:00:00,54259.323
2050-09-30 14:00:00,54435.248999999996
2050-09-30 15:00:00,48908.892
2050-09-30 16:00:00,37682.123999999996
2050-09-30 17:00:00,32662.155
2050-09-30 18:00:00,31774.305
2050-09-30 19:00:00,31242.246
2050-09-30 20:00:00,30600.306
2050-09-30 21:00:00,29975.385
2050-09-30 22:00:00,30680.67
2050-09-30 23:00:00,30712.943999999996
2050-10-01 00:00:00,30020.519999999997
2050-10-01 01:00:00,29787.611999999997
2050-10-01 02:00:00,30854.028
2050-10-01 03:00:00,31292.385
2050-10-01 04:00:00,32679.117
2050-10-01 05:00:00,34176.075
2050-10-01 06:00:00,35928.651
2050-10-01 07:00:00,44241.264
2050-10-01 08:00:00,53732.01
2050-10-01 09:00:00,55588.74
2050-10-01 10:00:00,61559.240999999995
2050-10-01 11:00:00,64584.453
2050-10-01 12:00:00,62100.669
2050-10-01 13:00:00,57858.429
2050-10-01 14:00:00,55240.911
2050-10-01 15:00:00,48259.932
2050-10-01 16:00:00,38064.837
2050-10-01 17:00:00,34374.531
2050-10-01 18:00:00,34179.546
2050-10-01 19:00:00,34884.642
2050-10-01 20:00:00,34716.372
2050-10-01 21:00:00,31543.319999999996
2050-10-01 22:00:00,31258.83
2050-10-01 23:00:00,30994.761
2050-10-02 00:00:00,29407.869
2050-10-02 01:00:00,27907.338
2050-10-02 02:00:00,27696.981
2050-10-02 03:00:00,31085.042999999998
2050-10-02 04:00:00,34615.665
2050-10-02 05:00:00,35807.829
2050-10-02 06:00:00,39041.157
2050-10-02 07:00:00,45743.723999999995
2050-10-02 08:00:00,43040.015999999996
2050-10-02 09:00:00,41147.043
2050-10-02 10:00:00,47400.153
2050-10-02 11:00:00,52908.755999999994
2050-10-02 12:00:00,55946.196
2050-10-02 13:00:00,53962.83299999999
2050-10-02 14:00:00,50748.99
2050-10-02 15:00:00,53470.062
2050-10-02 16:00:00,44494.41299999999
2050-10-02 17:00:00,40907.394
2050-10-02 18:00:00,39736.521
2050-10-02 19:00:00,36157.557
2050-10-02 20:00:00,27498.002999999997
2050-10-02 21:00:00,25768.989
2050-10-02 22:00:00,25528.076999999997
2050-10-02 23:00:00,25475.007
2050-10-03 00:00:00,24957.924
2050-10-03 01:00:00,24644.406
2050-10-03 02:00:00,24375.207
2050-10-03 03:00:00,25952.277
2050-10-03 04:00:00,28910.711999999996
2050-10-03 05:00:00,31848.560999999998
2050-10-03 06:00:00,33211.479
2050-10-03 07:00:00,35733.522
2050-10-03 08:00:00,40319.882999999994
2050-10-03 09:00:00,43201.481999999996
2050-10-03 10:00:00,44870.7
2050-10-03 11:00:00,46625.20799999999
2050-10-03 12:00:00,45224.616
2050-10-03 13:00:00,43085.219999999994
2050-10-03 14:00:00,42916.581
2050-10-03 15:00:00,42830.924999999996
2050-10-03 16:00:00,40590.687
2050-10-03 17:00:00,39309.333
2050-10-03 18:00:00,38635.797
2050-10-03 19:00:00,39214.365
2050-10-03 20:00:00,38073.231
2050-10-03 21:00:00,38321.616
2050-10-03 22:00:00,37111.259999999995
2050-10-03 23:00:00,37854.674999999996
2050-10-04 00:00:00,37317.918
2050-10-04 01:00:00,35123.231999999996
2050-10-04 02:00:00,34819.62899999999
2050-10-04 03:00:00,35268.447
2050-10-04 04:00:00,35920.131
2050-10-04 05:00:00,36948.423
2050-10-04 06:00:00,33838.329
2050-10-04 07:00:00,34774.460999999996
2050-10-04 08:00:00,40540.742999999995
2050-10-04 09:00:00,48542.397
2050-10-04 10:00:00,64881.320999999996
2050-10-04 11:00:00,70293.867
2050-10-04 12:00:00,63336.726
2050-10-04 13:00:00,57826.66499999999
2050-10-04 14:00:00,50991.0
2050-10-04 15:00:00,43432.929
2050-10-04 16:00:00,39597.411
2050-10-04 17:00:00,39685.026000000005
2050-10-04 18:00:00,38197.44
2050-10-04 19:00:00,38107.665
2050-10-04 20:00:00,37639.361999999994
2050-10-04 21:00:00,37522.475999999995
2050-10-04 22:00:00,36122.973
2050-10-04 23:00:00,34548.633
2050-10-05 00:00:00,33750.867
2050-10-05 01:00:00,32949.81
2050-10-05 02:00:00,32567.556
2050-10-05 03:00:00,32439.369
2050-10-05 04:00:00,31687.266
2050-10-05 05:00:00,32998.644
2050-10-05 06:00:00,35326.532999999996
2050-10-05 07:00:00,40253.174999999996
2050-10-05 08:00:00,46521.738
2050-10-05 09:00:00,50705.53799999999
2050-10-05 10:00:00,48679.611
2050-10-05 11:00:00,49294.992000000006
2050-10-05 12:00:00,49899.672
2050-10-05 13:00:00,49520.001000000004
2050-10-05 14:00:00,46415.621999999996
2050-10-05 15:00:00,45041.829
2050-10-05 16:00:00,40665.18
2050-10-05 17:00:00,35348.367
2050-10-05 18:00:00,32340.119999999995
2050-10-05 19:00:00,29281.221
2050-10-05 20:00:00,28357.08
2050-10-05 21:00:00,26262.663
2050-10-05 22:00:00,25092.174
2050-10-05 23:00:00,24403.473
2050-10-06 00:00:00,23946.825
2050-10-06 01:00:00,24174.957
2050-10-06 02:00:00,24635.702999999998
2050-10-06 03:00:00,25763.664
2050-10-06 04:00:00,29894.102999999996
2050-10-06 05:00:00,35366.225999999995
2050-10-06 06:00:00,36805.068
2050-10-06 07:00:00,38930.051999999996
2050-10-06 08:00:00,41664.248999999996
2050-10-06 09:00:00,45303.356999999996
2050-10-06 10:00:00,45521.390999999996
2050-10-06 11:00:00,45894.237
2050-10-06 12:00:00,47536.19699999999
2050-10-06 13:00:00,46820.184
2050-10-06 14:00:00,45824.153999999995
2050-10-06 15:00:00,45379.353
2050-10-06 16:00:00,42110.007
2050-10-06 17:00:00,38608.869
2050-10-06 18:00:00,37068.198
2050-10-06 19:00:00,35394.696
2050-10-06 20:00:00,34290.213
2050-10-06 21:00:00,32741.271
2050-10-06 22:00:00,32625.375
2050-10-06 23:00:00,32536.761
2050-10-07 00:00:00,32205.315
2050-10-07 01:00:00,32139.911999999997
2050-10-07 02:00:00,33028.593
2050-10-07 03:00:00,33866.202
2050-10-07 04:00:00,35188.515
2050-10-07 05:00:00,36794.981999999996
2050-10-07 06:00:00,37269.81
2050-10-07 07:00:00,41405.844000000005
2050-10-07 08:00:00,47737.41
2050-10-07 09:00:00,53598.651000000005
2050-10-07 10:00:00,58781.7
2050-10-07 11:00:00,61957.554
2050-10-07 12:00:00,54789.339
2050-10-07 13:00:00,50406.348
2050-10-07 14:00:00,48501.009
2050-10-07 15:00:00,46373.426999999996
2050-10-07 16:00:00,42815.901000000005
2050-10-07 17:00:00,41456.262
2050-10-07 18:00:00,39127.566
2050-10-07 19:00:00,37512.54
2050-10-07 20:00:00,35117.265
2050-10-07 21:00:00,32418.542999999998
2050-10-07 22:00:00,30398.660999999996
2050-10-07 23:00:00,29072.808
2050-10-08 00:00:00,29221.065
2050-10-08 01:00:00,28935.909
2050-10-08 02:00:00,29727.09
2050-10-08 03:00:00,32064.494999999995
2050-10-08 04:00:00,33933.342
2050-10-08 05:00:00,35002.497
2050-10-08 06:00:00,35850.597
2050-10-08 07:00:00,37781.543999999994
2050-10-08 08:00:00,40906.932
2050-10-08 09:00:00,43786.251000000004
2050-10-08 10:00:00,45369.411
2050-10-08 11:00:00,47149.505999999994
2050-10-08 12:00:00,46602.380999999994
2050-10-08 13:00:00,43366.887
2050-10-08 14:00:00,41111.466
2050-10-08 15:00:00,39032.49
2050-10-08 16:00:00,37621.458
2050-10-08 17:00:00,38051.598
2050-10-08 18:00:00,38345.31
2050-10-08 19:00:00,37135.113
2050-10-08 20:00:00,35470.521
2050-10-08 21:00:00,32659.248
2050-10-08 22:00:00,30306.813000000002
2050-10-08 23:00:00,29490.357
2050-10-09 00:00:00,28930.839
2050-10-09 01:00:00,29313.636
2050-10-09 02:00:00,29331.452999999998
2050-10-09 03:00:00,29711.801999999996
2050-10-09 04:00:00,33810.858
2050-10-09 05:00:00,35267.903999999995
2050-10-09 06:00:00,35934.827999999994
2050-10-09 07:00:00,41229.21
2050-10-09 08:00:00,50965.827
2050-10-09 09:00:00,53936.325
2050-10-09 10:00:00,55151.025
2050-10-09 11:00:00,54856.941
2050-10-09 12:00:00,50377.403999999995
2050-10-09 13:00:00,47735.355
2050-10-09 14:00:00,44921.139
2050-10-09 15:00:00,45551.091
2050-10-09 16:00:00,40484.466
2050-10-09 17:00:00,38868.576
2050-10-09 18:00:00,37366.952999999994
2050-10-09 19:00:00,35197.464
2050-10-09 20:00:00,32165.753999999997
2050-10-09 21:00:00,30921.944999999996
2050-10-09 22:00:00,29338.869
2050-10-09 23:00:00,27971.205
2050-10-10 00:00:00,26518.392
2050-10-10 01:00:00,26142.498
2050-10-10 02:00:00,26091.711
2050-10-10 03:00:00,27403.191
2050-10-10 04:00:00,33430.53
2050-10-10 05:00:00,35943.24
2050-10-10 06:00:00,37253.318999999996
2050-10-10 07:00:00,42839.82
2050-10-10 08:00:00,48795.28799999999
2050-10-10 09:00:00,48673.263
2050-10-10 10:00:00,49819.878000000004
2050-10-10 11:00:00,45242.568
2050-10-10 12:00:00,44099.502
2050-10-10 13:00:00,40737.138
2050-10-10 14:00:00,39466.818
2050-10-10 15:00:00,39356.511
2050-10-10 16:00:00,36564.639
2050-10-10 17:00:00,35357.937
2050-10-10 18:00:00,33652.193999999996
2050-10-10 19:00:00,33716.346
2050-10-10 20:00:00,33404.123999999996
2050-10-10 21:00:00,28897.436999999998
2050-10-10 22:00:00,27616.461
2050-10-10 23:00:00,26828.802
2050-10-11 00:00:00,26074.863
2050-10-11 01:00:00,24936.668999999998
2050-10-11 02:00:00,23882.955
2050-10-11 03:00:00,24769.614
2050-10-11 04:00:00,26386.815
2050-10-11 05:00:00,27502.119
2050-10-11 06:00:00,27857.115
2050-10-11 07:00:00,29500.956
2050-10-11 08:00:00,31427.894999999997
2050-10-11 09:00:00,33808.38
2050-10-11 10:00:00,34909.092
2050-10-11 11:00:00,34686.153
2050-10-11 12:00:00,35104.155
2050-10-11 13:00:00,35674.071
2050-10-11 14:00:00,33078.162
2050-10-11 15:00:00,32690.951999999997
2050-10-11 16:00:00,32072.399999999998
2050-10-11 17:00:00,31265.352
2050-10-11 18:00:00,30749.102999999996
2050-10-11 19:00:00,30579.767999999996
2050-10-11 20:00:00,30276.386999999995
2050-10-11 21:00:00,27172.005
2050-10-11 22:00:00,26051.88
2050-10-11 23:00:00,24306.911999999997
2050-10-12 00:00:00,22992.756
2050-10-12 01:00:00,23068.502999999997
2050-10-12 02:00:00,23302.563000000002
2050-10-12 03:00:00,23702.727
2050-10-12 04:00:00,24130.74
2050-10-12 05:00:00,24575.199
2050-10-12 06:00:00,25691.619
2050-10-12 07:00:00,28858.178999999996
2050-10-12 08:00:00,34757.13
2050-10-12 09:00:00,39218.451
2050-10-12 10:00:00,36887.282999999996
2050-10-12 11:00:00,34044.93
2050-10-12 12:00:00,38322.602999999996
2050-10-12 13:00:00,39973.86
2050-10-12 14:00:00,42585.76499999999
2050-10-12 15:00:00,42339.159
2050-10-12 16:00:00,40210.761
2050-10-12 17:00:00,38902.143
2050-10-12 18:00:00,38428.886999999995
2050-10-12 19:00:00,38302.361999999994
2050-10-12 20:00:00,37832.229
2050-10-12 21:00:00,36611.064
2050-10-12 22:00:00,32220.911999999997
2050-10-12 23:00:00,30804.885
2050-10-13 00:00:00,30541.551
2050-10-13 01:00:00,30613.983
2050-10-13 02:00:00,30878.367
2050-10-13 03:00:00,33770.43
2050-10-13 04:00:00,37845.284999999996
2050-10-13 05:00:00,39744.992999999995
2050-10-13 06:00:00,38753.28
2050-10-13 07:00:00,39265.389
2050-10-13 08:00:00,43519.17
2050-10-13 09:00:00,46821.026999999995
2050-10-13 10:00:00,47719.668
2050-10-13 11:00:00,49577.16299999999
2050-10-13 12:00:00,50509.308
2050-10-13 13:00:00,49019.765999999996
2050-10-13 14:00:00,49754.174999999996
2050-10-13 15:00:00,47160.735
2050-10-13 16:00:00,40615.149
2050-10-13 17:00:00,38664.465
2050-10-13 18:00:00,38341.305
2050-10-13 19:00:00,37497.234
2050-10-13 20:00:00,37028.049
2050-10-13 21:00:00,36335.426999999996
2050-10-13 22:00:00,36665.541
2050-10-13 23:00:00,36573.992999999995
2050-10-14 00:00:00,36470.517
2050-10-14 01:00:00,36501.498
2050-10-14 02:00:00,36738.452999999994
2050-10-14 03:00:00,35945.577
2050-10-14 04:00:00,37018.176
2050-10-14 05:00:00,39049.901999999995
2050-10-14 06:00:00,37918.176
2050-10-14 07:00:00,37792.326
2050-10-14 08:00:00,41404.251000000004
2050-10-14 09:00:00,45984.429
2050-10-14 10:00:00,50840.547
2050-10-14 11:00:00,51364.032
2050-10-14 12:00:00,53738.148
2050-10-14 13:00:00,50142.789
2050-10-14 14:00:00,50891.348999999995
2050-10-14 15:00:00,50004.869999999995
2050-10-14 16:00:00,45103.98
2050-10-14 17:00:00,44084.064
2050-10-14 18:00:00,42658.064999999995
2050-10-14 19:00:00,41571.098999999995
2050-10-14 20:00:00,41093.073
2050-10-14 21:00:00,39823.35599999999
2050-10-14 22:00:00,40478.585999999996
2050-10-14 23:00:00,39859.512
2050-10-15 00:00:00,39581.26499999999
2050-10-15 01:00:00,39473.58299999999
2050-10-15 02:00:00,39273.378
2050-10-15 03:00:00,39945.119999999995
2050-10-15 04:00:00,41355.987
2050-10-15 05:00:00,42293.988
2050-10-15 06:00:00,41879.282999999996
2050-10-15 07:00:00,40972.116
2050-10-15 08:00:00,43790.46
2050-10-15 09:00:00,46632.057
2050-10-15 10:00:00,48691.68
2050-10-15 11:00:00,50523.01499999999
2050-10-15 12:00:00,49422.684
2050-10-15 13:00:00,46378.94699999999
2050-10-15 14:00:00,48046.82399999999
2050-10-15 15:00:00,48912.114
2050-10-15 16:00:00,46438.17
2050-10-15 17:00:00,44702.292
2050-10-15 18:00:00,44110.856999999996
2050-10-15 19:00:00,42262.653
2050-10-15 20:00:00,39926.492999999995
2050-10-15 21:00:00,36283.352999999996
2050-10-15 22:00:00,33167.829
2050-10-15 23:00:00,31708.407
2050-10-16 00:00:00,32392.301999999996
2050-10-16 01:00:00,32429.078999999998
2050-10-16 02:00:00,31700.153999999995
2050-10-16 03:00:00,33543.093
2050-10-16 04:00:00,36886.08
2050-10-16 05:00:00,41327.85599999999
2050-10-16 06:00:00,41887.377
2050-10-16 07:00:00,44891.646
2050-10-16 08:00:00,49359.16499999999
2050-10-16 09:00:00,50309.409
2050-10-16 10:00:00,51017.907
2050-10-16 11:00:00,47842.464
2050-10-16 12:00:00,47787.971999999994
2050-10-16 13:00:00,48884.571
2050-10-16 14:00:00,51279.44699999999
2050-10-16 15:00:00,49255.856999999996
2050-10-16 16:00:00,44181.678
2050-10-16 17:00:00,43505.051999999996
2050-10-16 18:00:00,42141.096
2050-10-16 19:00:00,41254.685999999994
2050-10-16 20:00:00,40123.712999999996
2050-10-16 21:00:00,35904.611999999994
2050-10-16 22:00:00,36331.032
2050-10-16 23:00:00,36857.571
2050-10-17 00:00:00,36146.469
2050-10-17 01:00:00,35613.306
2050-10-17 02:00:00,34953.432
2050-10-17 03:00:00,35854.460999999996
2050-10-17 04:00:00,40011.957
2050-10-17 05:00:00,43170.996
2050-10-17 06:00:00,43816.623
2050-10-17 07:00:00,46213.632
2050-10-17 08:00:00,47536.194
2050-10-17 09:00:00,48688.614
2050-10-17 10:00:00,52257.119999999995
2050-10-17 11:00:00,53589.33
2050-10-17 12:00:00,51705.753000000004
2050-10-17 13:00:00,48246.393
2050-10-17 14:00:00,45496.455
2050-10-17 15:00:00,47286.833999999995
2050-10-17 16:00:00,43166.960999999996
2050-10-17 17:00:00,41320.617000000006
2050-10-17 18:00:00,40498.155
2050-10-17 19:00:00,39203.613
2050-10-17 20:00:00,38029.761
2050-10-17 21:00:00,34868.102999999996
2050-10-17 22:00:00,32818.752
2050-10-17 23:00:00,31563.39
2050-10-18 00:00:00,31253.261999999995
2050-10-18 01:00:00,31051.989
2050-10-18 02:00:00,31233.701999999997
2050-10-18 03:00:00,31376.334
2050-10-18 04:00:00,32348.307
2050-10-18 05:00:00,33665.810999999994
2050-10-18 06:00:00,35368.68
2050-10-18 07:00:00,39973.734
2050-10-18 08:00:00,41601.926999999996
2050-10-18 09:00:00,45885.01499999999
2050-10-18 10:00:00,51934.782
2050-10-18 11:00:00,50085.92399999999
2050-10-18 12:00:00,49705.542
2050-10-18 13:00:00,44896.130999999994
2050-10-18 14:00:00,44617.695
2050-10-18 15:00:00,45950.655
2050-10-18 16:00:00,42246.882
2050-10-18 17:00:00,41752.403999999995
2050-10-18 18:00:00,43580.151000000005
2050-10-18 19:00:00,42475.296
2050-10-18 20:00:00,39849.998999999996
2050-10-18 21:00:00,36770.085
2050-10-18 22:00:00,30868.527
2050-10-18 23:00:00,27364.176
2050-10-19 00:00:00,24177.738
2050-10-19 01:00:00,21831.644999999997
2050-10-19 02:00:00,21549.174
2050-10-19 03:00:00,22900.272
2050-10-19 04:00:00,24774.6
2050-10-19 05:00:00,25193.702999999998
2050-10-19 06:00:00,25776.717
2050-10-19 07:00:00,28319.625
2050-10-19 08:00:00,35076.725999999995
2050-10-19 09:00:00,39180.651
2050-10-19 10:00:00,43074.96
2050-10-19 11:00:00,47216.964
2050-10-19 12:00:00,52359.501000000004
2050-10-19 13:00:00,49397.7
2050-10-19 14:00:00,44450.924999999996
2050-10-19 15:00:00,38041.479
2050-10-19 16:00:00,33390.119999999995
2050-10-19 17:00:00,32431.790999999997
2050-10-19 18:00:00,32725.136999999995
2050-10-19 19:00:00,32870.355
2050-10-19 20:00:00,33534.350999999995
2050-10-19 21:00:00,32651.157
2050-10-19 22:00:00,31589.568
2050-10-19 23:00:00,31958.114999999998
2050-10-20 00:00:00,32054.003999999997
2050-10-20 01:00:00,32018.903999999995
2050-10-20 02:00:00,31249.26
2050-10-20 03:00:00,31862.291999999998
2050-10-20 04:00:00,34395.42
2050-10-20 05:00:00,36024.888
2050-10-20 06:00:00,36453.393
2050-10-20 07:00:00,37748.808
2050-10-20 08:00:00,41698.803
2050-10-20 09:00:00,47296.301999999996
2050-10-20 10:00:00,52297.17
2050-10-20 11:00:00,53412.363
2050-10-20 12:00:00,56337.70799999999
2050-10-20 13:00:00,53675.511
2050-10-20 14:00:00,51520.518
2050-10-20 15:00:00,51457.662000000004
2050-10-20 16:00:00,45495.114
2050-10-20 17:00:00,42605.58
2050-10-20 18:00:00,40794.024
2050-10-20 19:00:00,36822.18
2050-10-20 20:00:00,33193.992
2050-10-20 21:00:00,32615.261999999995
2050-10-20 22:00:00,32911.742999999995
2050-10-20 23:00:00,33434.259
2050-10-21 00:00:00,33095.997
2050-10-21 01:00:00,33097.356
2050-10-21 02:00:00,33203.861999999994
2050-10-21 03:00:00,36225.666
2050-10-21 04:00:00,39774.998999999996
2050-10-21 05:00:00,42448.77
2050-10-21 06:00:00,43301.289
2050-10-21 07:00:00,42776.801999999996
2050-10-21 08:00:00,45279.82199999999
2050-10-21 09:00:00,47156.853
2050-10-21 10:00:00,51466.464
2050-10-21 11:00:00,53954.511
2050-10-21 12:00:00,55905.384
2050-10-21 13:00:00,53855.117999999995
2050-10-21 14:00:00,51741.66299999999
2050-10-21 15:00:00,49889.00399999999
2050-10-21 16:00:00,45706.026000000005
2050-10-21 17:00:00,45641.169
2050-10-21 18:00:00,44996.015999999996
2050-10-21 19:00:00,40003.856999999996
2050-10-21 20:00:00,36175.179
2050-10-21 21:00:00,32568.233999999997
2050-10-21 22:00:00,30480.893999999997
2050-10-21 23:00:00,29587.299
2050-10-22 00:00:00,29100.657
2050-10-22 01:00:00,27764.622
2050-10-22 02:00:00,26753.976
2050-10-22 03:00:00,27272.525999999998
2050-10-22 04:00:00,32731.182
2050-10-22 05:00:00,38158.856999999996
2050-10-22 06:00:00,39012.036
2050-10-22 07:00:00,41353.176
2050-10-22 08:00:00,45783.378000000004
2050-10-22 09:00:00,51208.101
2050-10-22 10:00:00,56045.585999999996
2050-10-22 11:00:00,57482.094000000005
2050-10-22 12:00:00,55926.444
2050-10-22 13:00:00,49813.089
2050-10-22 14:00:00,46063.907999999996
2050-10-22 15:00:00,42584.145
2050-10-22 16:00:00,36778.742999999995
2050-10-22 17:00:00,35670.684
2050-10-22 18:00:00,35470.886999999995
2050-10-22 19:00:00,35676.327
2050-10-22 20:00:00,36445.869
2050-10-22 21:00:00,33452.528999999995
2050-10-22 22:00:00,28561.899
2050-10-22 23:00:00,26209.368
2050-10-23 00:00:00,27612.518999999997
2050-10-23 01:00:00,31087.998
2050-10-23 02:00:00,34706.67
2050-10-23 03:00:00,37196.808
2050-10-23 04:00:00,39297.278999999995
2050-10-23 05:00:00,40311.729
2050-10-23 06:00:00,39236.924999999996
2050-10-23 07:00:00,41305.236
2050-10-23 08:00:00,48291.939
2050-10-23 09:00:00,52304.445
2050-10-23 10:00:00,54085.002
2050-10-23 11:00:00,48992.877
2050-10-23 12:00:00,40791.771
2050-10-23 13:00:00,37665.138
2050-10-23 14:00:00,39168.849
2050-10-23 15:00:00,42926.723999999995
2050-10-23 16:00:00,41880.10799999999
2050-10-23 17:00:00,42607.32
2050-10-23 18:00:00,41081.166
2050-10-23 19:00:00,39213.011999999995
2050-10-23 20:00:00,36206.445
2050-10-23 21:00:00,38601.354
2050-10-23 22:00:00,35575.659
2050-10-23 23:00:00,35019.438
2050-10-24 00:00:00,35265.083999999995
2050-10-24 01:00:00,35779.281
2050-10-24 02:00:00,36740.439
2050-10-24 03:00:00,37231.176
2050-10-24 04:00:00,37789.202999999994
2050-10-24 05:00:00,39229.047
2050-10-24 06:00:00,39861.53999999999
2050-10-24 07:00:00,42050.10599999999
2050-10-24 08:00:00,49454.174999999996
2050-10-24 09:00:00,55152.473999999995
2050-10-24 10:00:00,59906.217000000004
2050-10-24 11:00:00,59543.442
2050-10-24 12:00:00,60741.971999999994
2050-10-24 13:00:00,54823.382999999994
2050-10-24 14:00:00,55357.647
2050-10-24 15:00:00,48245.169
2050-10-24 16:00:00,41762.757
2050-10-24 17:00:00,41006.496
2050-10-24 18:00:00,40388.174999999996
2050-10-24 19:00:00,40002.185999999994
2050-10-24 20:00:00,39481.994999999995
2050-10-24 21:00:00,39006.123
2050-10-24 22:00:00,39006.153
2050-10-24 23:00:00,38552.664
2050-10-25 00:00:00,37372.5
2050-10-25 01:00:00,37406.223
2050-10-25 02:00:00,37544.685
2050-10-25 03:00:00,37914.417
2050-10-25 04:00:00,39578.25
2050-10-25 05:00:00,40626.318
2050-10-25 06:00:00,40645.812
2050-10-25 07:00:00,41518.893
2050-10-25 08:00:00,44291.268
2050-10-25 09:00:00,45755.939999999995
2050-10-25 10:00:00,45284.547
2050-10-25 11:00:00,47910.309
2050-10-25 12:00:00,48730.863
2050-10-25 13:00:00,50531.676
2050-10-25 14:00:00,47277.609
2050-10-25 15:00:00,44478.294
2050-10-25 16:00:00,39354.92399999999
2050-10-25 17:00:00,37599.222
2050-10-25 18:00:00,35565.543
2050-10-25 19:00:00,33209.604
2050-10-25 20:00:00,31475.385
2050-10-25 21:00:00,30632.603999999996
2050-10-25 22:00:00,31323.03
2050-10-25 23:00:00,31020.384
2050-10-26 00:00:00,16782.849
2050-10-26 01:00:00,34853.457
2050-10-26 02:00:00,34374.119999999995
2050-10-26 03:00:00,35957.060999999994
2050-10-26 04:00:00,37331.805
2050-10-26 05:00:00,38694.708
2050-10-26 06:00:00,39693.507
2050-10-26 07:00:00,43491.378000000004
2050-10-26 08:00:00,48751.089
2050-10-26 09:00:00,54033.437999999995
2050-10-26 10:00:00,59424.212999999996
2050-10-26 11:00:00,61004.28
2050-10-26 12:00:00,63927.894
2050-10-26 13:00:00,55987.296
2050-10-26 14:00:00,52223.46
2050-10-26 15:00:00,45241.712999999996
2050-10-26 16:00:00,40607.58
2050-10-26 17:00:00,38724.642
2050-10-26 18:00:00,37477.632
2050-10-26 19:00:00,36836.055
2050-10-26 20:00:00,35138.015999999996
2050-10-26 21:00:00,35198.592
2050-10-26 22:00:00,35276.757
2050-10-26 23:00:00,34760.744999999995
2050-10-27 00:00:00,34707.702
2050-10-27 01:00:00,31825.682999999997
2050-10-27 02:00:00,30907.983
2050-10-27 03:00:00,31948.227
2050-10-27 04:00:00,35064.741
2050-10-27 05:00:00,38593.577999999994
2050-10-27 06:00:00,40154.544
2050-10-27 07:00:00,42448.935000000005
2050-10-27 08:00:00,45040.29899999999
2050-10-27 09:00:00,48638.42399999999
2050-10-27 10:00:00,52239.075
2050-10-27 11:00:00,54694.962
2050-10-27 12:00:00,55028.559
2050-10-27 13:00:00,55632.731999999996
2050-10-27 14:00:00,53716.23299999999
2050-10-27 15:00:00,50834.457
2050-10-27 16:00:00,45136.45799999999
2050-10-27 17:00:00,42370.605
2050-10-27 18:00:00,40666.923
2050-10-27 19:00:00,38183.49
2050-10-27 20:00:00,34562.697
2050-10-27 21:00:00,29892.878999999997
2050-10-27 22:00:00,27427.617
2050-10-27 23:00:00,26457.084
2050-10-28 00:00:00,25899.899999999998
2050-10-28 01:00:00,25956.171000000002
2050-10-28 02:00:00,27843.384
2050-10-28 03:00:00,30475.898999999998
2050-10-28 04:00:00,33856.125
2050-10-28 05:00:00,38044.455
2050-10-28 06:00:00,41177.832
2050-10-28 07:00:00,42549.453
2050-10-28 08:00:00,46469.784
2050-10-28 09:00:00,51113.571
2050-10-28 10:00:00,53806.905
2050-10-28 11:00:00,58339.106999999996
2050-10-28 12:00:00,61773.320999999996
2050-10-28 13:00:00,59086.83299999999
2050-10-28 14:00:00,51798.534
2050-10-28 15:00:00,45220.77
2050-10-28 16:00:00,43143.257999999994
2050-10-28 17:00:00,41641.521
2050-10-28 18:00:00,40430.901000000005
2050-10-28 19:00:00,37901.31
2050-10-28 20:00:00,34954.122
2050-10-28 21:00:00,32223.915
2050-10-28 22:00:00,30241.572
2050-10-28 23:00:00,29515.025999999998
2050-10-29 00:00:00,28135.272
2050-10-29 01:00:00,27319.824
2050-10-29 02:00:00,28127.565
2050-10-29 03:00:00,28899.984
2050-10-29 04:00:00,32105.214
2050-10-29 05:00:00,35668.748999999996
2050-10-29 06:00:00,40662.696
2050-10-29 07:00:00,43946.742000000006
2050-10-29 08:00:00,47697.312
2050-10-29 09:00:00,51235.017
2050-10-29 10:00:00,55420.194
2050-10-29 11:00:00,56688.609
2050-10-29 12:00:00,54179.765999999996
2050-10-29 13:00:00,51362.403
2050-10-29 14:00:00,47317.305
2050-10-29 15:00:00,44384.376000000004
2050-10-29 16:00:00,43566.726
2050-10-29 17:00:00,42713.964
2050-10-29 18:00:00,40790.568
2050-10-29 19:00:00,38067.710999999996
2050-10-29 20:00:00,35900.475
2050-10-29 21:00:00,30996.957
2050-10-29 22:00:00,28498.2
2050-10-29 23:00:00,26449.376999999997
2050-10-30 00:00:00,27585.149999999998
2050-10-30 01:00:00,32238.542999999998
2050-10-30 02:00:00,33221.991
2050-10-30 03:00:00,33471.588
2050-10-30 04:00:00,33352.401
2050-10-30 05:00:00,34456.668
2050-10-30 06:00:00,37550.031
2050-10-30 07:00:00,41344.835999999996
2050-10-30 08:00:00,51243.117000000006
2050-10-30 09:00:00,56922.297
2050-10-30 10:00:00,58779.441
2050-10-30 11:00:00,60524.337
2050-10-30 12:00:00,57318.185999999994
2050-10-30 13:00:00,54838.191
2050-10-30 14:00:00,52995.195
2050-10-30 15:00:00,42983.708999999995
2050-10-30 16:00:00,39596.805
2050-10-30 17:00:00,39790.113
2050-10-30 18:00:00,39122.832
2050-10-30 19:00:00,37895.877
2050-10-30 20:00:00,37238.210999999996
2050-10-30 21:00:00,33826.227
2050-10-30 22:00:00,28959.878999999997
2050-10-30 23:00:00,27121.071
2050-10-31 00:00:00,27467.676
2050-10-31 01:00:00,28229.882999999998
2050-10-31 02:00:00,29065.98
2050-10-31 03:00:00,30698.568
2050-10-31 04:00:00,33366.537
2050-10-31 05:00:00,35393.909999999996
2050-10-31 06:00:00,37143.789
2050-10-31 07:00:00,37310.937
2050-10-31 08:00:00,39999.264
2050-10-31 09:00:00,45117.039
2050-10-31 10:00:00,46718.931
2050-10-31 11:00:00,47913.807
2050-10-31 12:00:00,51249.710999999996
2050-10-31 13:00:00,50199.299999999996
2050-10-31 14:00:00,46212.987
2050-10-31 15:00:00,42814.064999999995
2050-10-31 16:00:00,42498.494999999995
2050-10-31 17:00:00,42181.301999999996
2050-10-31 18:00:00,40040.268
2050-10-31 19:00:00,37548.719999999994
2050-10-31 20:00:00,34591.952999999994
2050-10-31 21:00:00,32858.271
2050-10-31 22:00:00,32367.167999999998
2050-10-31 23:00:00,30981.738
2050-11-01 00:00:00,30196.400999999998
2050-11-01 01:00:00,30460.286999999997
2050-11-01 02:00:00,31573.778999999995
2050-11-01 03:00:00,33128.577
2050-11-01 04:00:00,33896.577
2050-11-01 05:00:00,32552.331
2050-11-01 06:00:00,33941.781
2050-11-01 07:00:00,35438.157
2050-11-01 08:00:00,36944.823
2050-11-01 09:00:00,38104.674
2050-11-01 10:00:00,38574.96
2050-11-01 11:00:00,38978.457
2050-11-01 12:00:00,37492.005
2050-11-01 13:00:00,36691.185
2050-11-01 14:00:00,40601.873999999996
2050-11-01 15:00:00,42945.294
2050-11-01 16:00:00,38729.276999999995
2050-11-01 17:00:00,38884.14
2050-11-01 18:00:00,36715.202999999994
2050-11-01 19:00:00,34902.21
2050-11-01 20:00:00,33865.418999999994
2050-11-01 21:00:00,31842.033
2050-11-01 22:00:00,31109.876999999997
2050-11-01 23:00:00,30998.102999999996
2050-11-02 00:00:00,30574.98
2050-11-02 01:00:00,31592.709
2050-11-02 02:00:00,31228.266
2050-11-02 03:00:00,29737.263
2050-11-02 04:00:00,26849.060999999998
2050-11-02 05:00:00,26005.257
2050-11-02 06:00:00,26395.488
2050-11-02 07:00:00,28313.682
2050-11-02 08:00:00,35770.755
2050-11-02 09:00:00,41067.755999999994
2050-11-02 10:00:00,53376.417
2050-11-02 11:00:00,59706.801
2050-11-02 12:00:00,58594.989
2050-11-02 13:00:00,52962.489
2050-11-02 14:00:00,49637.361
2050-11-02 15:00:00,48368.973
2050-11-02 16:00:00,46477.937999999995
2050-11-02 17:00:00,48098.985
2050-11-02 18:00:00,47677.08
2050-11-02 19:00:00,45327.339
2050-11-02 20:00:00,37688.693999999996
2050-11-02 21:00:00,32359.193999999996
2050-11-02 22:00:00,27761.064000000002
2050-11-02 23:00:00,22748.916
2050-11-03 00:00:00,21719.615999999998
2050-11-03 01:00:00,22862.874
2050-11-03 02:00:00,25826.186999999998
2050-11-03 03:00:00,28444.896
2050-11-03 04:00:00,31572.63
2050-11-03 05:00:00,36123.981
2050-11-03 06:00:00,41120.255999999994
2050-11-03 07:00:00,44917.085999999996
2050-11-03 08:00:00,50552.210999999996
2050-11-03 09:00:00,49695.219000000005
2050-11-03 10:00:00,51511.866
2050-11-03 11:00:00,52179.201
2050-11-03 12:00:00,51572.043
2050-11-03 13:00:00,51333.998999999996
2050-11-03 14:00:00,50165.922
2050-11-03 15:00:00,49181.397
2050-11-03 16:00:00,49391.333999999995
2050-11-03 17:00:00,48502.962
2050-11-03 18:00:00,46621.028999999995
2050-11-03 19:00:00,44465.145
2050-11-03 20:00:00,42630.816
2050-11-03 21:00:00,41732.37899999999
2050-11-03 22:00:00,40262.78999999999
2050-11-03 23:00:00,38796.731999999996
2050-11-04 00:00:00,38724.372
2050-11-04 01:00:00,37872.861
2050-11-04 02:00:00,36957.384
2050-11-04 03:00:00,35381.055
2050-11-04 04:00:00,34651.638
2050-11-04 05:00:00,36247.89
2050-11-04 06:00:00,38777.679
2050-11-04 07:00:00,41108.094000000005
2050-11-04 08:00:00,44806.106999999996
2050-11-04 09:00:00,50481.23099999999
2050-11-04 10:00:00,57575.015999999996
2050-11-04 11:00:00,62820.28799999999
2050-11-04 12:00:00,61977.375
2050-11-04 13:00:00,58345.481999999996
2050-11-04 14:00:00,49559.184
2050-11-04 15:00:00,44500.757999999994
2050-11-04 16:00:00,42746.418
2050-11-04 17:00:00,43587.026999999995
2050-11-04 18:00:00,42987.719999999994
2050-11-04 19:00:00,39272.073
2050-11-04 20:00:00,36294.771
2050-11-04 21:00:00,34813.386
2050-11-04 22:00:00,32408.982
2050-11-04 23:00:00,30862.5
2050-11-05 00:00:00,29542.932
2050-11-05 01:00:00,29315.031
2050-11-05 02:00:00,28041.218999999997
2050-11-05 03:00:00,27551.075999999997
2050-11-05 04:00:00,28111.761
2050-11-05 05:00:00,30409.926
2050-11-05 06:00:00,33621.06
2050-11-05 07:00:00,35182.515
2050-11-05 08:00:00,38690.856
2050-11-05 09:00:00,44194.419
2050-11-05 10:00:00,46608.207
2050-11-05 11:00:00,51929.462999999996
2050-11-05 12:00:00,52522.901999999995
2050-11-05 13:00:00,54921.432
2050-11-05 14:00:00,51272.421
2050-11-05 15:00:00,44370.885
2050-11-05 16:00:00,44889.69899999999
2050-11-05 17:00:00,47649.039
2050-11-05 18:00:00,46237.827
2050-11-05 19:00:00,41538.48
2050-11-05 20:00:00,34785.525
2050-11-05 21:00:00,30243.369
2050-11-05 22:00:00,26692.115999999998
2050-11-05 23:00:00,25134.434999999998
2050-11-06 00:00:00,24498.578999999998
2050-11-06 01:00:00,22711.101
2050-11-06 02:00:00,23033.463
2050-11-06 03:00:00,24698.106
2050-11-06 04:00:00,28215.021
2050-11-06 05:00:00,35550.471
2050-11-06 06:00:00,38139.926999999996
2050-11-06 07:00:00,39495.933
2050-11-06 08:00:00,45731.103
2050-11-06 09:00:00,50706.693
2050-11-06 10:00:00,53974.047
2050-11-06 11:00:00,51588.771
2050-11-06 12:00:00,54043.011
2050-11-06 13:00:00,52115.067
2050-11-06 14:00:00,47147.136
2050-11-06 15:00:00,41673.888
2050-11-06 16:00:00,41262.918
2050-11-06 17:00:00,43931.75399999999
2050-11-06 18:00:00,44656.854
2050-11-06 19:00:00,43902.717000000004
2050-11-06 20:00:00,41882.931
2050-11-06 21:00:00,40779.105
2050-11-06 22:00:00,36233.679
2050-11-06 23:00:00,33023.606999999996
2050-11-07 00:00:00,29870.108999999997
2050-11-07 01:00:00,29721.824999999997
2050-11-07 02:00:00,29310.966
2050-11-07 03:00:00,29843.792999999998
2050-11-07 04:00:00,33756.191999999995
2050-11-07 05:00:00,39106.599
2050-11-07 06:00:00,39847.578
2050-11-07 07:00:00,40960.239
2050-11-07 08:00:00,46102.5
2050-11-07 09:00:00,52816.689
2050-11-07 10:00:00,57270.816
2050-11-07 11:00:00,57614.859
2050-11-07 12:00:00,57860.466
2050-11-07 13:00:00,57402.846
2050-11-07 14:00:00,52825.215
2050-11-07 15:00:00,45335.304
2050-11-07 16:00:00,43608.555
2050-11-07 17:00:00,45591.78
2050-11-07 18:00:00,45416.928
2050-11-07 19:00:00,43581.876000000004
2050-11-07 20:00:00,42766.668
2050-11-07 21:00:00,41694.98099999999
2050-11-07 22:00:00,40407.153
2050-11-07 23:00:00,38035.935
2050-11-08 00:00:00,36884.009999999995
2050-11-08 01:00:00,36295.347
2050-11-08 02:00:00,34591.173
2050-11-08 03:00:00,33844.509
2050-11-08 04:00:00,34830.816
2050-11-08 05:00:00,36868.62899999999
2050-11-08 06:00:00,38452.506
2050-11-08 07:00:00,39975.636
2050-11-08 08:00:00,45502.953
2050-11-08 09:00:00,50507.712
2050-11-08 10:00:00,52445.26499999999
2050-11-08 11:00:00,55487.103
2050-11-08 12:00:00,53279.394
2050-11-08 13:00:00,50892.21
2050-11-08 14:00:00,47268.621
2050-11-08 15:00:00,42069.309
2050-11-08 16:00:00,41524.35
2050-11-08 17:00:00,41274.70799999999
2050-11-08 18:00:00,41189.136
2050-11-08 19:00:00,39983.787000000004
2050-11-08 20:00:00,39321.867000000006
2050-11-08 21:00:00,37603.839
2050-11-08 22:00:00,36105.372
2050-11-08 23:00:00,37323.924
2050-11-09 00:00:00,36047.67
2050-11-09 01:00:00,33307.269
2050-11-09 02:00:00,31095.255
2050-11-09 03:00:00,30329.024999999998
2050-11-09 04:00:00,31072.160999999996
2050-11-09 05:00:00,32683.746
2050-11-09 06:00:00,35507.988
2050-11-09 07:00:00,37328.028
2050-11-09 08:00:00,41215.25399999999
2050-11-09 09:00:00,48037.884
2050-11-09 10:00:00,54729.363
2050-11-09 11:00:00,59818.367999999995
2050-11-09 12:00:00,56532.672
2050-11-09 13:00:00,57596.253000000004
2050-11-09 14:00:00,56053.757999999994
2050-11-09 15:00:00,47532.954
2050-11-09 16:00:00,43647.9
2050-11-09 17:00:00,43560.6
2050-11-09 18:00:00,43972.623
2050-11-09 19:00:00,44217.723
2050-11-09 20:00:00,44664.555
2050-11-09 21:00:00,43680.957
2050-11-09 22:00:00,42041.646
2050-11-09 23:00:00,37454.543999999994
2050-11-10 00:00:00,35739.051
2050-11-10 01:00:00,35858.037
2050-11-10 02:00:00,36013.176
2050-11-10 03:00:00,37900.998
2050-11-10 04:00:00,41120.369999999995
2050-11-10 05:00:00,47455.314
2050-11-10 06:00:00,52336.377
2050-11-10 07:00:00,54115.098
2050-11-10 08:00:00,57553.092000000004
2050-11-10 09:00:00,59769.144
2050-11-10 10:00:00,62490.276
2050-11-10 11:00:00,65421.114
2050-11-10 12:00:00,66915.35399999999
2050-11-10 13:00:00,66652.944
2050-11-10 14:00:00,62293.773
2050-11-10 15:00:00,57673.794
2050-11-10 16:00:00,58458.126000000004
2050-11-10 17:00:00,58593.327
2050-11-10 18:00:00,57787.685999999994
2050-11-10 19:00:00,51898.683
2050-11-10 20:00:00,46092.294
2050-11-10 21:00:00,42766.503000000004
2050-11-10 22:00:00,38923.623
2050-11-10 23:00:00,36305.289
2050-11-11 00:00:00,36843.869999999995
2050-11-11 01:00:00,36435.144
2050-11-11 02:00:00,35922.591
2050-11-11 03:00:00,35389.047
2050-11-11 04:00:00,34698.216
2050-11-11 05:00:00,36678.153
2050-11-11 06:00:00,40758.105
2050-11-11 07:00:00,42090.468
2050-11-11 08:00:00,47426.367000000006
2050-11-11 09:00:00,53898.812999999995
2050-11-11 10:00:00,57999.522
2050-11-11 11:00:00,57568.263
2050-11-11 12:00:00,60788.67
2050-11-11 13:00:00,59380.236
2050-11-11 14:00:00,56370.681
2050-11-11 15:00:00,52016.405999999995
2050-11-11 16:00:00,50412.84
2050-11-11 17:00:00,50029.78799999999
2050-11-11 18:00:00,45708.498
2050-11-11 19:00:00,39663.789
2050-11-11 20:00:00,36829.778999999995
2050-11-11 21:00:00,35962.416
2050-11-11 22:00:00,34802.225999999995
2050-11-11 23:00:00,34315.146
2050-11-12 00:00:00,34193.111999999994
2050-11-12 01:00:00,33687.869999999995
2050-11-12 02:00:00,34167.083999999995
2050-11-12 03:00:00,33984.723
2050-11-12 04:00:00,35836.365
2050-11-12 05:00:00,38448.876
2050-11-12 06:00:00,42242.85599999999
2050-11-12 07:00:00,41305.017
2050-11-12 08:00:00,45253.566
2050-11-12 09:00:00,49597.65
2050-11-12 10:00:00,56368.389
2050-11-12 11:00:00,57872.939999999995
2050-11-12 12:00:00,54375.054
2050-11-12 13:00:00,52159.617000000006
2050-11-12 14:00:00,46892.094000000005
2050-11-12 15:00:00,45151.437
2050-11-12 16:00:00,41470.683
2050-11-12 17:00:00,42544.799999999996
2050-11-12 18:00:00,39365.132999999994
2050-11-12 19:00:00,35995.968
2050-11-12 20:00:00,34760.58
2050-11-12 21:00:00,32874.642
2050-11-12 22:00:00,30373.685999999998
2050-11-12 23:00:00,28702.559999999998
2050-11-13 00:00:00,27629.327999999998
2050-11-13 01:00:00,27642.701999999997
2050-11-13 02:00:00,29412.84
2050-11-13 03:00:00,30601.307999999997
2050-11-13 04:00:00,31869.045
2050-11-13 05:00:00,35652.977999999996
2050-11-13 06:00:00,40227.890999999996
2050-11-13 07:00:00,42332.096999999994
2050-11-13 08:00:00,44574.693
2050-11-13 09:00:00,48097.866
2050-11-13 10:00:00,49037.967000000004
2050-11-13 11:00:00,49355.829
2050-11-13 12:00:00,48379.82399999999
2050-11-13 13:00:00,47199.051
2050-11-13 14:00:00,46653.048
2050-11-13 15:00:00,42329.604
2050-11-13 16:00:00,40690.367999999995
2050-11-13 17:00:00,39325.32
2050-11-13 18:00:00,38414.759999999995
2050-11-13 19:00:00,36446.403
2050-11-13 20:00:00,36079.188
2050-11-13 21:00:00,34472.964
2050-11-13 22:00:00,31897.256999999998
2050-11-13 23:00:00,31180.971
2050-11-14 00:00:00,31114.494
2050-11-14 01:00:00,32128.458
2050-11-14 02:00:00,32594.927999999996
2050-11-14 03:00:00,34402.827
2050-11-14 04:00:00,38085.867
2050-11-14 05:00:00,44595.426
2050-11-14 06:00:00,46233.312
2050-11-14 07:00:00,47637.453
2050-11-14 08:00:00,50852.145
2050-11-14 09:00:00,53294.523
2050-11-14 10:00:00,54279.126000000004
2050-11-14 11:00:00,54501.903
2050-11-14 12:00:00,54530.57399999999
2050-11-14 13:00:00,53245.367999999995
2050-11-14 14:00:00,52838.28
2050-11-14 15:00:00,52361.844000000005
2050-11-14 16:00:00,54112.647
2050-11-14 17:00:00,55174.395
2050-11-14 18:00:00,53541.026999999995
2050-11-14 19:00:00,49997.630999999994
2050-11-14 20:00:00,45674.471999999994
2050-11-14 21:00:00,42088.875
2050-11-14 22:00:00,39388.944
2050-11-14 23:00:00,37902.633
2050-11-15 00:00:00,35891.403
2050-11-15 01:00:00,34467.606
2050-11-15 02:00:00,34291.041
2050-11-15 03:00:00,34060.149
2050-11-15 04:00:00,33635.679
2050-11-15 05:00:00,34433.343
2050-11-15 06:00:00,35212.464
2050-11-15 07:00:00,37850.867999999995
2050-11-15 08:00:00,40950.057
2050-11-15 09:00:00,43965.942
2050-11-15 10:00:00,46153.532999999996
2050-11-15 11:00:00,47959.785
2050-11-15 12:00:00,49566.85799999999
2050-11-15 13:00:00,50104.287000000004
2050-11-15 14:00:00,48206.205
2050-11-15 15:00:00,46117.923
2050-11-15 16:00:00,44642.505
2050-11-15 17:00:00,44658.998999999996
2050-11-15 18:00:00,45512.226
2050-11-15 19:00:00,45176.960999999996
2050-11-15 20:00:00,43063.059
2050-11-15 21:00:00,41185.41299999999
2050-11-15 22:00:00,39273.702
2050-11-15 23:00:00,36904.683
2050-11-16 00:00:00,36671.502
2050-11-16 01:00:00,35442.36
2050-11-16 02:00:00,35451.9
2050-11-16 03:00:00,34705.917
2050-11-16 04:00:00,34959.369
2050-11-16 05:00:00,38730.534
2050-11-16 06:00:00,40945.275
2050-11-16 07:00:00,43378.569
2050-11-16 08:00:00,46918.389
2050-11-16 09:00:00,50567.172
2050-11-16 10:00:00,52461.798
2050-11-16 11:00:00,54102.693
2050-11-16 12:00:00,56492.301
2050-11-16 13:00:00,56516.643
2050-11-16 14:00:00,57706.746
2050-11-16 15:00:00,51969.051
2050-11-16 16:00:00,48885.888
2050-11-16 17:00:00,47799.731999999996
2050-11-16 18:00:00,47013.984
2050-11-16 19:00:00,44797.03799999999
2050-11-16 20:00:00,41109.684
2050-11-16 21:00:00,37506.795
2050-11-16 22:00:00,30118.938000000002
2050-11-16 23:00:00,28727.13
2050-11-17 00:00:00,30610.142999999996
2050-11-17 01:00:00,31720.398
2050-11-17 02:00:00,33398.274
2050-11-17 03:00:00,34954.272
2050-11-17 04:00:00,37848.933
2050-11-17 05:00:00,42906.714
2050-11-17 06:00:00,52521.285
2050-11-17 07:00:00,57278.988
2050-11-17 08:00:00,61080.894
2050-11-17 09:00:00,67811.343
2050-11-17 10:00:00,70027.698
2050-11-17 11:00:00,74484.342
2050-11-17 12:00:00,74387.51999999999
2050-11-17 13:00:00,72869.562
2050-11-17 14:00:00,69159.70199999999
2050-11-17 15:00:00,59440.773
2050-11-17 16:00:00,55327.005
2050-11-17 17:00:00,53407.128000000004
2050-11-17 18:00:00,51621.890999999996
2050-11-17 19:00:00,50208.945
2050-11-17 20:00:00,48547.23
2050-11-17 21:00:00,44361.33
2050-11-17 22:00:00,36337.131
2050-11-17 23:00:00,33729.945
2050-11-18 00:00:00,34152.147
2050-11-18 01:00:00,34787.498999999996
2050-11-18 02:00:00,35163.291
2050-11-18 03:00:00,35374.974
2050-11-18 04:00:00,40013.976
2050-11-18 05:00:00,47745.789
2050-11-18 06:00:00,57748.701
2050-11-18 07:00:00,59307.744
2050-11-18 08:00:00,61856.055
2050-11-18 09:00:00,65556.75
2050-11-18 10:00:00,66706.314
2050-11-18 11:00:00,68572.43999999999
2050-11-18 12:00:00,72443.286
2050-11-18 13:00:00,70813.002
2050-11-18 14:00:00,64832.456999999995
2050-11-18 15:00:00,60489.39899999999
2050-11-18 16:00:00,57954.674999999996
2050-11-18 17:00:00,59751.005999999994
2050-11-18 18:00:00,59701.78799999999
2050-11-18 19:00:00,58980.009
2050-11-18 20:00:00,56657.304
2050-11-18 21:00:00,52625.096999999994
2050-11-18 22:00:00,49289.867999999995
2050-11-18 23:00:00,48666.696
2050-11-19 00:00:00,47218.395
2050-11-19 01:00:00,48534.492000000006
2050-11-19 02:00:00,48423.309
2050-11-19 03:00:00,48473.25
2050-11-19 04:00:00,49049.922
2050-11-19 05:00:00,52916.514
2050-11-19 06:00:00,56150.837999999996
2050-11-19 07:00:00,55570.452
2050-11-19 08:00:00,53239.094999999994
2050-11-19 09:00:00,55725.84
2050-11-19 10:00:00,56529.912000000004
2050-11-19 11:00:00,59651.109
2050-11-19 12:00:00,63739.799999999996
2050-11-19 13:00:00,64687.167
2050-11-19 14:00:00,66365.313
2050-11-19 15:00:00,65686.242
2050-11-19 16:00:00,64792.044
2050-11-19 17:00:00,65436.812999999995
2050-11-19 18:00:00,65564.178
2050-11-19 19:00:00,64761.018
2050-11-19 20:00:00,58329.051
2050-11-19 21:00:00,52495.062
2050-11-19 22:00:00,46694.37899999999
2050-11-19 23:00:00,41420.943
2050-11-20 00:00:00,39762.774
2050-11-20 01:00:00,36501.753
2050-11-20 02:00:00,36268.842
2050-11-20 03:00:00,35835.315
2050-11-20 04:00:00,40673.52
2050-11-20 05:00:00,48586.38
2050-11-20 06:00:00,51572.61
2050-11-20 07:00:00,52856.787000000004
2050-11-20 08:00:00,60152.073
2050-11-20 09:00:00,61383.816
2050-11-20 10:00:00,65431.808999999994
2050-11-20 11:00:00,63649.851
2050-11-20 12:00:00,63749.621999999996
2050-11-20 13:00:00,60899.148
2050-11-20 14:00:00,54984.657
2050-11-20 15:00:00,53107.566
2050-11-20 16:00:00,52512.198
2050-11-20 17:00:00,51420.369
2050-11-20 18:00:00,51398.85
2050-11-20 19:00:00,50630.337
2050-11-20 20:00:00,50288.916
2050-11-20 21:00:00,47632.994999999995
2050-11-20 22:00:00,45969.543
2050-11-20 23:00:00,47636.979
2050-11-21 00:00:00,47034.744
2050-11-21 01:00:00,47047.25399999999
2050-11-21 02:00:00,47050.827
2050-11-21 03:00:00,48220.505999999994
2050-11-21 04:00:00,48847.503000000004
2050-11-21 05:00:00,49940.319
2050-11-21 06:00:00,51213.759
2050-11-21 07:00:00,52639.725
2050-11-21 08:00:00,65443.53
2050-11-21 09:00:00,73443.897
2050-11-21 10:00:00,72607.896
2050-11-21 11:00:00,72244.506
2050-11-21 12:00:00,72550.515
2050-11-21 13:00:00,68548.113
2050-11-21 14:00:00,63256.31999999999
2050-11-21 15:00:00,51101.058
2050-11-21 16:00:00,49549.638
2050-11-21 17:00:00,48872.123999999996
2050-11-21 18:00:00,48537.144
2050-11-21 19:00:00,49185.147
2050-11-21 20:00:00,49101.456
2050-11-21 21:00:00,46265.787000000004
2050-11-21 22:00:00,44388.50399999999
2050-11-21 23:00:00,41005.337999999996
2050-11-22 00:00:00,37129.965
2050-11-22 01:00:00,36233.688
2050-11-22 02:00:00,35434.479
2050-11-22 03:00:00,37053.132
2050-11-22 04:00:00,39270.78
2050-11-22 05:00:00,42706.257
2050-11-22 06:00:00,43995.525
2050-11-22 07:00:00,47094.10799999999
2050-11-22 08:00:00,57238.827
2050-11-22 09:00:00,60864.96
2050-11-22 10:00:00,64087.929
2050-11-22 11:00:00,66120.83099999999
2050-11-22 12:00:00,69401.50799999999
2050-11-22 13:00:00,69764.001
2050-11-22 14:00:00,68140.086
2050-11-22 15:00:00,59408.73299999999
2050-11-22 16:00:00,57156.66
2050-11-22 17:00:00,57137.685000000005
2050-11-22 18:00:00,56425.359
2050-11-22 19:00:00,54916.344000000005
2050-11-22 20:00:00,53093.174999999996
2050-11-22 21:00:00,49377.369
2050-11-22 22:00:00,47049.261
2050-11-22 23:00:00,44479.265999999996
2050-11-23 00:00:00,43501.248
2050-11-23 01:00:00,43542.189
2050-11-23 02:00:00,45325.085999999996
2050-11-23 03:00:00,45091.41299999999
2050-11-23 04:00:00,45345.501000000004
2050-11-23 05:00:00,47148.291
2050-11-23 06:00:00,48505.335
2050-11-23 07:00:00,50822.679
2050-11-23 08:00:00,52859.547
2050-11-23 09:00:00,56090.289
2050-11-23 10:00:00,58874.348999999995
2050-11-23 11:00:00,58601.562
2050-11-23 12:00:00,55421.823
2050-11-23 13:00:00,53305.74
2050-11-23 14:00:00,53210.742000000006
2050-11-23 15:00:00,53499.221999999994
2050-11-23 16:00:00,54782.333999999995
2050-11-23 17:00:00,54445.452
2050-11-23 18:00:00,52115.187
2050-11-23 19:00:00,49503.494999999995
2050-11-23 20:00:00,46995.537000000004
2050-11-23 21:00:00,45118.29899999999
2050-11-23 22:00:00,40096.176
2050-11-23 23:00:00,38831.886
2050-11-24 00:00:00,37007.574
2050-11-24 01:00:00,36202.218
2050-11-24 02:00:00,36030.969
2050-11-24 03:00:00,34441.835999999996
2050-11-24 04:00:00,38849.778
2050-11-24 05:00:00,45061.59
2050-11-24 06:00:00,52448.286
2050-11-24 07:00:00,56765.382
2050-11-24 08:00:00,58847.255999999994
2050-11-24 09:00:00,63156.861
2050-11-24 10:00:00,67463.766
2050-11-24 11:00:00,65802.048
2050-11-24 12:00:00,64435.935
2050-11-24 13:00:00,58677.558
2050-11-24 14:00:00,50219.41499999999
2050-11-24 15:00:00,45060.837
2050-11-24 16:00:00,44001.587999999996
2050-11-24 17:00:00,43396.23299999999
2050-11-24 18:00:00,43385.606999999996
2050-11-24 19:00:00,42999.96
2050-11-24 20:00:00,42182.994
2050-11-24 21:00:00,41795.058
2050-11-24 22:00:00,39479.388
2050-11-24 23:00:00,37398.753
2050-11-25 00:00:00,36943.554
2050-11-25 01:00:00,35719.899
2050-11-25 02:00:00,36351.339
2050-11-25 03:00:00,40430.606999999996
2050-11-25 04:00:00,46531.176
2050-11-25 05:00:00,52129.803
2050-11-25 06:00:00,57693.026999999995
2050-11-25 07:00:00,60620.945999999996
2050-11-25 08:00:00,63064.439999999995
2050-11-25 09:00:00,65542.377
2050-11-25 10:00:00,67253.301
2050-11-25 11:00:00,67944.468
2050-11-25 12:00:00,70235.811
2050-11-25 13:00:00,69043.98
2050-11-25 14:00:00,65927.199
2050-11-25 15:00:00,62216.570999999996
2050-11-25 16:00:00,60552.48299999999
2050-11-25 17:00:00,59206.929
2050-11-25 18:00:00,57293.594999999994
2050-11-25 19:00:00,55985.325
2050-11-25 20:00:00,54837.513
2050-11-25 21:00:00,52821.057
2050-11-25 22:00:00,50596.353
2050-11-25 23:00:00,47339.475
2050-11-26 00:00:00,44840.960999999996
2050-11-26 01:00:00,43301.673
2050-11-26 02:00:00,41696.706
2050-11-26 03:00:00,42015.591
2050-11-26 04:00:00,44448.344999999994
2050-11-26 05:00:00,46174.917
2050-11-26 06:00:00,46723.119
2050-11-26 07:00:00,46859.127
2050-11-26 08:00:00,49661.907
2050-11-26 09:00:00,54632.76
2050-11-26 10:00:00,57698.189999999995
2050-11-26 11:00:00,59557.45799999999
2050-11-26 12:00:00,59789.994
2050-11-26 13:00:00,58657.839
2050-11-26 14:00:00,53663.646
2050-11-26 15:00:00,47090.637
2050-11-26 16:00:00,47056.827
2050-11-26 17:00:00,47337.528
2050-11-26 18:00:00,48904.503000000004
2050-11-26 19:00:00,49578.401999999995
2050-11-26 20:00:00,50563.560000000005
2050-11-26 21:00:00,51278.865
2050-11-26 22:00:00,50208.795
2050-11-26 23:00:00,44439.882
2050-11-27 00:00:00,40834.989
2050-11-27 01:00:00,40347.905999999995
2050-11-27 02:00:00,39620.046
2050-11-27 03:00:00,40901.343
2050-11-27 04:00:00,44193.762
2050-11-27 05:00:00,50778.954
2050-11-27 06:00:00,58443.327
2050-11-27 07:00:00,62067.248999999996
2050-11-27 08:00:00,63236.73299999999
2050-11-27 09:00:00,63881.399999999994
2050-11-27 10:00:00,62888.933999999994
2050-11-27 11:00:00,61671.25199999999
2050-11-27 12:00:00,61217.682
2050-11-27 13:00:00,61169.367
2050-11-27 14:00:00,60680.937
2050-11-27 15:00:00,59706.585
2050-11-27 16:00:00,58866.558
2050-11-27 17:00:00,58954.481999999996
2050-11-27 18:00:00,57758.976
2050-11-27 19:00:00,54424.19699999999
2050-11-27 20:00:00,50699.613
2050-11-27 21:00:00,47786.805
2050-11-27 22:00:00,45507.935999999994
2050-11-27 23:00:00,42604.496999999996
2050-11-28 00:00:00,41889.132
2050-11-28 01:00:00,41141.076
2050-11-28 02:00:00,40899.477
2050-11-28 03:00:00,40651.403999999995
2050-11-28 04:00:00,41331.018
2050-11-28 05:00:00,43600.986
2050-11-28 06:00:00,50843.85599999999
2050-11-28 07:00:00,52963.596
2050-11-28 08:00:00,52104.21
2050-11-28 09:00:00,54891.717000000004
2050-11-28 10:00:00,58287.183
2050-11-28 11:00:00,60627.257999999994
2050-11-28 12:00:00,60165.653999999995
2050-11-28 13:00:00,59934.384
2050-11-28 14:00:00,59078.739
2050-11-28 15:00:00,57040.08299999999
2050-11-28 16:00:00,57876.16499999999
2050-11-28 17:00:00,58106.657999999996
2050-11-28 18:00:00,57603.098999999995
2050-11-28 19:00:00,53861.310000000005
2050-11-28 20:00:00,49435.74
2050-11-28 21:00:00,47088.314999999995
2050-11-28 22:00:00,42059.996999999996
2050-11-28 23:00:00,38833.418999999994
2050-11-29 00:00:00,34965.759
2050-11-29 01:00:00,32579.042999999998
2050-11-29 02:00:00,30416.157
2050-11-29 03:00:00,30810.408
2050-11-29 04:00:00,33631.059
2050-11-29 05:00:00,37026.986999999994
2050-11-29 06:00:00,43351.023
2050-11-29 07:00:00,48484.896
2050-11-29 08:00:00,52771.464
2050-11-29 09:00:00,58053.039
2050-11-29 10:00:00,58490.63999999999
2050-11-29 11:00:00,58885.223999999995
2050-11-29 12:00:00,57665.051999999996
2050-11-29 13:00:00,57711.942
2050-11-29 14:00:00,54225.276000000005
2050-11-29 15:00:00,51128.564999999995
2050-11-29 16:00:00,50436.87899999999
2050-11-29 17:00:00,50377.064999999995
2050-11-29 18:00:00,48973.371
2050-11-29 19:00:00,46609.812
2050-11-29 20:00:00,43036.926
2050-11-29 21:00:00,39984.771
2050-11-29 22:00:00,37175.697
2050-11-29 23:00:00,35127.227999999996
2050-11-30 00:00:00,34616.727
2050-11-30 01:00:00,34707.204
2050-11-30 02:00:00,34071.833999999995
2050-11-30 03:00:00,35774.649
2050-11-30 04:00:00,36117.195
2050-11-30 05:00:00,37408.485
2050-11-30 06:00:00,37077.81
2050-11-30 07:00:00,37378.896
2050-11-30 08:00:00,39226.634999999995
2050-11-30 09:00:00,45878.316
2050-11-30 10:00:00,56693.748
2050-11-30 11:00:00,58027.049999999996
2050-11-30 12:00:00,57608.34
2050-11-30 13:00:00,56178.221999999994
2050-11-30 14:00:00,51702.684
2050-11-30 15:00:00,48556.907999999996
2050-11-30 16:00:00,47867.145
2050-11-30 17:00:00,46761.591
2050-11-30 18:00:00,46369.716
2050-11-30 19:00:00,43793.778
2050-11-30 20:00:00,41551.047
2050-11-30 21:00:00,38948.073
2050-11-30 22:00:00,34904.852999999996
2050-11-30 23:00:00,30433.818
2050-12-01 00:00:00,30831.852
2050-12-01 01:00:00,32574.701999999997
2050-12-01 02:00:00,34540.506
2050-12-01 03:00:00,36526.746
2050-12-01 04:00:00,39697.287000000004
2050-12-01 05:00:00,44868.135
2050-12-01 06:00:00,50299.439999999995
2050-12-01 07:00:00,53714.046
2050-12-01 08:00:00,58818.351
2050-12-01 09:00:00,64680.066
2050-12-01 10:00:00,66446.787
2050-12-01 11:00:00,68018.22899999999
2050-12-01 12:00:00,67592.01
2050-12-01 13:00:00,66421.26
2050-12-01 14:00:00,64472.513999999996
2050-12-01 15:00:00,62891.570999999996
2050-12-01 16:00:00,63171.956999999995
2050-12-01 17:00:00,61393.725
2050-12-01 18:00:00,58484.151000000005
2050-12-01 19:00:00,56241.216
2050-12-01 20:00:00,52257.426
2050-12-01 21:00:00,50282.244
2050-12-01 22:00:00,47800.284
2050-12-01 23:00:00,44471.166
2050-12-02 00:00:00,44248.752
2050-12-02 01:00:00,44656.208999999995
2050-12-02 02:00:00,45467.69699999999
2050-12-02 03:00:00,45519.155999999995
2050-12-02 04:00:00,45554.310000000005
2050-12-02 05:00:00,48606.6
2050-12-02 06:00:00,56220.873
2050-12-02 07:00:00,60325.02
2050-12-02 08:00:00,60466.994999999995
2050-12-02 09:00:00,61788.344999999994
2050-12-02 10:00:00,62526.335999999996
2050-12-02 11:00:00,63590.087999999996
2050-12-02 12:00:00,63105.918
2050-12-02 13:00:00,62084.426999999996
2050-12-02 14:00:00,59231.174999999996
2050-12-02 15:00:00,56665.332
2050-12-02 16:00:00,55731.28799999999
2050-12-02 17:00:00,54598.494
2050-12-02 18:00:00,53826.048
2050-12-02 19:00:00,52501.278
2050-12-02 20:00:00,50806.856999999996
2050-12-02 21:00:00,49506.576
2050-12-02 22:00:00,47602.683
2050-12-02 23:00:00,44918.718
2050-12-03 00:00:00,44605.94699999999
2050-12-03 01:00:00,44999.145
2050-12-03 02:00:00,44588.91299999999
2050-12-03 03:00:00,44739.414
2050-12-03 04:00:00,46030.794
2050-12-03 05:00:00,48456.530999999995
2050-12-03 06:00:00,50156.448
2050-12-03 07:00:00,50672.178
2050-12-03 08:00:00,51633.462
2050-12-03 09:00:00,53655.746999999996
2050-12-03 10:00:00,55637.616
2050-12-03 11:00:00,56825.706
2050-12-03 12:00:00,58322.157
2050-12-03 13:00:00,56058.414
2050-12-03 14:00:00,53840.585999999996
2050-12-03 15:00:00,51271.03799999999
2050-12-03 16:00:00,50565.6
2050-12-03 17:00:00,50372.310000000005
2050-12-03 18:00:00,50576.94899999999
2050-12-03 19:00:00,51167.823
2050-12-03 20:00:00,50680.638
2050-12-03 21:00:00,48424.359
2050-12-03 22:00:00,46132.035
2050-12-03 23:00:00,46148.348999999995
2050-12-04 00:00:00,44774.892
2050-12-04 01:00:00,43916.634
2050-12-04 02:00:00,43713.032999999996
2050-12-04 03:00:00,44621.991
2050-12-04 04:00:00,47537.26499999999
2050-12-04 05:00:00,52662.021
2050-12-04 06:00:00,57259.106999999996
2050-12-04 07:00:00,58607.505
2050-12-04 08:00:00,60471.714
2050-12-04 09:00:00,67140.684
2050-12-04 10:00:00,72490.551
2050-12-04 11:00:00,78713.27999999998
2050-12-04 12:00:00,81098.53199999999
2050-12-04 13:00:00,78665.013
2050-12-04 14:00:00,69453.348
2050-12-04 15:00:00,65798.151
2050-12-04 16:00:00,67051.302
2050-12-04 17:00:00,65304.012
2050-12-04 18:00:00,63892.386
2050-12-04 19:00:00,62507.276999999995
2050-12-04 20:00:00,57915.255
2050-12-04 21:00:00,53296.773
2050-12-04 22:00:00,49386.774
2050-12-04 23:00:00,46807.272
2050-12-05 00:00:00,43682.502
2050-12-05 01:00:00,41799.909
2050-12-05 02:00:00,40856.837999999996
2050-12-05 03:00:00,41766.291
2050-12-05 04:00:00,44025.375
2050-12-05 05:00:00,47810.823
2050-12-05 06:00:00,49765.223999999995
2050-12-05 07:00:00,50749.419
2050-12-05 08:00:00,52162.244999999995
2050-12-05 09:00:00,56041.923
2050-12-05 10:00:00,57899.397
2050-12-05 11:00:00,59325.219
2050-12-05 12:00:00,59436.648
2050-12-05 13:00:00,60056.085
2050-12-05 14:00:00,58880.994
2050-12-05 15:00:00,59529.894
2050-12-05 16:00:00,61562.178
2050-12-05 17:00:00,61846.935
2050-12-05 18:00:00,60890.88
2050-12-05 19:00:00,57131.46
2050-12-05 20:00:00,54236.837999999996
2050-12-05 21:00:00,51016.275
2050-12-05 22:00:00,46242.560999999994
2050-12-05 23:00:00,40570.221
2050-12-06 00:00:00,39180.21
2050-12-06 01:00:00,40666.155
2050-12-06 02:00:00,41449.179
2050-12-06 03:00:00,42326.32199999999
2050-12-06 04:00:00,42276.486
2050-12-06 05:00:00,42011.75399999999
2050-12-06 06:00:00,43736.376000000004
2050-12-06 07:00:00,44503.359
2050-12-06 08:00:00,45310.821
2050-12-06 09:00:00,47864.132999999994
2050-12-06 10:00:00,48070.689
2050-12-06 11:00:00,48701.046
2050-12-06 12:00:00,48313.45799999999
2050-12-06 13:00:00,47468.95799999999
2050-12-06 14:00:00,45096.795
2050-12-06 15:00:00,44107.367999999995
2050-12-06 16:00:00,43838.04899999999
2050-12-06 17:00:00,42495.714
2050-12-06 18:00:00,42059.292
2050-12-06 19:00:00,42529.362
2050-12-06 20:00:00,41468.286
2050-12-06 21:00:00,39894.140999999996
2050-12-06 22:00:00,39137.184
2050-12-06 23:00:00,37531.821
2050-12-07 00:00:00,36513.242999999995
2050-12-07 01:00:00,35945.691
2050-12-07 02:00:00,34770.761999999995
2050-12-07 03:00:00,33189.963
2050-12-07 04:00:00,30981.531
2050-12-07 05:00:00,28887.516
2050-12-07 06:00:00,30799.884
2050-12-07 07:00:00,34963.866
2050-12-07 08:00:00,39977.157
2050-12-07 09:00:00,43702.962
2050-12-07 10:00:00,45718.359
2050-12-07 11:00:00,46365.036
2050-12-07 12:00:00,46858.469999999994
2050-12-07 13:00:00,45850.923
2050-12-07 14:00:00,44493.537000000004
2050-12-07 15:00:00,45331.896
2050-12-07 16:00:00,47238.812999999995
2050-12-07 17:00:00,48021.342000000004
2050-12-07 18:00:00,46291.239
2050-12-07 19:00:00,43786.329
2050-12-07 20:00:00,43098.10799999999
2050-12-07 21:00:00,42577.353
2050-12-07 22:00:00,42355.287000000004
2050-12-07 23:00:00,41851.958999999995
2050-12-08 00:00:00,41374.179
2050-12-08 01:00:00,39045.344999999994
2050-12-08 02:00:00,36012.935999999994
2050-12-08 03:00:00,35319.386999999995
2050-12-08 04:00:00,34749.378
2050-12-08 05:00:00,36986.883
2050-12-08 06:00:00,38597.693999999996
2050-12-08 07:00:00,43074.228
2050-12-08 08:00:00,45726.555
2050-12-08 09:00:00,48286.575
2050-12-08 10:00:00,51313.002
2050-12-08 11:00:00,50589.587999999996
2050-12-08 12:00:00,51883.392
2050-12-08 13:00:00,52894.157999999996
2050-12-08 14:00:00,53688.876000000004
2050-12-08 15:00:00,51987.771
2050-12-08 16:00:00,49665.998999999996
2050-12-08 17:00:00,47974.323
2050-12-08 18:00:00,47222.096999999994
2050-12-08 19:00:00,44662.017
2050-12-08 20:00:00,40644.869999999995
2050-12-08 21:00:00,37918.251
2050-12-08 22:00:00,34825.005
2050-12-08 23:00:00,31555.476
2050-12-09 00:00:00,30026.931
2050-12-09 01:00:00,28895.352
2050-12-09 02:00:00,28037.093999999997
2050-12-09 03:00:00,29223.092999999997
2050-12-09 04:00:00,31572.017999999996
2050-12-09 05:00:00,40542.771
2050-12-09 06:00:00,48059.115
2050-12-09 07:00:00,50029.851
2050-12-09 08:00:00,50222.16299999999
2050-12-09 09:00:00,51550.191
2050-12-09 10:00:00,56794.66499999999
2050-12-09 11:00:00,58844.594999999994
2050-12-09 12:00:00,60269.928
2050-12-09 13:00:00,59815.701
2050-12-09 14:00:00,58296.087
2050-12-09 15:00:00,55836.585
2050-12-09 16:00:00,56350.944
2050-12-09 17:00:00,56333.73299999999
2050-12-09 18:00:00,55870.767
2050-12-09 19:00:00,48063.596999999994
2050-12-09 20:00:00,43741.301999999996
2050-12-09 21:00:00,41390.532
2050-12-09 22:00:00,40197.816
2050-12-09 23:00:00,38506.761
2050-12-10 00:00:00,37695.602999999996
2050-12-10 01:00:00,37338.827999999994
2050-12-10 02:00:00,35345.559
2050-12-10 03:00:00,33070.272
2050-12-10 04:00:00,33496.716
2050-12-10 05:00:00,37062.546
2050-12-10 06:00:00,44665.562999999995
2050-12-10 07:00:00,47692.929
2050-12-10 08:00:00,49293.558
2050-12-10 09:00:00,52736.934
2050-12-10 10:00:00,55308.117000000006
2050-12-10 11:00:00,58501.653
2050-12-10 12:00:00,59464.835999999996
2050-12-10 13:00:00,59759.174999999996
2050-12-10 14:00:00,57724.208999999995
2050-12-10 15:00:00,56244.558
2050-12-10 16:00:00,56127.744
2050-12-10 17:00:00,55649.060999999994
2050-12-10 18:00:00,53508.864
2050-12-10 19:00:00,48870.689999999995
2050-12-10 20:00:00,41961.75
2050-12-10 21:00:00,37336.92
2050-12-10 22:00:00,31966.227
2050-12-10 23:00:00,30987.734999999997
2050-12-11 00:00:00,31023.536999999997
2050-12-11 01:00:00,30781.211999999996
2050-12-11 02:00:00,30145.694999999996
2050-12-11 03:00:00,30325.775999999998
2050-12-11 04:00:00,32019.443999999996
2050-12-11 05:00:00,37610.943
2050-12-11 06:00:00,46669.869
2050-12-11 07:00:00,50332.524
2050-12-11 08:00:00,52017.012
2050-12-11 09:00:00,54740.051999999996
2050-12-11 10:00:00,57874.545
2050-12-11 11:00:00,60862.007999999994
2050-12-11 12:00:00,61074.273
2050-12-11 13:00:00,57627.48299999999
2050-12-11 14:00:00,53006.967000000004
2050-12-11 15:00:00,47062.728
2050-12-11 16:00:00,47790.366
2050-12-11 17:00:00,49688.553
2050-12-11 18:00:00,50503.488
2050-12-11 19:00:00,49556.988
2050-12-11 20:00:00,45669.705
2050-12-11 21:00:00,42020.051999999996
2050-12-11 22:00:00,39363.192
2050-12-11 23:00:00,36806.355
2050-12-12 00:00:00,36195.411
2050-12-12 01:00:00,36196.469999999994
2050-12-12 02:00:00,38251.602
2050-12-12 03:00:00,40179.492000000006
2050-12-12 04:00:00,42742.176
2050-12-12 05:00:00,46279.056
2050-12-12 06:00:00,48835.635
2050-12-12 07:00:00,49931.541
2050-12-12 08:00:00,49728.948
2050-12-12 09:00:00,51630.801
2050-12-12 10:00:00,53775.615
2050-12-12 11:00:00,55043.28
2050-12-12 12:00:00,53890.308
2050-12-12 13:00:00,52195.130999999994
2050-12-12 14:00:00,50532.957
2050-12-12 15:00:00,50480.931
2050-12-12 16:00:00,50871.957
2050-12-12 17:00:00,50943.801
2050-12-12 18:00:00,51764.451
2050-12-12 19:00:00,52574.931
2050-12-12 20:00:00,49599.954
2050-12-12 21:00:00,47066.991
2050-12-12 22:00:00,45519.696
2050-12-12 23:00:00,44308.035
2050-12-13 00:00:00,43760.682
2050-12-13 01:00:00,42260.73
2050-12-13 02:00:00,41582.736
2050-12-13 03:00:00,39492.204
2050-12-13 04:00:00,37968.735
2050-12-13 05:00:00,36258.653999999995
2050-12-13 06:00:00,36201.935999999994
2050-12-13 07:00:00,37736.508
2050-12-13 08:00:00,40628.187
2050-12-13 09:00:00,44352.945
2050-12-13 10:00:00,49220.604
2050-12-13 11:00:00,51772.560000000005
2050-12-13 12:00:00,55447.842000000004
2050-12-13 13:00:00,56361.816
2050-12-13 14:00:00,50717.433
2050-12-13 15:00:00,41381.127
2050-12-13 16:00:00,41855.969999999994
2050-12-13 17:00:00,42416.343
2050-12-13 18:00:00,42789.819
2050-12-13 19:00:00,42047.939999999995
2050-12-13 20:00:00,41244.45
2050-12-13 21:00:00,40167.681
2050-12-13 22:00:00,37286.796
2050-12-13 23:00:00,33196.02
2050-12-14 00:00:00,30268.682999999997
2050-12-14 01:00:00,30220.790999999997
2050-12-14 02:00:00,30872.832
2050-12-14 03:00:00,31862.693999999996
2050-12-14 04:00:00,34345.479
2050-12-14 05:00:00,36981.219
2050-12-14 06:00:00,40435.548
2050-12-14 07:00:00,42898.707
2050-12-14 08:00:00,44755.218
2050-12-14 09:00:00,49476.195
2050-12-14 10:00:00,55273.287000000004
2050-12-14 11:00:00,58528.746
2050-12-14 12:00:00,57404.892
2050-12-14 13:00:00,54181.539
2050-12-14 14:00:00,51769.434
2050-12-14 15:00:00,50048.015999999996
2050-12-14 16:00:00,49423.085999999996
2050-12-14 17:00:00,49949.301
2050-12-14 18:00:00,49061.91299999999
2050-12-14 19:00:00,46859.889
2050-12-14 20:00:00,41891.676
2050-12-14 21:00:00,42189.225
2050-12-14 22:00:00,41897.873999999996
2050-12-14 23:00:00,40816.977
2050-12-15 00:00:00,40787.127
2050-12-15 01:00:00,39259.773
2050-12-15 02:00:00,38026.752
2050-12-15 03:00:00,39441.33
2050-12-15 04:00:00,41577.776999999995
2050-12-15 05:00:00,46066.712999999996
2050-12-15 06:00:00,53194.655999999995
2050-12-15 07:00:00,57073.218
2050-12-15 08:00:00,58433.139
2050-12-15 09:00:00,63464.708999999995
2050-12-15 10:00:00,65293.532999999996
2050-12-15 11:00:00,68669.57699999999
2050-12-15 12:00:00,69578.844
2050-12-15 13:00:00,67635.504
2050-12-15 14:00:00,63198.02399999999
2050-12-15 15:00:00,51834.890999999996
2050-12-15 16:00:00,48515.03999999999
2050-12-15 17:00:00,48869.796
2050-12-15 18:00:00,49687.773
2050-12-15 19:00:00,48013.712999999996
2050-12-15 20:00:00,43802.817
2050-12-15 21:00:00,39498.719999999994
2050-12-15 22:00:00,36104.415
2050-12-15 23:00:00,35518.008
2050-12-16 00:00:00,35327.918999999994
2050-12-16 01:00:00,35173.893
2050-12-16 02:00:00,35727.165
2050-12-16 03:00:00,35735.691
2050-12-16 04:00:00,37720.32
2050-12-16 05:00:00,41667.975
2050-12-16 06:00:00,48278.628000000004
2050-12-16 07:00:00,50598.458999999995
2050-12-16 08:00:00,54003.621
2050-12-16 09:00:00,59007.471
2050-12-16 10:00:00,60664.248
2050-12-16 11:00:00,61023.225
2050-12-16 12:00:00,59317.96799999999
2050-12-16 13:00:00,55614.54899999999
2050-12-16 14:00:00,51768.159
2050-12-16 15:00:00,47548.953
2050-12-16 16:00:00,47166.471
2050-12-16 17:00:00,46449.551999999996
2050-12-16 18:00:00,46122.587999999996
2050-12-16 19:00:00,45506.780999999995
2050-12-16 20:00:00,44627.823
2050-12-16 21:00:00,42722.556
2050-12-16 22:00:00,41245.526999999995
2050-12-16 23:00:00,40174.818
2050-12-17 00:00:00,39599.505
2050-12-17 01:00:00,39555.195
2050-12-17 02:00:00,39212.559
2050-12-17 03:00:00,39748.218
2050-12-17 04:00:00,41137.66499999999
2050-12-17 05:00:00,43758.819
2050-12-17 06:00:00,46122.528
2050-12-17 07:00:00,46127.937
2050-12-17 08:00:00,46311.54899999999
2050-12-17 09:00:00,48420.162000000004
2050-12-17 10:00:00,50569.554
2050-12-17 11:00:00,52843.698
2050-12-17 12:00:00,53854.509
2050-12-17 13:00:00,54676.655999999995
2050-12-17 14:00:00,55055.145
2050-12-17 15:00:00,54386.142
2050-12-17 16:00:00,56072.889
2050-12-17 17:00:00,56323.077
2050-12-17 18:00:00,54498.75
2050-12-17 19:00:00,50824.269
2050-12-17 20:00:00,49684.08
2050-12-17 21:00:00,46289.127
2050-12-17 22:00:00,41308.08
2050-12-17 23:00:00,38794.197
2050-12-18 00:00:00,39094.56
2050-12-18 01:00:00,39093.021
2050-12-18 02:00:00,39578.241
2050-12-18 03:00:00,40773.54899999999
2050-12-18 04:00:00,42078.573
2050-12-18 05:00:00,44210.805
2050-12-18 06:00:00,47135.312999999995
2050-12-18 07:00:00,49516.007999999994
2050-12-18 08:00:00,50234.025
2050-12-18 09:00:00,50762.331
2050-12-18 10:00:00,52256.316
2050-12-18 11:00:00,53543.060999999994
2050-12-18 12:00:00,55088.613
2050-12-18 13:00:00,53074.856999999996
2050-12-18 14:00:00,49161.831
2050-12-18 15:00:00,46346.718
2050-12-18 16:00:00,47780.58299999999
2050-12-18 17:00:00,48189.801
2050-12-18 18:00:00,45681.91499999999
2050-12-18 19:00:00,43422.582
2050-12-18 20:00:00,42663.28799999999
2050-12-18 21:00:00,41927.390999999996
2050-12-18 22:00:00,41016.456
2050-12-18 23:00:00,40762.446
2050-12-19 00:00:00,39921.078
2050-12-19 01:00:00,38465.043
2050-12-19 02:00:00,37817.244
2050-12-19 03:00:00,35365.119
2050-12-19 04:00:00,32097.426
2050-12-19 05:00:00,29839.085999999996
2050-12-19 06:00:00,35930.916
2050-12-19 07:00:00,40088.235
2050-12-19 08:00:00,41381.928
2050-12-19 09:00:00,42588.354
2050-12-19 10:00:00,46364.564999999995
2050-12-19 11:00:00,50505.810000000005
2050-12-19 12:00:00,53005.182
2050-12-19 13:00:00,52658.094000000005
2050-12-19 14:00:00,50551.587
2050-12-19 15:00:00,48730.272
2050-12-19 16:00:00,48693.741
2050-12-19 17:00:00,48127.965
2050-12-19 18:00:00,47050.605
2050-12-19 19:00:00,45030.792
2050-12-19 20:00:00,42778.683
2050-12-19 21:00:00,39927.117000000006
2050-12-19 22:00:00,37955.958
2050-12-19 23:00:00,37389.549
2050-12-20 00:00:00,36856.536
2050-12-20 01:00:00,37049.913
2050-12-20 02:00:00,35683.83
2050-12-20 03:00:00,35109.201
2050-12-20 04:00:00,36173.469
2050-12-20 05:00:00,36790.704
2050-12-20 06:00:00,39335.837999999996
2050-12-20 07:00:00,40311.984
2050-12-20 08:00:00,41381.16299999999
2050-12-20 09:00:00,44985.042
2050-12-20 10:00:00,48668.172
2050-12-20 11:00:00,48101.907
2050-12-20 12:00:00,46485.786
2050-12-20 13:00:00,46383.342000000004
2050-12-20 14:00:00,45391.023
2050-12-20 15:00:00,44921.388
2050-12-20 16:00:00,46217.606999999996
2050-12-20 17:00:00,47382.16499999999
2050-12-20 18:00:00,48183.828
2050-12-20 19:00:00,46112.988
2050-12-20 20:00:00,43060.275
2050-12-20 21:00:00,39574.839
2050-12-20 22:00:00,35463.032999999996
2050-12-20 23:00:00,34094.178
2050-12-21 00:00:00,32799.33
2050-12-21 01:00:00,31264.535999999996
2050-12-21 02:00:00,30786.836999999996
2050-12-21 03:00:00,29715.218999999997
2050-12-21 04:00:00,29492.525999999998
2050-12-21 05:00:00,30201.386999999995
2050-12-21 06:00:00,32720.676
2050-12-21 07:00:00,35633.484
2050-12-21 08:00:00,37013.139
2050-12-21 09:00:00,40475.4
2050-12-21 10:00:00,45103.143
2050-12-21 11:00:00,48132.171
2050-12-21 12:00:00,46758.204
2050-12-21 13:00:00,46368.816
2050-12-21 14:00:00,43221.621
2050-12-21 15:00:00,39126.312
2050-12-21 16:00:00,40284.555
2050-12-21 17:00:00,40869.867000000006
2050-12-21 18:00:00,39757.992000000006
2050-12-21 19:00:00,38506.872
2050-12-21 20:00:00,36303.489
2050-12-21 21:00:00,36251.973
2050-12-21 22:00:00,35883.036
2050-12-21 23:00:00,35768.202
2050-12-22 00:00:00,34666.272
2050-12-22 01:00:00,33382.551
2050-12-22 02:00:00,31566.708
2050-12-22 03:00:00,30744.207
2050-12-22 04:00:00,31086.807
2050-12-22 05:00:00,34940.091
2050-12-22 06:00:00,40685.091
2050-12-22 07:00:00,46677.453
2050-12-22 08:00:00,49092.731999999996
2050-12-22 09:00:00,54299.187
2050-12-22 10:00:00,56582.435999999994
2050-12-22 11:00:00,57774.782999999996
2050-12-22 12:00:00,57414.771
2050-12-22 13:00:00,54906.591
2050-12-22 14:00:00,52715.139
2050-12-22 15:00:00,51086.174999999996
2050-12-22 16:00:00,52172.117999999995
2050-12-22 17:00:00,52846.526999999995
2050-12-22 18:00:00,50638.401000000005
2050-12-22 19:00:00,47809.814999999995
2050-12-22 20:00:00,45953.348999999995
2050-12-22 21:00:00,41519.403
2050-12-22 22:00:00,38625.324
2050-12-22 23:00:00,36534.39
2050-12-23 00:00:00,34347.213
2050-12-23 01:00:00,35394.213
2050-12-23 02:00:00,37595.892
2050-12-23 03:00:00,38086.878
2050-12-23 04:00:00,39237.45
2050-12-23 05:00:00,41428.701
2050-12-23 06:00:00,44094.653999999995
2050-12-23 07:00:00,47215.74
2050-12-23 08:00:00,48148.968
2050-12-23 09:00:00,50451.935999999994
2050-12-23 10:00:00,52410.003000000004
2050-12-23 11:00:00,53252.873999999996
2050-12-23 12:00:00,54491.651999999995
2050-12-23 13:00:00,54805.026000000005
2050-12-23 14:00:00,53736.798
2050-12-23 15:00:00,52686.207
2050-12-23 16:00:00,53031.810000000005
2050-12-23 17:00:00,52331.91
2050-12-23 18:00:00,50550.444
2050-12-23 19:00:00,47576.637
2050-12-23 20:00:00,45115.539
2050-12-23 21:00:00,43986.458999999995
2050-12-23 22:00:00,42660.786
2050-12-23 23:00:00,40260.138
2050-12-24 00:00:00,39182.765999999996
2050-12-24 01:00:00,38523.407999999996
2050-12-24 02:00:00,38999.901
2050-12-24 03:00:00,39247.233
2050-12-24 04:00:00,39573.612
2050-12-24 05:00:00,40604.69699999999
2050-12-24 06:00:00,43011.009
2050-12-24 07:00:00,44634.456
2050-12-24 08:00:00,46255.416
2050-12-24 09:00:00,57646.130999999994
2050-12-24 10:00:00,67898.83799999999
2050-12-24 11:00:00,71948.415
2050-12-24 12:00:00,72309.411
2050-12-24 13:00:00,69471.078
2050-12-24 14:00:00,63408.55799999999
2050-12-24 15:00:00,48157.683
2050-12-24 16:00:00,44684.895
2050-12-24 17:00:00,44991.755999999994
2050-12-24 18:00:00,46030.78799999999
2050-12-24 19:00:00,45994.398
2050-12-24 20:00:00,46377.912000000004
2050-12-24 21:00:00,45462.645
2050-12-24 22:00:00,44860.856999999996
2050-12-24 23:00:00,44931.429
2050-12-25 00:00:00,44702.544
2050-12-25 01:00:00,44123.837999999996
2050-12-25 02:00:00,43892.439
2050-12-25 03:00:00,44614.41299999999
2050-12-25 04:00:00,44723.03999999999
2050-12-25 05:00:00,46998.812999999995
2050-12-25 06:00:00,48591.807
2050-12-25 07:00:00,49462.265999999996
2050-12-25 08:00:00,53450.91299999999
2050-12-25 09:00:00,65675.787
2050-12-25 10:00:00,75317.01299999999
2050-12-25 11:00:00,78045.22499999999
2050-12-25 12:00:00,77046.609
2050-12-25 13:00:00,72807.438
2050-12-25 14:00:00,70796.595
2050-12-25 15:00:00,58038.957
2050-12-25 16:00:00,56379.44699999999
2050-12-25 17:00:00,56777.292
2050-12-25 18:00:00,56388.28799999999
2050-12-25 19:00:00,56052.744
2050-12-25 20:00:00,54302.085
2050-12-25 21:00:00,51473.564999999995
2050-12-25 22:00:00,47882.955
2050-12-25 23:00:00,46944.039
2050-12-26 00:00:00,44185.994999999995
2050-12-26 01:00:00,42347.369999999995
2050-12-26 02:00:00,40865.85599999999
2050-12-26 03:00:00,40899.195
2050-12-26 04:00:00,43245.054
2050-12-26 05:00:00,46001.271
2050-12-26 06:00:00,49119.954
2050-12-26 07:00:00,50378.814
2050-12-26 08:00:00,49394.85
2050-12-26 09:00:00,61602.92399999999
2050-12-26 10:00:00,74370.666
2050-12-26 11:00:00,77884.704
2050-12-26 12:00:00,77791.692
2050-12-26 13:00:00,72833.898
2050-12-26 14:00:00,64485.306
2050-12-26 15:00:00,51085.78799999999
2050-12-26 16:00:00,50788.314
2050-12-26 17:00:00,49876.164
2050-12-26 18:00:00,48852.444
2050-12-26 19:00:00,46485.674999999996
2050-12-26 20:00:00,45565.626000000004
2050-12-26 21:00:00,45388.773
2050-12-26 22:00:00,44123.193
2050-12-26 23:00:00,42786.423
2050-12-27 00:00:00,41272.032
2050-12-27 01:00:00,38455.568999999996
2050-12-27 02:00:00,35434.338
2050-12-27 03:00:00,35767.968
2050-12-27 04:00:00,35860.395
2050-12-27 05:00:00,37718.577
2050-12-27 06:00:00,38910.312
2050-12-27 07:00:00,41203.82399999999
2050-12-27 08:00:00,42894.746999999996
2050-12-27 09:00:00,45412.814999999995
2050-12-27 10:00:00,44157.731999999996
2050-12-27 11:00:00,45401.019
2050-12-27 12:00:00,45296.511
2050-12-27 13:00:00,45352.59
2050-12-27 14:00:00,46361.934
2050-12-27 15:00:00,47374.812
2050-12-27 16:00:00,47879.282999999996
2050-12-27 17:00:00,47292.069
2050-12-27 18:00:00,46687.973999999995
2050-12-27 19:00:00,45220.814999999995
2050-12-27 20:00:00,43155.753000000004
2050-12-27 21:00:00,38944.497
2050-12-27 22:00:00,32995.23
2050-12-27 23:00:00,29879.118
2050-12-28 00:00:00,28612.83
2050-12-28 01:00:00,29213.069999999996
2050-12-28 02:00:00,28727.391
2050-12-28 03:00:00,28230.726
2050-12-28 04:00:00,26910.935999999998
2050-12-28 05:00:00,27054.752999999997
2050-12-28 06:00:00,28586.997
2050-12-28 07:00:00,30380.673
2050-12-28 08:00:00,32076.119999999995
2050-12-28 09:00:00,39935.535
2050-12-28 10:00:00,47363.577
2050-12-28 11:00:00,50299.554
2050-12-28 12:00:00,51323.03999999999
2050-12-28 13:00:00,50782.362
2050-12-28 14:00:00,50219.229
2050-12-28 15:00:00,39920.388
2050-12-28 16:00:00,37843.239
2050-12-28 17:00:00,37398.018
2050-12-28 18:00:00,37458.183
2050-12-28 19:00:00,36819.312
2050-12-28 20:00:00,36334.224
2050-12-28 21:00:00,34833.096
2050-12-28 22:00:00,31890.714
2050-12-28 23:00:00,31538.327999999998
2050-12-29 00:00:00,32065.821
2050-12-29 01:00:00,32443.292999999998
2050-12-29 02:00:00,32578.152
2050-12-29 03:00:00,33755.051999999996
2050-12-29 04:00:00,34958.757
2050-12-29 05:00:00,35491.532999999996
2050-12-29 06:00:00,39909.318
2050-12-29 07:00:00,41496.762
2050-12-29 08:00:00,42004.712999999996
2050-12-29 09:00:00,42741.882
2050-12-29 10:00:00,43660.695
2050-12-29 11:00:00,44783.157
2050-12-29 12:00:00,45724.373999999996
2050-12-29 13:00:00,48915.255
2050-12-29 14:00:00,47508.026999999995
2050-12-29 15:00:00,46336.265999999996
2050-12-29 16:00:00,46631.166
2050-12-29 17:00:00,47100.093
2050-12-29 18:00:00,46832.969999999994
2050-12-29 19:00:00,44666.013
2050-12-29 20:00:00,41903.679
2050-12-29 21:00:00,37044.714
2050-12-29 22:00:00,35135.454
2050-12-29 23:00:00,34093.791
2050-12-30 00:00:00,33126.147
2050-12-30 01:00:00,32096.805
2050-12-30 02:00:00,32828.139
2050-12-30 03:00:00,32607.359999999997
2050-12-30 04:00:00,32932.386
2050-12-30 05:00:00,35648.534999999996
2050-12-30 06:00:00,38010.507
2050-12-30 07:00:00,39479.037000000004
2050-12-30 08:00:00,40222.337999999996
2050-12-30 09:00:00,50107.794
2050-12-30 10:00:00,51826.623
2050-12-30 11:00:00,53155.23
2050-12-30 12:00:00,51705.026999999995
2050-12-30 13:00:00,52688.373
2050-12-30 14:00:00,53211.344999999994
2050-12-30 15:00:00,42878.507999999994
2050-12-30 16:00:00,41868.45
2050-12-30 17:00:00,41224.467000000004
2050-12-30 18:00:00,41214.435000000005
2050-12-30 19:00:00,40400.706
2050-12-30 20:00:00,38797.098
2050-12-30 21:00:00,37920.036
2050-12-30 22:00:00,34202.814
2050-12-30 23:00:00,32324.648999999998
2050-12-31 00:00:00,30418.494
2050-12-31 01:00:00,29532.588
2050-12-31 02:00:00,29840.756999999998
2050-12-31 03:00:00,29087.183999999997
2050-12-31 04:00:00,31497.023999999998
2050-12-31 05:00:00,34698.494999999995
2050-12-31 06:00:00,37667.667
2050-12-31 07:00:00,40237.485
2050-12-31 08:00:00,44086.94699999999
2050-12-31 09:00:00,50988.82199999999
2050-12-31 10:00:00,55885.032
2050-12-31 11:00:00,58761.351
2050-12-31 12:00:00,59896.431
2050-12-31 13:00:00,58742.571
2050-12-31 14:00:00,55408.799999999996
2050-12-31 15:00:00,52286.457
2050-12-31 16:00:00,49026.429
2050-12-31 17:00:00,48195.776999999995
2050-12-31 18:00:00,47367.768
2050-12-31 19:00:00,44950.794
2050-12-31 20:00:00,42345.216
2050-12-31 21:00:00,40447.392
2050-12-31 22:00:00,40063.068
